Date,Open,High,Low,Close,Volume,Volume Weighted Average,Transactions,Mean,Cumulative Return,STDDEV,Median,SMA,EMA,SlowK,SlowD,RSI,ADX,CCI,Aroon Down,Aroon Up,Real Upper Band,Real Middle Band,Real Lower Band,Chaikin A/D,OBV
2024-12-09,138.97,139.95,137.13,138.81,180194359.0,138.8311,1525627.0,-0.0019925890817615,-0.0220530528791644,0.0216262600297412,0.0011331754013896,142.3381,141.2157,52.2544,74.3423,38.0995,22.7876,-96.6555,100.0,60.0,147.3993,142.3381,137.2768,69457140712.85,162715118924.0
2024-12-06,144.6,145.7,141.31,142.44,179951412.0,143.1441,1299130.0,-0.0026622563120785,-0.0287733047993313,0.0224319999549995,0.0011331754013896,142.3002,142.4185,78.0879,85.678,53.3642,22.4668,30.1099,0.0,80.0,147.4682,142.3002,137.1321,69420890125.084,162904427549.0
2024-12-05,145.11,146.54,143.95,145.06,171582324.0,145.2429,1149095.0,-0.0003214577390502,-0.0056206731098771,0.0219183860428,0.0040475688475438,141.4602,142.4077,92.6847,82.4735,69.4251,25.3806,101.1806,0.0,100.0,147.5477,141.4602,135.3728,69512351826.7902,163092933122.0
2024-12-04,141.995,145.79,140.29,145.14,218955288.0,143.6691,1465893.0,-0.0010350813783724,-0.0127202231140736,0.0220279033645489,0.0040475688475438,139.5144,141.0816,86.2614,65.5132,69.8746,20.6486,148.2164,20.0,100.0,145.9643,139.5144,133.0644,69537011995.3616,163265554302.0
2024-12-03,138.26,140.54,137.95,140.26,158521234.0,139.4004,1061983.0,0.0003804214244087,0.0007848733499822,0.024590435615147,0.0040475688475438,137.8705,139.0574,68.4742,44.0967,52.8501,15.7754,94.2472,40.0,0.0,141.1853,137.8705,134.5557,69360440715.5434,163034330007.0
2024-12-02,138.83,140.45,137.825,138.63,163961813.0,138.8918,1190729.0,-0.0020842841828143,-0.0235948725172556,0.0245617209134705,-0.0024349427952213,137.0226,138.4609,41.8038,24.0738,44.4638,19.2045,98.9454,60.0,0.0,139.5422,137.0226,134.5029,69231575715.9488,162869916042.0
2024-11-29,136.78,139.35,136.05,138.25,135827085.0,138.1501,904916.0,-0.0056161668200511,-0.0579858272008719,0.0261037778935246,-0.0095790572554809,137.6865,138.3812,22.0121,14.4643,42.5583,23.2416,-12.4378,80.0,0.0,142.3651,137.6865,133.0079,69297959723.0555,162698233265.0
2024-11-27,135.01,137.22,131.8,135.34,221904495.0,133.7373,1739244.0,-0.0074313102837265,-0.0747248239556982,0.0247510680592593,-0.0095790572554809,139.3704,138.4516,8.4053,17.3658,27.2706,25.5691,-86.9119,100.0,20.0,148.0144,139.3704,130.7264,69250672004.3888,162556370109.0
2024-11-26,137.7,139.3,135.67,136.92,186931044.0,137.0189,1421243.0,-0.0076395474654243,-0.0766740845640298,0.0247934795007091,-0.0102538343335706,141.4802,140.012,12.9754,32.8678,30.8353,22.912,-89.4626,100.0,40.0,150.2982,141.4802,132.6622,69181340691.8575,162782741021.0
2024-11-25,141.99,142.05,135.82,136.02,314972791.0,137.3757,2405385.0,-0.0062152999560833,-0.0636100784799666,0.0259534531487647,-0.0102538343335706,143.4981,141.5627,30.7167,52.4527,26.4545,25.9194,-158.1902,100.0,60.0,151.813,143.4981,135.1832,69240576242.5517,162592453367.0
2024-11-22,145.93,147.16,141.1,141.95,232068315.0,142.8986,1870108.0,-0.0036431374209983,-0.0384745647903542,0.0234562113430101,-0.0102538343335706,144.3241,144.3388,54.9112,62.0702,39.7133,29.9561,-21.0198,20.0,80.0,149.8538,144.3241,138.7943,69563370966.6688,162937395242.0
2024-11-21,149.35,152.89,140.7,146.67,395864751.0,145.9564,2913552.0,-0.0012646311059703,-0.0148441698011821,0.0215720674851254,-0.0080072764974736,144.3301,145.5381,71.7302,57.6338,58.3282,27.701,85.7638,40.0,100.0,149.8495,144.3301,138.8106,69733458562.616,163173801396.0
2024-11-20,147.41,147.56,142.73,145.89,304732523.0,144.7035,2398809.0,0.0004464443821838,0.0019229448526882,0.0226788089971137,-0.0080072764974736,144.348,144.9772,59.5692,44.3132,55.5753,24.8822,42.4972,60.0,0.0,149.8983,144.348,138.7978,69741681420.9015,162772854826.0
2024-11-19,141.32,147.13,140.99,147.01,224084187.0,144.5783,1571495.0,0.0052823449193882,0.0507469087270384,0.025432242566362,-0.0025230272041131,144.424,144.5258,41.602,37.2183,60.139,29.5393,19.7749,80.0,0.0,150.0658,144.424,138.7823,69646089544.2017,163082726480.0
2024-11-18,139.5,141.55,137.15,140.15,216466599.0,139.6616,1762470.0,0.0032247815091553,0.0301359794193309,0.0224769478492583,-0.0025230272041131,144.68,143.2888,31.7684,42.9121,33.3007,36.201,-113.9307,100.0,20.0,150.8568,144.68,138.5033,69427160231.3678,162854891568.0
2024-11-15,144.87,145.24,140.08,141.98,248079941.0,142.3351,1862593.0,0.0049937545248899,0.0485967503692756,0.0218258193926189,0.004075280038463,145.702,144.863,38.2846,53.2498,38.8885,31.5834,-157.164,100.0,0.0,149.9148,145.702,141.4891,69346481688.4588,163076757561.0
2024-11-14,147.64,149.0,145.55,146.76,188152423.0,147.3295,1304733.0,0.0102393235543002,0.1054534498342871,0.0181637521347828,0.0123430492624934,146.8319,146.3094,58.6833,66.0133,59.8874,29.5691,-11.823,40.0,20.0,148.9397,146.8319,144.7241,69412408181.0634,163326890430.0
2024-11-13,149.07,149.33,145.9,146.27,182678299.0,147.1498,1330793.0,0.0051854835547628,0.0497721319122974,0.0250884230102674,0.0123430492624934,147.2558,146.0891,62.7814,74.0441,58.0288,32.0676,-21.2559,0.0,40.0,149.9093,147.2558,144.6024,69470465340.4924,163132427129.0
2024-11-12,146.78,149.65,146.01,148.29,193657762.0,147.9791,1464040.0,0.005191927039993,0.0498407079646014,0.0250835996595001,0.0123430492624934,147.1239,146.0037,76.5752,84.0572,68.4954,33.6101,57.0614,0.0,60.0,150.0171,147.1239,144.2306,69620966736.4778,163324330396.0
2024-11-11,148.68,148.85,143.57,145.26,179228758.0,145.5668,1521336.0,0.0036255111324998,0.0337318531169938,0.0245395014064235,0.0049977904394775,145.448,144.8657,82.7758,90.5278,59.7928,35.1142,19.8856,0.0,80.0,151.597,145.448,139.2989,69570762352.1482,163125695658.0
2024-11-08,148.77,149.77,146.26,147.63,171956029.0,147.7028,1367136.0,0.0045102315549369,0.0430267062314539,0.0239668645007442,0.0049977904394775,143.6061,144.6735,92.8205,88.1719,72.2879,38.5339,71.7854,0.0,100.0,153.3533,143.6061,133.8589,69636371950.2542,163308021278.0
2024-11-07,146.39,148.93,146.17,148.88,199957957.0,147.9973,1460634.0,0.0061546199031614,0.0603233387935329,0.0235860323077231,0.006621424938024,141.1603,143.2003,95.9871,75.3505,79.2782,33.8016,108.6633,0.0,100.0,151.7521,141.1603,130.5685,69674908328.9152,163483687108.0
2024-11-06,142.96,146.49,141.96,145.61,237008829.0,144.5965,1849026.0,0.0045179520580287,0.0433505302378902,0.0229574623526911,0.0056427802005032,137.9365,140.3656,75.7082,51.5816,74.0206,28.7375,143.2842,20.0,100.0,146.8607,137.9365,129.0123,69475096739.792,163276363805.0
2024-11-05,137.45,140.3701,137.33,139.91,157688953.0,139.313,1158103.0,-0.0023626976750687,-0.025628525663347,0.0213229018840115,0.0049977904394775,136.6816,137.7485,54.3561,34.0924,59.7957,25.0321,91.0145,40.0,0.0,141.9639,136.6816,131.3993,69327091943.4013,163034319860.0
2024-11-04,137.21,138.96,135.57,136.05,185086007.0,137.4047,1369126.0,-0.005283391379884,-0.0533017883237075,0.0187591947932379,0.0019827879406325,136.9496,136.6725,24.6806,26.7202,42.8402,30.2299,-13.8764,60.0,0.0,142.9456,136.9496,130.9535,69215147212.2994,162873782487.0
2024-11-01,134.7,137.31,134.57,135.4,203091537.0,136.0279,1423892.0,-0.0016257693046587,-0.0188405797101454,0.0233683113309186,0.0021799875381603,137.8435,136.9885,23.2405,33.5247,39.3972,31.9065,-62.4826,80.0,0.0,144.3426,137.8435,131.3444,69349570061.972,162686254314.0
2024-10-31,137.6,137.61,132.1106,132.76,263755833.0,133.7246,1998813.0,-0.0028328989088639,-0.0304535163952385,0.022522402909962,0.0021799875381603,139.0714,137.7874,32.2397,43.4898,24.6495,27.5347,-149.36,100.0,20.0,145.5728,139.0714,132.5701,69431211691.5486,162479126476.0
2024-10-30,139.54,140.33,136.81,139.335,173108363.0,139.3017,1306138.0,0.0027774855759585,0.0266357206012377,0.0171126615117202,0.0056427802005032,140.6013,140.3057,45.0939,49.0126,47.8497,22.07,-127.7965,100.0,40.0,142.137,140.6013,139.0656,69637475741.4422,162749166117.0
2024-10-29,140.285,142.2598,138.9,141.25,151620943.0,140.9896,1162989.0,0.0072639368764938,0.0733282674772033,0.0180948876311756,0.0069523910024927,140.6463,140.7958,53.1359,49.3243,61.2911,23.0512,-1.3318,20.0,0.0,142.036,140.6463,139.2566,69559490041.0274,162928584199.0
2024-10-28,143.0,143.14,140.05,140.52,167520099.0,141.1758,1258016.0,0.0020584090468354,0.0177446222930395,0.0243483584447716,0.0069523910024927,141.1143,140.5736,48.8079,50.8348,57.6643,27.5888,-4.3233,40.0,20.0,143.8817,141.1143,138.3468,69496627076.4799,162770990565.0
2024-10-25,140.93,144.13,140.8,141.54,199161159.0,142.5583,1410829.0,0.0052048694113967,0.0499999999999996,0.0249728150659907,0.0079310357400136,141.7522,140.6052,46.0291,60.0283,64.41,29.5508,41.3378,0.0,40.0,145.0821,141.7522,138.4223,69617407497.7582,162944577310.0
2024-10-24,140.82,141.35,138.46,140.41,170331532.0,139.9981,1226444.0,0.0043926655801517,0.0415399451079294,0.02499920783658,0.0069523910024927,141.0443,140.1427,57.6675,74.6575,60.2933,29.6177,-22.9012,0.0,60.0,145.557,141.0443,136.5316,69731364224.9804,162739455201.0
2024-10-23,142.03,142.43,137.46,139.56,281616805.0,139.7055,1916889.0,0.0054119538132578,0.0520919713531851,0.0252541528804686,0.0083648128644061,140.3483,140.0138,76.3883,82.504,57.3227,35.1719,-15.1713,0.0,80.0,145.9786,140.3483,134.7181,69671129471.7348,162567100313.0
2024-10-22,142.91,144.42,141.78,143.59,224891194.0,143.3132,1502869.0,0.0080379554476741,0.0805177214237338,0.0228912377162289,0.0083648128644061,139.5804,140.2455,89.9166,80.1406,80.0336,42.1146,101.5326,0.0,100.0,146.3655,139.5804,132.7953,69715428491.7066,162853030351.0
2024-10-21,138.13,143.71,138.0,143.71,261032187.0,141.4679,1781995.0,0.0121693742628781,0.1251957406827433,0.0245827265216211,0.0125994333914449,137.1825,138.5783,81.2071,67.7256,80.7962,38.8569,116.5285,20.0,100.0,145.0124,137.1825,129.3527,69631418886.699,163079341940.0
2024-10-18,138.665,138.9,137.28,138.0,172997589.0,138.1025,1081427.0,0.0102731276215494,0.1047070124879923,0.0229325793419947,0.0125994333914449,136.0546,136.0173,69.298,60.1653,69.8673,35.4809,54.476,40.0,80.0,140.8349,136.0546,131.2743,69366864372.699,162814787426.0
2024-10-17,139.34,140.89,136.87,136.93,300715593.0,138.9764,1992471.0,0.0111766881424327,0.1146113146113145,0.0229958133364001,0.0165666347724394,135.4147,135.0308,52.6717,59.5389,67.0567,37.2996,87.5093,60.0,100.0,139.8297,135.4147,130.9996,69386429948.699,162638697242.0
2024-10-16,133.98,136.62,131.58,135.72,262382205.0,134.4675,1616718.0,0.0136507336078611,0.1419436264198572,0.023931288098342,0.0196320810153662,134.9907,134.0859,58.5261,72.4793,64.0207,39.5728,-7.8125,80.0,60.0,139.1453,134.9907,130.836,69683718528.7736,162332261321.0
2024-10-15,137.87,138.57,128.74,131.6,372120889.0,132.4398,2604537.0,0.0121012311009118,0.1247863247863247,0.0232292561740505,0.0165666347724394,134.3767,133.2735,67.4189,83.6729,51.9613,49.2552,-62.9196,100.0,80.0,138.8215,134.3767,129.932,69513438708.7736,162067381601.0
2024-10-14,136.47,139.6,136.3,138.07,224602526.0,138.3656,1590531.0,0.0131311334446562,0.1369400527009219,0.0206807982916113,0.0165666347724394,134.6347,134.1148,91.493,92.5503,89.7565,61.3581,146.3547,0.0,100.0,138.5169,134.6347,130.7525,69671412818.266,162445212622.0
2024-10-11,134.01,135.78,133.66,134.8,168873663.0,134.8551,1203688.0,0.0107382663500771,0.1103789126853376,0.0206392040016937,0.0160477092535139,132.5649,132.1419,92.1069,91.47,85.4888,55.9195,91.7978,0.0,100.0,137.7508,132.5649,127.379,69654514806.0478,162212864954.0
2024-10-10,131.91,135.0,131.0,134.81,240714041.0,133.9045,1536608.0,0.0086173385024807,0.0868268300548207,0.022634632466408,0.0160477092535139,130.589,130.8175,94.0509,91.5157,85.5761,51.3182,71.7333,0.0,100.0,137.9493,130.589,123.2287,69641668808.0101,162383074428.0
2024-10-09,134.11,134.52,131.38,132.65,243147858.0,132.7617,1577878.0,0.0074181082843873,0.0740021050927048,0.0225140643452725,0.010051558163047,128.1972,128.8259,88.2522,89.4512,82.4887,46.1628,91.6836,0.0,100.0,136.2668,128.1972,120.1275,69422377048.0251,162140763091.0
2024-10-08,130.26,133.48,129.42,132.89,282535038.0,131.9108,1852601.0,0.0097828735862012,0.0994456854471743,0.022662444745119,0.0163308913308912,125.4374,126.9184,92.2441,83.5928,84.0886,40.0548,117.5709,20.0,100.0,134.8646,125.4374,116.0101,69469420031.2098,162386954703.0
2024-10-07,124.99,130.64,124.95,127.72,340796426.0,128.1445,2249929.0,0.009700206568115,0.0985721658351967,0.0225515578894055,0.0163308913308912,122.2596,123.9372,87.8572,66.5595,76.1,33.0859,118.9598,40.0,100.0,130.0836,122.2596,114.4355,69266740041.8502,162101232218.0
2024-10-04,124.94,125.04,121.83,124.92,243231748.0,123.9866,1511279.0,0.0076829099810579,0.0768965517241375,0.022223900559052,0.010051558163047,121.0037,122.0502,70.6771,47.1781,69.4558,26.3531,105.7952,60.0,100.0,126.6321,121.0037,115.3752,69275867903.8801,161754981985.0
2024-10-03,120.92,124.36,120.3401,122.85,275663030.0,122.6224,1713896.0,0.0044114347014381,0.0422499363705777,0.0230270730268017,0.0032662649122365,120.2997,120.6196,41.1443,35.907,63.4456,24.3081,98.0845,80.0,0.0,124.4951,120.2997,116.1044,69049680150.1605,161510516433.0
2024-10-02,116.44,119.38,115.14,118.85,220394466.0,118.2229,1327091.0,0.005015151875917,0.0483373026373814,0.0238503059980171,0.0032662649122365,120.546,119.5169,29.7129,41.3137,47.4652,22.8321,-90.9176,100.0,20.0,125.3782,120.546,115.7138,68980750509.82,161233398460.0
2024-10-01,121.765,122.4351,115.79,117.0,297510364.0,117.8793,2009216.0,0.0015133739295504,0.0121982870490526,0.0245679271694912,0.0012854343009713,121.478,119.8503,36.8639,54.5848,37.3278,25.0925,-117.5529,0.0,40.0,126.4381,121.478,116.5179,68814366094.57,161011552573.0
2024-09-30,118.31,121.5,118.15,121.44,222685715.0,120.3221,1416361.0,0.0041504903072939,0.0399040931666381,0.0215721576031657,0.0012854343009713,122.252,121.2755,57.3643,69.704,59.2968,29.4369,-58.0233,0.0,60.0,124.7936,122.252,119.7104,69006444379.1065,161313647058.0
2024-09-27,123.97,124.03,119.26,121.4,267931321.0,121.1469,1770303.0,0.0021695984730124,0.0193115029387069,0.0227114806917004,-0.0039743608671772,121.216,121.1933,69.526,75.2692,59.1234,32.7862,15.3609,20.0,80.0,126.7262,121.216,115.7058,68787523993.217,161086593407.0
2024-09-26,126.8,127.665,121.8,124.04,300145021.0,124.5617,1832978.0,0.0042643702213321,0.0411280846063453,0.0213786430225665,0.0009528199220852,120.136,121.0899,82.2217,72.042,76.2801,33.8618,95.461,40.0,100.0,127.0233,120.136,113.2487,68815363510.1457,161357602582.0
2024-09-25,122.02,124.94,121.61,123.51,279958096.0,123.5728,1733107.0,0.0057512589334981,0.056542355618568,0.0218408689959389,0.0009528199220852,118.902,119.6149,74.0598,62.3475,75.1206,27.3601,147.0534,0.0,100.0,124.669,118.902,113.135,68886817435.4961,161055019714.0
2024-09-24,116.515,121.8,115.38,120.87,351200500.0,119.6015,1971910.0,0.0117169553679284,0.1182252100584557,0.0314533005900648,0.0009528199220852,116.874,117.6673,59.8445,50.3489,69.1017,21.8943,108.7183,20.0,100.0,121.8038,116.874,111.9442,68846635547.9405,160770326766.0
2024-09-23,116.55,116.99,114.86,116.26,203814270.0,115.9959,1275899.0,0.0092826527516729,0.0920424370018258,0.0301103873709869,0.0009528199220852,115.818,116.0659,53.1383,45.0848,53.3287,19.1708,-31.3696,40.0,60.0,118.714,115.818,112.922,68594509616.4265,160415359994.0
2024-09-20,117.06,118.6181,115.3901,116.0,364410818.0,116.4268,1540725.0,0.012598337829488,0.1281701492222022,0.0309658851785581,0.0074868686908821,115.922,115.9689,38.0638,42.6846,52.2284,21.1139,14.0674,60.0,0.0,118.91,115.922,112.934,68529639621.9195,160209131504.0
2024-09-19,117.35,119.66,117.25,117.87,290949160.0,118.5321,1829210.0,0.0100993916330619,0.0995233038216536,0.0340197738558831,0.0074868686908821,116.542,115.9533,44.0523,55.1026,60.4251,24.9057,67.2731,80.0,0.0,120.4746,116.542,112.6094,68767576749.5247,160591593932.0
2024-09-18,115.89,117.7,113.22,113.37,306563287.0,115.0409,1857120.0,0.0070716185136628,0.0675032077565203,0.0325675604668088,0.004539784913368,116.796,114.995,45.9377,68.9193,43.292,27.7103,-110.63,0.0,20.0,121.1773,116.796,112.4147,68910067426.894,160298087494.0
2024-09-17,118.17,118.8,114.83,115.59,229361887.0,116.5584,1475468.0,0.0073347924714254,0.0703676114002203,0.0323641509683485,0.004539784913368,117.502,115.8075,75.3179,84.7273,52.2133,33.451,-17.6013,0.0,40.0,120.2986,117.502,114.7055,69199606077.9341,160608406431.0
2024-09-16,116.79,118.18,114.36,116.78,243195161.0,116.5416,1550443.0,-0.0011712037070903,-0.0216151301523419,0.0446848896312442,0.004539784913368,116.0022,115.9162,85.5025,87.1768,57.2746,39.1126,27.2634,0.0,60.0,124.1725,116.0022,107.8319,69342734137.4304,160840332307.0
2024-09-13,119.08,119.955,117.6,119.1,236970236.0,119.0003,1515618.0,0.0022904733590995,0.0129262406888794,0.0444728445993613,0.0122763254517958,113.9384,115.4843,93.3616,80.0631,67.4761,47.3707,79.7428,0.0,80.0,124.9865,113.9384,102.8904,69276308023.7759,161089104615.0
2024-09-12,116.84,120.79,115.38,119.14,361336246.0,118.9003,2375926.0,-0.0040607946654636,-0.0514290263514051,0.0487261831002923,0.0122763254517958,110.6827,113.6765,82.6662,60.4145,67.6423,50.1512,113.8974,20.0,100.0,123.2214,110.6827,98.144,69211025169.6103,161327462943.0
2024-09-11,109.39,117.19,107.42,116.91,435747845.0,112.5299,2694452.0,-0.0080734469091671,-0.0887763055339045,0.0482990587083717,-0.0035793823905818,108.2949,110.9447,64.1615,39.573,63.6297,53.6267,166.6667,40.0,100.0,117.6164,108.2949,98.9735,69067849190.5789,160960362447.0
2024-09-10,107.81,109.4,104.95,108.1,263550250.0,107.0359,1661029.0,-0.0147683026134129,-0.1451842479835519,0.0392026132274527,-0.0035793823905818,106.1551,107.967,34.4157,21.8398,40.3594,62.0253,53.7569,60.0,0.0,109.7385,106.1551,102.5717,68651728409.8522,160518940077.0
2024-09-09,104.88,106.55,103.69,106.47,266697863.0,105.4091,1697936.0,-0.0185486125924017,-0.1770116719486743,0.0379216945297713,-0.0187702794376605,106.1351,107.905,20.1419,13.3776,34.1205,66.8888,-53.8359,80.0,0.0,109.6759,106.1351,102.5943,68540194721.8522,160250656341.0
2024-09-06,108.04,108.15,100.95,102.83,405953858.0,103.3773,2872263.0,-0.0175385729860905,-0.1689833521900758,0.0394488711061856,-0.0187702794376605,108.7149,108.627,10.9618,10.0142,18.9791,62.3737,-93.7809,100.0,0.0,119.9287,108.7149,97.5011,68281606455.9431,159976744326.0
2024-09-05,104.985,109.65,104.76,107.21,301493610.0,107.4088,2073777.0,-0.0171574133506682,-0.1656809338521401,0.039239608470344,-0.0187702794376605,111.6666,111.5298,9.0292,9.4237,24.3712,56.7299,-72.2135,80.0,0.0,122.891,111.6666,100.4423,68479233547.2098,160390382424.0
2024-09-04,105.41,109.99,104.12,106.21,371830437.0,107.3053,2584028.0,-0.0171166260088394,-0.1653438113948917,0.0392674102381956,-0.0187702794376605,115.3463,113.6942,10.0517,12.9456,20.2319,50.9583,-98.1607,100.0,0.0,129.878,115.3463,100.8146,68478606040.674,160083531728.0
2024-09-03,116.01,116.21,107.29,108.0,475246088.0,110.3423,3649427.0,-0.0175746032168166,-0.1692307692307691,0.0392851147647739,-0.0210601654775466,119.7639,117.4407,9.1901,21.1759,21.9524,43.7439,-140.536,100.0,0.0,133.9137,119.7639,105.6142,68678698137.4718,160451910538.0
2024-08-30,119.53,121.75,117.22,119.37,327977644.0,119.1297,1932775.0,-0.0036989788570931,-0.0418205169369079,0.0334742558589731,-0.0055716510450242,123.4556,122.1656,19.5949,33.5966,38.6581,35.8456,-84.5941,80.0,20.0,131.8565,123.4556,115.0548,69079893569.0861,160929065638.0
2024-08-29,121.355,124.43,116.71,117.59,449560201.0,120.4262,3447787.0,-0.0038127455755436,-0.0428943512941556,0.0334119200042954,-0.0055716510450242,125.4555,123.5684,34.7428,47.8275,32.1958,33.6962,-166.5362,100.0,40.0,133.7644,125.4555,117.1465,69096839013.6976,160595314055.0
2024-08-28,128.12,128.33,122.64,125.61,443814092.0,124.6436,3217120.0,0.0066201993766667,0.0637703252032515,0.0290392096120257,0.0119114285686873,126.6854,126.5625,46.4522,52.9008,51.9062,31.0094,-96.1597,100.0,60.0,130.6545,126.6854,122.7162,69446582394.2416,161048337360.0
2024-08-27,125.05,129.2,123.88,128.3,295934253.0,127.5995,1842844.0,0.0103872456525551,0.1047012226623036,0.0276251841966762,0.0142748648898237,127.2633,127.0441,62.2876,59.2767,62.1089,37.1153,-19.3217,40.0,80.0,131.273,127.2633,123.2536,69426894296.0431,161496438475.0
2024-08-26,129.57,131.26,124.37,126.46,323296384.0,127.2754,2151633.0,0.0154631518765182,0.1599706475875983,0.0322070532832577,0.0153518261919066,127.0533,126.4215,49.9625,60.4604,57.5421,39.9102,-6.4891,60.0,100.0,130.9341,127.0533,123.1726,69226324052.2536,161193303902.0
2024-08-23,125.86,129.6,125.22,129.37,320192244.0,128.1346,2023691.0,0.021788886485749,0.2350357995226728,0.0302856331956336,0.0285925038839676,127.7613,126.4075,65.5799,73.8913,67.8954,41.4868,55.2865,0.0,80.0,132.1951,127.7613,123.3275,69356893611.197,161525268574.0
2024-08-22,130.02,130.75,123.1,123.74,363193495.0,126.3831,2223646.0,0.0170294401800099,0.1788129941888157,0.029923236365239,0.0153518261919066,126.8034,124.9317,65.8387,83.1975,55.504,46.7379,-33.2747,0.0,100.0,131.5039,126.8034,122.1028,69067609843.7449,161202038242.0
2024-08-21,127.315,129.35,126.66,128.5,256692511.0,128.1179,1536434.0,0.0268605022586122,0.2991608533009802,0.0264966597598618,0.0285925038839676,126.6274,125.5328,90.2552,94.1225,75.1131,53.3018,62.8012,0.0,60.0,131.8156,126.6274,121.4391,69380854865.1985,161578227318.0
2024-08-20,128.4,129.88,125.89,127.25,294245454.0,127.8244,1880886.0,0.0207558818292189,0.22062350119904,0.0352914045010262,0.0285925038839676,124.5435,124.0546,93.4986,96.6345,73.1179,50.2957,80.6198,0.0,80.0,132.6279,124.5435,116.4592,69285946041.3026,161320343746.0
2024-08-19,124.28,130.0,123.42,130.0,314393591.0,127.0583,1931057.0,0.0266542430498798,0.2941762070681928,0.0326221058310481,0.0391553979315303,122.3217,122.4622,98.6135,98.2609,85.1298,46.5379,115.2026,0.0,100.0,132.1413,122.3217,112.5021,69381462586.9292,161620431161.0
2024-08-16,121.94,125.0,121.18,124.58,296287710.0,123.6701,1734031.0,0.0159458362158007,0.1613685093688819,0.0416571334962741,0.0272668720051999,118.1261,118.6987,97.7913,96.7145,79.9315,41.8408,101.9537,0.0,100.0,129.1135,118.1261,107.1387,69063129009.9292,161302097584.0
2024-08-15,118.76,123.24,117.47,122.86,314776934.0,121.4249,1922707.0,0.012769474670079,0.1249885541617066,0.0428775425145762,0.0272668720051999,114.1604,115.7633,98.378,93.2315,77.977,39.1374,102.209,0.0,100.0,127.1191,114.1604,101.2018,68827077224.9658,160999507712.0
2024-08-14,118.53,118.6,114.07,118.08,337066795.0,116.8746,2113374.0,0.0020472988809822,0.0090582806357883,0.0477379597778809,0.0073040705259272,110.5827,112.2202,93.9743,87.2565,71.8905,37.1161,98.5778,20.0,100.0,121.7194,110.5827,99.4461,68550887583.4182,160681421039.0
2024-08-13,112.44,116.23,111.58,116.14,311284157.0,114.5275,2004630.0,0.0131890094434562,0.1196375204858768,0.0610143686702927,0.01786696457349,106.749,109.2952,87.3422,76.4185,69.1195,38.8012,131.4019,40.0,100.0,118.1308,106.749,95.3672,68289525561.2482,160342174632.0
2024-08-12,106.32,111.07,106.26,109.02,322492149.0,109.1413,2097272.0,-0.0003855442192503,-0.0230307375212834,0.0629774192750293,-0.0099298889684118,104.3712,105.8777,80.453,64.2774,56.5408,43.5185,152.6081,0.0,100.0,110.8176,104.3712,97.9249,67988981352.603,160029527972.0
2024-08-09,105.64,106.6,103.43,104.75,286414285.0,104.8985,1877315.0,-0.0057621111212311,-0.073500796037502,0.0615129173868848,-0.0153829434502454,102.6574,104.3111,61.4603,49.3513,45.9846,52.302,92.7239,20.0,60.0,107.6513,102.6574,97.6635,67940925737.6966,159703968102.0
2024-08-08,102.0,105.5,97.52,104.97,386910023.0,102.8183,2575147.0,-0.0048578355888288,-0.0651050944068398,0.0616265290092542,-0.0153829434502454,103.1613,104.096,50.919,41.1458,46.4497,54.4842,2.6074,40.0,0.0,109.2772,103.1613,97.0455,67989552678.7723,159994812259.0
2024-08-07,107.81,108.8,98.69,98.91,407217755.0,102.962,2815103.0,-0.0127089063520516,-0.1342669584245075,0.0575696838310124,-0.0175034147168334,104.0093,103.6635,35.6747,35.5475,31.0936,54.7611,-43.6301,60.0,20.0,111.827,104.0093,96.1916,67649700879.3788,159602902236.0
2024-08-06,103.84,107.71,100.55,104.25,408119698.0,104.9159,2769465.0,-0.0032060007975905,-0.1173482346964687,0.0437602017814066,-0.0069399255542432,120.1093,115.6365,36.8437,41.5338,46.003,26.2061,-147.5266,96.6667,40.0,137.7268,120.1093,102.4918,68043234894.256,160014342659.0
2024-08-05,92.06,103.41,90.69,100.45,552327125.0,98.9793,4741155.0,-0.0066950091169127,-0.2063680176977163,0.0445154938038972,-0.0103458814663745,120.5713,116.4217,34.1243,44.4009,44.0928,26.3588,-226.5809,100.0,43.3333,137.2002,120.5713,103.9425,68029524991.8314,159605330570.0
2024-08-02,103.76,108.72,101.37,107.27,476062931.0,105.4331,3599199.0,-0.0056487950839691,-0.1797675485548245,0.0435241106460901,-0.0103458814663745,121.442,117.5232,53.6333,47.1646,46.9759,26.3186,-179.5927,100.0,0.0,136.4187,121.442,106.4653,67733980325.9509,160158172945.0
2024-08-01,117.53,120.16,106.8104,109.21,519757340.0,112.1049,3402984.0,-0.0062367787774862,-0.1944977135270686,0.0438020689459691,-0.0103458814663745,122.2257,118.2304,45.4451,37.3269,47.836,26.5965,-126.8147,93.3333,3.3333,136.6025,122.2257,107.8488,67442140568.8352,160640200409.0
2024-07-31,112.9,118.34,110.88,117.02,469574108.0,115.3877,2931643.0,-0.0028414256538525,-0.1065811574286148,0.0429194706353754,-0.0069399255542432,123.1047,118.8524,42.4155,33.0721,51.5059,27.0735,-96.2856,96.6667,6.6667,137.4153,123.1047,108.7941,67777417451.4557,161163662735.0
2024-07-30,111.52,111.99,102.54,103.73,483357863.0,105.7709,3512276.0,-0.0073396079667743,-0.2134516226872915,0.0353648151939821,-0.0072571014342884,123.57,118.9788,24.12,27.431,44.5023,27.7206,-218.5582,100.0,10.0,137.9665,123.57,109.1735,67471693650.2171,160690488553.0
2024-07-29,113.69,116.28,111.3,111.59,246936219.0,113.1639,1626090.0,-0.0044079246421872,-0.1390324820615691,0.0336148577622769,-0.0065072099252324,124.5083,120.0305,32.6808,32.0452,48.5074,28.0782,-156.126,93.3333,13.3333,137.1757,124.5083,111.841,67835917062.6171,161177321827.0
2024-07-26,116.19,116.2,111.58,113.06,281667400.0,113.5436,1840539.0,-0.0028004050407881,-0.0969648562300315,0.0343113393212851,-0.0049096794953736,125.109,120.6126,25.4923,36.407,49.3097,28.8051,-165.2033,96.6667,16.6667,136.9512,125.109,113.2668,68055167885.7496,161425473895.0
2024-07-25,113.04,116.63,106.3,112.28,451957966.0,112.73,3637510.0,-0.0018492711136107,-0.0713754031924568,0.0349577608375863,-0.0049096794953736,125.5137,121.1334,37.9625,43.3915,48.876,29.5696,-215.6172,100.0,20.0,136.4785,125.5137,114.5488,68160588331.8925,161132074822.0
2024-07-24,119.17,119.95,113.44,114.25,323948308.0,116.3606,2515354.0,-0.0015126229546059,-0.0618322589943849,0.0348563796806585,-0.0049096794953736,125.8013,121.744,45.7664,41.2551,49.9187,30.3605,-168.0869,100.0,23.3333,135.7699,125.8013,115.8328,68087993052.0309,161592141841.0
2024-07-23,122.78,124.69,122.1,122.59,172565369.0,123.2169,1308647.0,0.0010038137833476,0.0141630182178857,0.0326163535411596,-0.0005853818002445,126.0523,122.2608,46.4458,31.0293,54.6942,31.3077,-51.3628,90.0,26.6667,135.1893,126.0523,116.9153,68334203338.1692,161919918725.0
2024-07-22,120.35,124.07,119.86,123.54,251942147.0,122.4065,1720625.0,0.0012298374876031,0.0210930553989452,0.0325787983166784,0.0007747277047178,125.9953,122.2381,31.5532,21.2599,55.2764,31.8055,-59.3244,93.3333,30.0,135.2388,125.9953,116.7517,68442310165.4394,162093829708.0
2024-07-19,120.35,121.6,117.37,117.93,212358769.0,119.0271,1613249.0,-0.0007484221696949,-0.0367547081371465,0.0314884396801456,-0.0022692154405977,125.9102,122.1484,15.0888,14.875,52.3827,32.3476,-117.8669,96.6667,33.3333,135.2886,125.9102,116.5318,68249218200.962,161835760765.0
2024-07-18,121.85,122.4,116.56,121.09,317627770.0,119.8247,2405934.0,0.0018399801289036,0.040047535466442,0.0324745412850171,0.0007747277047178,126.0602,122.4393,17.1377,15.9353,54.2956,33.0182,-102.6666,0.0,36.6667,135.0595,126.0602,117.0609,68408926479.449,162052984565.0
2024-07-17,121.35,121.85,116.72,117.99,386032840.0,119.0242,3385008.0,0.001380721434664,0.0260848565048381,0.0322221963344793,0.0007747277047178,125.9048,122.5323,12.3985,16.4285,52.656,33.712,-115.893,0.0,40.0,135.39,125.9048,116.4196,68231948039.9627,161732005035.0
2024-07-16,128.44,129.04,124.58,126.36,210228718.0,126.2869,1644311.0,0.0052205065836808,0.1526679991288264,0.030766079592181,0.0043052074978552,125.8048,122.8456,18.2695,27.7617,58.0954,34.4536,15.164,0.0,43.3333,135.677,125.8048,115.9326,68428892139.2824,162122091224.0
2024-07-15,130.56,131.39,127.18,128.44,204679925.0,128.8529,1684943.0,0.0054987791882692,0.1624490749074423,0.0306084785850891,0.0043052074978552,125.2469,122.6032,18.6173,43.446,59.5737,34.7428,54.81,3.3333,46.6667,136.6961,125.2469,113.7978,68472231279.0806,162336860739.0
2024-07-12,128.26,131.92,127.22,129.24,250843668.0,129.8788,1739176.0,0.0044495798731487,0.1256319524684384,0.0315171462517582,0.0043052074978552,124.6486,122.2007,46.3981,65.9086,60.1427,34.8632,65.1968,6.6667,50.0,137.1915,124.6486,112.1057,68555858646.577,162545186903.0
2024-07-11,135.75,136.15,127.05,127.4,371356833.0,130.1432,3011774.0,0.0042397374103723,0.1186466772710539,0.0314708361475937,0.0043052074978552,124.1678,121.7152,65.3226,75.9157,59.2779,34.985,78.5381,10.0,53.3333,137.0705,124.1678,111.2651,68591341445.109,162292506368.0
2024-07-10,134.03,135.1,132.42,134.91,246936588.0,134.216,1721312.0,0.0084221073099635,0.2672783434439967,0.0315687463597948,0.00680665278654,123.7174,121.3232,86.0052,81.7345,64.8272,35.111,131.2373,0.0,56.6667,137.0728,123.7174,110.362,68937294741.7243,162667289106.0
2024-07-09,130.35,133.82,128.65,131.38,283648597.0,131.3782,1935772.0,0.0083839128367016,0.2658642473967956,0.0315470908700614,0.00680665278654,122.7689,120.3861,76.4195,76.5322,63.2646,34.8648,102.9523,0.0,60.0,136.8327,122.7689,108.7051,68723619104.1497,162418310537.0
2024-07-08,127.49,130.77,127.04,128.2,232400315.0,128.5903,1727862.0,0.0106636270689781,0.3503430144662127,0.0349400270674577,0.00680665278654,121.8492,119.6279,82.7787,73.3051,61.7863,34.649,77.7698,0.0,63.3333,137.0992,121.8492,106.5992,68707519290.2619,162131289717.0
2024-07-05,127.38,128.85,125.68,125.83,209133020.0,127.0368,1599014.0,0.0098834324884803,0.3193213956215457,0.0350101053050199,0.0043052074978552,120.7405,119.0368,70.3983,62.9099,60.6453,34.5214,61.4763,0.0,66.6667,138.5961,120.7405,102.8848,68797365141.2056,161893612395.0
2024-07-03,121.66,128.28,121.36,128.28,214557604.0,125.2149,1539247.0,0.0107331858294905,0.3536091857685006,0.0346033558853492,0.0062728038035851,119.7253,118.5683,66.7384,57.2998,62.5104,34.4521,56.0443,3.3333,70.0,139.6511,119.7253,99.7995,68991272742.9185,162107789084.0
2024-07-02,121.13,123.41,121.03,122.67,214601150.0,122.2853,1485515.0,0.0100381482123675,0.3266192238419172,0.0340991182512492,0.0062728038035851,118.6082,117.8985,51.5929,50.4557,59.7718,34.3992,30.7841,0.0,73.3333,140.1798,118.6082,97.0367,68775523787.9185,161892040129.0
2024-07-01,123.47,124.84,118.83,124.3,281803195.0,122.7093,1916680.0,0.009811132465966,0.3174642673136538,0.0342747131546189,0.0062728038035851,117.6015,117.5694,53.5679,46.5344,61.0239,34.5119,36.6528,3.3333,76.6667,141.0575,117.6015,94.1455,68692945396.2799,162110414098.0
2024-06-28,124.58,127.71,122.75,123.54,309719295.0,124.8037,1766830.0,0.0095106111686466,0.3056591087976152,0.0343449329991952,0.0044261576508008,116.6031,117.1052,46.2063,36.7379,60.6524,34.6286,53.1472,0.0,80.0,141.348,116.6031,91.8582,68459253934.9454,161825528564.0
2024-06-27,124.1,126.41,122.92,123.99,247638444.0,124.3026,1568545.0,0.0108261827091864,0.3573774504204305,0.0345715561784041,0.0069276029394856,115.6391,116.6615,39.8289,26.8392,60.9851,34.4755,55.2908,0.0,83.3333,141.458,115.6391,89.8201,68674263326.3164,162141045304.0
2024-06-26,126.13,128.12,122.6,126.4,355252504.0,125.0539,2344625.0,0.0118146112421278,0.3984099120920013,0.0341237712031397,0.0078044390980671,114.5509,116.1561,24.1784,18.0869,62.7675,34.3587,66.2879,0.0,86.6667,141.593,114.5509,87.5088,68771962978.3365,162393616997.0
2024-06-25,121.2,126.5,119.32,126.09,411392492.0,123.5418,2612338.0,0.0119258840873282,0.4030666147929931,0.0340985143411961,0.0078044390980671,113.3505,115.4496,16.5101,25.0228,62.6317,34.2379,60.3295,3.3333,90.0,141.3619,113.3505,85.3392,68635189444.0176,162030641079.0
2024-06-24,123.24,124.46,118.04,118.11,465484439.0,120.4332,3695021.0,0.0100985493416547,0.331018323978193,0.0324993027241376,0.0078044390980671,112.1431,114.7158,13.5723,42.0551,58.9015,34.1635,43.7338,0.0,93.3333,140.9649,112.1431,83.3214,68258029524.7753,161604853623.0
2024-06-21,127.12,130.63,124.3,126.57,556811979.0,127.0328,3274805.0,0.0117127088915059,0.4000893424080274,0.0297217218335656,0.0078044390980671,111.164,114.4817,44.986,67.547,65.6138,34.1513,82.0979,3.3333,96.6667,141.0832,111.164,81.2448,68723709001.174,162080914489.0
2024-06-20,139.8,140.76,129.52,130.78,508174371.0,135.0652,4053999.0,0.0127334869411218,0.4443908881855305,0.0287048002692334,0.0078044390980671,109.9584,113.648,67.6072,83.0082,69.4193,33.6927,119.1854,6.6667,100.0,140.2103,109.9584,79.7065,68909067223.6954,162736399153.0
2024-06-18,131.14,136.33,130.69,135.58,291995868.0,134.2796,2094257.0,0.0133398374411652,0.471629441101058,0.0278612995324691,0.0078044390980671,108.6172,112.4665,90.0477,91.0781,74.1598,32.791,129.4914,10.0,100.0,138.6244,108.6172,78.6099,69310752336.3288,163254167578.0
2024-06-17,132.99,133.73,129.58,130.98,285908668.0,131.7165,2129495.0,0.0134272139745666,0.4753561364322345,0.0279334842699189,0.0078044390980671,107.1688,110.8724,91.3698,86.2953,72.4147,31.9608,125.5923,0.0,100.0,136.0021,107.1688,78.3355,69094697881.7969,162959832524.0
2024-06-14,129.96,132.84,128.32,131.88,307121311.0,131.198,2139247.0,0.0148090879298636,0.5369390888502596,0.0279228744956817,0.0093669132828662,105.7621,109.4857,91.8168,77.5815,73.3516,31.1672,133.8729,0.0,100.0,133.9213,105.7621,77.6029,69188548725.0258,163248336968.0
2024-06-13,129.39,129.8,127.16,129.61,258929259.0,128.8023,1894944.0,0.0153395942356997,0.5609787329333364,0.0281197194656079,0.0093669132828662,104.2263,107.9413,75.6993,66.7645,72.4837,30.369,133.5802,0.0,100.0,131.5329,104.2263,76.9197,69010621075.1143,162939016592.0
2024-06-12,123.06,126.88,122.57,125.2,294958450.0,125.1701,2024434.0,0.012868820746278,0.4492108584249217,0.0294872445857517,0.0078044390980671,102.6737,106.4469,65.2284,64.6315,70.6908,29.6238,122.9363,3.3333,100.0,129.3194,102.6737,76.028,68787442191.1673,162678312055.0
2024-06-11,121.77,122.87,118.74,120.91,218971550.0,120.8374,1805344.0,0.0111714440807703,0.3779437802465946,0.0296021380593002,0.0069276029394856,101.3801,105.1536,59.3659,69.6372,68.7779,28.9354,111.5098,6.6667,90.0,127.2835,101.3801,75.4767,68721406170.0652,162378717054.0
2024-06-10,120.37,123.1,117.01,121.79,307078688.0,121.1001,2798194.0,0.0114179173723476,0.3882058771310113,0.0294791458455487,0.0069276029394856,100.2746,104.0669,69.3002,80.2532,69.6692,28.3464,120.8977,10.0,93.3333,125.5734,100.2746,74.9759,68710090009.489,162601268212.0
2024-06-07,119.77,121.6917,118.022,120.888,405526500.0,120.0287,1119442.0,0.0132277268508163,0.4630193049709628,0.0308169765314588,0.0072705901151123,99.1395,102.8453,80.2456,89.2671,69.2701,27.737,131.2806,0.0,96.6667,123.5158,99.1395,74.7631,68534518954.5185,162293133421.0
2024-06-06,124.048,125.587,118.32,120.998,657231150.0,121.1291,1912022.0,0.0144942717063512,0.5186592748255934,0.0309902584229848,0.0093669132828662,97.8643,101.6017,91.2138,89.279,69.3777,27.1509,156.1276,3.3333,100.0,121.5512,97.8643,74.1773,68302767913.8417,162705519221.0
2024-06-05,118.371,122.4495,117.468,122.44,521885410.0,120.3958,1410073.0,0.0137763134939887,0.4855594345418388,0.0318287324029528,0.0093669132828662,96.4869,100.2647,96.3419,81.69,70.7711,26.5201,172.726,6.6667,100.0,119.429,96.4869,73.5449,68477562797.4374,163370215411.0
2024-06-04,115.716,116.6,114.045,116.437,400622290.0,115.2945,1055985.0,0.0132755412281648,0.4643358252850749,0.0313449007712005,0.0093669132828662,95.153,98.7361,80.2812,73.0836,68.201,25.9662,162.2988,0.0,100.0,116.5046,95.153,73.8014,67951176401.1211,162841813631.0
2024-06-03,113.621,115.0,112.003,115.0,435020680.0,113.6593,1187515.0,0.0143104630585882,0.5092389251474214,0.0318111519533452,0.0093669132828662,93.9224,97.516,68.447,74.6612,67.5406,25.5994,169.404,0.0,93.3333,114.468,93.9224,73.3769,67599313693.3755,162438489621.0
2024-05-31,112.52,112.717,106.94,109.633,598461170.0,109.5792,1294636.0,0.0093437864297254,0.2948567884336315,0.0371912483921042,0.0072705901151123,92.6291,96.3108,70.5228,84.3107,64.9092,25.2819,152.6682,3.3333,96.6667,112.5832,92.6291,72.675,67160921933.3755,162000097861.0
2024-05-30,114.65,115.8192,109.663,110.5,480958080.0,113.0931,1251310.0,0.0098576007287126,0.3149741100249423,0.0370564465595353,0.0078578506985771,91.797,95.3927,85.0138,91.6714,65.7414,25.0449,193.4831,6.6667,100.0,110.9112,91.797,72.6828,67202428881.1858,162613360361.0
2024-05-29,113.05,115.492,110.901,114.825,555036090.0,113.8991,1361390.0,0.0098242634181815,0.313607504432879,0.0370996102473025,0.0078578506985771,90.9148,94.3514,97.3954,91.9106,70.0739,24.5756,244.3572,10.0,100.0,108.9065,90.9148,72.9232,67557257350.5391,163100710691.0
2024-05-28,110.244,114.939,109.883,113.901,649101510.0,112.6235,1706073.0,0.0101007381851556,0.324414832385671,0.037116985125285,0.0090773377077495,90.0011,92.9401,92.605,86.8875,69.6592,23.9844,280.2304,13.3333,100.0,105.6803,90.0011,74.3219,67161790487.9797,162543268761.0
2024-05-24,104.449,106.475,103.0,106.469,426246160.0,104.8831,992088.0,0.00694802046139,0.2073231578708647,0.0359090868410191,0.0069810145399956,89.0712,91.4955,85.7313,83.7144,66.013,23.3923,228.3544,16.6667,100.0,102.05,89.0712,76.0925,66777073495.8516,161890540871.0
2024-05-23,102.028,106.32,101.52,103.799,829114450.0,103.842,2016704.0,0.0051967122141014,0.1454820340778675,0.0362304710560831,0.0060952503288073,88.4619,90.4637,82.3262,80.5632,64.5327,23.1171,244.6318,20.0,100.0,99.7211,88.4619,77.2027,66349062969.4602,161461047201.0
2024-05-22,95.459,96.02,93.249,94.95,546107330.0,95.6247,1385419.0,0.0034600489068629,0.0908902905594051,0.0330826131458071,0.0060952503288073,88.0225,89.5448,83.0858,77.4618,58.7815,22.8394,120.3267,23.3333,100.0,97.7844,88.0225,78.2605,66391164177.3269,160625981921.0
2024-05-21,93.599,95.4,93.18,95.386,327223610.0,94.567,737688.0,0.0042704560415623,0.1175340347259654,0.0331736136969142,0.0069810145399956,87.7588,89.1728,76.2776,75.3952,59.239,23.1075,129.5534,26.6667,90.0,97.1807,87.7588,78.337,66266228456.7603,161174629911.0
2024-05-20,93.75,95.2,93.44,94.78,315452500.0,94.6677,724663.0,0.0033767621240285,0.0877623862371324,0.0334642415807908,0.0066825109122721,87.4245,88.7451,73.022,79.7302,58.8082,23.4253,138.327,30.0,93.3333,96.4449,87.4245,78.404,65941430871.0306,160845683451.0
2024-05-17,94.369,94.74,91.806,92.479,355423920.0,93.1589,713864.0,0.0022159753779113,0.0508021998000194,0.0333017475974462,0.0030237509079591,87.1696,88.3297,76.8859,83.0502,57.1459,23.7319,122.3031,33.3333,96.6667,95.7677,87.1696,78.5714,65774803994.2124,160526918991.0
2024-05-16,94.91,95.819,94.103,94.359,322635400.0,94.9408,690204.0,0.003696123326188,0.0984110354461333,0.033271610852831,0.0066825109122721,87.0206,88.0443,89.2827,78.9475,59.0273,24.0778,171.1141,36.6667,100.0,95.3984,87.0206,78.6428,65969483392.8627,160886610021.0
2024-05-15,92.472,94.862,91.599,94.63,416382730.0,93.8947,908974.0,0.0026454263373934,0.0636886830628125,0.0339529085920951,0.0066825109122721,86.7388,87.6096,82.982,64.2214,59.2993,24.2426,163.575,40.0,100.0,94.6685,86.7388,78.8091,66196777696.3037,161210561841.0
2024-05-14,89.599,91.651,88.934,91.356,295611870.0,90.6989,617234.0,0.0012689843020743,0.0212851585207716,0.0334120992187909,0.0030237509079591,86.55,87.1262,64.5778,53.6938,56.9841,24.4694,99.7224,43.3333,80.0,93.9737,86.55,79.1262,65838444406.5244,160792826391.0
2024-05-13,90.478,90.998,88.529,90.399,287631280.0,90.1256,623956.0,0.0005800522946563,0.0003983931476385,0.0334259544967231,-0.0006586849908964,86.4865,86.8352,45.1043,54.1363,56.2814,24.9033,85.9288,46.6667,0.0,93.7766,86.4865,79.1964,65606324215.446,160496319311.0
2024-05-10,90.3045,91.401,89.227,89.878,333999310.0,90.0526,677326.0,0.0003894097824737,-0.0052901854885114,0.0334119646087929,-0.0007453268805108,86.4853,86.5901,51.3993,68.4385,55.9023,25.3946,89.6632,50.0,3.3333,93.7728,86.4853,79.1978,65457201697.7992,160206639141.0
2024-05-09,90.529,91.072,88.231,88.747,376806900.0,89.1001,715023.0,3.757198386811211e-06,-0.0166537396121879,0.0333338155293057,-0.0007453268805108,86.5012,86.3641,65.9054,82.1885,55.085,25.8469,69.2738,53.3333,0.0,93.8203,86.5012,79.1822,65591702046.2444,159871313731.0
2024-05-08,89.4825,91.194,89.42,90.412,323567890.0,90.3136,621172.0,-0.0002146301955406,-0.0232171216819175,0.0334749385289406,-0.0007453268805108,86.5513,86.2005,88.011,88.3817,56.5772,26.3351,91.1255,56.6667,0.0,93.951,86.5513,79.1517,65832400722.1051,160249326411.0
2024-05-07,91.098,91.781,89.011,90.554,434666860.0,90.5687,835364.0,-0.0010188325560419,-0.0468200669459585,0.0337861506947381,-0.0026889842266656,86.623,85.9108,92.6492,81.2286,56.7039,26.7475,87.9393,60.0,0.0,94.2095,86.623,79.0364,65793842991.4399,160575047431.0
2024-05-06,89.39,92.22,89.055,92.14,373538840.0,91.3535,834395.0,-0.0001930060717722,-0.0227916299886514,0.0336828536564744,0.0001641132252201,86.7712,85.5913,84.485,70.6759,58.1081,27.1741,96.3079,63.3333,3.3333,94.8183,86.7712,78.7241,65743949554.2159,161012389041.0
2024-05-03,87.789,89.281,87.04,88.789,396989940.0,88.3381,785517.0,-0.0004105971159289,-0.0289385902553722,0.0334574265318903,0.0001641132252201,86.8428,85.1404,66.5515,66.6233,55.8763,27.6122,31.7083,66.6667,6.6667,95.1145,86.8428,78.5712,65386765142.6045,160636186491.0
2024-05-02,84.449,86.237,83.2,85.817,373277810.0,84.981,693491.0,-0.0011729084507997,-0.050402779622006,0.0329063116372729,0.0001641132252201,86.931,84.8895,60.9913,74.0524,53.7645,28.233,-41.9924,70.0,10.0,95.3386,86.931,78.5234,65163331726.7009,160237845771.0
2024-05-01,85.077,86.0,81.2546,83.041,557785740.0,83.5491,1087855.0,-0.0019240475026126,-0.0711089733551082,0.0323605521755531,0.0001641132252201,87.0828,84.8262,72.3272,83.713,51.6762,29.0633,-80.9653,73.3333,13.3333,95.5679,87.0828,78.5977,64889956390.718,159859948231.0
2024-04-30,87.24,88.819,86.3,86.402,362205890.0,87.2198,711632.0,-0.0002720358198989,-0.0232095415748118,0.0316888388390615,0.0007126351751457,87.2947,84.95,88.8389,83.3885,54.5604,29.9373,-4.0432,76.6667,16.6667,95.6814,87.2947,78.908,65028294070.3884,160419811401.0
2024-04-29,87.595,87.992,85.266,87.757,385402660.0,87.0497,766227.0,0.0004773593665807,-0.0009050907083042,0.0315869366089846,0.0041080035490895,87.3631,84.8506,89.973,72.7557,55.7735,30.4708,-9.2628,80.0,20.0,95.7527,87.3631,78.9735,65362547996.7481,160783520101.0
2024-04-26,83.818,88.3309,83.387,87.735,548466880.0,86.631,1062122.0,0.0004282552367484,-0.0023765123260256,0.0315883957174251,0.0041080035490895,87.3658,84.6508,71.3536,56.0908,55.758,31.072,-21.4038,83.3333,23.3333,95.7559,87.3658,78.9756,65040641160.886,160394549341.0
2024-04-25,78.868,83.323,78.223,82.632,423086000.0,81.7192,877459.0,-0.0027099864668496,-0.0908370742012142,0.0299752246958275,0.0006259932855313,87.3727,84.4389,56.9404,41.7985,52.001,31.6939,-135.7497,86.6667,26.6667,95.7644,87.3727,78.9811,64622465535.9653,159843538561.0
2024-04-24,83.95,84.082,79.183,79.677,509855150.0,81.3307,1011324.0,-0.0043179561285011,-0.1331258907880276,0.0290776556384821,-0.0005724487222635,87.6479,84.5641,39.9785,29.6292,49.6054,32.65,-159.6582,90.0,30.0,95.9392,87.6479,79.3566,64312892677.872,159418897831.0
2024-04-23,80.769,82.769,80.264,82.423,435839500.0,81.9227,868297.0,-0.0008216978504615,-0.0390677827779977,0.0315789801614897,0.0006259932855313,88.0557,84.9018,28.4766,19.9524,51.9337,33.5685,-158.1482,93.3333,33.3333,95.9299,88.0557,80.1816,64721801363.2833,159931105361.0
2024-04-22,78.104,80.073,76.4,79.518,595945450.0,78.608,1227176.0,-0.0027074282064017,-0.091513572799561,0.0309753947147507,-0.0005724487222635,88.1674,85.0734,20.4326,19.5272,49.5102,34.6054,-257.2962,96.6667,0.0,95.8099,88.1674,80.5249,64404392925.0358,159492545991.0
2024-04-19,83.15,84.324,75.606,76.2,872488690.0,79.6451,1766313.0,-0.0060081057880487,-0.1777185466552997,0.0311463842194169,-0.0033389042845349,88.4344,85.4572,10.9479,23.0021,46.5338,35.7327,-300.8481,100.0,3.3333,95.3758,88.4344,81.493,63988269666.9007,158896205481.0
2024-04-18,84.97,86.19,82.402,84.671,446300950.0,84.7629,837552.0,-0.0011816925680949,-0.045422773393461,0.0271642939456859,-0.0005724487222635,88.9833,86.0963,27.2009,36.9347,54.4565,36.8989,-159.8668,100.0,6.6667,94.4026,88.9833,83.5639,64744204622.1657,159771403481.0
2024-04-17,88.34,88.775,83.95,84.035,492962320.0,85.6947,973506.0,-0.0003730591877314,-0.0224396258899076,0.0277671145033818,-0.0005724487222635,89.1176,86.1953,30.8574,50.5262,53.8867,37.7223,-133.9067,80.0,10.0,94.2962,89.1176,83.939,64655648494.0863,159324143141.0
2024-04-16,86.4325,88.118,86.0639,87.415,367398450.0,87.2636,718303.0,0.0012016815010654,0.0256000037147583,0.0268760816421678,0.0006259932855313,89.1819,86.3449,52.7458,64.4733,57.5881,38.4389,-73.4682,83.3333,13.3333,94.1496,89.1819,84.2142,65133593513.5786,159819542651.0
2024-04-15,89.098,90.613,85.929,86.001,441045770.0,88.1298,924573.0,0.0018519875301741,0.0452849660502785,0.0274665089941548,0.0006259932855313,89.1091,86.2718,67.9756,67.0929,56.3763,38.9868,-58.1852,0.0,16.6667,94.24,89.1091,83.9783,65016709913.821,159449089631.0
2024-04-12,89.699,90.175,87.53,88.186,425669890.0,88.7369,844473.0,0.004012288499843,0.1147500175967946,0.0278333471026286,0.0041080035490895,88.985,86.2912,72.6985,56.6305,58.8897,39.5535,-10.1736,0.0,20.0,94.5717,88.985,83.3982,65446167231.9983,159892166581.0
2024-04-11,87.42,90.739,86.926,90.616,431532370.0,89.0981,893262.0,0.0055280881479506,0.1668389897725464,0.0273471501011791,0.00730167477778,88.6824,86.1612,60.6047,42.4566,61.8542,39.9913,21.7535,0.0,23.3333,95.2998,88.6824,82.065,65661263136.7171,160318971371.0
2024-04-10,83.926,87.4,83.709,87.039,431791530.0,86.3739,869830.0,0.0037185655172979,0.1059967474484306,0.0267226429542933,0.0041080035490895,88.2506,85.8548,36.5882,28.9538,58.9109,40.4441,-52.5333,3.3333,26.6667,95.9173,88.2506,80.5839,65257471241.5213,159887334101.0
2024-04-09,87.442,87.635,83.022,85.354,503509350.0,84.8175,1086602.0,0.0028957347631633,0.0792238357359187,0.0265963548498056,0.0006259932855313,87.9726,85.7738,30.177,23.1852,57.4147,41.0981,-57.2506,6.6667,30.0,96.3667,87.9726,79.5784,64910032659.6817,159455405571.0
2024-04-08,88.7,88.83,86.732,87.133,283220000.0,87.4278,643890.0,0.0036926067152193,0.1055616731779049,0.0262416958940835,0.002331805113827,87.7637,85.8034,20.0963,18.1522,59.6308,41.7746,-4.6636,10.0,33.3333,96.7031,87.7637,78.8243,64904507238.7539,159955185311.0
2024-04-05,86.866,88.481,85.926,88.008,399584460.0,87.5842,788316.0,0.0041424299971887,0.1206307151898535,0.0261194930042984,0.0035207577382743,87.4864,85.7124,19.2823,18.2383,60.7456,42.1281,-1.1076,0.0,36.6667,96.9866,87.4864,77.9862,65076900763.4059,160234260631.0
2024-04-04,90.406,90.634,85.88,85.905,434715420.0,88.3507,892804.0,0.0087933714368898,0.2732540498972124,0.0387132661838963,0.0035207577382743,87.1707,85.5548,15.0779,17.731,58.9632,42.5117,4.6098,0.0,40.0,97.197,87.1707,77.1443,64826432815.4529,159836531851.0
2024-04-03,88.484,90.374,88.4,88.964,369402050.0,89.5463,698935.0,0.0089892313269201,0.2810018371439002,0.0385086451042178,0.0035207577382743,86.5562,85.5314,20.3546,17.9386,62.9846,42.9085,36.6406,3.3333,43.3333,98.828,86.5562,74.2844,65250792084.383,160265401751.0
2024-04-02,88.448,90.094,87.62,89.452,432545050.0,88.9606,838078.0,0.0077200076568675,0.2319579455537967,0.0395765046176311,0.0035207577382743,85.9058,85.2954,17.7605,20.2267,63.6541,43.0756,38.0398,6.6667,46.6667,99.5878,85.9058,72.2238,65408331195.8116,160632993011.0
2024-04-01,90.299,92.225,89.204,90.363,451941490.0,90.5151,872234.0,0.0080354149905084,0.2437337208612329,0.0394709412050431,0.0035207577382743,85.3444,85.0094,15.7007,31.0308,64.8989,43.261,58.231,10.0,50.0,99.7622,85.3444,70.9267,65200836682.2707,161064372361.0
2024-03-28,90.0,91.3,89.193,90.356,435212270.0,90.5004,771056.0,0.0074726161038592,0.2227361889664103,0.0397001030009691,0.0035207577382743,84.7542,84.641,27.2188,51.4381,64.8938,43.2967,57.6051,13.3333,53.3333,99.742,84.7542,69.7664,65305115557.8053,160616255031.0
2024-03-27,93.112,93.24,89.123,90.25,586046230.0,90.3244,1189234.0,0.0082523801183413,0.2513060036646029,0.0397983547283578,0.0052969561735368,84.2056,84.2475,50.173,71.7105,64.819,43.3713,66.4096,16.6667,56.6667,99.5356,84.2056,68.8757,65259879920.8191,160181042761.0
2024-03-26,95.851,96.375,92.502,92.561,511647580.0,94.4526,984593.0,0.0090292592255906,0.2812161854405173,0.0393674529554727,0.0052969561735368,83.6015,83.8343,76.9225,82.9441,67.8672,43.4485,97.9413,20.0,60.0,99.3553,83.6015,67.8478,65525083527.6906,160767109991.0
2024-03-25,93.941,96.766,93.51,95.002,552047330.0,95.448,1113327.0,0.0099388749972421,0.3171006411508792,0.0388667077591127,0.0052969561735368,82.9244,83.2332,88.0359,81.2993,71.2903,43.1926,115.773,23.3333,63.3333,98.827,82.9244,67.0218,66023081633.2676,161280757571.0
2024-03-22,91.141,94.778,90.834,94.289,586419360.0,93.5179,1161163.0,0.0108795970184715,0.3539924379526105,0.0391383766487782,0.0052969561735368,82.1621,82.4224,83.8738,70.6979,70.8755,42.8223,106.7133,26.6667,66.6667,97.8692,82.1621,66.4549,66069204469.1484,160728621491.0
2024-03-21,92.3,92.648,90.405,91.435,479699710.0,91.6441,1005129.0,0.0096213621168809,0.3044302282726017,0.0390711472343888,0.0035207577382743,81.3405,81.6047,71.9882,58.6601,69.151,42.5032,97.2401,30.0,70.0,97.0052,81.3405,65.6757,65627972611.5426,160141902131.0
2024-03-20,89.797,90.41,88.223,90.372,476602790.0,89.3839,952625.0,0.0101458809512883,0.3247175455361886,0.0392017748728473,0.0035207577382743,80.6292,80.9275,56.2318,47.163,68.479,42.2449,86.7592,33.3333,73.3333,96.3355,80.6292,64.923,65667164824.0838,159661529821.0
2024-03-19,86.7,90.544,85.01,89.398,672153770.0,87.8605,1372135.0,0.0092495276766948,0.2894790253824799,0.0394808314613981,0.0025416861150385,79.8909,80.2769,47.7603,42.4674,67.8589,42.0575,80.5769,36.6667,76.6667,95.7792,79.8909,64.0027,65204749849.3742,159182467031.0
2024-03-18,90.388,92.405,87.085,88.455,668981610.0,89.3456,1373038.0,0.0104923139865597,0.337048305758542,0.0400878392954585,0.0025416861150385,79.222,79.6486,37.497,41.8673,67.256,41.8636,96.2359,0.0,80.0,95.1443,79.222,63.2997,64810969716.136,158510295761.0
2024-03-15,86.93,89.546,86.257,87.8365,635271160.0,88.2355,1031100.0,0.0119145594223085,0.3936977347723362,0.0406925018603407,0.0025416861150385,78.4788,79.042,42.145,43.3892,66.8619,41.4506,89.2919,0.0,83.3333,94.6886,78.4788,62.2691,65135397892.715,157841319831.0
2024-03-14,89.577,90.646,86.6,87.944,602281560.0,88.0826,1249651.0,0.012767956404628,0.4294227271212631,0.0406765040749268,0.0035207577382743,77.6519,78.4362,45.9599,40.9847,66.9973,41.117,99.577,0.0,86.6667,94.3925,77.6519,60.9112,65160776792.3197,158483405991.0
2024-03-13,91.055,91.504,88.435,90.888,635702540.0,89.9592,1295440.0,0.0131855098248491,0.4479279497748449,0.0402730825157567,0.0035207577382743,76.7713,77.7812,42.0627,41.8338,70.7951,40.736,122.5947,3.3333,90.0,94.0271,76.7713,59.5155,65361191147.2332,159080516801.0
2024-03-12,88.049,91.96,86.1501,91.913,667930150.0,89.7159,1336879.0,0.0137221305018639,0.4715004692795943,0.0400518689321754,0.0042495953378293,75.8342,76.878,34.9316,52.2201,72.172,40.1487,129.377,6.6667,93.3333,92.9772,75.8342,58.6912,64985730697.6991,159707783061.0
2024-03-11,86.429,88.797,84.166,85.774,678335120.0,86.6503,1494058.0,0.0121196122027033,0.405482314874241,0.0386421500843988,0.0042495953378293,74.8526,75.8418,48.5071,71.0125,68.6409,39.541,105.8109,0.0,96.6667,91.57,74.8526,58.1352,64341943210.9403,159053408261.0
2024-03-08,95.1379,97.4,86.506,87.528,1142249760.0,91.0655,2561401.0,0.0124705768463426,0.4205831633258645,0.0383955021958934,0.0042495953378293,74.0278,75.1576,73.2217,82.7776,71.1338,39.0043,154.6435,3.3333,100.0,90.9507,74.0278,57.1049,64545474384.8768,159719523361.0
2024-03-07,90.158,92.767,89.602,92.669,608047160.0,91.6171,1256061.0,0.01445833307088,0.5102720248861838,0.0363135255755018,0.0045512182823163,73.1641,74.3051,91.3088,87.2593,79.2933,38.1964,184.2152,0.0,100.0,89.8886,73.1641,56.4397,65473423823.1915,160861792421.0
2024-03-06,88.022,89.724,87.03,88.7,580470300.0,88.4513,1116151.0,0.0137957654287219,0.4815380440115928,0.0359342081995721,0.0045512182823163,72.1206,73.0394,83.8022,80.6065,77.3548,37.4894,170.8292,0.0,100.0,87.7183,72.1206,56.5229,64902963978.1846,160253673261.0
2024-03-05,85.27,86.097,83.417,85.964,519332700.0,84.9828,1036769.0,0.012857228558112,0.4411104033258439,0.0358185082769595,0.0039134183946957,71.1597,71.9601,86.667,72.6087,75.8481,36.854,150.6584,3.3333,96.6667,86.0937,71.1597,56.2258,64763281838.0887,159671152961.0
2024-03-04,84.13,87.695,83.719,85.237,615608950.0,85.7211,1323064.0,0.0126626893044236,0.4327713435645721,0.0358570600459528,0.0036117954502087,70.2827,70.995,71.3503,61.1597,75.4258,36.3246,167.8582,0.0,100.0,84.7204,70.2827,55.8451,64294318124.117,159150513661.0
2024-03-01,80.0,82.3,79.435,82.279,479135100.0,81.3682,975905.0,0.0128558674904786,0.4407865935874759,0.0359973401936076,0.0036117954502087,69.4247,70.0137,59.8089,59.465,73.6218,35.7416,135.4941,0.0,83.3333,83.2556,69.4247,55.5938,64439861248.614,158534897211.0
2024-02-29,79.094,79.99,78.35,79.112,507288980.0,79.2564,764736.0,0.0121482601138759,0.4113785167609223,0.0356632749808301,0.0036117954502087,68.5857,69.1688,52.32,65.5867,71.4529,35.3537,119.5859,0.0,86.6667,82.2516,68.5857,54.9199,63967750192.2166,158055762111.0
2024-02-28,77.62,78.933,77.125,77.663,393110400.0,77.9578,737984.0,0.0113318358199401,0.3774431556170405,0.035785058826483,0.0035207577382743,67.8172,68.484,66.266,76.7128,70.3755,35.0594,112.6084,3.3333,90.0,81.6241,67.8172,54.0104,64003631607.8751,157548473131.0
2024-02-27,79.381,79.48,77.162,78.701,391524040.0,78.7655,758319.0,0.0127901791375424,0.4385121549990853,0.0356472519159697,0.0036117954502087,67.108,67.8518,78.1742,76.0193,72.264,34.8062,124.8148,0.0,93.3333,81.0072,67.108,53.2088,64162789137.0786,157941583531.0
2024-02-26,79.7,80.646,78.505,79.092,503219230.0,79.5585,975732.0,0.0128868669550551,0.4427054832001753,0.0356029267605559,0.0036117954502087,66.3084,67.1045,85.6983,65.5697,72.9771,34.5399,143.3043,0.0,96.6667,80.2108,66.3084,52.4061,64034361189.5376,158333288771.0
2024-02-23,80.79,82.394,77.57,78.817,829312570.0,79.8956,1644220.0,0.0130600455427117,0.4501747930082795,0.0355694130123014,0.0039134183946957,65.4996,66.2786,64.1856,48.1974,72.7946,34.1043,156.7579,0.0,100.0,79.1573,65.4996,51.8418,64261983266.3258,157829316041.0
2024-02-22,75.025,78.575,74.22,78.538,865031740.0,77.2824,1827499.0,0.0137006329065692,0.4779450508091831,0.0355654667626561,0.0045512182823163,64.6841,65.4148,46.8252,43.0913,72.6132,33.6537,142.5297,0.0,100.0,77.9835,64.6841,51.3847,64662579224.4726,156999927671.0
2024-02-21,68.006,68.888,66.248,67.472,690155070.0,68.3511,1617868.0,0.0087995105031713,0.2912560044399359,0.0220942131354646,0.0045512182823163,63.8377,64.5107,33.5813,50.4882,63.2064,33.3602,44.6074,0.0,80.0,76.7318,63.8377,50.9435,63812179227.4714,156134827931.0
2024-02-20,71.947,71.956,67.734,69.452,704774600.0,69.0538,1568243.0,0.0118925042207035,0.4145874493349895,0.0231256697282958,0.0068156114066011,63.3304,64.3072,48.8675,62.8127,67.1986,33.6603,73.8256,0.0,83.3333,76.799,63.3304,49.8619,63862382727.8351,156825126061.0
2024-02-16,74.1,74.402,72.501,72.613,495163120.0,73.4283,898211.0,0.0141068021292587,0.5128338680778364,0.0207733856322846,0.0128297772649598,62.6521,63.9532,69.0159,71.2304,74.4561,33.7687,118.3201,0.0,86.6667,76.8515,62.6521,48.4526,63993599880.0378,157529959161.0
2024-02-15,73.869,73.975,72.4,72.658,420015810.0,73.0294,806554.0,0.0144280627406618,0.5274233219113287,0.0206170981193478,0.0129967901644223,61.8317,63.3567,70.5547,74.3661,74.5669,33.113,126.0744,0.0,90.0,76.474,61.8317,47.1894,64430560817.3024,158025285781.0
2024-02-14,73.202,74.236,71.938,73.9,504917420.0,73.2461,854412.0,0.0145737578521259,0.5342135857830921,0.0204102639606263,0.0129967901644223,60.9955,62.7161,74.1208,79.1205,77.6506,32.4591,137.3054,3.3333,93.3333,75.9341,60.9955,46.057,64713042720.0262,158445407591.0
2024-02-13,70.4,73.45,69.62,72.128,602580150.0,71.967,1062434.0,0.012843463875546,0.4564839869149066,0.0216522163760364,0.0088514655213577,60.1379,61.9456,78.4228,85.6885,76.2988,31.7827,128.7916,6.6667,96.6667,74.9711,60.1379,45.3047,64355777391.5145,157940490171.0
2024-02-12,72.6,74.611,71.25,72.248,613222380.0,72.8812,1078953.0,0.0128988287299364,0.4589071523767216,0.0216171528583177,0.0088514655213577,59.3845,61.2442,84.818,89.0418,76.6021,31.1267,148.5211,10.0,100.0,74.0021,59.3845,44.767,64169182076.1359,158543070321.0
2024-02-09,70.533,72.185,70.212,72.133,436131390.0,71.456,773566.0,0.0129165119845085,0.4596798672521602,0.0216081133698301,0.0088514655213577,58.6271,60.4862,93.8247,91.8584,76.5156,30.1566,146.5212,13.3333,100.0,72.852,58.6271,44.4023,64418427656.5286,157929360141.0
2024-02-08,70.074,70.794,69.455,69.641,406277410.0,70.0962,717943.0,0.0118170740902261,0.4131983197710989,0.0212528351899724,0.0068156114066011,57.87,59.6837,88.4827,91.0009,74.5447,29.2762,140.6571,16.6667,100.0,71.5487,57.87,44.1914,64004806598.5408,157492723251.0
2024-02-07,68.319,70.22,67.6,70.099,495574550.0,69.2666,839834.0,0.0123413668784804,0.4355723940200702,0.0209860034021035,0.0088514655213577,57.1914,58.9978,93.2676,92.0298,75.673,28.4436,145.404,20.0,100.0,70.4837,57.1914,43.8992,64304094261.2518,157907145361.0
2024-02-06,69.63,69.754,66.3,68.223,683010610.0,67.8475,1223705.0,0.0113158991955733,0.3925903245560318,0.0209719546147675,0.0068156114066011,56.4826,58.233,91.2524,84.1911,74.1221,27.6157,143.934,23.3333,100.0,69.2042,56.4826,43.761,63854294154.4197,157411570811.0
2024-02-05,68.225,69.497,67.205,69.332,679845010.0,68.6606,1160226.0,0.0124580908609142,0.4410841595477124,0.0203780918565122,0.0088514655213577,55.8416,57.5448,91.5693,75.6055,76.9245,26.7865,164.9513,26.6667,100.0,68.0626,55.8416,43.6205,63776764548.3022,158094682171.0
2024-02-02,63.974,66.6,63.69,66.16,476527650.0,65.6028,813525.0,0.0098566656465742,0.3337634061769214,0.0206613593090919,0.0068156114066011,55.1343,56.7327,69.7516,67.687,74.2307,25.7604,139.4049,30.0,100.0,66.5848,55.1343,43.6839,63194603529.2708,157414604161.0
2024-02-01,62.1,63.191,61.65,63.027,369145790.0,62.4717,599646.0,0.0078848553487067,0.2586017532999181,0.0195571698798219,0.0045512182823163,54.5825,56.0833,65.4958,69.7846,70.9983,24.8647,113.3006,33.3333,93.3333,65.4365,54.5825,43.7286,62862145580.989,156938026511.0
2024-01-31,61.44,62.269,60.7,61.527,453794870.0,61.5108,701640.0,0.0078815037810327,0.2584782164041725,0.0195543512640288,0.0045512182823163,54.1509,55.6051,67.8135,73.114,69.2108,24.1773,106.7052,36.6667,96.6667,64.6531,54.1509,43.6488,62571572029.224,156568880721.0
2024-01-30,62.9,63.493,62.26,62.774,410709050.0,62.8595,660018.0,0.0089159529406807,0.298324715615305,0.0188679783434541,0.0068156114066011,53.7298,55.1974,76.0444,74.2208,72.8174,23.5407,134.9575,40.0,100.0,64.028,53.7298,43.4316,62546993956.2532,157022675591.0
2024-01-29,61.232,62.489,60.907,62.465,348703480.0,61.8646,565952.0,0.0089326720910165,0.2989727166860754,0.0188646757303832,0.007066398661638,53.2491,54.6756,75.4841,76.4112,72.4738,22.5463,134.7419,43.3333,90.0,63.1545,53.2491,43.3437,62615283280.2597,156611940291.0
2024-01-26,60.96,61.783,60.573,61.031,389742590.0,61.1517,606908.0,0.0084509232942381,0.2806303376209167,0.0186701469612415,0.007066398661638,52.7699,54.1391,71.134,79.8769,70.8191,21.5905,135.1835,0.0,93.3333,62.2283,52.7699,43.3115,62277131326.2015,156263207311.0
2024-01-25,62.35,62.719,60.85,61.617,482551840.0,61.9052,772972.0,0.0095042755491006,0.3214875501318983,0.0185178898418196,0.0088514655213577,52.3242,53.6645,82.6155,87.224,72.5417,20.655,159.5103,0.0,96.6667,61.4393,52.3242,43.209,62371966636.499,156653515901.0
2024-01-24,60.304,62.849,59.938,61.362,560270640.0,61.7176,880162.0,0.0087489891384499,0.2916684208310525,0.0191712017658714,0.0088514655213577,51.8246,53.1168,85.8812,90.2982,72.2579,19.6261,173.7721,3.3333,100.0,60.4813,51.8246,43.1679,62458499670.956,156170739061.0
2024-01-23,59.57,59.91,58.585,59.873,294574450.0,59.4725,506526.0,0.0085709980269418,0.2849386213408877,0.0190450826961779,0.0088514655213577,51.3628,52.5488,93.1751,91.0324,70.5388,18.5617,161.7726,0.0,96.6667,59.3926,51.3628,43.333,62470555778.17,155613670361.0
2024-01-22,60.049,60.331,59.07,59.654,452753830.0,59.7767,746831.0,0.0092493054883969,0.3109904841439033,0.0192200656867597,0.0090311352592592,50.9203,52.0444,91.8381,88.3764,70.2769,17.6896,189.174,0.0,100.0,58.4767,50.9203,43.3639,62192357501.2266,155319015911.0
2024-01-19,57.989,59.5,57.225,59.491,543304230.0,58.5409,807786.0,0.0083970480042761,0.27756302881931,0.0200392172601358,0.0090311352592592,50.4487,51.5202,88.084,86.3175,70.0856,16.6789,199.0739,0.0,100.0,57.5188,50.4487,43.3786,62225763354.1925,154866061281.0
2024-01-18,57.26,57.6,56.107,57.107,491650360.0,57.0793,722052.0,0.0077818942885884,0.2549309045815975,0.0192747122633805,0.0090311352592592,50.0179,50.9712,85.2072,87.2798,67.0909,15.7021,188.9109,0.0,100.0,56.3727,50.0179,43.6631,61686562105.6826,154322559801.0
2024-01-17,56.347,56.4707,54.74,56.053,474394440.0,55.6716,665715.0,0.0062605629058484,0.1987130317405665,0.0201270496386405,0.0088514655213577,49.6313,50.5487,85.6614,89.7875,65.62,14.8634,187.1568,3.3333,96.6667,55.6168,49.6313,43.6458,61519605151.55,153830909441.0
2024-01-16,55.018,56.835,54.9,56.382,449486130.0,56.1219,686939.0,0.0064515058889617,0.2056199099916733,0.0200383692994682,0.0088514655213577,49.3216,50.1697,90.9707,91.4687,66.5171,14.1094,227.1119,6.6667,100.0,54.8951,49.3216,43.7481,61274190152.8091,154305303881.0
2024-01-12,54.62,54.97,54.3301,54.71,352418800.0,54.6709,487143.0,0.0044841791291464,0.1365745651476344,0.0204673898698844,0.007066398661638,49.0011,49.7419,92.7305,92.1579,64.1065,13.2936,216.4996,10.0,96.6667,53.9911,49.0011,44.0111,61035107760.669,153855724151.0
2024-01-11,54.999,55.346,53.56,54.822,596737270.0,54.5998,814181.0,0.0047746352947709,0.1464985923958195,0.0204345032296959,0.0076775810714084,48.782,49.3999,90.7051,88.9166,64.4067,12.65,249.4391,13.3333,100.0,53.3073,48.782,44.2568,60968957316.0634,154208717751.0
2024-01-10,53.616,54.6,53.489,54.35,533749760.0,54.1639,751756.0,0.0041942590227911,0.1267084416557589,0.0205620731865931,0.0060595271111513,48.5486,49.0266,93.0381,79.933,63.7144,11.9842,272.2138,16.6667,100.0,52.4902,48.5486,44.6069,60722368305.8394,153611958981.0
2024-01-09,52.401,54.325,51.69,53.14,772959260.0,53.1155,1005777.0,0.0037603860196584,0.1123694889455209,0.0203012049017353,0.0060595271111513,48.3449,48.6601,83.0066,60.1435,61.8767,11.3802,267.6704,20.0,100.0,51.6479,48.3449,45.0418,60428804661.051,153078163221.0
2024-01-08,49.512,52.275,49.479,52.253,642509900.0,51.3375,946945.0,0.0025513656673092,0.0726966194049334,0.0205566382393278,0.0041243631013144,48.1659,48.3517,63.7544,38.9728,60.4575,10.7872,209.7102,23.3333,100.0,50.9539,48.1659,45.378,60351054560.1401,152305063161.0
2024-01-05,48.462,49.547,48.306,49.097,409571270.0,49.0192,556255.0,-0.000410916043914,-0.0168745512605003,0.0176446317873618,0.0024625781881455,48.0479,48.0833,33.6695,29.067,54.6515,10.4293,65.0148,26.6667,0.0,50.4011,48.0479,45.6947,59718655688.6094,151662553261.0
2024-01-04,47.767,48.5,47.508,47.998,305489390.0,48.0888,454824.0,-0.0014816270639962,-0.0477469696244039,0.0171658859861911,0.0010623874375215,48.076,48.0139,19.4945,36.5216,52.2935,10.4781,-5.9356,30.0,0.0,50.4974,48.076,45.6547,59605777870.4928,151251748711.0
2024-01-03,47.485,48.1841,47.32,47.569,320822670.0,47.6677,493455.0,-0.0010310293042423,-0.0349895298535001,0.0176073394242273,0.0010623874375215,48.1562,48.0156,34.0369,53.76,51.3388,10.7188,-30.3236,33.3333,3.3333,50.7163,48.1562,45.5961,59609485953.8396,150945213821.0
2024-01-02,49.244,49.295,47.595,48.168,411170220.0,48.0662,680131.0,-0.000739116368242,-0.0264321420547171,0.017488032347828,0.0010623874375215,48.2137,48.0469,56.0333,65.3922,52.764,11.0277,9.0214,36.6667,6.6667,50.7951,48.2137,45.6323,59745442542.0088,151266109991.0
2023-12-29,49.813,49.997,48.751,49.522,388693300.0,49.5195,520968.0,0.00057590678862,0.01305543117265,0.0169119889914297,0.0024625781881455,48.2573,48.0391,71.2098,64.8098,56.1715,11.2932,74.1373,40.0,10.0,50.8775,48.2573,45.6371,59879463034.8793,151677364211.0
2023-12-28,49.643,49.884,49.412,49.522,246587480.0,49.6423,371343.0,6.03598255138856e-05,-0.0026128983573281,0.0171556712810057,0.0024625781881455,48.236,47.9374,68.9334,55.7039,56.1715,11.3303,87.4547,43.3333,13.3333,50.8253,48.236,45.6468,59786982443.5471,151677364211.0
2023-12-27,49.511,49.68,49.085,49.417,233647980.0,49.3587,336998.0,0.0006998041183806,0.0164797387847033,0.0175731327614543,0.0041243631013144,48.2403,47.8286,54.2863,42.9965,55.9655,11.2233,74.4818,46.6667,16.6667,50.8385,48.2403,45.6422,59918632646.0624,151430776731.0
2023-12-26,48.968,49.6,48.96,49.279,243147520.0,49.3569,353286.0,0.0008030030150649,0.0196179382552965,0.0175942433751597,0.0056723465515801,48.2136,47.7197,43.8919,39.7402,55.7009,11.1466,70.5355,50.0,20.0,50.7795,48.2136,45.6478,59891710549.6086,151198622421.0
2023-12-22,49.195,49.383,48.467,48.83,252276760.0,48.9789,383376.0,0.0014798130354998,0.0401319377349689,0.0182811729241288,0.0056723465515801,48.182,47.6127,30.8112,45.9135,54.8475,11.0804,49.646,53.3333,23.3333,50.7182,48.182,45.6459,59892473673.1086,150954422901.0
2023-12-21,48.811,49.095,48.419,48.99,300347350.0,48.7442,430620.0,0.0018577845862103,0.051964791956675,0.0182963589775474,0.0062835289613505,48.1193,47.5293,44.5174,63.4177,55.2139,11.0469,48.8332,56.6667,26.6667,50.6821,48.1193,45.5564,59944849529.4405,151206929661.0
2023-12-20,49.655,49.999,48.098,48.111,397894390.0,49.1798,549005.0,0.0016977662052585,0.0470053903787699,0.0181726918787355,0.0062835289613505,48.0386,47.4291,62.412,78.1604,53.5665,11.0584,45.6757,60.0,30.0,50.6397,48.0386,45.4375,59737751581.0677,150906504311.0
2023-12-19,49.424,49.7,48.895,49.604,464444460.0,49.3148,640965.0,0.0028496761417153,0.0843098721980804,0.017189361159962,0.0062835289613505,47.9666,47.3826,83.3238,85.9595,57.0095,11.0702,88.8362,0.0,33.3333,50.674,47.9666,45.2592,60130203964.6816,151304398701.0
2023-12-18,49.4,50.433,49.15,50.077,411087170.0,49.8968,623083.0,0.003717055808647,0.1127941693908967,0.0172035787678999,0.0073719416973784,47.8381,47.23,88.7454,87.9858,58.1542,10.9263,121.0207,0.0,36.6667,50.5897,47.8381,45.0865,59777532896.0605,151767531181.0
2023-12-15,48.194,49.404,48.12,48.89,479133580.0,48.9406,562039.0,0.0040562566099627,0.1238495754753787,0.0176988426836099,0.0073719416973784,47.6689,47.0342,85.8092,84.4461,56.0115,10.7265,65.9442,0.0,40.0,50.4746,47.6689,44.8632,59593906055.6785,151354944011.0
2023-12-14,48.39,48.67,47.422,48.35,391231740.0,48.1291,557230.0,0.0046140755423919,0.1424489839304619,0.0181716121202433,0.0073719416973784,47.4893,46.9068,89.4029,82.8113,54.9982,10.6709,36.3458,0.0,43.3333,50.6309,47.4893,44.3478,59498215572.4386,150874996431.0
2023-12-13,47.629,48.594,47.608,48.088,447791860.0,48.1782,575015.0,0.0056953380101683,0.1793067861492381,0.0191289399107815,0.0085584829857666,47.2884,46.8078,78.1262,76.6871,54.5067,10.7271,39.733,0.0,46.6667,50.9191,47.2884,43.6578,59307615493.9771,150483764691.0
2023-12-12,46.046,47.666,46.046,47.657,372386860.0,47.1444,508848.0,0.0050853337775749,0.1579187511587547,0.0193034258495192,0.0073719416973784,47.0447,46.72,80.9046,70.0026,53.7025,10.7503,6.1314,3.3333,50.0,51.349,47.0447,42.7405,59319423392.9223,150035972831.0
2023-12-11,47.491,47.531,45.83,46.627,509728090.0,46.5326,699983.0,0.0048930265245226,0.1513828454290027,0.0191612736944716,0.0073719416973784,46.8281,46.6559,71.0304,56.8548,51.7316,10.92,-3.7735,6.6667,53.3333,51.6158,46.8281,42.0405,58951174164.7001,149663585971.0
2023-12-08,46.595,47.7409,46.55,47.506,359223700.0,47.3927,516810.0,0.0056536185261315,0.1781500953630015,0.0186639054474239,0.0073719416973784,46.6238,46.6585,58.0728,41.0595,53.6145,11.1171,22.1444,10.0,56.6667,51.9253,46.6238,41.3224,58983238189.1739,150173314061.0
2023-12-07,45.7,46.629,45.604,46.596,350822550.0,46.2735,470830.0,0.0038433581519769,0.1153929624210132,0.0198276932656955,0.0062835289613505,46.3844,46.6006,41.4613,30.2964,51.861,11.1923,-2.1685,13.3333,60.0,52.1359,46.3844,40.6329,58765700991.9996,149814090361.0
2023-12-06,47.2145,47.387,45.412,45.503,380589550.0,46.2359,544947.0,0.0016043896320538,0.042230462605475,0.0211698451543777,0.0051776336662565,46.2237,46.6014,23.6445,21.998,49.6512,11.4457,-3.2337,16.6667,63.3333,52.208,46.2237,40.2395,58437467991.5606,149463267811.0
2023-12-05,45.466,46.6,45.271,46.566,371717620.0,46.1555,546191.0,0.0028989603661257,0.0836532867946482,0.0208207924854033,0.0062835289613505,46.1623,46.6777,25.7836,20.7475,51.8906,11.7079,0.4747,20.0,66.6667,52.2127,46.1623,40.1119,58771361804.2543,149831053801.0
2023-12-04,46.077,46.077,45.01,45.51,437543440.0,45.4364,689957.0,0.003401558768147,0.0996206538284976,0.0214785835089127,0.0062835289613505,46.0425,46.6859,16.5661,17.56,49.7041,12.1066,-11.7325,23.3333,70.0,52.1982,46.0425,39.8868,58418663595.9623,149459336181.0
2023-12-01,46.525,47.2,46.187,46.765,369317010.0,46.7447,537777.0,0.0037307951709759,0.1107812165981805,0.0210846445890614,0.0062835289613505,45.9051,46.7678,19.8927,18.1614,52.4314,12.4413,19.7437,26.6667,73.3333,52.2832,45.9051,39.527,58446138207.4712,149896879621.0
2023-11-30,48.024,48.11,46.422,46.77,526246630.0,46.9674,677681.0,0.003659312100963,0.1083989003697036,0.0211011630920947,0.0062835289613505,45.7497,46.7688,16.2213,15.3988,52.4425,12.7569,31.0178,30.0,76.6667,52.2634,45.7497,39.236,58394003624.6183,150266196631.0
2023-11-29,48.379,48.762,47.86,48.14,382004650.0,48.241,491670.0,0.0032863750087633,0.0956347580681871,0.0217542738770821,0.0062835289613505,45.5972,46.7695,18.3704,16.5785,55.5526,13.0429,59.2078,33.3333,80.0,52.2224,45.5972,38.972,58703267046.988,150792443261.0
2023-11-28,48.236,48.3229,47.473,47.821,401490850.0,47.8173,567433.0,0.0015041959182135,0.0374444082872327,0.0235222056475601,0.0051776336662565,45.4572,46.6758,11.6048,23.0311,54.9512,13.0788,54.478,36.6667,83.3333,52.04,45.4572,38.8744,58848106947.5423,150410438611.0
2023-11-27,47.8,48.53,47.652,48.242,395586300.0,48.1839,551720.0,0.0022599577583036,0.0611733133894987,0.0235455689040908,0.0069847611378072,45.3997,46.5977,19.7604,41.8579,55.9163,13.182,63.4537,40.0,86.6667,51.9292,45.3997,38.8702,58920808961.6793,150811929461.0
2023-11-24,48.47,48.921,47.745,47.776,294644640.0,48.1534,450795.0,0.000881114040787,0.0177015656619445,0.0242665013725463,0.0051776336662565,45.307,46.4851,37.7281,61.1359,55.072,13.2559,66.8065,43.3333,90.0,51.7516,45.307,38.8624,58784715688.5585,150416267561.0
2023-11-22,49.852,50.3349,47.69,48.716,890642330.0,48.8055,1230999.0,0.0016232878208256,0.0408067341793787,0.0239768180511336,0.0051776336662565,45.2793,46.3969,68.0851,75.2907,57.2085,13.3156,86.7168,46.6667,93.3333,51.6885,45.2793,38.8702,59063826342.4361,150710912201.0
2023-11-21,50.126,50.517,49.222,49.944,565725270.0,49.7739,855419.0,0.0031765289137957,0.0905279706537405,0.0237366492818061,0.0069847611378072,45.2157,46.2378,77.5945,76.2735,60.1556,13.3774,114.6891,50.0,96.6667,51.5246,45.2157,38.9067,59265731437.8826,151611554531.0
2023-11-20,49.312,50.548,49.181,50.409,416142600.0,49.9569,661917.0,0.0038705575445015,0.1134450997283149,0.0236682005515236,0.0098347447793402,45.0775,45.983,80.1923,77.5275,61.3117,13.1643,127.789,53.3333,100.0,51.1442,45.0775,39.0108,59200637782.5698,152177301401.0
2023-11-17,49.524,49.717,49.007,49.298,325800910.0,49.369,462813.0,0.0027631531114571,0.0772693501158163,0.0235458364030572,0.0069847611378072,44.9063,45.6787,71.0338,78.5157,59.5146,12.9439,121.1936,56.6667,93.3333,50.644,44.9063,39.1687,58869124655.2068,151761158801.0
2023-11-16,48.679,49.5247,48.33,49.48,339756240.0,48.978,488997.0,0.0036868714904396,0.107232366630863,0.0238170261286112,0.0098347447793402,44.7885,45.4299,81.3565,85.8412,59.9556,12.821,125.2977,60.0,96.6667,50.3024,44.7885,39.2746,58927877900.9533,152087055711.0
2023-11-15,49.935,49.96,48.2,48.888,474997350.0,49.0032,700223.0,0.0037729229960797,0.1100565382257441,0.0238519391625382,0.0098347447793402,44.6288,45.1514,83.1567,87.0819,59.0004,12.7185,134.5248,63.3333,100.0,49.8617,44.6288,39.3959,58613540315.7769,151747299471.0
2023-11-14,49.68,49.834,49.04,49.656,416725870.0,49.5321,605481.0,0.0046898456667637,0.1410713054668286,0.023622335002994,0.0118187934560908,44.4673,44.8946,93.0105,88.2953,60.8199,12.6125,163.3711,66.6667,100.0,49.4594,44.4673,39.4751,58717285192.1405,152222796821.0
2023-11-13,48.32,49.116,48.099,48.62,384133700.0,48.7254,570571.0,0.0030379769857841,0.0857040775311503,0.0241297282455508,0.0098347447793402,44.2627,44.5671,85.0785,86.1038,59.1783,12.3584,151.9522,70.0,100.0,48.8784,44.2627,39.647,58487280248.0967,151805842951.0
2023-11-10,47.5,48.472,47.283,48.335,422441560.0,47.9785,568069.0,0.0038245964029899,0.1111749695395298,0.0245903440243763,0.0118187934560908,44.1348,44.2884,86.7969,89.407,58.7183,12.1805,146.6192,73.3333,100.0,48.4657,44.1348,39.8039,58477841068.6132,151421707251.0
2023-11-09,47.467,48.23,46.75,46.95,540345970.0,47.4962,707471.0,0.0031584538020859,0.0896052356749979,0.0241525858112317,0.0105557525881814,43.9736,44.0102,86.436,92.4012,56.4111,12.0745,134.7023,76.6667,100.0,48.0196,43.9736,39.9277,58152750190.6542,150999265691.0
2023-11-08,46.1,46.867,45.968,46.574,346718940.0,46.4494,470042.0,0.0033767738327961,0.0966845624941137,0.024225515690721,0.0118187934560908,43.845,43.8082,94.9881,95.1595,55.7623,11.9943,112.8066,80.0,36.6667,47.7486,43.845,39.9413,58547166168.7623,150458769721.0
2023-11-07,45.719,46.218,45.1575,45.955,343165470.0,45.891,462231.0,0.0033707861137502,0.0964901815752428,0.0242230423980152,0.0118187934560908,43.7081,43.6183,95.7794,95.1746,54.6889,12.0824,92.1006,83.3333,40.0,47.5076,43.7081,39.9087,58426450898.2173,150112050781.0
2023-11-06,45.2845,45.935,44.899,45.751,400733350.0,45.5043,519537.0,0.0029766278746857,0.0835820188527316,0.0242982190868234,0.0118187934560908,43.5734,43.4579,94.711,88.2668,54.336,12.2592,87.7882,86.6667,43.3333,47.3327,43.5734,39.8141,58253492912.6303,149768885311.0
2023-11-03,44.02,45.309,43.723,45.005,424609590.0,44.6275,575718.0,0.0029143634372461,0.0815909637106468,0.0242656624305895,0.0118187934560908,43.4558,43.3006,95.0333,75.2351,53.0429,12.4795,56.5937,90.0,46.6667,47.157,43.4558,39.7546,57995104999.6959,149368151961.0
2023-11-02,43.328,43.884,42.894,43.506,409144370.0,43.3724,523108.0,0.0022477768504261,0.0606821561791448,0.0236571133426927,0.0118187934560908,43.3426,43.1838,75.0561,52.9866,50.3098,12.7907,5.4746,93.3333,50.0,47.0563,43.3426,39.6289,57733267015.1463,148943542371.0
2023-11-01,40.884,42.381,40.869,42.325,437592900.0,41.7702,574236.0,0.0003533188607532,0.002036033050025,0.0238019577626019,0.0105557525881814,43.2597,43.1623,55.6159,34.7986,48.005,13.1519,-58.4778,96.6667,53.3333,47.0661,43.2597,39.4533,57636553664.0554,148534370501.0
2023-10-31,40.45,40.879,39.23,40.78,517938700.0,40.1835,674041.0,-0.0018907131853045,-0.0629595588235293,0.0233263337887433,0.0069150117967928,43.2568,43.2208,28.2879,22.7294,44.765,13.2965,-128.5158,100.0,56.6667,47.0662,43.2568,39.4475,57231375052.9443,148096777601.0
2023-10-30,41.087,42.282,40.481,41.161,388042130.0,41.0835,496368.0,-0.00192030876724,-0.0637992994586725,0.0233362213907961,0.0069150117967928,43.3481,43.3898,20.4921,28.9389,45.44,13.1946,-102.7878,93.3333,60.0,47.0443,43.3481,39.652,56775600667.4034,148614746301.0
2023-10-27,41.13,41.206,40.015,40.5,416784410.0,40.579,542550.0,-0.0024142277938343,-0.0774487471526192,0.0231005304310456,0.0036422694203884,43.4416,43.5443,19.4081,42.371,44.0245,13.2537,-138.853,96.6667,63.3333,47.0516,43.4416,39.8316,56752953110.5941,148226718161.0
2023-10-26,41.853,42.2556,39.8802,40.326,541001320.0,40.7003,796730.0,-0.003787368980737,-0.1152892652640353,0.0238712083266555,0.0022365607976003,43.5549,43.7549,46.9166,53.4642,43.6525,13.2178,-138.9334,100.0,66.6667,46.9966,43.5549,40.1132,56830290939.8216,147809933751.0
2023-10-25,43.398,43.65,41.555,41.779,398259220.0,42.3943,573160.0,-0.0025577415214656,-0.0814774101352093,0.023183348921074,0.0025401453230753,43.73,43.9921,60.7882,44.9936,46.1269,13.1806,-71.9672,93.3333,70.0,47.0263,43.73,40.4338,57168220895.086,148350935071.0
2023-10-24,43.077,43.697,42.691,43.663,401463370.0,43.2149,515683.0,-0.0006625773923259,-0.0268999331401827,0.0220855727116403,0.0062424471151131,43.8535,44.1454,52.6876,26.6902,49.6549,13.3665,-24.5178,96.6667,73.3333,47.1241,43.8535,40.583,57481409713.864,148749314291.0
2023-10-23,41.229,43.248,40.945,42.975,478512490.0,42.4645,639907.0,-0.0014234702346715,-0.0487626720970386,0.0218904377636194,0.0025401453230753,43.8938,44.1794,21.5049,13.5785,48.2579,13.7256,-74.4797,100.0,76.6667,47.1831,43.8938,40.6045,57107083032.8899,148347850921.0
2023-10-20,41.89,42.47,41.078,41.387,477069860.0,41.6152,607024.0,-0.0029906434327844,-0.0918327042921089,0.0206322834878337,0.0018070013819669,43.9672,44.2633,5.878,15.1551,44.843,14.0245,-116.4803,30.0,80.0,47.2685,43.9672,40.6658,56741999877.4116,147869320431.0
2023-10-19,42.811,43.297,41.882,42.101,500287080.0,42.5616,647573.0,-0.0029075922020009,-0.0895309357496596,0.0205808390292838,0.0018070013819669,44.1066,44.4623,13.3524,24.9751,46.1673,14.2053,-85.5658,33.3333,83.3333,47.3105,44.1066,40.9028,57007376258.6616,148346586481.0
2023-10-18,42.591,43.219,41.825,42.196,627267940.0,42.4139,921177.0,-0.0034133520651416,-0.1033764688383165,0.0207442806610638,0.0018070013819669,44.2446,44.6259,26.2348,38.1972,46.3433,14.5078,-92.4243,36.6667,0.0,47.4458,44.2446,41.0434,57353457332.2729,148847819561.0
2023-10-17,44.0,44.754,42.48,43.938,812180320.0,43.8716,1068735.0,-0.0031100291457249,-0.094880642719026,0.0202734423299062,0.0018070013819669,44.4067,44.7942,35.3381,53.1643,49.7025,14.8081,-33.9312,40.0,0.0,47.6664,44.4067,41.147,57646854684.9845,149475113901.0
2023-10-16,45.063,46.225,44.912,46.095,375099240.0,45.8292,507192.0,-0.0015234078885327,-0.0496831949989194,0.0185847832731829,0.0018070013819669,44.5602,44.854,53.0186,70.7345,54.4245,15.2126,55.006,43.3333,0.0,48.1337,44.5602,40.9868,57417515382.3724,150287446571.0
2023-10-13,46.96,47.116,45.28,45.461,475350990.0,45.997,718280.0,-0.0025596458925014,-0.078819491312132,0.0185600118177421,0.0011536956883421,44.6405,44.7692,71.1361,82.2158,53.1601,15.4573,56.0529,46.6667,3.3333,48.4479,44.6405,40.8331,57116693219.6001,149912347331.0
2023-10-12,46.777,47.609,46.33,46.945,481140000.0,47.078,655682.0,-0.0014443575303108,-0.046991918227184,0.0177691843828125,0.0016753037514029,44.7702,44.7223,88.0488,87.7382,56.7205,15.6465,88.5019,50.0,0.0,48.9276,44.7702,40.6127,57498380534.0119,150387773321.0
2023-10-11,46.196,46.859,46.05,46.806,378136890.0,46.441,515462.0,-0.0012153713025675,-0.0404645308707279,0.017868576850124,0.0016753037514029,44.8473,44.5698,87.4625,86.5442,56.4565,15.6535,66.6576,53.3333,3.3333,49.2416,44.8473,40.453,57516820663.0189,149906448321.0
2023-10-10,45.31,46.259,45.088,45.798,368582080.0,45.8083,511937.0,-0.0005618885464037,-0.022058446675244,0.0190269427565739,0.0016753037514029,44.9131,44.4164,87.7032,83.6827,54.5109,15.7645,30.5989,56.6667,6.6667,49.4778,44.9131,40.3484,57188229521.276,149528311431.0
2023-10-09,44.842,45.605,44.368,45.273,409674720.0,44.9567,549355.0,-0.0003566349899586,-0.0161056971830859,0.0191895107188643,0.0016753037514029,44.9475,44.3219,84.467,75.6636,53.464,15.9648,6.0498,60.0,10.0,49.5534,44.9475,40.3416,57109854681.0369,149159729351.0
2023-10-06,44.193,45.789,44.026,45.762,434391020.0,45.1349,566888.0,-0.0008096944530894,-0.0296230182535792,0.0195844153881548,0.0016753037514029,44.9722,44.2571,78.8777,70.2969,54.5953,16.2673,8.4886,63.3333,0.0,49.5925,44.9722,40.3519,56920086197.1566,149569404071.0
2023-10-05,44.05,44.9,43.888,44.688,393483090.0,44.4551,514684.0,-0.0015775531043627,-0.0514517721298832,0.0190393307078471,0.0012504774239162,45.0188,44.1541,63.646,68.4956,52.4596,16.5803,-19.617,66.6667,3.3333,49.6973,45.0188,40.3402,56498956782.4203,149134968051.0
2023-10-04,43.742,44.143,43.292,44.041,361820860.0,43.797,469045.0,-0.0010103448645411,-0.0355447290910084,0.0197555383602049,0.0012504774239162,45.0995,44.1181,68.3671,75.2172,51.1208,17.034,-44.3003,70.0,6.6667,49.835,45.0995,40.3641,56270332220.2464,148741484961.0
2023-10-03,44.808,45.13,43.246,43.517,470849540.0,44.014,632527.0,-0.0023336444761367,-0.0733770780775497,0.0201623766677145,0.0009007562557663,45.1536,44.1241,73.4736,79.224,50.0188,17.6186,-42.6317,73.3333,10.0,49.876,45.1536,40.4312,55995247344.7351,148379664101.0
2023-10-02,44.03,45.175,43.861,44.782,433298210.0,44.6532,585104.0,0.0014317298436031,0.0343381208332502,0.0249505617194913,0.0012504774239162,45.2685,44.1667,83.8109,76.372,52.7966,18.2233,-23.3338,76.6667,13.3333,49.9926,45.2685,40.5444,56330640169.9368,148850513641.0
2023-09-29,43.827,44.144,43.3069,43.499,397829930.0,43.7037,479625.0,0.0004143427396219,0.0036729208301695,0.0244017514010832,0.0009007562557663,45.2189,44.1251,80.3875,65.3341,50.0785,18.7558,-52.5592,80.0,16.6667,49.9938,45.2189,40.4441,56156529473.681,148417215431.0
2023-09-28,42.46,43.4463,42.115,43.089,424662790.0,42.9396,520382.0,-1.2060800389446237e-05,-0.0090451548633081,0.0243507080859087,-0.0001113538406456,45.2136,44.169,64.9175,48.8447,49.1744,19.3452,-77.6928,83.3333,20.0,49.9965,45.2136,40.4307,56371798496.8027,148019385501.0
2023-09-27,42.33,42.872,41.629,42.468,444935200.0,42.2415,539450.0,-0.000843895669528,-0.0334180789017888,0.0242626457629032,-0.0021517994551546,45.2267,44.2442,50.6973,34.0621,47.79,19.847,-99.1228,86.6667,23.3333,49.9882,45.2267,40.4652,56175086013.6357,147594722711.0
2023-09-26,42.001,42.82,41.655,41.911,402282090.0,42.1458,528195.0,-0.0011444314830724,-0.0420185525507965,0.0241412465902333,-0.0021517994551546,45.2757,44.3675,30.9194,20.0639,46.5271,20.2753,-111.899,0.0,26.6667,49.9517,45.2757,40.5996,56019378918.1256,147149787511.0
2023-09-25,41.591,42.536,41.177,42.222,419090960.0,42.0972,539609.0,0.001465555799426,0.0335476368626221,0.0273472709593402,-0.0001113538406456,45.3369,44.5376,20.5695,14.7485,47.1426,20.7101,-118.7684,3.3333,30.0,49.8808,45.3369,40.793,56244864072.4346,147552069601.0
2023-09-22,41.572,42.115,41.231,41.61,479092310.0,41.7155,603480.0,-0.0002302408303148,-0.0182708151734395,0.028042045123823,-0.0021517994551546,45.2912,44.698,8.7029,18.273,45.7782,21.1162,-127.5321,6.6667,33.3333,49.9849,45.2912,40.5975,56019436926.18,147132978641.0
2023-09-21,41.583,42.1,40.98,41.017,450443960.0,41.4309,673768.0,-0.0008421856961986,-0.0360368876307897,0.0279148712407027,-0.0035889212956169,45.317,44.9117,14.9732,25.521,44.4348,21.4719,-140.9486,10.0,36.6667,49.9372,45.317,40.6969,56087744364.0307,146653742331.0
2023-09-20,43.6,43.903,42.223,42.239,367063690.0,43.1308,505027.0,-0.0014525529366344,-0.054213904958006,0.0287111901580094,-0.0035889212956169,45.3681,45.181,31.143,32.5894,46.7417,21.8376,-95.1368,13.3333,40.0,49.8276,45.3681,40.9087,56508699555.245,147104478291.0
2023-09-19,43.833,43.966,43.002,43.52,373064240.0,43.4554,477287.0,-0.0010236904531536,-0.0416765045981102,0.0283842418501335,-0.0035889212956169,45.4488,45.3847,30.447,34.4705,49.3373,22.3687,-74.0597,16.6667,43.3333,49.7634,45.4488,41.1343,56868814717.8164,147471585981.0
2023-09-18,42.748,44.242,42.0,43.966,500222790.0,43.5806,649342.0,-0.0001360875283033,-0.0158966665808719,0.0285012583752053,-0.0021517994551546,45.5119,45.514,36.1784,37.6127,50.2769,23.0184,-82.3078,20.0,46.6667,49.7661,45.5119,41.2577,56840950998.6463,147844650221.0
2023-09-15,45.341,45.599,43.808,43.9,505852110.0,44.3172,682549.0,-6.264756526969487e-05,-0.0137317459861596,0.0285082259825121,-0.0021517994551546,45.5356,45.6215,36.7861,34.82,50.1411,23.6905,-45.2191,23.3333,50.0,49.7627,45.5356,41.3085,56463851250.6088,147344379431.0
2023-09-14,45.95,45.987,45.131,45.581,370097200.0,45.5761,492419.0,0.0013518970183933,0.0297245071227718,0.0276873296639254,-0.0001113538406456,45.5559,45.741,39.8738,27.1481,53.7568,24.3887,0.2429,26.6667,53.3333,49.7569,45.5559,41.355,56918612071.1393,147851209941.0
2023-09-13,44.6,45.93,44.503,45.485,398287350.0,45.4121,545265.0,-0.0003225154491186,-0.0218920582665972,0.0290749645550728,-0.0021517994551546,45.5121,45.7528,27.8001,19.5894,53.572,24.9188,-8.6338,30.0,56.6667,49.7389,45.5121,41.2852,56899583837.431,147481112741.0
2023-09-12,44.738,45.673,44.531,44.87,349249340.0,45.1759,493917.0,-0.0009377507719765,-0.0397009614241056,0.0289666788732294,-0.0035889212956169,45.546,45.7721,13.7705,15.532,52.3937,25.4743,-20.9811,33.3333,60.0,49.7874,45.546,41.3046,56749677164.0252,147082757391.0
2023-09-11,46.148,46.163,44.312,45.178,473917550.0,44.9381,735215.0,-0.0007254747828981,-0.0335435304298992,0.0289461397614238,-0.0021517994551546,45.6078,45.8351,17.1975,21.9242,53.0454,26.08,-15.5789,36.6667,63.3333,49.8614,45.6078,41.3543,56891581666.442,147432013731.0
2023-09-08,45.942,46.606,45.271,45.572,473899940.0,45.7668,601877.0,0.0001799978215708,-0.0070615808092947,0.0291086331660756,-0.000737940031223,45.6601,45.8812,15.6282,32.5528,53.8741,26.7067,5.503,40.0,66.6667,49.9292,45.6601,41.391,56922052709.3648,147905979281.0
2023-09-07,45.525,46.344,45.152,46.241,433329890.0,45.8289,669044.0,0.0009908055603754,0.0174454436157587,0.029027994934213,0.0001773883296148,45.6709,45.9033,32.947,51.9556,55.2919,27.2219,8.4207,43.3333,70.0,49.9406,45.6709,41.4012,57182253949.8292,148379879221.0
2023-09-06,48.441,48.549,46.58,47.061,468631770.0,47.1461,706781.0,0.0014059633379909,0.0303421703627486,0.0288501742219432,0.0001773883296148,45.6445,45.8808,49.0833,67.8484,57.0715,27.7839,65.0834,46.6667,73.3333,49.9098,45.6445,41.3792,56823811607.9332,148813209111.0
2023-09-05,48.223,48.8508,47.86,48.548,382652580.0,48.4553,546913.0,0.0032214439739336,0.0882273827669677,0.0284937781114681,0.0009007562557663,45.5983,45.8002,73.8364,78.4273,60.474,28.1631,109.1831,50.0,76.6667,49.8317,45.5983,41.3649,57063501936.5213,149281878681.0
2023-09-01,49.762,49.8,48.1416,48.509,463726800.0,48.6793,690802.0,0.003422589484616,0.0947888690785168,0.0284973014650067,0.0014223643188271,45.4671,45.6118,80.6255,74.928,60.414,28.3627,134.3787,53.3333,80.0,49.5707,45.4671,41.3636,56914740875.0764,148899226101.0
2023-08-31,49.38,49.744,48.958,49.355,528569770.0,49.4372,649592.0,0.0031071704768974,0.0842486818980661,0.0287741854118855,0.0014223643188271,45.3272,45.4131,80.8201,63.4263,62.4002,28.5257,171.191,56.6667,83.3333,49.2925,45.3272,41.3619,57173058328.6944,149363056401.0
2023-08-30,49.044,49.927,48.425,49.264,734897980.0,49.3092,922411.0,0.001943148276349,0.0464558064447602,0.0294988223142105,0.0002741700651889,45.1994,45.1424,63.3383,50.9154,62.2712,28.5675,183.4315,60.0,86.6667,48.8759,45.1994,41.5229,57167678483.7071,148834486631.0
2023-08-29,46.666,49.081,46.391,48.784,701396990.0,48.3425,886677.0,0.0013225033430427,0.0271613256411331,0.0295220243061398,-0.000737940031223,45.1265,44.8593,46.1206,49.4972,61.5996,28.6107,141.2187,63.3333,90.0,48.5577,45.1265,41.6954,57081529181.1239,148099280651.0
2023-08-28,46.482,46.98,44.888,46.835,684997430.0,46.1487,908306.0,0.0006764874747943,0.0080497621661175,0.0288373812273651,-0.000737940031223,45.0835,44.5897,43.2874,57.3393,58.715,28.7298,54.5115,66.6667,93.3333,48.36,45.0835,41.8071,56535013737.9177,147397883661.0
2023-08-25,47.012,47.805,45.024,46.018,925311520.0,46.0943,1289231.0,0.0008119254679953,0.0120741604169871,0.0289266725208263,-0.000737940031223,45.0711,44.436,59.0835,69.9307,57.4189,29.0508,57.3741,70.0,96.6667,48.3238,45.0711,41.8184,55944805134.4474,146712691431.0
2023-08-24,50.216,50.266,47.159,47.163,1155887340.0,48.3883,1721414.0,0.0012528755649809,0.0257955064488759,0.0286402632947258,-0.000737940031223,45.0528,44.3279,69.6472,74.6664,59.9695,29.3631,153.0873,73.3333,100.0,48.2904,45.0528,41.8151,56208665268.3416,147638031951.0
2023-08-23,45.866,47.2,45.208,47.116,778565080.0,47.4753,1210341.0,0.002795103016353,0.0732085098628765,0.0298069220853404,-0.000737940031223,45.0133,44.1335,81.0615,75.8553,59.8988,29.3595,78.107,76.6667,96.6667,48.1758,45.0133,41.8507,57361732740.1505,146481987861.0
2023-08-22,48.135,48.187,45.3331,45.668,755958210.0,46.2698,1075656.0,0.0029149475932756,0.0769484730574219,0.0299299017050761,-0.000737940031223,44.9062,43.9289,73.2906,69.4465,57.673,29.6552,77.3502,80.0,100.0,47.9955,44.9062,41.8168,56648389341.5962,145702941781.0
2023-08-21,44.494,47.065,44.222,46.967,692558370.0,45.7943,906839.0,0.004014680885629,0.1134898055950688,0.029387556001598,0.0016287089432691,44.7974,43.81,73.2138,67.0648,60.5894,29.9407,66.1021,83.3333,13.3333,48.0015,44.7974,41.5934,57227882530.6116,146460148691.0
2023-08-18,42.635,43.578,41.66,43.299,583742610.0,42.7061,724999.0,0.0009375896725913,0.0187280897818975,0.0253294455347738,-0.000737940031223,44.6379,43.5934,61.8351,65.6673,54.2785,30.3557,-91.9576,86.6667,16.6667,47.8735,44.6379,41.4023,56583056040.8508,145767575321.0
2023-08-17,43.97,44.062,43.001,43.3435,452355320.0,43.5102,557770.0,0.0012884961010557,0.0294634586609032,0.0253726857894061,0.0016287089432691,44.6114,43.6147,66.1455,61.4356,54.3806,31.2181,-60.0127,90.0,20.0,47.9035,44.6114,41.3193,56169117417.1465,146351343191.0
2023-08-16,44.52,44.675,43.406,43.486,513950680.0,43.9366,666112.0,0.0012291576825851,0.0276248316279508,0.0253853718371197,0.0016287089432691,44.5701,43.6344,69.0212,49.2467,54.6992,31.8912,-36.5398,93.3333,23.3333,47.9553,44.5701,41.1848,56329438295.8647,146803738011.0
2023-08-15,44.56,45.268,43.71,43.94,676051510.0,44.3807,881673.0,0.0014981181599206,0.0360031122533186,0.0253040672781498,0.0016287089432691,44.5311,43.6456,49.1401,29.6736,55.7042,32.5185,-12.4087,96.6667,26.6667,47.9921,44.5311,41.0701,56790386132.0506,147331188691.0
2023-08-14,40.486,43.8,40.311,43.753,690175430.0,42.6908,870254.0,0.0014431180522199,0.0343009786771308,0.0252997667848917,0.0010873957742608,44.4802,43.6263,29.5788,22.0222,55.3778,33.1158,-83.6941,100.0,30.0,48.0193,44.4802,40.9411,57267157401.6142,146654677181.0
2023-08-11,41.751,42.018,40.639,40.855,533028060.0,41.1828,721161.0,0.0002871570631109,0.0008083876341189,0.0227633985932283,0.0010873957742608,44.4319,43.6186,10.3019,25.6962,49.8399,33.9252,-145.2612,0.0,33.3333,48.049,44.4319,40.8148,56595469126.2201,145964391351.0
2023-08-10,42.16,43.574,41.835,42.388,492630300.0,42.6163,646072.0,0.0012535319981932,0.030911788311404,0.021789910896165,0.0010873957742608,44.4308,43.8102,26.1857,38.3038,53.2171,35.0221,-82.2973,0.0,36.6667,48.0523,44.4308,40.8093,56961554507.8154,146497476611.0
2023-08-09,44.274,44.312,42.134,42.554,586202570.0,42.9772,801122.0,0.0007793981842757,0.0161906581335364,0.0220501089734614,0.0010873957742608,44.3884,43.9092,40.6008,43.181,53.5973,35.9556,-60.4174,0.0,40.0,48.1328,44.3884,40.6441,57140900370.3226,146990181911.0
2023-08-08,44.853,45.242,44.056,44.664,353843430.0,44.618,502467.0,0.0033746611645977,0.09923213230951,0.020791326059964,0.0031653025784924,44.3658,44.0037,48.1248,39.2792,58.7545,36.8693,10.5628,0.0,43.3333,48.1623,44.3658,40.5693,57501170735.6394,147576630981.0
2023-08-07,45.111,45.54,44.5635,45.4165,322153540.0,45.1157,441347.0,0.0026815667656405,0.0759909024141769,0.0217682280348771,0.0031653025784924,44.2315,43.9592,40.8173,36.5739,60.7704,37.4549,33.6224,3.3333,46.6667,48.2568,44.2315,40.2062,57492223135.3513,147930474411.0
2023-08-04,44.985,45.642,44.393,44.68,362666180.0,45.0115,504074.0,0.0014999133318611,0.0384660081348047,0.021948336557324,0.0010873957742608,44.1246,43.8597,28.8956,41.3907,59.4542,37.9577,26.4147,6.6667,50.0,48.19,44.1246,40.0591,57251552288.8949,147608320871.0
2023-08-03,43.8,45.118,43.8,44.515,325044600.0,44.6257,460736.0,0.0013608718056666,0.0341503078173999,0.0219471290815974,-0.0004569139496472,44.0694,43.8042,40.0088,56.7114,59.1574,38.4779,13.1121,10.0,53.3333,48.1489,44.0694,39.9899,57447548823.3225,147245654691.0
2023-08-02,45.831,45.84,43.387,44.269,530117460.0,44.4401,806783.0,0.0005950769337241,0.0105231921110298,0.022186857321915,-0.0013640434986416,44.0205,43.7562,55.2678,66.9449,58.722,39.0815,15.5119,13.3333,56.6667,48.1134,44.0205,39.9275,57419924711.6381,146920578091.0
2023-08-01,46.4595,46.9,46.027,46.507,239243970.0,46.4957,381049.0,0.0030704941690611,0.0893610044036348,0.0207067749107211,-0.0004569139496472,44.0051,43.7218,74.8575,68.8062,64.797,39.706,86.8034,16.6667,60.0,48.0978,44.0051,39.9123,57568831169.7424,147450719661.0
2023-07-31,46.754,47.13,46.506,46.729,251055280.0,46.7544,388051.0,0.0032593325866937,0.0955618596581708,0.0206603665297018,0.0002325787592474,43.878,43.5308,70.7093,59.9829,65.4462,39.8047,105.438,20.0,63.3333,47.89,43.878,39.8659,57544985798.1617,147689995631.0
2023-07-28,46.668,47.027,46.381,46.75,331130540.0,46.7053,449390.0,0.0030076205761099,0.0872851594297279,0.0207498221101796,0.0002248626705627,43.7421,43.3113,60.8518,48.0306,65.5062,39.7957,113.0441,23.3333,66.6667,47.6352,43.7421,39.8491,57616606097.1934,147941050911.0
2023-07-27,46.519,47.395,45.75,45.9,455852020.0,46.6612,642024.0,0.0039951665541487,0.1189118034225535,0.0221240306469046,0.0002248626705627,43.6171,43.0753,48.3877,34.827,64.2225,39.7966,110.0099,0.0,70.0,47.3556,43.6171,39.8786,57569439115.6454,147609856671.0
2023-07-26,46.021,46.053,44.63,45.452,364237260.0,45.3175,507434.0,0.0049667853637687,0.1512081454840177,0.0229834733433641,0.0002248626705627,43.4545,42.8815,34.8525,22.6457,63.531,39.7975,80.6685,0.0,73.3333,47.2085,43.4545,39.7006,57942258005.8582,147153881151.0
2023-07-25,44.941,46.1825,44.923,45.679,348080910.0,45.7727,487298.0,0.0057445912233811,0.1782047975238576,0.0230288424078559,0.0017691723944708,43.2556,42.7053,21.2409,21.3152,64.1382,39.9308,96.9057,0.0,76.6667,47.1962,43.2556,39.315,57885689886.069,147518118411.0
2023-07-24,44.731,45.109,44.04,44.612,383103390.0,44.6314,496277.0,0.0051723966053486,0.15845235003895,0.022782135278482,0.0017691723944708,43.0254,42.5012,11.8438,33.7785,62.5102,40.0047,65.0352,0.0,80.0,47.1777,43.0254,38.8731,57815907885.4537,147170037501.0
2023-07-21,45.788,45.866,44.1,44.309,963768630.0,44.6069,742182.0,0.0058650656864882,0.1823615743829214,0.0231354166984337,0.0017691723944708,42.8221,42.3567,30.8609,55.7948,62.0371,40.19,78.3874,0.0,83.3333,47.2358,42.8221,38.4083,57789029980.4022,146786937761.0
2023-07-20,46.507,47.087,45.062,45.52,537797910.0,45.938,767370.0,0.0057385924105477,0.1777528510840758,0.0233221833234923,0.0017691723944708,42.5943,42.2231,58.6307,70.0766,65.2166,40.369,129.1558,3.3333,86.6667,47.3708,42.5943,37.8179,58524681233.6525,147750706391.0
2023-07-19,47.464,47.818,46.742,47.077,427501790.0,47.1594,639866.0,0.006401090265018,0.2019612697300992,0.0224772465065945,0.0017691723944708,42.3654,41.9968,77.8928,75.9057,69.6535,40.347,189.9747,6.6667,90.0,47.2196,42.3654,37.5112,58819245056.6599,148288570901.0
2023-07-18,46.701,47.896,45.734,47.494,570073420.0,46.9006,752333.0,0.0065615341323789,0.2077979354202159,0.0223853007919928,0.0017691723944708,42.1018,41.6475,73.7063,78.1748,70.9024,39.9296,197.8766,10.0,93.3333,46.7624,42.1018,37.4412,58980551494.1506,148716072691.0
2023-07-17,46.289,46.496,45.2624,46.461,510382620.0,45.9012,677693.0,0.0054491091017529,0.1683670894165803,0.0224080490737705,0.0002248626705627,41.8295,41.2454,76.1179,81.5468,69.597,39.4977,174.1484,13.3333,96.6667,46.1435,41.8295,37.5156,58622397991.0058,148145882271.0
2023-07-14,46.5828,48.088,45.06,45.469,771610980.0,46.6484,1061060.0,0.0064275705118604,0.2019308892048099,0.0237047611120901,0.0002248626705627,41.6064,40.8868,84.7004,78.4035,68.2759,39.1616,192.3426,16.6667,100.0,45.6246,41.6064,37.5883,58140877398.3374,147635394051.0
2023-07-13,44.518,46.155,44.492,45.977,477883890.0,45.1937,678697.0,0.0049036215949354,0.1463665200316619,0.0261253267529242,0.0002248626705627,41.3519,40.5718,83.8222,68.3119,69.7769,38.8139,178.8699,20.0,100.0,45.3302,41.3519,37.3736,58704380198.6346,148407469381.0
2023-07-12,43.033,43.935,42.7773,43.902,481277020.0,43.5979,632871.0,0.0043252499827502,0.1273734402506721,0.0253620404734443,0.0002248626705627,41.1563,40.2001,66.6879,58.6942,66.9041,38.6211,107.7286,23.3333,50.0,44.769,41.1563,37.5436,58328546029.7651,147929265691.0
2023-07-11,42.481,42.758,42.067,42.405,296815060.0,42.3753,410728.0,0.003996316597037,0.1166278624928465,0.025019831144387,0.0002248626705627,40.991,39.9458,54.4254,57.3448,64.5544,38.6488,62.5075,0.0,53.3333,44.542,40.991,37.44,57874705940.3873,147447988671.0
2023-07-10,42.657,42.811,41.649,42.18,353794110.0,42.1307,501330.0,0.0119417198181278,0.3813773725020508,0.0497795824832199,0.0002248626705627,40.8434,39.7772,54.9694,62.1124,64.185,38.8159,57.4538,0.0,56.6667,44.5154,40.8434,37.1714,57881180124.0342,147149744611.0
2023-07-07,42.322,43.214,42.18,42.503,355851470.0,42.7642,465971.0,0.0120321051348125,0.3851517426285575,0.0497464699829547,0.0002248626705627,40.4554,39.6124,62.6395,69.4024,65.127,38.9888,75.1765,3.3333,60.0,45.6366,40.4554,35.2741,57911636932.1237,147503652721.0
2023-07-06,41.844,42.179,41.346,42.103,304138790.0,41.8158,448028.0,0.0111936525643516,0.3506381185095939,0.049993435551497,-0.0013640434986416,40.0616,39.4141,68.7282,69.5797,64.5033,39.0385,54.0149,6.6667,63.3333,46.2607,40.0616,33.8624,58045178528.2166,147147771251.0
2023-07-05,42.135,43.177,42.085,42.317,323617560.0,42.6645,468057.0,0.0112683969065521,0.3536820888098035,0.0499707545870502,-0.0013640434986416,39.6973,39.2296,76.8396,62.2138,65.1054,39.2098,75.431,10.0,66.6667,46.619,39.6973,32.7756,57796536852.3582,147451910041.0
2023-07-03,42.517,42.898,42.202,42.413,198209190.0,42.5106,323138.0,0.0109082119091255,0.3390216260932159,0.0501057533546538,-0.0016396845176306,39.3289,39.0176,63.1712,48.5739,65.3701,39.2022,78.3203,13.3333,70.0,46.8106,39.3289,31.8472,57982646584.6659,147775527601.0
2023-06-30,41.68,42.55,41.501,42.302,501124950.0,42.2186,630368.0,0.0124775817012485,0.4018992386335187,0.0505569898920168,-0.0016396845176306,38.9711,38.7845,46.6305,38.0484,65.212,39.2252,72.1381,0.0,73.3333,46.8477,38.9711,31.0945,58060677214.0625,147577318411.0
2023-06-29,41.558,41.6,40.6,40.822,380514300.0,40.9724,496354.0,0.0123701909701203,0.3975407267826307,0.0505097687288936,-0.0016396845176306,38.567,38.5429,35.92,30.73,63.038,39.2876,50.9294,0.0,76.6667,46.9492,38.567,30.1848,57796487790.0873,147076170661.0
2023-06-28,40.66,41.845,40.518,41.117,582637900.0,41.1771,793329.0,0.0129086816069746,0.4202807563692685,0.0503844867428341,0.0002248626705627,38.18,38.3866,31.5948,26.865,63.8063,39.4609,55.8845,0.0,80.0,47.1628,38.18,29.1972,58008053740.8873,147456684961.0
2023-06-27,40.799,41.94,40.448,41.876,462232560.0,41.2473,609804.0,0.0142338531055633,0.4777865121089901,0.0500726778528999,0.003832924249064,37.7746,38.1993,24.6751,30.9792,65.8009,39.6402,61.6935,0.0,83.3333,47.276,37.7746,28.2732,58064693127.3454,148039324231.0
2023-06-26,42.461,42.764,40.1,40.632,594321920.0,41.1369,799358.0,0.0129357081860812,0.4219447467042556,0.0501359133718232,0.0002248626705627,37.3235,37.9467,24.3251,46.9439,64.0189,39.8256,59.2463,3.3333,86.6667,47.2801,37.3235,27.3668,57642168803.753,147577149531.0
2023-06-23,42.464,42.809,42.015,42.209,358107340.0,42.3914,504325.0,0.0138268197292309,0.4614334532409403,0.0494671297031266,0.0002248626705627,36.9217,37.7624,43.9374,66.3984,68.3857,40.0174,78.4097,6.6667,90.0,47.2788,36.9217,26.5646,57999118905.855,148171471451.0
2023-06-22,42.253,43.4255,42.234,43.025,417507330.0,42.9671,542373.0,0.0148253491445148,0.5060583246974193,0.0490960595527406,0.003832924249064,36.4776,37.4567,72.5691,80.8731,70.8013,39.7653,88.8405,10.0,93.3333,47.0328,36.4776,25.9224,58182248345.452,148529611291.0
2023-06-21,43.501,43.615,42.08,43.045,551602910.0,42.8658,738161.0,0.0141776234292705,0.476779339634539,0.0494206171397554,0.003832924249064,35.9959,37.0737,82.6887,86.2736,70.8607,39.4491,92.9474,13.3333,96.6667,46.6333,35.9959,25.3584,58045339854.9652,148947348721.0
2023-06-20,42.998,43.99,42.674,43.808,451139110.0,43.2741,631515.0,0.0153056069057924,0.5276386321704005,0.049071572522091,0.0078657821342325,35.5328,36.6629,87.3614,90.307,73.1193,39.1221,105.5257,0.0,100.0,46.1143,35.5328,24.9512,57903396435.1281,149498951631.0
2023-06-16,43.45,43.721,42.6605,42.692,655697410.0,43.2029,735549.0,0.0157863524115556,0.5491095294693478,0.0492457051247686,0.0078657821342325,35.0286,36.1711,88.7706,93.199,71.8507,38.6382,105.9079,0.0,100.0,45.4276,35.0286,24.6296,57577030355.5536,149047798521.0
2023-06-15,42.602,43.289,42.147,42.653,568490040.0,42.7834,762864.0,0.0154681248161072,0.5343339575735198,0.0493714657288842,0.0078657821342325,34.5243,35.7224,94.789,91.1876,71.8058,38.1579,108.7853,3.3333,100.0,44.8577,34.5243,24.191,58193786731.2962,148392089111.0
2023-06-14,40.824,43.0,40.552,42.997,740465020.0,41.9726,1012970.0,0.0152527115421084,0.5243385113885444,0.0494873543784553,0.0078657821342325,34.0293,35.2454,96.0373,80.3772,72.7969,37.6936,110.4113,6.6667,100.0,44.1815,34.0293,23.8772,58258516035.3242,148960711151.0
2023-06-13,40.186,41.101,39.74,41.022,613208160.0,40.5323,853507.0,0.0128407791114345,0.4191068349728832,0.0495886671029028,0.0019683770608705,33.5365,34.7118,82.7363,59.5412,70.5401,37.235,98.4646,10.0,66.6667,43.3315,33.5365,23.7416,57519865880.5693,148220246131.0
2023-06-12,39.2,39.53,38.618,39.482,389673350.0,39.0519,533506.0,0.0129352534216509,0.4229779171435084,0.0496410964515679,0.0019683770608705,33.1328,34.2776,62.3579,39.9195,68.5749,36.9132,87.1676,0.0,70.0,42.6573,33.1328,23.6084,56977845736.2049,147607037971.0
2023-06-09,39.037,39.711,38.567,38.77,426717470.0,39.0755,586699.0,0.0129634155580845,0.4241584597621264,0.0496444082194607,0.0019683770608705,32.7417,33.9195,33.5293,26.6483,67.6093,36.7236,92.3431,0.0,73.3333,42.1563,32.7417,23.3272,56629182537.7778,147217364621.0
2023-06-08,37.724,38.864,37.505,38.51,417772400.0,38.3536,595408.0,0.0130722432173479,0.4287769132530459,0.049634248960032,0.0030826660764325,32.357,33.5859,23.8712,27.0651,67.2541,36.5274,90.6043,3.3333,76.6667,41.6999,32.357,23.014,56905105171.3967,146789647151.0
2023-06-07,38.915,39.499,37.356,37.475,511628290.0,38.3628,697455.0,0.0130598773820719,0.4282611180976332,0.0496306694823684,0.0030826660764325,31.9719,33.2472,22.5442,33.8179,65.8114,36.4056,97.3445,0.0,80.0,41.2227,31.9719,22.7211,56704980202.7433,146371874751.0
2023-06-06,38.83,39.16,38.148,38.654,388729140.0,38.7135,538129.0,0.0130857873410917,0.4294061090156049,0.0496081731555517,0.0030826660764325,31.5974,32.9565,34.7798,44.7238,69.1546,36.2795,117.7283,3.3333,83.3333,40.8383,31.5974,22.3566,57160115984.5678,146883872641.0
2023-06-05,38.909,39.565,38.707,39.171,395736510.0,39.0982,554607.0,0.0134310940745029,0.4444116670968692,0.0494598463306287,0.0030826660764325,31.2105,32.5648,44.1296,56.4895,70.6818,35.9715,142.4834,6.6667,86.6667,40.2088,31.2105,22.2123,57160115984.5678,147272601781.0
2023-06-02,40.097,40.5,39.058,39.327,482584210.0,39.5584,696884.0,0.0135817662163773,0.4509666469893734,0.0494134801629521,0.0047667474993364,30.809,32.1104,55.2621,69.0677,71.1401,35.5233,171.6601,10.0,90.0,39.4204,30.809,22.1975,57127815617.581,147668695591.0
2023-06-01,38.489,40.05,38.34,39.77,635870950.0,39.3141,902290.0,0.0129661119165637,0.4238659553900683,0.049830942707601,0.0047667474993364,30.4017,31.6138,70.0767,79.9709,72.4291,34.9778,194.3738,13.3333,93.3333,38.5073,30.4017,22.2961,57430448674.0877,148151426801.0
2023-05-31,39.488,40.295,37.822,37.834,1002580200.0,38.5756,1111105.0,0.0115784835576551,0.3674775002710813,0.0493247869263696,0.0047667474993364,30.0073,31.0526,81.8643,80.5205,70.1437,34.4473,212.4408,16.6667,96.6667,37.3722,30.0073,22.6423,57002814818.8246,147515553851.0
2023-05-30,40.595,41.938,39.949,40.111,923358100.0,40.6589,1318463.0,0.0142916594115802,0.4854825568476404,0.0477026602535933,0.0092610624299953,29.6685,30.586,87.9717,72.472,77.4421,33.8985,312.6844,20.0,100.0,36.4794,29.6685,22.8576,57991948202.4436,148514380661.0
2023-05-26,37.89,39.17,37.55,38.946,713860760.0,38.5311,960826.0,0.0135985112466436,0.455489946931759,0.0476216428697064,0.0090494196843224,29.2318,29.9304,71.7255,61.6925,76.2183,32.8238,334.2169,0.0,96.6667,34.8967,29.2318,23.5668,58764931023.7106,147590979561.0
2023-05-25,38.523,39.48,36.635,37.98,1543833770.0,38.3018,2225510.0,0.0131222846107356,0.4352114272758189,0.0475723098428053,0.0090494196843224,28.8257,29.3098,57.7188,61.7124,75.1371,31.8811,420.0029,3.3333,100.0,33.2662,28.8257,24.3851,58248095836.8464,146876582801.0
2023-05-24,30.21,30.607,29.806,30.538,721418510.0,32.1595,1002242.0,0.0049588128329125,0.152594829213059,0.0207648819778488,0.0047667474993364,28.4419,28.713,55.6332,71.2426,62.4103,30.9058,111.8357,6.6667,86.6667,31.3997,28.4419,25.4842,58332210477.9185,145332672131.0
2023-05-23,31.0,31.288,30.631,30.688,356201260.0,30.9068,463665.0,0.0042948201274874,0.129522617689278,0.0213785481970683,0.0047667474993364,28.3072,28.5881,71.785,83.7777,63.039,30.892,152.6763,10.0,90.0,31.2413,28.3072,25.3731,57735081299.2294,146054090641.0
2023-05-22,30.901,31.52,30.68,31.176,370133670.0,31.2091,461564.0,0.0043210428814408,0.1304253236157944,0.0213545331796898,0.0047667474993364,28.19,28.4442,86.3096,88.6315,65.1015,30.5624,185.0835,13.3333,93.3333,31.0154,28.19,25.3645,58029518925.0741,146410343901.0
2023-05-19,31.536,31.58,30.916,31.264,473907170.0,31.2532,568070.0,0.0050830876081239,0.1563413100565895,0.0214937472353852,0.0090494196843224,28.0701,28.2567,93.2386,87.4182,65.4749,30.202,218.8422,16.6667,96.6667,30.6777,28.0701,25.4625,57962204699.0741,146782343571.0
2023-05-18,30.41,31.828,30.32,31.678,748648210.0,31.3413,858947.0,0.0057121663551798,0.1784531825452919,0.0212277987208353,0.0090494196843224,27.9293,28.0503,86.3462,75.6751,67.2286,29.7366,255.6217,20.0,100.0,30.2782,27.9293,25.5804,57939365776.1825,147256251221.0
2023-05-17,29.584,30.199,29.43,30.178,432534910.0,29.8855,527650.0,0.0033608099176889,0.0992605544020683,0.0201015128284437,0.0073917133398613,27.7695,27.801,82.6699,65.4409,63.8361,29.2551,188.4223,23.3333,100.0,29.6944,27.7695,25.8445,57339591364.9889,146507526211.0
2023-05-16,28.841,29.87,28.832,29.213,449404940.0,29.4269,540152.0,0.001649415295609,0.0446272125871631,0.0196836384639891,0.0031783896894033,27.6787,27.638,58.0092,56.2184,61.3477,29.0289,157.5932,26.6667,100.0,29.388,27.6787,25.9693,56930679782.633,146074990801.0
2023-05-15,28.5085,28.969,28.152,28.953,293464990.0,28.6735,356291.0,0.0015756859075927,0.0423371854411929,0.0196601703527288,0.0031783896894033,27.6371,27.5303,55.6437,59.9028,60.6424,28.8572,113.1188,30.0,83.3333,29.2546,27.6371,26.0196,57050174737.7775,145625585861.0
2023-05-12,28.529,28.78,28.046,28.34,274063350.0,28.3289,363082.0,0.0013342953926229,0.0349486907935578,0.0194558517963616,0.0031783896894033,27.5979,27.4331,55.0024,68.7791,58.9345,28.8625,91.2713,33.3333,86.6667,29.1426,27.5979,26.0532,56767761264.1545,145331659991.0
2023-05-11,28.896,28.95,28.246,28.578,321589030.0,28.5599,403949.0,0.0021047828830399,0.0590720426919653,0.0195155466642221,0.0062857725196172,27.566,27.3714,69.0623,77.4368,59.9102,28.9088,122.5776,36.6667,90.0,29.0885,27.566,26.0436,56822306834.318,145605882241.0
2023-05-10,29.005,29.113,28.4613,28.885,369340480.0,28.8543,445394.0,0.0031835343967383,0.0937145020825451,0.0196756758624966,0.0079434788640784,27.5129,27.289,82.2727,76.6817,61.1731,28.8808,160.8012,0.0,93.3333,29.003,27.5129,26.0228,56840610756.477,145928031271.0
2023-05-09,28.899,28.973,28.45,28.571,314869460.0,28.6304,373192.0,0.0026651721491777,0.0768911838980814,0.0196680242729004,0.0062857725196172,27.4304,27.1799,80.9754,66.1734,60.3467,28.7701,156.7385,3.3333,96.6667,28.8839,27.4304,25.977,56729690149.3366,145558681291.0
2023-05-08,28.522,29.22,28.35,29.151,344978900.0,28.8579,402862.0,0.0030196859294437,0.0885768699353972,0.0193514630420491,0.0062857725196172,27.3625,27.0848,66.797,54.5358,62.7308,28.6828,204.4008,6.6667,100.0,28.789,27.3625,25.9359,56898864754.0402,145873550751.0
2023-05-05,27.8255,28.755,27.731,28.68,361479080.0,28.4083,448027.0,0.001967197045472,0.0547607664300688,0.0194522633832072,0.0031783896894033,27.2834,26.9432,50.7477,55.4105,61.5379,28.5924,157.7245,10.0,86.6667,28.5629,27.2834,26.004,56608606645.0747,145528571851.0
2023-05-04,27.651,27.859,27.24,27.562,321848060.0,27.571,399679.0,0.0015256273826867,0.0413329303309659,0.0187072051752122,0.0031783896894033,27.2338,26.8243,46.0628,67.3066,58.4895,28.5877,51.1568,13.3333,90.0,28.4057,27.2338,26.062,56300065799.4497,145167077771.0
2023-05-03,27.84,28.367,27.472,27.802,383387400.0,27.9082,460852.0,0.0021556287143,0.0611855414328792,0.0186727191710085,0.0062857725196172,27.1974,26.7742,69.4209,82.2849,59.4676,28.7669,104.3065,0.0,93.3333,28.3954,27.1974,25.9994,56287066994.5224,145488928181.0
2023-05-02,28.68,28.836,28.083,28.21,401220570.0,28.355,486629.0,0.0030225406457281,0.0891891891891889,0.0184838116851663,0.0079434788640784,27.144,26.7042,86.436,83.4479,61.1479,28.8709,186.6748,0.0,96.6667,28.374,27.144,25.9139,56387732959.8855,145872315581.0
2023-05-01,27.84,29.0584,27.78,28.91,569428530.0,28.6238,647575.0,0.0040564005173604,0.123809523809524,0.0177857469589518,0.0079607446536429,27.067,26.6012,90.9977,67.9919,64.1544,28.7568,234.163,3.3333,100.0,28.3126,27.067,25.8214,56654613035.4965,146275045151.0
2023-04-28,27.225,27.758,27.0715,27.749,292216140.0,27.4712,368916.0,0.0029018924388473,0.0864492384793083,0.0163629197430336,0.0070034121475222,26.9609,26.4429,72.9101,45.1223,61.0869,28.6387,91.7706,0.0,73.3333,28.1028,26.9609,25.819,56216726492.5951,145704716621.0
2023-04-27,27.363,27.495,26.625,27.226,376931190.0,26.9787,449755.0,0.0040680229738733,0.1237411259699523,0.018579959029203,0.0070034121475222,26.8873,26.3536,40.068,28.3264,59.5807,28.7814,36.424,0.0,76.6667,28.1019,26.8873,25.6728,55932172023.8064,145412500481.0
2023-04-26,27.002,27.33,26.7051,26.956,406336810.0,27.0446,462353.0,0.0039627122231215,0.1202260732244524,0.0185548823207867,0.0068298607312268,26.7874,26.2943,22.3888,27.5764,58.7846,28.9879,28.633,3.3333,80.0,28.3274,26.7874,25.2475,55788246526.4236,145035339291.0
2023-04-25,27.078,27.247,26.225,26.241,378527160.0,26.5589,398024.0,0.0046466730882907,0.1426021074632066,0.0197408614485067,0.0068298607312268,26.691,26.2495,22.5226,39.9137,56.5961,29.2386,-8.316,0.0,83.3333,28.5155,26.691,24.8666,55867928396.0363,144630845381.0
2023-04-24,27.013,27.366,26.671,27.042,339281860.0,27.0082,333115.0,0.0056354775788676,0.1775310254735471,0.0187160000641536,0.0068298607312268,26.5819,26.2509,37.8179,56.1687,60.0491,29.5164,39.1654,3.3333,86.6667,28.843,26.5819,24.3208,56234603433.6097,145009372541.0
2023-04-21,26.952,27.183,26.722,27.119,342896370.0,26.9993,371002.0,0.0050602126291134,0.1571513910223594,0.0192259239029328,0.0068298607312268,26.4461,26.1971,59.4005,67.6625,60.3915,29.6504,40.7944,6.6667,90.0,29.0473,26.4461,23.8449,56211658532.4327,145348654401.0
2023-04-20,27.671,28.03,27.0,27.104,427713260.0,27.5136,484423.0,0.0040147880642488,0.1208800297754444,0.0202670577150271,0.0068298607312268,26.3234,26.1344,71.2875,65.711,60.3489,29.8269,65.9943,10.0,93.3333,29.1277,26.3234,23.5191,55962376054.3199,145003551631.0
2023-04-19,27.361,28.0,27.232,27.931,358660410.0,27.7438,400911.0,0.0062799416563546,0.1993730676743388,0.0201798339744596,0.0070305517903136,26.226,26.0683,72.2996,52.3094,64.0161,29.9142,87.5572,13.3333,96.6667,29.1183,26.226,23.3337,56303716151.1354,145431264891.0
2023-04-18,27.5335,28.11,27.357,27.667,604811540.0,27.7513,662463.0,0.0055910939969479,0.1748217774912337,0.0204081435845832,0.0068298607312268,26.0713,25.9407,53.5458,33.8326,63.3285,29.9246,89.3341,16.6667,100.0,29.0791,26.0713,23.0635,56009502533.5573,145072604481.0
2023-04-17,26.5655,27.006,26.4332,27.002,321471300.0,26.7463,378507.0,0.0043013517480881,0.1304578453374492,0.0203869330635661,0.0067854552988708,25.9341,25.8225,31.0827,23.1578,61.5388,29.8926,46.4441,20.0,70.0,29.015,25.9341,22.8532,56116328476.2134,144467792941.0
2023-04-14,26.504,26.883,26.22,26.758,395574330.0,26.5743,453492.0,0.0048209323116204,0.1479195339759418,0.0206993252683665,0.0067854552988708,25.8303,25.742,16.8693,27.1483,60.8613,30.0718,39.7201,23.3333,73.3333,28.9711,25.8303,22.6894,55807216852.7847,144154303121.0
2023-04-13,26.734,26.8869,26.329,26.463,353615280.0,26.6525,426497.0,0.0053539761407115,0.1660738983717593,0.021058177215641,0.0067854552988708,25.7154,25.6727,21.5215,39.5245,60.0386,30.2823,39.9822,26.6667,76.6667,28.9641,25.7154,22.4667,55560749833.6444,143758642991.0
2023-04-12,27.37,27.468,26.4475,26.495,446258950.0,26.7844,527270.0,0.0046504953596479,0.1414348226066157,0.0216108914768464,0.0067854552988708,25.5898,25.619,43.0541,48.3562,60.1712,30.4643,53.4327,30.0,80.0,29.0022,25.5898,22.1775,55744497942.0366,144112258271.0
2023-04-11,27.7235,27.79,27.126,27.169,314258170.0,27.3217,379216.0,0.0050731800831039,0.1562770354203049,0.021149675966317,0.0067854552988708,25.4804,25.5594,53.9979,48.5929,63.0049,30.6143,79.8795,33.3333,83.3333,28.9805,25.4804,21.9804,56149213515.5704,144558517221.0
2023-04-10,26.823,27.621,26.669,27.579,395278550.0,27.3008,495662.0,0.0058764933960573,0.1845631294317531,0.020832364610197,0.0068298607312268,25.3581,25.4493,48.0166,51.6674,64.7994,30.5451,81.8067,36.6667,86.6667,28.8717,25.3581,21.8445,56422874031.0222,144872895391.0
2023-04-06,26.584,27.08,26.427,27.037,397510380.0,26.8678,467409.0,0.0046758189415503,0.1427334320821285,0.0210182538216504,0.0067854552988708,25.2149,25.3032,43.7642,64.1615,63.4698,30.5027,68.9294,40.0,90.0,28.7069,25.2149,21.723,56062465062.2458,144477616841.0
2023-04-05,26.829,26.998,26.395,26.881,514702740.0,26.6858,641366.0,0.009156171579326,0.2954426684916473,0.0321559286877715,0.0068298607312268,25.1024,25.1845,63.2215,81.6233,63.0818,30.5541,70.1214,0.0,93.3333,28.5712,25.1024,21.6336,55717181737.9272,144079962501.0
2023-04-04,27.966,28.0,27.307,27.453,368409530.0,27.6189,446179.0,0.0100104595217924,0.3293495710433491,0.0316847746382055,0.0068298607312268,24.8981,25.0683,85.4987,89.3102,65.5494,30.622,108.178,3.3333,96.6667,28.6379,24.8981,21.1584,55402023464.1959,144594977241.0
2023-04-03,27.509,28.0,27.336,27.965,398682600.0,27.6983,497824.0,0.0094783610515674,0.3077334641943272,0.0322842490247164,0.0068298607312268,24.6715,24.9047,96.1498,82.3592,67.8457,30.3879,123.362,6.6667,100.0,28.5873,24.6715,20.7558,55615306586.1728,144963568771.0
2023-03-31,27.14,27.8343,27.105,27.777,433932770.0,27.5789,496292.0,0.0083225362696025,0.2626929843141272,0.0329739245287131,0.0068298607312268,24.4523,24.6945,86.2821,67.3153,67.4408,30.1358,126.8884,10.0,100.0,28.3451,24.4523,20.5594,55258624257.2572,144564853171.0
2023-03-30,27.229,27.499,27.102,27.383,364515740.0,27.3291,441761.0,0.0067271230903936,0.2031147147487568,0.0337896322776365,0.0057978747054376,24.2597,24.4827,64.6456,55.371,66.5886,29.9003,130.3835,13.3333,80.0,28.0482,24.2597,20.4713,54892889337.4133,144130920401.0
2023-03-29,26.825,27.078,26.597,26.984,393693870.0,26.8994,451117.0,0.0059338596795859,0.1749003018323356,0.0338703632460633,0.002418286423358,24.1057,24.2835,51.0182,56.3737,65.7099,29.7081,126.3408,16.6667,83.3333,27.7486,24.1057,20.4628,54741390352.2748,143766404661.0
2023-03-28,26.447,26.513,25.85,26.41,356103780.0,26.1762,411937.0,0.0070192513838082,0.2123433193428168,0.0348663847306321,0.002418286423358,23.9719,24.0981,50.4493,63.872,64.4083,29.575,111.9128,20.0,86.6667,27.4761,23.9719,20.4676,54501572672.6282,143372710791.0
2023-03-27,26.837,27.0,26.365,26.531,361025740.0,26.6546,407677.0,0.0079910882679582,0.2478512591148503,0.0349363231091983,0.0057978747054376,23.8177,23.9395,67.6537,74.4885,64.9104,29.5288,142.0659,23.3333,90.0,27.2881,23.8177,20.3474,54256113506.0219,143728814571.0
2023-03-24,27.031,27.167,26.355,26.779,455414070.0,26.6534,558717.0,0.0067000505143275,0.1990687926813352,0.0362412667018593,0.0057978747054376,23.6422,23.7616,73.5131,79.344,65.9286,29.3165,164.0926,26.6667,93.3333,27.0809,23.6422,20.2035,54428382481.1715,144089840311.0
2023-03-23,27.1155,27.499,26.69,27.191,564888760.0,27.188,675334.0,0.0074032731625731,0.2247543520910939,0.0360143962519679,0.0063736640794574,23.494,23.5543,82.2988,83.7917,67.6324,29.0969,202.8035,30.0,96.6667,26.76,23.494,20.228,54408191709.5951,144545254381.0
2023-03-22,26.425,27.589,26.237,26.468,797295110.0,26.9819,885256.0,0.0065408462442106,0.1939090878119151,0.0358365708781654,0.0053688176964598,23.3278,23.3043,82.2202,85.8833,66.1484,28.7638,206.8202,33.3333,100.0,26.3231,23.3278,20.3325,54273428383.6619,143980365621.0
2023-03-21,26.18,26.392,25.381,26.199,547407760.0,26.035,607792.0,0.0079119674760425,0.2425197970505956,0.0367287164903031,0.0053688176964598,23.1845,23.0869,86.856,88.6614,65.5808,28.4193,181.9796,36.6667,93.3333,25.9714,23.1845,20.3976,54798275016.724,143183070511.0
2023-03-20,25.615,26.024,25.1298,25.9,432747190.0,25.6926,511401.0,0.0075097765240885,0.2276989878236011,0.0367527920039623,0.0031181125015438,23.0142,22.8731,88.5737,89.7057,64.9494,28.2355,177.4421,40.0,96.6667,25.6677,23.0142,20.3607,54459867647.7824,142635662751.0
2023-03-17,25.982,26.399,25.668,25.725,848496560.0,25.9258,735489.0,0.0063479231113583,0.1851959364631634,0.0373035910718504,0.0007433706024618,22.8541,22.6651,90.5544,82.6713,64.5817,28.1023,209.6186,43.3333,100.0,25.3705,22.8541,20.3377,54147143834.9031,142202915561.0
2023-03-16,24.027,25.588,23.894,25.541,584946260.0,24.972,664556.0,0.0073269685625734,0.2197577701580046,0.0376965748468213,0.0007433706024618,22.7202,22.4549,89.9891,66.5664,64.2001,27.7983,165.2159,0.0,100.0,25.033,22.7202,20.4074,54863358920.4297,141354369001.0
2023-03-15,23.761,24.286,23.36,24.228,524485740.0,23.8117,598895.0,0.0079193858317771,0.2403215159207732,0.0385582497393032,0.0007433706024618,22.5669,22.2428,67.4703,44.1465,61.3255,27.6059,101.3483,0.0,86.6667,24.7186,22.5669,20.4152,54310871307.6788,140769422741.0
2023-03-14,23.496,24.219,23.46,24.063,474838130.0,23.9189,495073.0,0.0083431518945281,0.2559823147775688,0.0386140644034735,0.0007433706024618,22.4105,22.1067,42.2398,36.5133,60.9446,27.6261,101.5976,3.3333,90.0,24.7348,22.4105,20.0861,53852087885.0007,140244937001.0
2023-03-13,22.752,23.298,22.297,22.966,421890320.0,22.9278,489154.0,0.0047818785505711,0.1279128255607908,0.0397246823295353,-0.0002388912449709,22.2471,21.9725,22.7294,41.0153,58.305,27.6158,38.1676,6.6667,93.3333,24.7677,22.2471,19.7264,53572397729.388,139770026871.0
2023-03-10,23.409,23.627,22.726,22.965,474865650.0,23.1041,530827.0,0.0057281427853795,0.1599305383690148,0.0399380772972288,0.0004609348332147,22.1603,21.9047,44.5707,56.2922,58.3025,27.7737,56.7072,10.0,96.6667,24.7554,22.1603,19.5651,53430362726.5508,139348136551.0
2023-03-09,24.175,24.454,23.3828,23.436,501256990.0,23.9343,522390.0,0.0072243560403109,0.2130634694828743,0.0397830402158882,0.0031181125015438,22.0548,21.8322,55.746,64.5975,59.9276,27.8034,97.3636,0.0,100.0,24.7669,22.0548,19.3427,53653301871.8894,139823002201.0
2023-03-08,23.487,24.2,23.4235,24.181,513263390.0,23.8726,513049.0,0.00835168784551,0.2553933757444551,0.0391636641801608,0.0039018346906775,21.9176,21.7223,68.5601,70.6841,62.5953,27.62,112.3104,3.3333,93.3333,24.7519,21.9176,19.0833,54104805656.7876,140324259191.0
2023-03-07,23.6,24.125,23.241,23.288,514653880.0,23.6764,556617.0,0.0071985357939165,0.213567446464856,0.0387708625129624,0.0033810043725253,21.7537,21.5535,69.4866,67.1642,60.561,27.4732,98.3601,0.0,96.6667,24.6165,21.7537,18.8909,53616365285.2293,139810685801.0
2023-03-06,23.891,24.248,23.487,23.554,437429230.0,23.8433,475730.0,0.0100993521807627,0.3203654913391993,0.0405081487016707,0.0042721980042877,21.6172,21.4346,74.0057,61.2575,61.5096,27.334,115.4319,0.0,100.0,24.5657,21.6172,18.6686,54076740358.985,140325839681.0
2023-03-03,23.32,23.9,23.13,23.89,412393300.0,23.5345,512060.0,0.0127035687180109,0.4249925439904558,0.0413730693936311,0.0053688176964598,21.4268,21.2894,58.0003,56.9471,62.7276,27.113,114.8483,0.0,100.0,24.5844,21.4268,18.2692,54437145256.7642,140763268911.0
2023-03-02,22.488,23.3804,22.432,23.314,390074650.0,22.9351,426251.0,0.0107060636271552,0.3416585141278689,0.0421840143579257,0.0042721980042877,21.1894,21.1111,51.7665,65.6237,61.463,26.9396,89.6777,3.3333,83.3333,24.6327,21.1894,17.7462,54035463471.0499,140350875611.0
2023-03-01,23.192,23.2556,22.508,22.698,460025620.0,22.8149,502260.0,0.0091894482146786,0.2822279968365142,0.0423833677489743,0.0033810043725253,20.9917,20.9602,61.0743,77.8141,60.0622,26.8447,83.0971,6.6667,86.6667,24.6048,20.9917,17.3785,53700009143.1925,139960800961.0
2023-02-28,23.372,23.825,23.206,23.216,455962800.0,23.4712,451107.0,0.011517108317205,0.3738091011302438,0.0425067248139729,0.0042721980042877,20.8252,20.8413,84.0304,78.5512,61.891,26.7669,111.8699,0.0,90.0,24.5688,20.8252,17.0816,53926197482.9378,140420826581.0
2023-02-27,23.67,23.8799,23.454,23.501,452993670.0,23.6499,508293.0,0.0127046626077882,0.423354127551329,0.0423268503383209,0.0053688176964598,20.6148,20.6785,88.3377,62.6235,62.9097,26.4734,123.4279,0.0,93.3333,24.5071,20.6148,16.7224,54367428043.8425,140876789381.0
2023-02-24,23.225,23.474,22.947,23.286,589672710.0,23.2086,671466.0,0.0134593290208276,0.4552840447472024,0.0424598458445806,0.0053688176964598,20.3819,20.4848,63.2855,37.1351,62.4591,26.0918,113.0519,3.3333,96.6667,24.3932,20.3819,16.3706,54720451283.7819,140423795711.0
2023-02-23,23.44,23.888,23.025,23.664,1117995410.0,23.5205,1259505.0,0.0141845463881472,0.487459928342447,0.0421354979619119,0.0058637486292117,20.1392,20.2926,36.2475,24.3909,63.776,25.7555,128.3932,0.0,100.0,24.3,20.1392,15.9785,54551481449.9869,141013511621.0
2023-02-22,20.707,21.104,20.421,20.754,513088320.0,21.0021,542700.0,0.0101101001572018,0.3280010238034292,0.0350689678631138,0.0058637486292117,19.8809,20.0611,11.8724,30.1872,57.0347,25.3839,34.6714,0.0,83.3333,24.0998,19.8809,15.662,54013859091.7598,139895516211.0
2023-02-21,21.0,21.4938,20.618,20.655,410014550.0,20.9405,427159.0,0.011675437421165,0.3900666262870977,0.0358363590139465,0.0119625774026572,19.7101,20.0142,25.0527,52.5651,56.7702,25.4637,43.9937,0.0,86.6667,24.183,19.7101,15.2373,54026632347.1624,139382331891.0
2023-02-17,21.631,21.74,20.975,21.388,465887640.0,21.3416,552526.0,0.0142058351775452,0.4993340343498063,0.0351767077766738,0.0187752649956921,19.5171,19.9709,53.6364,69.5503,59.3876,25.4837,62.2171,3.3333,90.0,24.3015,19.5171,14.7326,54402003055.3035,139792346441.0
2023-02-16,22.133,22.55,21.9268,22.002,412026280.0,22.2462,473577.0,0.0140421941718346,0.4917621533663294,0.0353830463698159,0.0187752649956921,19.2798,19.874,79.0062,69.6929,61.6906,25.3905,89.8667,6.6667,93.3333,24.3685,19.2798,14.191,54364853844.7937,140258234081.0
2023-02-15,22.549,22.855,22.106,22.764,421148660.0,22.5468,471919.0,0.0161685859911143,0.5902200488997549,0.0343658114878814,0.0215347337241198,19.0382,19.7282,76.0082,58.3682,64.7007,24.9703,106.1408,10.0,96.6667,24.2757,19.0382,13.8006,54677443743.9978,140670260361.0
2023-02-14,21.578,23.0488,21.366,22.971,675435900.0,22.5682,697353.0,0.0157869702949631,0.5718489120021897,0.0347051928642833,0.0215347337241198,18.7567,19.5198,54.0643,50.8064,65.5405,24.4716,108.2893,13.3333,100.0,24.073,18.7567,13.4404,54358600294.8389,141091448621.0
2023-02-13,21.538,22.048,20.962,21.788,474918620.0,21.694,463567.0,0.0140022145334728,0.4920221872218036,0.034049485042392,0.0187752649956921,18.4783,19.2828,45.0322,58.9272,62.8787,23.9556,90.1158,16.6667,93.3333,23.7603,18.4783,13.1963,53745584411.0738,140415975121.0
2023-02-10,21.69,22.0776,20.811,21.265,550736750.0,21.3152,606404.0,0.0145289385435318,0.5150327728697626,0.0343303285728844,0.0187752649956921,18.2389,19.1109,53.3228,70.2693,61.6115,23.5803,89.8541,0.0,96.6667,23.5524,18.2389,12.9255,53498066971.9209,139941056501.0
2023-02-09,22.606,23.02,22.12,22.337,523875780.0,22.6665,569278.0,0.0159280291092536,0.5818284824020947,0.0325636667093903,0.0187752649956921,17.9981,18.9633,78.4265,79.1358,66.0813,23.192,126.8468,3.3333,100.0,23.3977,17.9981,12.5985,53654004119.0346,140491793251.0
2023-02-08,22.387,22.878,22.008,22.205,559651220.0,22.3817,597057.0,0.0133514284360244,0.4602788373010653,0.0361160107611846,0.0187752649956921,17.7244,18.7315,79.0587,79.106,65.7858,22.3154,134.7702,6.6667,100.0,23.0512,17.7244,12.3976,53925255356.2346,139967917471.0
2023-02-07,21.382,22.259,21.15,22.173,662999610.0,21.6974,638402.0,0.0130142982582977,0.4455309994132592,0.0362724623898556,0.0187752649956921,17.4913,18.4929,79.9222,80.8178,65.7158,21.4276,133.3238,10.0,100.0,22.6244,17.4913,12.3582,54231465286.5006,139408266251.0
2023-02-06,20.806,21.57,20.786,21.089,452065080.0,21.1985,432986.0,0.0089535922927523,0.2780437549239434,0.0384983935424479,0.0118817189613894,17.2636,18.2401,78.3372,79.4681,63.2547,20.5949,123.8192,13.3333,93.3333,22.1482,17.2636,12.379,53670321747.6639,138744116641.0
2023-02-03,21.0,21.745,20.789,21.1,429365950.0,21.3126,468823.0,0.0098330566902732,0.311781162573826,0.0385731884619118,0.0187752649956921,17.1108,18.0445,84.1939,71.5824,63.2992,19.8353,139.0128,16.6667,96.6667,21.7913,17.1108,12.4303,53772988944.1179,139196313731.0
2023-02-02,21.0,21.949,20.7,21.709,564275800.0,21.4552,643708.0,0.0104215713790557,0.335609696074812,0.0381227247549694,0.0187752649956921,16.9437,17.8347,75.8732,61.9387,65.78,19.0483,164.1646,20.0,100.0,21.3968,16.9437,12.4906,53922994627.9018,139625679681.0
2023-02-01,19.691,21.192,19.611,20.943,660477040.0,20.3642,622701.0,0.0085647289849146,0.2638344095105904,0.0381602262309754,0.0118817189613894,16.762,17.5684,54.6801,59.7771,64.0678,18.2343,153.0324,23.3333,100.0,20.855,16.762,12.669,53575574219.415,139061403881.0
2023-01-31,19.1695,19.687,18.95,19.537,498016580.0,19.4049,459639.0,0.0054166877393129,0.1524893817838595,0.0366663046588162,0.0047671289370397,16.6163,17.3365,55.2629,71.942,60.5669,17.5046,122.0916,26.6667,93.3333,20.4054,16.6163,12.8273,53123141180.6294,138400926841.0
2023-01-30,19.95,20.14,19.15,19.162,488611150.0,19.5543,500091.0,0.0034026560799974,0.0841914676926554,0.0374838753741858,0.0033810043725253,16.5302,17.1856,69.3884,84.0278,59.5508,17.0064,137.6308,30.0,96.6667,20.1652,16.5302,12.8952,52827845053.818,137902910261.0
2023-01-27,19.462,20.628,19.405,20.365,542141980.0,20.1699,519572.0,0.0046376200170672,0.1268813634351477,0.035985582052823,0.0033810043725253,16.4807,17.0501,91.1748,92.3859,64.7225,16.4182,177.8541,33.3333,100.0,20.0104,16.4807,12.9509,53304611085.0301,138391521411.0
2023-01-26,19.701,20.166,19.278,19.802,489535420.0,19.6421,461621.0,0.0047107198099498,0.129284288565725,0.036036033781937,0.0033810043725253,16.4043,16.8224,91.5203,93.952,63.2798,15.7165,171.1758,36.6667,100.0,19.686,16.4043,13.1225,52995638918.1781,137849379431.0
2023-01-25,18.9125,19.37,18.58,19.323,449537110.0,18.9909,401046.0,0.0049314133313524,0.1365802011646362,0.0361783158247029,0.0033810043725253,16.3287,16.6177,94.4625,91.157,62.0018,15.0703,151.7024,40.0,96.6667,19.3924,16.3287,13.2651,52907434337.9979,137359844011.0
2023-01-24,18.827,19.495,18.82,19.265,496204100.0,19.1497,427820.0,0.0045048893708412,0.1220804939134492,0.0362737481477104,0.0022523187810942,16.2514,16.4319,95.8732,85.2965,61.8464,14.5485,169.3555,43.3333,100.0,19.121,16.2514,13.3818,52511386453.7448,136910306901.0
2023-01-23,18.064,19.245,17.8175,19.193,655162590.0,18.8202,586657.0,0.0065489918375482,0.190632754342432,0.0378665623677699,0.0032680800319984,16.1816,16.2374,83.1353,79.0588,61.6582,13.9222,159.105,46.6667,100.0,18.8505,16.1816,13.5126,52353336258.9299,136414102801.0
2023-01-20,17.011,17.856,16.825,17.839,564967120.0,17.4243,451870.0,0.0042962632997108,0.1158441233502214,0.0356171632675058,0.0032680800319984,16.0792,16.0343,76.8809,82.0942,57.8813,13.3202,95.9603,50.0,16.6667,18.5046,16.0792,13.6538,51745905304.2084,135758940211.0
2023-01-19,17.036,17.197,16.731,16.765,452931600.0,16.9312,378368.0,0.0009106113134975,0.0093317278747739,0.0345876663053602,-0.0026330669244479,16.0175,15.9106,77.1603,88.9912,54.4402,12.9789,61.6368,53.3333,20.0,18.3543,16.0175,13.6807,51199569495.6342,135193973091.0
2023-01-18,17.667,17.873,17.282,17.377,439583300.0,17.524,407659.0,0.0015591759362991,0.0296871296515761,0.0340828457297563,-0.0026330669244479,16.0123,15.8524,92.2415,95.6209,57.0057,12.7786,104.7739,56.6667,23.3333,18.3433,16.0123,13.6814,51586408072.4582,135646904691.0
2023-01-17,16.899,17.728,16.899,17.702,511102160.0,17.5131,499106.0,0.0016673174775967,0.0330901663262326,0.0340245711508721,-0.0026330669244479,15.9957,15.748,97.5718,96.5592,58.4189,12.3711,104.2188,60.0,26.6667,18.2945,15.9957,13.6968,51884697486.2484,136086528241.0
2023-01-13,16.278,16.922,16.165,16.899,447287060.0,16.6757,426243.0,0.0005009749801864,-0.0014181882644916,0.0330176839747657,-0.0026330669244479,15.9768,15.614,97.0493,93.9067,55.8019,11.9822,50.8127,63.3333,30.0,18.2285,15.9768,13.7251,51405654810.3497,135575426081.0
2023-01-12,16.1,16.637,15.492,16.511,551277060.0,16.2032,531717.0,0.0024629323753463,0.0560075847393808,0.035944967342091,-0.0026330669244479,15.9776,15.5261,95.0564,90.0115,54.4632,11.7711,19.2742,66.6667,33.3333,18.2306,15.9776,13.7246,50985547677.3775,135128139021.0
2023-01-11,15.8395,16.028,15.563,16.001,353194930.0,15.8237,339154.0,0.0010045509246208,0.0112328345066463,0.0356081153266452,-0.0073450561880497,15.9484,15.4589,89.6142,78.5637,52.6407,11.6247,-4.5863,70.0,36.6667,18.1962,15.9484,13.7006,50555496768.574,134576729961.0
2023-01-10,15.507,15.962,15.472,15.909,384101260.0,15.747,360974.0,-9.581298309852732e-05,-0.0219569559813583,0.0359518466026462,-0.009227893203786,15.9425,15.4222,85.3638,68.8139,52.3078,11.6339,-10.8077,73.3333,40.0,18.1907,15.9425,13.6942,50243238475.6063,134223445031.0
2023-01-09,15.284,16.056,15.141,15.628,504180560.0,15.7877,518396.0,-0.0011976162965189,-0.0537142740057158,0.0358874244210344,-0.0100912591932101,15.9544,15.3893,60.7131,55.027,51.2971,11.6614,-24.3816,76.6667,43.3333,18.2054,15.9544,13.7034,49942214526.4387,133839343771.0
2023-01-06,14.474,15.01,14.034,14.859,405043620.0,14.5982,357261.0,-0.0019230121468296,-0.0732939179924543,0.0350192301427908,-0.0100912591932101,15.9839,15.3735,60.3647,52.9453,48.4047,11.6897,-96.3312,80.0,46.6667,18.2398,15.9839,13.7281,49909701299.0726,133335113211.0
2023-01-05,14.491,14.564,14.148,14.265,389168110.0,14.314,365497.0,-0.0017419620679052,-0.0684617260169203,0.0352572174914922,-0.0100912591932101,16.0231,15.4096,44.0032,45.8809,46.0105,12.0106,-127.0264,83.3333,50.0,18.2392,16.0231,13.8069,49629988799.1956,132930069591.0
2023-01-04,14.567,14.853,14.241,14.749,431323600.0,14.6152,367769.0,-0.0008471204871844,-0.0426058703927033,0.0347948356992158,-0.009227893203786,16.058,15.4891,54.4679,40.9478,47.756,12.3701,-112.2952,86.6667,53.3333,18.1932,16.058,13.9227,49800182616.3197,133319237701.0
2023-01-03,14.851,14.996,14.096,14.315,401276580.0,14.3681,424974.0,-0.0024275523502863,-0.0866630375177411,0.0344181282605689,-0.0100912591932101,16.0799,15.5408,39.1716,27.2328,45.9796,12.77,-131.2798,90.0,56.6667,18.1737,16.0799,13.986,49515452658.1498,132887914101.0
2022-12-30,14.334,14.629,14.233,14.614,310489830.0,14.447,303775.0,-0.0022337204969116,-0.0812410915221316,0.0343322974038002,-0.0100912591932101,16.1251,15.6259,29.204,17.1353,47.0449,13.1837,-141.5725,93.3333,60.0,18.12,16.1251,14.1302,49721441302.5498,133289190681.0
2022-12-29,14.402,14.683,14.227,14.603,354923240.0,14.5354,306269.0,-0.0037708899751994,-0.1235778450815396,0.0351858982306955,-0.0111379381073795,16.1682,15.6963,13.3228,12.0965,47.0012,13.5024,-155.6496,96.6667,63.3333,18.0842,16.1682,14.2521,49434458341.6712,132978700851.0
2022-12-28,13.927,14.262,13.884,14.036,351066450.0,14.0628,314623.0,-0.0043585034449449,-0.1384278849291149,0.034585467575981,-0.0111379381073795,16.2367,15.7723,8.879,16.9827,44.7303,13.8321,-217.1052,100.0,66.6667,18.0679,16.2367,14.4056,49204069571.8466,132623777611.0
2022-12-27,15.074,15.1,14.056,14.121,464902260.0,14.4074,425861.0,-0.0042231881091672,-0.1349091868634476,0.0345866458890403,-0.0111379381073795,16.3119,15.8927,14.0876,22.3658,45.0097,14.0481,-212.5316,100.0,70.0,17.9489,16.3119,14.6748,49272796866.2911,132974844061.0
2022-12-23,15.196,15.339,14.883,15.206,349325630.0,15.131,317423.0,-0.00062357698379,-0.0343114817910066,0.0329955977605486,-0.0100912591932101,16.3852,16.0155,27.9815,24.1188,48.7699,14.3162,-151.2124,0.0,73.3333,17.8042,16.3852,14.9663,49679808998.1302,133439746321.0
2022-12-22,16.0935,16.138,14.882,15.339,564475270.0,15.3102,517229.0,0.0044418694021426,0.1137213703758839,0.0418483991223894,-0.0100912591932101,16.4032,16.0719,25.0284,17.0798,49.2575,14.8019,-115.1093,0.0,76.6667,17.7743,16.4032,15.0322,49534256652.2968,133789071951.0
2022-12-21,16.114,16.627,16.102,16.501,325025380.0,16.4684,316062.0,0.0049036154376977,0.1303177820909509,0.0410893813829103,-0.0100912591932101,16.3511,16.1231,19.3464,11.2863,53.8004,15.3043,9.7566,3.3333,80.0,17.977,16.3511,14.7251,49688114520.4019,134354117221.0
2022-12-20,16.064,16.31,15.852,16.085,403259790.0,16.116,363590.0,0.004743111247226,0.1250123716084468,0.0410165373649788,-0.0100912591932101,16.2877,16.0978,6.8647,13.6598,52.2772,15.4583,-18.9467,6.6667,83.3333,18.0309,16.2877,14.5445,49519101322.8019,134029091841.0
2022-12-19,16.572,16.609,16.145,16.254,354038770.0,16.2878,368765.0,0.0054311261515264,0.1484771031370804,0.040929818683432,-0.0078778072278765,16.2281,16.0993,7.6477,27.9989,52.9629,15.7015,12.7991,0.0,86.6667,18.1126,16.2281,14.3436,49512057483.6753,134432351631.0
2022-12-16,16.8642,17.041,16.41,16.571,476931930.0,16.63,442324.0,0.0078942836757901,0.2349986438880726,0.0415957014246898,-0.0039652401754757,16.1581,16.0894,26.4671,51.5701,54.2533,15.8597,47.5872,0.0,90.0,18.1857,16.1581,14.1306,49699759072.9426,134786390401.0
2022-12-15,17.146,17.32,16.7,16.952,478542100.0,16.9293,564108.0,0.0091528256436697,0.2826996637095558,0.0412273414781766,0.0031796578733205,16.0531,16.0568,49.882,69.8731,55.8338,15.9376,76.6973,3.3333,93.3333,18.3008,16.0531,13.8054,49933948718.5368,135264622331.0
2022-12-14,17.987,18.252,17.42,17.674,496790100.0,17.8752,479673.0,0.0097170646186945,0.305336890637065,0.0406509300060653,0.0031796578733205,15.9286,15.9958,78.3611,82.8521,58.9812,15.9234,136.9225,6.6667,96.6667,18.3709,15.9286,13.4864,50023482401.7626,135743164431.0
2022-12-13,18.531,18.79,17.711,18.072,656588760.0,18.1845,833115.0,0.0105647707457721,0.3392806981590472,0.0402433242692791,0.0058637120878094,15.7909,15.8808,81.3761,78.6552,60.8078,15.6611,170.3006,10.0,100.0,18.2917,15.7909,13.2902,50216982094.5511,136240052531.0
2022-12-12,17.037,17.538,16.797,17.535,457327800.0,17.2136,423422.0,0.0087319461741343,0.267828874888173,0.0405390117946309,0.0007241105628689,15.6384,15.7305,88.8192,68.3151,59.1581,15.2845,114.6153,13.3333,96.6667,18.1248,15.6384,13.152,50434222305.2277,135583463771.0
2022-12-09,17.16,17.583,16.975,17.001,465338190.0,17.2881,458765.0,0.0093495917235389,0.2906055279635282,0.0410181480271897,0.0007241105628689,15.515,15.6068,65.7703,51.4056,57.4359,15.1848,111.6664,16.6667,100.0,17.9822,15.515,13.0478,49980597564.337,135126135971.0
2022-12-08,16.273,17.179,15.959,17.169,515455540.0,16.7701,471681.0,0.0103994996090507,0.3316577346246014,0.0409179187802463,0.0058637120878094,15.3875,15.5113,50.356,47.6687,58.182,15.0166,89.2167,0.0,83.3333,17.9307,15.3875,12.8442,50406137093.3501,135591474161.0
2022-12-07,15.772,16.186,15.667,16.12,372387580.0,16.0042,353119.0,0.0073128742383751,0.2158819243750307,0.0401627237594355,0.0007241105628689,15.245,15.3977,38.0907,56.7571,54.624,14.9427,45.4286,0.0,86.6667,17.8534,15.245,12.6366,49899131644.1698,135076018621.0
2022-12-06,16.53,16.573,15.819,15.987,352694270.0,16.0674,449699.0,0.0087870273479905,0.2692101565704221,0.0409759954818626,0.0007241105628689,15.1497,15.3486,54.5596,74.0408,54.1459,15.1365,56.0099,0.0,90.0,17.8326,15.1497,12.4667,49621455356.1929,134703631041.0
2022-12-05,16.679,16.995,16.472,16.61,352255170.0,16.7145,437686.0,0.0103929121920128,0.3327391318663197,0.0400640971660041,0.0068255856381844,15.0367,15.3053,77.6211,81.286,56.8589,15.2834,89.3539,0.0,93.3333,17.8529,15.0367,12.2206,49816980826.8295,135056325311.0
2022-12-02,16.659,16.9326,16.445,16.876,371388580.0,16.6941,476275.0,0.0116618482277996,0.3842864434031978,0.0398177064680768,0.0104560131163433,14.8986,15.216,89.9417,76.295,58.0596,15.196,96.8408,3.3333,96.6667,17.7998,14.8986,11.9974,49983352171.4856,135408580481.0
2022-12-01,16.999,17.265,16.635,17.135,470976570.0,17.0605,508850.0,0.012561231438752,0.4222097841937333,0.0395062247978362,0.0112676274504408,14.7425,15.1022,76.2952,65.2787,59.2371,15.122,115.8748,0.0,100.0,17.7067,14.7425,11.7783,49698143840.3549,135779969061.0
2022-11-30,15.697,16.93,15.597,16.923,565178220.0,16.309,452393.0,0.0123776305525453,0.4144731344530792,0.039518752711136,0.0104560131163433,14.573,14.9628,62.648,65.7703,58.5723,14.975,97.3913,0.0,66.6667,17.5544,14.573,11.5917,49421538553.2121,135308992491.0
2022-11-29,15.827,15.932,15.52,15.639,298384490.0,15.7073,258547.0,0.0098538688730684,0.3155282637954244,0.0373257958889933,0.0086311547912453,14.4079,14.8283,56.8928,73.378,54.1855,14.908,64.5475,0.0,70.0,17.4015,14.4079,11.4142,48862177448.801,134743694271.0
2022-11-28,16.026,16.357,15.725,15.827,304152010.0,16.0156,281581.0,0.012212347529611,0.4097265520619939,0.0381053134343739,0.0104560131163433,14.2829,14.7733,77.7701,75.1394,55.0073,15.1168,83.0358,0.0,73.3333,17.3741,14.2829,11.1918,48988194199.432,135042078761.0
2022-11-25,16.318,16.487,16.172,16.27,167934300.0,16.3496,150015.0,0.011077027583797,0.3603678929765883,0.0397359961468212,0.0104560131163433,14.1297,14.7015,85.4711,60.6018,56.9758,15.2593,106.0456,0.0,76.6667,17.3549,14.1297,10.9045,49194170560.6346,135346230771.0
2022-11-23,16.098,16.527,16.048,16.519,427240930.0,16.353,375319.0,0.0129128126393895,0.4364347826086956,0.0397576256955783,0.0112676274504408,13.9862,14.5943,62.1769,36.6234,58.1056,15.2421,117.749,3.3333,80.0,17.2033,13.9862,10.769,49257612407.3012,135514165071.0
2022-11-22,15.328,16.0576,15.1216,16.038,472866070.0,15.7256,379050.0,0.011665678561764,0.3842568617296737,0.0397891380355011,0.0104560131163433,13.819,14.4626,34.1573,25.2156,56.4947,15.2242,96.5745,6.6667,83.3333,17.0164,13.819,10.6217,48844642871.0255,135086924141.0
2022-11-21,15.147,15.477,15.08,15.317,404569310.0,15.3006,331835.0,0.0098566844163853,0.312510711225364,0.0393697550765875,0.0086311547912453,13.6707,14.3548,13.5359,31.4101,53.9277,15.3338,82.1845,10.0,86.6667,16.8578,13.6707,10.4837,48391550915.5589,134614058071.0
2022-11-18,15.966,16.002,15.12,15.409,492071650.0,15.4139,407362.0,0.0089350221694524,0.2760019874130501,0.0400473057366927,0.0086311547912453,13.5493,14.2894,27.9537,53.1815,54.3231,15.6159,100.2189,13.3333,90.0,16.7558,13.5493,10.3428,48313049840.3196,135018797381.0
2022-11-17,15.715,16.266,15.535,15.677,710893560.0,15.8672,609687.0,0.0068290530433863,0.193983244478294,0.0429190175609213,0.0086311547912453,13.4383,14.2131,52.7409,74.8173,55.4682,15.8941,124.8416,16.6667,93.3333,16.6118,13.4383,10.2648,48482660269.3681,135510869031.0
2022-11-16,16.1615,16.362,15.873,15.91,649546840.0,16.0919,559750.0,0.0071178566016837,0.2044817927170872,0.0428025395355466,0.0086311547912453,13.3534,14.113,78.85,89.2064,56.4686,16.0381,150.7274,20.0,96.6667,16.4187,13.3534,10.2882,48917365360.0932,136221762591.0
2022-11-15,16.7215,16.998,16.382,16.666,545875500.0,16.7369,480284.0,0.0087362435062189,0.2657401078453714,0.0416911102617883,0.0086311547912453,13.2635,13.99,92.8609,89.4688,59.8544,16.0658,206.3651,23.3333,100.0,16.1797,13.2635,10.3473,49468616768.2731,136871309431.0
2022-11-14,16.218,16.54,15.922,16.295,527852450.0,16.3148,455947.0,0.0097223109757511,0.3023497442455245,0.0423558518128833,0.0086311547912453,13.147,13.8065,95.9083,83.6633,58.6791,15.9038,209.7446,26.6667,100.0,15.7777,13.147,10.5162,49511152521.5199,136325433931.0
2022-11-11,15.8075,16.389,15.482,16.327,655487470.0,16.0599,594839.0,0.0108118893484535,0.3450037070598903,0.0424616175940074,0.0104560131163433,13.021,13.6358,79.6372,76.1181,58.8227,15.8552,225.2345,30.0,100.0,15.388,13.021,10.6539,49401823858.7367,136853286381.0
2022-11-10,14.8,15.773,14.547,15.75,700819250.0,15.2464,660098.0,0.009369776063787,0.288870703764321,0.0422944503074707,0.0086311547912453,12.8815,13.4512,75.4444,79.7619,56.9881,15.8451,197.5155,33.3333,100.0,14.9275,12.8815,10.8354,48835950993.2351,136197798911.0
2022-11-09,14.1615,14.211,13.759,13.776,454299100.0,13.9231,425251.0,0.0032428507869966,0.0816582914572865,0.0351622870058831,0.0068323298728298,12.7639,13.2935,73.2725,79.4719,49.5557,16.0047,97.6331,36.6667,96.6667,14.5258,12.7639,11.002,48161426755.8778,135496979661.0
2022-11-08,14.801,14.891,14.216,14.602,595291990.0,14.613,535637.0,0.0059958074664765,0.1763473777491337,0.0335687302006035,0.0086311547912453,12.7293,13.2611,90.5687,71.1697,53.2798,16.4277,165.3559,40.0,100.0,14.4516,12.7293,11.007,48581678208.3803,135951393321.0
2022-11-07,14.228,14.412,13.954,14.301,410060950.0,14.1856,352055.0,0.0057985318814146,0.1695289499509322,0.0334970088907144,0.0086311547912453,12.6564,13.1694,74.5744,54.2517,52.0094,16.957,153.0029,43.3333,100.0,14.2368,12.6564,11.0759,48496142630.9665,135356101331.0
2022-11-04,13.986,14.229,13.697,14.156,612575910.0,13.9845,509022.0,0.004690080114765,0.1310322786832853,0.0338796093158092,0.0068323298728298,12.5873,13.0922,48.366,46.3489,51.3939,17.3969,151.5398,46.6667,100.0,14.0533,12.5873,11.1214,48284844848.8704,134946040381.0
2022-11-03,13.043,13.781,12.956,13.421,500064860.0,13.4271,409161.0,0.0027451655160234,0.0684658864740068,0.0325997460377653,0.005026760719769,12.5327,13.0197,39.8146,56.666,48.1346,17.7796,96.821,50.0,96.6667,13.8799,12.5327,11.1855,47840381876.5772,134333464471.0
2022-11-02,13.85,14.21,13.2112,13.219,672627840.0,13.7772,574395.0,0.0004762521523637,-0.0031671819621446,0.0339874816131731,0.0032989787204174,12.5041,12.9928,50.8662,69.551,47.1939,17.9925,124.0398,53.3333,100.0,13.8114,12.5041,11.1967,47776737258.0317,133833399611.0
2022-11-01,13.811,13.925,13.519,13.543,432816900.0,13.6873,374869.0,0.0014887495365828,0.0278536733454763,0.0336967106641722,0.0049296440158799,12.5055,12.978,79.3172,78.4172,48.5595,18.2989,139.3289,56.6667,3.3333,13.8159,12.5055,11.195,48438912953.2954,134506027451.0
2022-10-31,13.778,13.838,13.297,13.497,486340990.0,13.5183,402621.0,0.0008620169578686,0.0085936332386791,0.0338297710233076,0.0048204579589394,12.4932,12.9398,78.4696,77.6038,48.3544,18.7228,130.5839,60.0,6.6667,13.7716,12.4932,11.2149,48820559382.3595,134073210551.0
2022-10-28,13.104,13.85,13.061,13.834,520799930.0,13.5882,457504.0,0.0021387428939673,0.0481891195635701,0.033575591601874,0.0065482399582911,12.4894,12.9022,77.4649,79.2019,49.7594,19.1269,139.2209,63.3333,10.0,13.7565,12.4894,11.2223,48947313688.4408,134559551541.0
2022-10-27,13.63,13.838,13.122,13.176,583113080.0,13.3674,529598.0,0.0011676314469253,0.0191043390826828,0.0325857286683431,0.0065482399582911,12.4682,12.8387,76.8767,82.0879,46.8443,19.545,120.7489,66.6667,13.3333,13.6648,12.4682,11.2717,48447405922.9021,134038511611.0
2022-10-26,12.869,13.388,12.708,12.896,535533290.0,13.0655,450250.0,-6.138851255986048e-05,-0.0176721511273609,0.0324828363330276,0.0048204579589394,12.46,12.8163,83.2639,81.3831,45.5445,19.9973,73.1195,70.0,16.6667,13.6406,12.46,11.2794,48942563398.6563,133455398531.0
2022-10-25,12.6935,13.3,12.664,13.261,505482330.0,13.1281,423344.0,0.0008484732356535,0.0099002360825528,0.0320806377615334,0.0048204579589394,12.4677,12.8115,86.1229,77.272,46.9925,20.2954,82.6982,73.3333,20.0,13.6623,12.4677,11.2732,49181978281.2446,133990931821.0
2022-10-24,12.508,12.71,12.064,12.599,517457400.0,12.4453,413721.0,-0.0040605204061271,-0.1314029644950013,0.0349352412299318,0.0014806628384782,12.4634,12.7813,74.7626,71.4227,43.8635,20.57,-4.39,76.6667,0.0,13.6475,12.4634,11.2793,48738489067.188,133485449491.0
2022-10-21,12.0982,12.498,11.887,12.466,609494410.0,12.2786,423472.0,-0.0041427594342043,-0.1335233196635851,0.0349033598402463,0.0014806628384782,12.5269,12.7946,70.9306,71.5335,43.2125,20.619,-32.1148,80.0,3.3333,13.9172,12.5269,11.1366,48398857584.835,132967992091.0
2022-10-20,12.113,12.769,12.105,12.194,652397610.0,12.411,478080.0,-0.0039403807581824,-0.1283774124374552,0.0350733180039861,0.0014806628384782,12.5909,12.818,68.5748,68.2369,41.88,20.5812,-28.8322,83.3333,6.6667,14.1307,12.5909,11.051,47853205469.8268,132358497681.0
2022-10-19,11.879,12.35,11.834,12.051,523130610.0,12.0524,353213.0,-0.0036650746211037,-0.1212629429779785,0.0352283829199473,0.0014806628384782,12.6507,12.8617,75.0952,64.9517,41.1786,20.6012,-60.7422,86.6667,10.0,14.2604,12.6507,11.0409,48330713359.0738,131706100071.0
2022-10-18,12.344,12.492,11.618,11.967,658952060.0,11.9576,464990.0,-0.0032727362525408,-0.1109921687547222,0.0354102626120992,0.0014806628384782,12.7061,12.9184,61.0408,51.3069,40.7727,20.4466,-70.0476,90.0,13.3333,14.3422,12.7061,11.0699,48413846518.0273,131182969461.0
2022-10-17,11.518,11.948,11.517,11.888,580559170.0,11.8168,457339.0,-0.0039387902872952,-0.1286387187241918,0.0354053659491208,-0.0019054921510104,12.7558,12.9847,58.7191,40.2576,40.3988,20.2867,-98.7821,93.3333,16.6667,14.3886,12.7558,11.1231,48546624232.6268,130523607401.0
2022-10-14,12.057,12.111,11.204,11.227,713233990.0,11.4359,527041.0,-0.0065949184696927,-0.1942114795230174,0.0335327833968752,-0.0047816440010767,12.8143,13.061,34.1607,24.4139,37.1919,19.8877,-133.1429,96.6667,20.0,14.4427,12.8143,11.1859,48127550527.592,129942833231.0
2022-10-13,10.971,12.078,10.813,11.96,850103010.0,11.6197,627985.0,-0.0071070967788217,-0.2074010596257808,0.0344685345012619,-0.0047816440010767,12.9044,13.1881,27.8932,16.1074,39.4683,19.4749,-134.851,100.0,0.0,14.4673,12.9044,11.3415,48804799638.2756,130656265221.0
2022-10-12,11.579,11.735,11.345,11.5,492590190.0,11.5272,367403.0,-0.009246395115172,-0.2563127594681537,0.0334551778789421,-0.0063046242958633,13.0086,13.2735,11.1878,15.8857,37.134,19.0339,-153.2062,96.6667,0.0,14.7136,13.0086,11.3037,48113280734.3158,129806162211.0
2022-10-11,11.561,11.846,11.283,11.586,667481630.0,11.5705,513890.0,-0.0097014572463023,-0.2665414011516669,0.0335200618951145,-0.0063046242958633,13.1406,13.3965,9.2412,30.1442,37.3946,18.6955,-154.3952,100.0,0.0,14.964,13.1406,11.3173,48214324875.8543,130298752401.0
2022-10-10,12.037,12.1243,11.4081,11.67,698554250.0,11.6601,585104.0,-0.0104024852077387,-0.2820784857987122,0.0336799086842226,-0.0063046242958633,13.2809,13.5221,27.2283,55.3331,37.6441,18.3453,-142.7719,100.0,0.0,15.2432,13.2809,11.3186,48163344928.9804,130966234031.0
2022-10-07,12.505,12.67,12.022,12.076,672478160.0,12.2963,564662.0,-0.0123577834105813,-0.3256561022694871,0.0365513980577065,-0.0063046242958633,13.4336,13.6505,53.9631,74.2828,38.8551,18.0106,-98.4508,80.0,0.0,15.5727,13.4336,11.2945,48351082549.2959,131664933281.0
2022-10-06,13.22,13.656,13.103,13.13,643849390.0,13.2955,466962.0,-0.0083445407563533,-0.2373806954408323,0.0354676206115758,-0.0047816440010767,13.6278,13.7598,84.8081,76.56,42.2674,17.8035,-25.1513,83.3333,3.3333,16.2405,13.6278,11.0151,48911481015.9626,132337411441.0
2022-10-05,12.9107,13.321,12.621,13.209,507130730.0,12.9733,397041.0,-0.0080656364993884,-0.230961369811728,0.0355179740817036,-0.0019054921510104,13.7639,13.804,84.0774,61.3779,42.5381,17.866,-44.4472,86.6667,6.6667,16.6659,13.7639,10.8619,49492736509.8324,132981568331.0
2022-10-04,12.879,13.22,12.879,13.167,584181670.0,13.072,460386.0,-0.007884302947335,-0.2267910969232427,0.0355887908002569,-0.0019054921510104,13.896,13.8458,60.7945,45.472,42.3484,17.8,-44.8219,90.0,10.0,17.0342,13.896,10.7579,49147887613.4324,132474437601.0
2022-10-03,12.347,12.678,12.105,12.512,547338470.0,12.4823,423055.0,-0.0111513218000034,-0.2988038876484563,0.0343877805106451,-0.005105497610287,14.0247,13.8934,39.2619,36.0988,39.3282,17.8006,-79.0811,93.3333,0.0,17.3421,14.0247,10.7072,48745299072.5233,131890255931.0
2022-09-30,12.087,12.633,12.075,12.139,565638420.0,12.3512,460956.0,-0.0138162228485845,-0.3531912525739364,0.0341359537643937,-0.0099823711427617,14.2022,13.9894,36.3596,30.5174,37.5267,17.5847,-87.2538,96.6667,0.0,17.7377,14.2022,10.6668,48515033258.7886,131342777461.0
2022-09-29,12.448,12.5,11.946,12.22,532499120.0,12.1685,485217.0,-0.0127989823388317,-0.3333207395188605,0.0347835484022436,-0.0084593908479751,14.423,14.1177,32.675,21.3223,37.7621,17.343,-91.1569,100.0,3.3333,18.2296,14.423,10.6164,48950919496.423,131908415881.0
2022-09-28,12.41,12.823,12.3539,12.736,542413880.0,12.6296,437464.0,-0.0124089826777617,-0.3251912313121892,0.0345353094383499,-0.0084593908479751,14.6265,14.2493,22.5178,13.0603,39.2792,17.0395,-77.3995,93.3333,0.0,18.5876,14.6265,10.6654,48956699215.1024,132441179001.0
2022-09-27,12.507,12.736,12.258,12.413,553324060.0,12.4843,452229.0,-0.0135443226430797,-0.3475924477847241,0.0338054148491808,-0.0106876782179676,14.8309,14.3544,8.7741,13.159,37.7662,16.823,-86.155,96.6667,0.0,19.0056,14.8309,10.6562,48615461988.3828,131898765121.0
2022-09-26,12.491,12.659,12.214,12.228,547342690.0,12.3857,454184.0,-0.0134731490914447,-0.3462201841731979,0.0338678988458216,-0.0106876782179676,15.0512,14.489,7.8891,23.3908,36.8957,16.5653,-93.3251,100.0,3.3333,19.3844,15.0512,10.7179,48810121992.7343,131344911061.0
2022-09-23,12.42,12.611,12.257,12.516,662558310.0,12.4074,565372.0,-0.0112811689604456,-0.3022154399702557,0.0352783436534777,-0.0058108046854929,15.2668,14.6456,22.8138,39.5092,37.6891,16.2693,-95.0141,100.0,6.6667,19.6581,15.2668,10.8755,49323025142.6894,131892253751.0
2022-09-22,13.07,13.149,12.428,12.561,759162160.0,12.675,659380.0,-0.0114472502338452,-0.3057046084253123,0.035253428682717,-0.0083020237864872,15.4474,14.7933,39.4697,48.9371,37.8119,15.9452,-92.3187,100.0,10.0,19.815,15.4474,11.0798,49015729304.1583,132555563061.0
2022-09-21,13.213,14.031,13.11,13.261,807514400.0,13.4858,632826.0,-0.0077153296554248,-0.2236411171574769,0.0365806690054089,-0.0041337795210029,15.6316,14.9479,56.2443,46.5178,39.7601,15.647,-73.1593,90.0,13.3333,19.9608,15.6316,11.3023,49493253686.065,133312273951.0
2022-09-20,13.2145,13.4828,13.057,13.176,524817750.0,13.2661,419546.0,-0.0092548580019011,-0.2592680784542136,0.0369223551739918,-0.0083020237864872,15.7588,15.0651,51.0973,33.4556,39.3936,15.4923,-85.9253,93.3333,16.6667,20.0245,15.7588,11.4931,50036091415.2724,132504594551.0
2022-09-19,13.012,13.463,13.01,13.382,568555280.0,13.2934,443331.0,-0.0108411920072746,-0.2950706638238312,0.0381538253408252,-0.0083020237864872,15.9124,15.1961,32.2118,19.0097,39.9632,15.1328,-90.7752,96.6667,0.0,20.1249,15.9124,11.6999,50267535845.7967,133029412301.0
2022-09-16,12.7415,13.212,12.617,13.198,670751400.0,12.9724,528754.0,-0.0116979637018533,-0.3129404373216483,0.0378752667801789,-0.0101633000330094,16.0989,15.322,17.0576,20.7025,39.2041,14.7535,-106.8662,100.0,0.0,20.3403,16.0989,11.8576,49901579076.5251,132459727021.0
2022-09-15,13.0152,13.233,12.79,12.929,523625160.0,12.9957,501744.0,-0.011823383393384,-0.3154728715981261,0.0377735191285641,-0.0101633000330094,16.2992,15.4693,7.7597,36.2389,38.098,14.2696,-116.5991,100.0,3.3333,20.5388,16.2992,12.0595,49262392448.2898,131788975621.0
2022-09-14,13.254,13.29,12.913,13.128,588146540.0,13.0764,578985.0,-0.0106577688354862,-0.2911675979827,0.0381898550400308,-0.0083020237864872,16.4976,15.6452,37.2903,61.8763,38.6002,13.8039,-123.3902,100.0,6.6667,20.6419,16.4976,12.3533,49457414717.7506,132312600781.0
2022-09-13,13.802,13.922,13.099,13.131,714811630.0,13.436,791618.0,-0.010496510119042,-0.2877376522536344,0.0382437287208368,-0.0083020237864872,16.6772,15.8196,63.6667,69.1397,38.6076,13.3468,-126.5022,100.0,10.0,20.6846,16.6772,12.6698,49374662571.3133,132901107321.0
2022-09-12,14.369,14.547,14.198,14.505,483971240.0,14.3828,417969.0,-0.0068287835152853,-0.2011655170874934,0.0351402327556127,-0.0028263675165966,16.8539,16.0058,84.672,58.1385,42.1973,12.9108,-99.3761,80.0,13.3333,20.6817,16.8539,13.0261,50034020193.634,133616062951.0
2022-09-09,14.157,14.474,14.126,14.387,487128420.0,14.3418,434106.0,-0.0067704020844991,-0.1997777860455868,0.0351666009321634,-0.0028263675165966,16.9755,16.1101,59.0805,34.2529,41.7476,12.6929,-113.5675,83.3333,16.6667,20.7266,16.9755,13.2244,49666392117.4163,133131903711.0
2022-09-08,13.459,14.008,13.369,13.99,624873120.0,13.7804,479836.0,-0.0073528157387287,-0.2133737773087621,0.0347215444819001,-0.0028263675165966,17.0951,16.2298,30.6631,18.2978,40.2357,12.4433,-152.0534,86.6667,20.0,20.7341,17.0951,13.4562,49422827907.4163,132644775291.0
2022-09-07,13.563,13.838,13.346,13.714,511957460.0,13.5879,432484.0,-0.0054893377592313,-0.1702655295469662,0.0375326494958022,-0.0028263675165966,17.2215,16.3851,13.0152,11.5372,39.1747,12.0287,-182.3858,90.0,23.3333,20.6774,17.2215,13.7656,48833158906.8529,132019902171.0
2022-09-06,13.731,13.779,13.351,13.465,535501180.0,13.553,501363.0,-0.007077040741855,-0.2090578007518797,0.0374794340888133,-0.0083020237864872,17.3153,16.5701,11.2151,10.4438,38.2029,11.5419,-212.2859,93.3333,26.6667,20.5283,17.3153,14.1022,48578914150.2675,131507244711.0
2022-09-02,14.1,14.171,13.591,13.647,741588460.0,13.8429,703848.0,-0.0072002757962172,-0.2120214793001908,0.0375058810138959,-0.0083020237864872,17.4338,16.7853,10.3813,8.5318,38.6321,11.0172,-229.6725,96.6667,30.0,20.3126,17.4338,14.5549,48828105542.7909,132040514291.0
2022-09-01,14.209,14.38,13.2702,13.937,1177669640.0,13.7115,1297073.0,-0.0078566322494852,-0.2278670360110803,0.0379084074132223,-0.0083020237864872,17.556,17.0028,9.7351,6.5434,39.3124,10.5203,-271.1495,100.0,33.3333,20.0665,17.556,15.0455,49427756734.653,132783671751.0
2022-08-31,15.384,15.54,14.9585,15.094,573709860.0,15.1287,586642.0,-0.0048466557976419,-0.1523558151288816,0.0358557582563292,-0.0028263675165966,17.693,17.2153,5.479,10.7343,42.177,10.0064,-213.6506,100.0,36.6667,19.8133,17.693,15.5726,49190037679.9844,133962536891.0
2022-08-30,15.96,16.039,15.182,15.468,530102690.0,15.4814,514581.0,-0.0024418992064266,-0.0896892655367229,0.0368830482676657,0.0034978257645488,17.7833,17.3628,4.4161,18.015,43.1597,9.8248,-212.5917,100.0,40.0,19.6679,17.7833,15.8987,49496393160.9533,134536246751.0
2022-08-29,16.02,16.338,15.767,15.801,495931940.0,15.9681,505827.0,0.0001051939030265,-0.0186323830817959,0.0381258906615143,0.0066195468659423,17.834,17.4947,22.3079,26.7585,44.043,9.6888,-188.9814,100.0,43.3333,19.538,17.834,16.1301,49672707626.1225,135066427441.0
2022-08-26,17.857,17.924,16.237,16.26,769064930.0,16.8939,780250.0,0.0017630674098164,0.0315949752569471,0.0379386746495849,0.0092915455200128,17.844,17.6128,27.321,22.7721,45.2776,9.6877,-106.4183,0.0,46.6667,19.5027,17.844,16.1854,50107624638.119,135560140391.0
2022-08-25,16.844,17.947,16.833,17.913,770691330.0,17.5424,675925.0,0.005684739218214,0.1653005464480872,0.033878338533166,0.0104291473127571,17.8274,17.7073,30.6466,15.9,50.1738,9.8044,-21.8301,0.0,50.0,19.5582,17.8274,16.0966,50855780010.1581,136329267821.0
2022-08-24,17.012,17.406,16.895,17.222,522646210.0,17.1398,506724.0,0.0048045258541723,0.135716169876022,0.0333104203708037,0.0104291473127571,17.7428,17.6946,10.3486,14.185,47.897,10.0824,-46.3902,0.0,53.3333,19.6875,17.7428,15.7981,50132132675.1671,135558576491.0
2022-08-23,16.9885,17.465,16.97,17.181,369985770.0,17.2353,350212.0,0.0049062121101723,0.1391725235379919,0.0333075393710642,0.0104291473127571,17.6743,17.7285,6.7047,22.8484,47.7601,10.2135,-33.7673,3.3333,56.6667,19.8244,17.6743,15.5242,49985869501.9186,135035915781.0
2022-08-22,17.49,17.558,16.966,17.034,409592710.0,17.1972,410700.0,0.0044645570638453,0.1242080253431889,0.0333430624432423,0.0104291473127571,17.6044,17.7676,25.5016,41.4933,47.28,10.3685,-27.3224,6.6667,60.0,19.9445,17.6044,15.2643,50040433059.9186,134665930011.0
2022-08-19,18.406,18.52,17.77,17.849,441588330.0,17.9959,434782.0,0.0045427994519757,0.1269731026644782,0.033227902262075,0.0104291473127571,17.5418,17.8196,36.3388,56.8591,49.7296,10.5289,36.2338,10.0,63.3333,20.0372,17.5418,15.0463,50355930147.351,135075522721.0
2022-08-18,18.301,18.865,18.183,18.773,415446560.0,18.6467,394486.0,0.0061414138132864,0.1838188926724682,0.0317224556571422,0.0104291473127571,17.4748,17.8189,62.6396,75.7137,52.7234,10.8807,74.2095,13.3333,66.6667,20.0426,17.4748,14.907,50704490535.831,135517111051.0
2022-08-17,18.523,18.688,18.145,18.335,446403110.0,18.3502,435130.0,0.0069490000730946,0.2118307997356245,0.0324637159563887,0.0104291473127571,17.3778,17.7546,71.5988,81.8075,51.3823,11.1309,64.3734,16.6667,70.0,19.9652,17.3778,14.7903,50401118724.8871,135101664491.0
2022-08-16,18.9195,19.142,18.501,18.879,451239640.0,18.8423,417452.0,0.0082792792767215,0.2616279069767449,0.0317814419914697,0.010999146687294,17.271,17.716,92.9028,80.3875,53.194,11.4356,93.8174,0.0,73.3333,19.9574,17.271,14.5847,50535240741.3328,135548463601.0
2022-08-15,18.701,19.164,18.613,19.032,457665560.0,18.8687,424078.0,0.0095594365764571,0.3104730427597602,0.0318716985638613,0.0123698047136944,17.1407,17.6373,80.921,62.3825,53.7089,11.6535,103.7285,3.3333,76.6667,19.8854,17.1407,14.396,50454285111.6916,135999703241.0
2022-08-12,18.16,18.718,17.953,18.709,478094150.0,18.462,438153.0,0.0075854468334888,0.2341843129494025,0.0331419445662631,0.010999146687294,16.9906,17.5426,67.3387,45.9817,52.7761,11.8483,83.1226,6.6667,80.0,19.8017,16.9906,14.1795,50215900328.1708,135542037681.0
2022-08-11,18.131,18.707,17.876,17.942,509326550.0,18.2419,493486.0,0.0053390548157965,0.1544202805301753,0.0329658750178915,0.0104291473127571,16.8724,17.4637,38.8878,36.7705,50.4858,12.1589,72.6651,10.0,83.3333,19.6863,16.8724,14.0584,49749055452.2884,135063943531.0
2022-08-10,17.698,18.118,17.317,18.097,597422460.0,17.7989,583568.0,0.0047068542549166,0.1323363784257289,0.0334053859562158,0.0104291473127571,16.7925,17.4321,31.7185,46.1624,50.9687,12.4828,59.5918,13.3333,86.6667,19.6188,16.7925,13.9661,50177478145.9707,135573270081.0
2022-08-09,17.252,17.4472,16.724,17.086,668262650.0,17.054,679606.0,0.0009817572555603,0.0128638330665715,0.0333551130823009,0.0076951182586203,16.722,17.3877,39.7053,65.4969,47.822,12.8631,21.7826,16.6667,90.0,19.5221,16.722,13.922,49611381599.303,134975847621.0
2022-08-08,17.502,18.239,17.242,17.793,983651980.0,17.6745,1094594.0,0.0018060340608032,0.0389466308536725,0.0326365408196834,0.0076951182586203,16.7148,17.4098,67.0635,82.3768,49.9908,13.081,59.2692,20.0,93.3333,19.5124,16.7148,13.9173,49610633120.0008,135644110271.0
2022-08-05,18.81,19.2289,18.666,18.989,385843290.0,18.9323,385808.0,0.0057565480542126,0.1703543913713403,0.0317147837660825,0.0104291473127571,16.6926,17.3848,89.722,88.6513,53.9952,13.4318,130.637,23.3333,96.6667,19.4667,16.6926,13.9185,49507025061.9266,136627893451.0
2022-08-04,18.849,19.274,18.76,19.215,409652270.0,19.0425,422007.0,0.0058735417478026,0.1745110024449874,0.031656364469408,0.0104291473127571,16.6006,17.2756,90.345,87.4088,54.797,13.6093,150.8005,26.6667,100.0,19.2469,16.6006,13.9542,49450046177.6567,137013961741.0
2022-08-03,18.184,18.968,18.137,18.893,418145570.0,18.6189,430816.0,0.0048909264997592,0.1404684293130509,0.0317517655234113,0.0076951182586203,16.5055,17.1434,85.8871,87.1743,53.8532,13.7652,141.963,30.0,100.0,18.9713,16.5055,14.0398,49134438592.2093,136604309471.0
2022-08-02,18.122,18.9375,18.092,18.526,489526920.0,18.5328,494502.0,0.0056705596891598,0.1666246851385389,0.0323892640840437,0.0076951182586203,16.428,17.0242,85.9943,87.9651,52.7667,14.0014,146.9196,33.3333,100.0,18.7323,16.428,14.1237,48791770561.9205,136186163901.0
2022-08-01,18.182,18.846,17.99,18.441,476469040.0,18.4827,523246.0,0.0061130321725462,0.1820396128453303,0.0324623311190441,0.0104291473127571,16.3399,16.9221,89.6413,78.4855,52.5164,14.2531,154.8726,36.6667,100.0,18.5186,16.3399,14.1613,48778761360.7184,135696636981.0
2022-07-29,17.813,18.244,17.692,18.163,435460420.0,18.0212,437252.0,0.0037351865396813,0.0989895322805105,0.0342644877999936,0.0076951182586203,16.2454,16.8188,88.2595,62.5225,51.7073,14.5352,140.2916,40.0,100.0,18.2972,16.2454,14.1935,48753156716.0455,135220167941.0
2022-07-28,17.975,18.14,17.44,17.984,474646280.0,17.843,485291.0,0.0048579020209024,0.1356403132104064,0.0349938803480001,0.0081709737564309,16.1909,16.7275,57.5555,45.1016,51.1896,14.9719,138.5793,43.3333,83.3333,18.1216,16.1909,14.2602,48445494462.7846,134784707521.0
2022-07-27,17.032,17.936,16.913,17.79,569776230.0,17.4997,546410.0,0.0048970350198224,0.1369591615006073,0.0350012764702092,0.0082651176331572,16.1194,16.6423,41.7525,48.2727,50.6352,15.4491,125.5908,46.6667,86.6667,17.9379,16.1194,14.3009,48182404810.4418,134310061241.0
2022-07-26,16.889,16.919,16.478,16.533,397864910.0,16.6495,384814.0,-0.0002432366183124,-0.0259809119830327,0.0354972631854441,0.0020878758068161,16.048,16.5645,35.9968,62.5869,46.8544,15.9715,55.2548,50.0,90.0,17.7672,16.048,14.3289,47775264245.6584,133740285011.0
