Date,Open,High,Low,Close,Volume,Volume Weighted Average,Transactions,Mean,Cumulative Return,STDDEV,Median,SMA,EMA,SlowK,SlowD,RSI,ADX,CCI,Aroon Down,Aroon Up,Real Upper Band,Real Middle Band,Real Lower Band,Chaikin A/D,OBV
2024-12-09,339.91,340.16,309.68,310.52,16805448.0,320.3113,302359.0,0.0034987013567667,0.0193014705882355,0.0559800484378335,0.0219573035343629,323.0,320.2559,53.5664,67.7822,46.2728,53.656,-29.6559,20.0,80.0,348.8644,323.0,297.1356,-50399232.2309,108889489.0
2024-12-06,328.555,349.75,325.499,343.62,16673009.0,338.9665,271862.0,0.0163187806501253,0.1639061071029366,0.0453144594143452,0.0239323159819483,321.376,325.1238,77.2285,74.1914,71.4655,61.8266,105.1114,0.0,100.0,350.9277,321.376,291.8243,-34360043.5695,125864297.0
2024-12-05,343.36,349.4928,315.17,320.57,19571690.0,333.5299,345633.0,0.0013849553873477,0.0017499453142089,0.0489938493604552,0.0219573035343629,311.892,315.8757,72.5516,64.6979,59.0429,56.449,97.4918,0.0,100.0,336.8869,311.892,286.8971,-42646710.1363,109105065.0
2024-12-04,312.0,332.0,309.12,330.94,15752166.0,322.5921,258057.0,0.0031135181455558,0.0196259666635858,0.0481058384872171,0.0219573035343629,309.974,313.5285,72.7941,54.4349,70.0133,49.755,166.6667,0.0,100.0,333.4357,309.974,286.5123,-29097590.906,128874978.0
2024-12-03,296.782,314.43,296.65,309.35,10035936.0,308.334,171308.0,-0.0041237675748413,-0.0493531237515747,0.0426666292391484,0.0091752219674215,302.444,304.8228,48.7481,39.8755,56.5745,43.8223,73.024,20.0,0.0,316.3965,302.444,288.4915,-43431797.4655,113076970.0
2024-12-02,302.03,311.47,299.5,302.4,11176133.0,304.9276,184780.0,-2.675618841110339e-05,-0.0112800392349192,0.0468361253523584,0.0091752219674215,303.018,302.5591,41.7626,35.5006,50.9087,42.2016,18.2526,40.0,20.0,318.2383,303.018,287.7977,-47747229.7512,103007628.0
2024-11-29,311.95,316.3,295.81,296.2,9497396.0,305.2804,168000.0,0.0075666221279106,0.0622579256921533,0.0550531536025715,0.0111502344150068,303.466,302.6387,29.1158,30.8811,45.8683,41.8353,-10.047,0.0,0.0,318.719,303.466,288.213,-41963247.0127,91786514.0
2024-11-27,302.78,314.29,295.36,310.98,13118476.0,306.2356,206130.0,0.010254152494213,0.0922309637538627,0.0529124050341719,0.0111502344150068,303.272,305.858,35.6236,32.7344,57.0365,41.3775,70.1245,20.0,0.0,318.9095,303.272,287.6345,-32776563.1884,101336750.0
2024-11-26,298.26,309.1999,289.125,293.29,13053045.0,299.2259,207441.0,-0.0065598601098678,-0.0809701375614951,0.0605033044272627,-0.0083153582563439,305.078,303.2971,27.904,35.0047,43.975,41.673,-100.515,40.0,20.0,325.2791,305.078,284.8769,-41419464.2607,88045920.0
2024-11-25,309.0,317.46,291.2,312.22,14486996.0,307.9323,241799.0,-0.0020728207243055,-0.0370713052060203,0.0579363352274378,-0.0083153582563439,311.334,308.3006,34.6757,46.1024,59.4466,44.1755,-37.3092,0.0,40.0,332.4129,311.334,290.2551,-33687541.3141,101261663.0
2024-11-22,294.885,311.37,290.8,304.64,12140442.0,302.1448,218758.0,0.0151996524824921,0.1252123808820271,0.0835033580294287,-0.0083153582563439,313.972,306.3409,42.4344,61.4783,54.2955,45.6974,-94.0856,0.0,60.0,337.9378,313.972,290.0062,-42488472.7612,86615753.0
2024-11-21,329.95,330.5,288.55,295.23,25151904.0,305.1828,395287.0,0.0179439135650028,0.1551373346897251,0.0844517853846795,-0.0083153582563439,314.214,307.1913,61.197,72.5267,47.6977,49.6027,-51.9809,0.0,80.0,337.8198,314.214,290.6082,-46700964.2216,74428559.0
2024-11-20,332.25,341.75,303.8018,320.01,22867855.0,321.0602,373485.0,0.0261868120880255,0.2583461130116784,0.0785570729234758,0.0012062730877014,310.936,313.172,80.8036,70.8003,68.5428,54.4842,65.8029,20.0,100.0,345.9645,310.936,275.9075,-29535120.6693,99615937.0
2024-11-19,322.08,327.24,315.5,324.57,13376223.0,321.9115,235260.0,0.0587064106662621,0.6733862652093214,0.114332865605631,0.0321549852481555,303.878,309.753,75.5796,57.8451,73.2559,52.0768,104.6727,40.0,20.0,342.7584,303.878,264.9976,-26200546.8129,122491145.0
2024-11-18,301.835,329.59,288.5,325.41,25605455.0,313.5508,371548.0,0.0630929622969616,0.7469801900467068,0.1127275332090581,0.0503001114128728,302.79,302.3445,56.0176,50.4174,74.0058,51.2986,74.6657,60.0,0.0,339.5394,302.79,266.0406,-33531583.2695,135939015.0
2024-11-15,282.51,306.455,276.0207,305.85,17841040.0,294.8032,263679.0,0.0585513450279333,0.67240813648294,0.1135135328933922,0.0299104514063701,302.556,290.8117,41.9381,56.73,67.8807,50.3258,-36.4761,0.0,20.0,338.7368,302.556,266.3752,-54013681.1279,110225315.0
2024-11-14,290.81,292.5653,274.3006,278.84,17341309.0,283.9532,304945.0,0.0508898910305299,0.5555927475592752,0.1132542160664916,0.0193938957159643,295.534,283.2925,53.2964,73.4416,56.5775,52.9193,-55.8897,0.0,40.0,339.2712,295.534,251.7968,-71317809.7151,92204728.0
2024-11-13,325.01,332.35,282.66,284.72,27996371.0,304.0584,462609.0,0.0376107877135826,0.3446679890431663,0.1277245064722611,0.0193938957159643,290.882,285.5188,74.9556,87.3555,60.2714,59.0918,23.5811,0.0,60.0,344.5522,290.882,237.2118,-62579206.7721,109580049.0
2024-11-12,310.05,327.0,306.1,319.13,24600271.0,316.8831,441780.0,0.0447876552236552,0.4528362014021676,0.1212005704878233,0.0193938957159643,284.8,285.9182,92.0729,94.3792,86.8041,63.4818,82.2823,0.0,80.0,346.2179,284.8,223.3821,-36903198.8339,137577434.0
2024-11-11,300.305,334.86,296.0,324.24,42164167.0,319.2145,709695.0,0.0480110337848823,0.5004164738546975,0.1199698054867367,0.0193938957159643,259.766,269.3123,95.038,89.333,91.5944,58.2377,139.7808,0.0,100.0,342.9768,259.766,176.5552,-43030902.5181,162397009.0
2024-11-08,257.67,273.5,257.15,270.74,17321367.0,267.9262,288871.0,0.0336444472548388,0.3204252828716354,0.1093251543208246,0.0193938957159643,232.172,241.8485,96.0266,75.0481,84.3699,51.6827,81.3849,20.0,100.0,301.987,232.172,162.357,-62273019.8501,119959513.0
2024-11-07,245.63,259.69,242.3401,255.58,16628851.0,252.9046,262698.0,0.0257430568153611,0.2219353604895781,0.1100372398258707,0.0175053000518619,214.6,227.4027,76.9345,50.7837,80.5876,47.5027,92.511,40.0,100.0,280.8782,214.6,148.3218,-73819531.3253,102527799.0
2024-11-06,221.479,257.6799,221.11,254.31,35215976.0,239.7216,526466.0,0.0303861787492753,0.2783893832001212,0.1100433537158748,0.0193938957159643,199.334,213.314,52.1831,28.558,80.2676,44.0829,166.6667,60.0,100.0,255.1624,199.334,143.5056,-82583932.2214,85872471.0
2024-11-05,185.59,197.25,185.51,193.96,9880825.0,193.6924,150323.0,-0.006323586573495,-0.0795368261199693,0.0602054906728344,0.0175053000518619,190.82,192.816,23.2335,17.5325,47.1421,40.0734,-0.9393,80.0,0.0,213.8872,190.82,167.7528,-111505449.9174,50416438.0
2024-11-04,180.09,186.95,176.38,186.27,11294825.0,182.2906,157402.0,-0.0118557080973545,-0.128439079169006,0.0580809501799662,0.0012183984321106,195.96,192.244,10.2575,24.6593,36.2291,45.9886,-64.4402,100.0,20.0,228.883,195.96,163.037,-115879034.7113,40465685.0
2024-11-01,180.0,190.94,179.54,182.88,14433334.0,184.1519,223088.0,-0.0166565694142959,-0.1695200036328957,0.0573499022628456,-0.0168674484038128,201.926,195.2311,19.1065,46.2145,31.2212,43.0673,-91.6035,80.0,40.0,236.4359,201.926,167.4161,-125767633.9592,29116880.0
2024-10-31,203.73,206.0,178.82,179.25,18878089.0,188.646,297038.0,-0.0108413214213118,-0.1221841332027425,0.0634241211666091,-0.0168674484038128,206.358,201.4066,44.6141,64.7689,26.2607,40.4238,-155.8819,100.0,60.0,235.1663,206.358,177.5497,-119787571.1662,14673508.0
2024-10-30,213.1,220.46,209.47,211.74,9429948.0,213.3652,162256.0,0.0015193123414653,0.0059863169897378,0.0432711767112199,-0.0168674484038128,212.34,212.4849,74.9229,71.6223,54.3049,37.1196,20.1093,0.0,80.0,222.596,212.34,202.084,-101493310.9484,33565529.0
2024-10-29,220.905,223.9,216.11,219.66,11533866.0,220.4523,172256.0,0.0123266773978786,0.1187735560761944,0.0459501115611984,0.0012183984321106,209.778,212.8573,74.7699,60.0388,68.5892,43.0302,111.7317,20.0,100.0,224.6946,209.778,194.8614,-95908479.5562,43081389.0
2024-10-28,213.35,218.0,210.5,216.1,10029693.0,214.43,141734.0,0.0106741989819192,0.100585688820983,0.0460682393279351,-0.0070439936476862,207.99,209.456,65.1742,49.7283,65.3077,40.9156,114.0893,40.0,100.0,219.4923,207.99,196.4877,-94886129.2314,31539202.0
2024-10-25,208.3,213.67,203.4,205.04,9255181.0,208.4666,139054.0,0.0166022749000113,0.1624900782401628,0.0543280367016666,-0.0070439936476862,207.514,206.134,40.1723,45.1485,53.141,42.0627,-10.5271,60.0,0.0,217.7632,207.514,197.2648,-100045760.9781,21080489.0
2024-10-24,206.868,210.55,200.8,209.16,9825797.0,206.6922,139370.0,0.0259440682940666,0.2732696170938087,0.0553058873738726,0.0256870974764647,210.548,206.681,43.8385,58.1256,59.3431,47.0738,-40.8205,80.0,20.0,224.4145,210.548,196.6815,-93742293.3228,30341807.0
2024-10-23,206.3,209.7,194.6,198.93,10324708.0,201.0289,156923.0,0.0191844988961648,0.191411630831886,0.0559060394755875,-0.0070439936476862,209.556,205.4415,51.4347,72.6234,47.0726,56.2389,-109.1306,100.0,40.0,224.356,209.556,194.756,-100837678.2613,20416412.0
2024-10-22,209.45,215.95,207.3,210.72,7476173.0,211.5079,106194.0,0.0243502376950195,0.2566044486850733,0.0508860293535872,-0.002172283265547,211.866,208.6972,79.1035,86.4372,65.2214,68.4461,17.6631,0.0,60.0,222.2607,211.866,201.4713,-96423447.2202,30766550.0
2024-10-21,215.4,216.86,208.13,213.72,12658114.0,213.0279,184411.0,0.0250257881384815,0.2652143026284632,0.0504145831080156,-0.002172283265547,208.99,207.6858,87.3321,88.831,70.7762,65.752,65.615,0.0,80.0,225.3227,208.99,192.6573,-94857204.419,38251633.0
2024-10-18,208.05,220.26,207.1403,220.21,13495032.0,215.9017,186189.0,0.0268086194059933,0.2884559124685506,0.0487433721239895,-0.002172283265547,205.516,204.6687,92.8761,90.0012,83.0119,60.7615,114.9777,0.0,100.0,223.6378,205.516,187.3942,-98417541.6126,50938059.0
2024-10-17,209.2,209.45,201.13,204.2,8845269.0,205.5264,132213.0,0.0237567401397445,0.2519926425505825,0.046312192546218,-0.002172283265547,196.75,196.8981,86.2847,87.9526,74.2145,54.5233,70.1872,0.0,80.0,219.7157,196.75,173.7843,-111883704.4793,37368467.0
2024-10-16,203.53,212.4199,197.6002,210.48,13936937.0,207.1828,195710.0,0.0259074178854315,0.2797470663342856,0.0442258302135538,-0.002172283265547,188.764,193.2471,90.8428,81.068,88.6148,48.2703,97.6669,20.0,100.0,221.5035,188.764,156.0245,-109549630.6212,46276492.0
2024-10-15,195.68,204.9,188.31,196.34,17120202.0,197.137,245815.0,0.0183783721832739,0.1898672807708623,0.0420923573048126,-0.0037830830030201,180.062,184.6306,86.7303,66.1602,82.4975,40.4541,99.4164,40.0,100.0,207.8414,180.062,152.2826,-119862259.3426,32306523.0
2024-10-14,181.185,197.69,178.27,196.35,18050190.0,190.8025,248096.0,0.0109972609425309,0.1020373800303082,0.0503403538216231,-0.0057875952332291,174.332,178.776,65.6309,48.0525,82.5226,31.9038,161.0222,60.0,100.0,197.8019,174.332,150.8621,-119308784.5916,49631327.0
2024-10-11,165.54,179.1799,165.22,176.38,10755091.0,174.6482,153742.0,-0.0071543567885475,-0.0776551796266277,0.0422896360864209,-0.0078056699926388,168.846,169.9889,46.1195,40.3543,66.0098,22.6346,121.8856,80.0,100.0,176.9731,168.846,160.7189,-134937994.2198,31499950.0
2024-10-10,166.05,167.31,161.87,164.27,5374638.0,164.4272,91114.0,-0.0082461461995191,-0.0870338464958595,0.040280834366935,-0.0078056699926388,167.752,166.7934,32.4071,39.7388,37.2468,17.6483,-150.126,0.0,40.0,172.1408,167.752,163.3632,-141386019.6546,20732879.0
2024-10-09,167.69,172.49,165.78,166.97,5678511.0,168.1172,88012.0,0.0010618372590946,-0.0006583672492216,0.0474844376476009,-0.0057875952332291,167.518,168.0551,42.5362,40.0126,43.868,21.5791,23.2656,0.0,60.0,172.6809,167.518,162.3551,-140753095.6546,26112733.0
2024-10-08,166.36,170.0499,165.02,167.69,5454257.0,166.9209,83826.0,-0.0011882025755378,-0.02324091332712,0.0482124049718143,-0.0078056699926388,167.018,168.5976,44.2732,33.1965,45.5972,21.1618,13.679,0.0,0.0,172.7493,167.018,161.2867,-137058691.902,31837779.0
2024-10-07,172.0,176.1483,166.892,168.92,6578228.0,171.4525,112801.0,0.0003976663114422,-0.0076371754200444,0.0482467025125311,-0.0058011577624298,166.482,169.0515,33.2283,22.7463,48.1935,23.4604,100.4,20.0,0.0,172.361,166.482,160.603,-137409863.3982,37533869.0
2024-10-04,167.96,171.2431,164.0,170.91,6857086.0,168.478,106320.0,0.0016384519454173,0.0048209771297551,0.0480803400069447,-0.0012541138426809,168.332,169.1172,22.0881,20.4876,52.0277,23.5583,-5.9647,40.0,0.0,179.5305,168.332,157.1335,-133590926.4082,44331405.0
2024-10-03,162.83,166.41,161.41,163.1,4297249.0,163.4514,76019.0,-0.0020504017927681,-0.0305515929624342,0.0457492768975698,-0.0012541138426809,172.396,168.2208,12.9224,31.0497,36.0545,28.727,-69.9928,60.0,20.0,194.1556,172.396,150.6364,-139833071.0877,37456969.0
2024-10-02,163.03,169.29,161.39,164.47,7651090.0,165.1532,114141.0,0.0022257642737255,0.0112518445646829,0.0469453226461553,0.0046707183620103,175.762,170.7812,26.4524,53.0823,37.8218,30.2987,-96.6691,80.0,40.0,195.8726,175.762,155.6514,-138440329.2237,41755555.0
2024-10-01,178.72,178.9,160.0,165.01,15208878.0,166.3528,227210.0,0.002669976231817,0.0157586949830719,0.0469121990695156,0.0048733630575087,176.284,173.9368,53.7742,68.1724,38.4155,32.2634,-90.385,100.0,60.0,195.3008,176.284,157.2672,-136704494.2111,49636645.0
2024-09-30,184.19,185.4099,177.0,178.17,11706004.0,180.0098,160588.0,0.0106444157129471,0.1032198142414861,0.0394015189229598,0.0072297442064594,177.618,178.4002,79.0203,71.8031,55.3596,34.7192,38.5647,20.0,80.0,194.0435,177.618,161.1925,-129557990.0206,64847110.0
2024-09-27,183.07,192.45,179.5,191.23,10550880.0,187.6421,157611.0,0.016523259434549,0.1728304201165293,0.0305840677072096,0.0072297442064594,176.028,178.5152,71.7227,64.1408,85.192,31.842,140.8133,40.0,100.0,193.4414,176.028,158.6146,-121084873.9987,76586687.0
2024-09-26,170.61,181.49,170.26,179.93,12414509.0,176.7793,172953.0,0.01034126514551,0.104610473325557,0.0265922239552768,0.0035259717922256,171.8,172.1578,64.6664,63.8649,76.3825,23.995,166.6667,60.0,100.0,180.463,171.8,163.137,-129657926.4474,66023316.0
2024-09-25,170.3,173.935,166.88,167.08,5267662.0,169.4558,87801.0,0.0063028998904517,0.0631880369074138,0.017783985061877,0.0035259717922256,169.462,168.2718,56.0335,64.6945,48.521,20.5161,-66.8943,0.0,20.0,172.6938,169.462,166.2302,-138652703.6157,53568156.0
2024-09-24,170.38,172.25,163.8081,171.68,6033340.0,168.843,95253.0,0.0081555963765159,0.0834279944465481,0.0149841693672871,0.0035259717922256,168.574,168.8677,70.8949,66.8301,73.2771,25.6206,15.3652,0.0,40.0,174.8972,168.574,162.2508,-133596693.0607,58928059.0
2024-09-23,171.3,173.5667,168.7,170.22,4922123.0,170.9143,80220.0,0.0094971733807766,0.0978394066430188,0.0155516830493006,0.0035259717922256,166.728,167.4615,67.1551,63.2369,69.3,28.9328,68.8045,0.0,60.0,173.702,166.728,159.754,-138817142.8675,52892573.0
2024-09-20,168.99,173.3914,165.4,170.09,7802418.0,169.7615,99677.0,0.0146463964621996,0.1543264336613505,0.0197623459458607,0.0084392744258902,164.984,166.0822,62.4404,60.7112,68.971,30.5357,77.7773,20.0,80.0,171.954,164.984,158.014,-136965466.5444,47959331.0
2024-09-19,172.0,175.39,167.0,168.24,9274056.0,171.0964,134564.0,0.0058135270276828,0.0534752661239823,0.0340177901850337,0.0035259717922256,163.576,164.0783,60.1152,61.8223,64.6599,32.7631,166.6667,40.0,100.0,168.3495,163.576,158.8025,-138382032.1151,39806989.0
2024-09-18,161.54,169.1,160.8,162.64,5023256.0,163.9332,83459.0,0.0002137411638394,-0.0035534860923905,0.0334501903439483,0.0010759243043865,162.506,161.9975,59.578,66.0404,46.7403,32.7475,59.8247,0.0,100.0,163.5928,162.506,161.4192,-131831676.9232,30507923.0
2024-09-17,164.14,167.67,160.5,162.45,5192808.0,164.267,82242.0,-0.0033975713564094,-0.0394962454916335,0.0350625968053055,-0.0036424062942924,161.408,161.6762,65.7737,69.6297,45.9971,39.5735,64.8186,0.0,60.0,165.8005,161.408,157.0155,-129033307.2991,25480549.0
2024-09-16,158.5,163.16,155.88,161.5,4636048.0,160.2071,80767.0,-0.0117464960048028,-0.119219022687609,0.0412525369206028,-0.0088866784846465,160.61,161.2893,72.7695,69.389,42.8044,48.9348,15.735,20.0,80.0,165.3881,160.61,155.8319,-126650279.0648,20255377.0
2024-09-13,162.24,168.93,161.58,163.05,5942921.0,165.1223,98126.0,-0.0134089967450536,-0.1340025493945188,0.0414632159942481,-0.0149165275573993,159.32,161.184,70.3458,59.8792,46.3838,54.1721,109.9986,0.0,100.0,165.666,159.32,152.974,-129199386.0043,24941614.0
2024-09-12,158.61,165.43,156.1,162.89,6655906.0,161.5447,92262.0,-0.0145166862640009,-0.1435856992639325,0.0412111511754329,-0.0158303108923451,156.18,160.251,65.0516,45.4371,46.0109,66.9132,166.6667,20.0,0.0,166.3941,156.18,145.9659,-125627200.8043,18987972.0
2024-09-11,153.56,158.84,149.95,157.15,6409949.0,154.6145,99244.0,-0.0222539676322457,-0.2075138678769541,0.038043283690285,-0.0238486391892169,155.542,158.9315,44.2403,27.235,32.5504,77.5915,-15.2947,40.0,0.0,164.2937,155.542,146.7903,-128677925.5096,12290734.0
2024-09-10,155.01,159.14,149.51,158.46,5822218.0,155.4636,88277.0,-0.0242213782238962,-0.2232352941176469,0.0377768690464542,-0.0270362351441532,156.756,159.8222,27.0195,14.0271,34.1028,77.2249,-30.6073,60.0,0.0,167.5166,156.756,145.9954,-132655402.3723,18708115.0
2024-09-09,151.27,157.4,150.06,155.05,8964066.0,154.0308,124611.0,-0.0299211418122281,-0.2665562913907284,0.0345348605932415,-0.0314423555149015,158.89,160.5034,10.4453,6.5896,26.8366,76.7666,-74.613,80.0,0.0,173.6461,158.89,144.1339,-137657560.3931,12883353.0
2024-09-06,163.24,164.15,146.12,147.35,9960617.0,151.5053,158455.0,-0.0286104849851139,-0.2574207529103464,0.0377297024461079,-0.0314423555149015,164.552,163.23,4.6164,5.4167,8.6383,72.5831,-104.633,100.0,0.0,188.1473,164.552,140.9567,-140986934.1697,3626685.0
2024-09-05,161.62,166.37,158.12,159.7,5470075.0,161.6666,90394.0,-0.024659420080803,-0.2256218784851864,0.0343368751746509,-0.0314423555149015,172.738,171.1701,4.707,5.7279,12.6877,67.3536,-87.7836,100.0,0.0,195.1519,172.738,150.3241,-131464793.6738,14653287.0
2024-09-04,166.5,169.04,160.67,163.22,7777706.0,164.7888,121013.0,-0.0179502233991295,-0.1725221799746512,0.040319347867155,-0.0314423555149015,178.838,176.9051,6.9267,6.8014,14.2061,61.7151,-114.2234,100.0,0.0,200.3203,178.838,157.3557,-127927887.7902,20385993.0
2024-09-03,182.0,182.7,168.07,169.13,9705462.0,173.7352,158599.0,-0.0179822320678289,-0.1727966350386383,0.0403329505486589,-0.0314729534197785,185.854,183.7476,5.55,8.5564,16.9271,54.9286,-135.7773,100.0,0.0,205.1535,185.854,166.5545,-124914154.2131,28100045.0
2024-08-30,189.215,189.94,180.04,183.36,7270758.0,183.9123,118667.0,-0.0106355507988876,-0.1069114996834056,0.0351628164929609,-0.0270362351441532,192.828,191.0564,7.9274,17.3217,26.8235,47.3289,-104.1588,100.0,0.0,207.579,192.828,178.077,-116579875.0655,37846688.0
2024-08-29,194.0,196.5,187.6001,188.28,3829376.0,192.4605,78808.0,-0.0038675918716612,-0.0448457792207793,0.0379331249897322,-0.0190179068472814,198.436,194.9047,12.1918,34.9921,31.998,40.3832,-85.4942,100.0,20.0,215.6411,198.436,181.2309,-114173671.0412,45153872.0
2024-08-28,195.02,197.49,187.73,190.2,4986144.0,191.5924,94645.0,-0.0022661706069081,-0.0293937538273115,0.0379744476774044,-0.0160406286619659,200.466,198.217,31.8458,52.9376,34.0486,35.0783,-129.2785,100.0,40.0,214.5022,200.466,186.4298,-110918844.4049,48995682.0
2024-08-27,201.84,202.5,194.1,198.3,5984392.0,197.2703,100253.0,0.0008182463919623,0.0018187329493786,0.0359121338429813,-0.007071556037463,203.672,202.2255,60.9386,66.4471,43.4453,28.5193,-109.7745,0.0,60.0,213.58,203.672,193.764,-108451684.9336,53991424.0
2024-08-26,209.3,210.85,202.68,204.0,5348917.0,206.3705,85758.0,0.006845909465119,0.0639407531031606,0.0356366613739262,0.0008897472851061,203.462,204.1882,66.0283,63.037,51.4367,24.3651,60.0084,20.0,80.0,213.8494,203.462,193.0746,-108451684.9336,59984300.0
2024-08-23,200.97,211.92,200.0,211.4,8244922.0,207.9856,120573.0,0.0080283836228065,0.0769779408018747,0.0344032155460689,0.0008897472851061,203.554,204.2823,72.3744,62.5707,63.584,30.4237,135.666,40.0,100.0,213.967,203.554,193.141,-104771499.0388,65421392.0
2024-08-22,204.78,207.1,197.43,198.43,5271680.0,201.5245,84825.0,0.0035563414758967,0.0317699667221298,0.0291679130093856,0.0008897472851061,202.336,200.7235,50.7083,61.7201,45.5557,37.997,-47.3478,60.0,60.0,209.8002,202.336,194.8718,-112351192.5153,57117169.0
2024-08-21,197.16,207.0,195.11,206.23,7490065.0,201.8011,111086.0,0.0148339151579857,0.1527024761053039,0.0325903201893043,0.0132811271460541,202.074,201.8703,64.6295,70.3273,59.7986,36.9927,39.1653,80.0,80.0,210.1363,202.074,194.0117,-108159345.567,62402066.0
2024-08-20,209.1,209.8,191.21,197.25,12339260.0,197.5542,186637.0,0.0024222243846162,0.0158623886285211,0.0410694374041385,0.0008897472851061,200.02,199.6904,69.8226,73.0264,43.5407,35.489,-30.9735,100.0,100.0,208.0332,200.02,192.0068,-114690067.6066,54899623.0
2024-08-19,203.335,207.49,200.35,204.46,6288040.0,202.5603,100812.0,0.0084291902987553,0.0791154272444185,0.0394803275548133,0.0132811271460541,200.158,200.9106,76.5299,72.9163,58.8197,33.6095,99.1345,0.0,100.0,207.9975,200.158,192.3185,-110363933.428,67253361.0
2024-08-16,199.0,205.95,197.14,205.31,6201786.0,203.2199,94176.0,0.0015207565918768,0.0042555272940711,0.0464962613913471,0.0132811271460541,197.614,199.1359,72.7266,71.7915,60.833,41.1185,124.0469,20.0,100.0,206.4148,197.614,188.8132,-111317507.1759,73557543.0
2024-08-15,198.52,205.07,196.2,197.12,6029444.0,200.0296,97450.0,-0.006490355873066,-0.0729872084273891,0.0458058227593254,-0.0020417278990131,195.81,196.0489,69.4924,74.3095,46.7954,47.8416,116.7162,0.0,100.0,200.1061,195.81,191.5139,-116651331.8206,67317039.0
2024-08-14,200.9,201.97,192.4,195.96,4864946.0,195.5598,81465.0,-0.0123060609640042,-0.1265822784810127,0.0475208399416687,-0.0165915100068378,194.85,195.5133,73.1555,74.2328,44.5432,54.8363,69.6348,0.0,100.0,199.6606,194.85,190.0394,-111841826.6695,61248716.0
2024-08-13,193.13,201.0999,191.87,197.94,4782328.0,197.0746,79148.0,-0.011350309209573,-0.1181502272119756,0.0476534744896973,-0.0118127512346816,191.44,195.29,80.2804,68.8629,47.2759,58.7401,96.1327,20.0,100.0,204.8157,191.44,178.0643,-110554863.1742,66275753.0
2024-08-12,194.3,197.69,188.2934,191.74,5671954.0,192.7016,85010.0,-0.0187426932351584,-0.1812980358667807,0.0460086494599157,-0.0308714089934883,190.686,193.965,69.2625,56.0853,37.702,62.3102,44.0353,0.0,40.0,202.8843,190.686,178.4877,-112066832.2571,61480274.0
2024-08-09,191.29,199.1,189.78,196.29,5241285.0,195.2608,87151.0,-0.0200183221499638,-0.191989461984934,0.0462899726972474,-0.0372495535675154,190.232,195.0775,57.0457,45.0665,42.2009,61.9421,106.231,20.0,0.0,202.4085,190.232,178.0555,-110536866.0503,67223056.0
2024-08-08,185.67,194.9799,182.4621,192.32,7340343.0,190.565,122886.0,-0.0171542901059276,-0.1693158258465791,0.0494923681790896,-0.0372495535675154,191.862,194.4712,41.9477,36.1286,36.9492,61.925,-15.7794,40.0,0.0,208.2868,191.862,175.4372,-112623425.0739,61967183.0
2024-08-07,196.8,199.9522,177.39,178.91,8108417.0,185.1652,133070.0,-0.0301748563564201,-0.2699338937403084,0.0397078022774258,-0.0400756075948797,195.926,195.5468,36.2061,28.3182,16.4297,56.9746,-61.8238,60.0,0.0,219.3551,195.926,172.4969,-116890980.9123,54545620.0
2024-08-06,191.99,197.4,182.7,194.17,7049518.0,192.2712,127925.0,-0.0019707464080142,-0.085441100277895,0.0451973328247888,-0.0087025728444186,228.1753,226.7488,30.232,18.8341,43.3582,9.426,-179.1014,96.6667,66.6667,263.1908,228.1753,193.1599,-109688171.5059,62870052.0
2024-08-05,162.01,197.88,161.13,189.47,18734646.0,184.1237,305559.0,-0.004797378203375,-0.1611175064199062,0.0460774157976189,-0.010399783367347,228.78,228.9956,18.5164,10.7167,42.3068,8.8891,-235.662,100.0,70.0,262.0065,228.78,195.5535,-113640318.782,55819498.0
2024-08-02,213.12,219.2999,199.38,204.44,10026180.0,207.2439,178523.0,-0.0036571074657049,-0.130153597413096,0.0447748126492307,-0.010399783367347,229.993,231.7215,7.7538,7.2773,44.8711,8.3336,-127.6211,100.0,73.3333,259.8797,229.993,200.1063,-123800359.4563,74554144.0
2024-08-01,226.6,227.1,207.82,212.64,8899808.0,215.5569,160909.0,-0.0025016508649374,-0.098792116973935,0.0443039171332751,-0.0087025728444186,231.0127,233.603,5.8798,10.9643,46.3589,8.2323,-90.9829,10.0,76.6667,259.3919,231.0127,202.6335,-118849255.3942,84618073.0
2024-07-31,233.0,234.1099,224.04,224.36,4760430.0,229.8541,94014.0,-0.0020047917269562,-0.0846185230518152,0.0438243411421453,-0.0087025728444186,231.7897,235.0487,8.1982,16.1515,48.5847,8.2518,-28.2177,13.3333,80.0,259.3796,231.7897,204.1997,-114389245.3942,93538093.0
2024-07-30,235.62,239.0,223.03,224.46,6036994.0,228.676,107104.0,-0.0019081416800451,-0.0819631901840491,0.043830870181322,-0.0087025728444186,232.481,235.7858,18.815,22.5032,48.6039,8.5318,-22.9151,16.6667,83.3333,260.3298,232.481,204.6322,-109920861.1665,98309743.0
2024-07-29,251.55,255.42,234.0,234.2,9460891.0,242.6815,169484.0,-0.0009445186913288,-0.0542723308027782,0.0432619936928442,-0.0087025728444186,233.149,236.5669,21.4414,28.4829,50.487,8.8215,44.9275,20.0,86.6667,261.1571,233.149,205.1409,-104951121.2172,104363652.0
2024-07-26,243.34,249.16,237.56,242.93,7908443.0,243.0829,132363.0,-0.0007036556247537,-0.0471838719799181,0.0430862633433556,-0.0087025728444186,233.597,236.7301,27.2532,43.1776,52.2407,8.9429,53.4753,23.3333,90.0,262.0839,233.597,205.1101,-95660244.9081,113831329.0
2024-07-25,239.26,241.64,226.3,231.52,8447909.0,234.8243,148086.0,-0.0008776807996427,-0.0519246519246517,0.0428941309999684,-0.0087025728444186,233.998,236.3026,36.7541,62.5087,50.0486,9.1695,-4.4793,26.6667,93.3333,263.3254,233.998,204.6706,-95073261.8426,105913883.0
2024-07-24,261.0,265.0,243.75,245.06,8091541.0,253.2432,138159.0,0.0002154761238335,-0.0190144509827469,0.0419008640571127,-0.0087025728444186,234.4207,236.6324,65.5255,76.5299,52.8302,9.442,89.1162,30.0,96.6667,263.9578,234.4207,204.8836,-92363726.3472,114396388.0
2024-07-23,263.6,272.55,257.2903,257.63,9243913.0,263.8056,147124.0,0.0026131916320195,0.0551687418086503,0.0410779485210299,-0.0067516397229737,234.579,236.0512,85.2465,79.4423,55.6036,9.5008,150.0077,33.3333,100.0,264.3922,234.579,204.7658,-85226391.869,122537470.0
2024-07-22,260.47,266.0,252.8419,265.15,11236690.0,261.4269,171295.0,0.0018833441486527,0.0313910066905245,0.0418097932849871,-0.0067516397229737,234.13,234.563,78.8177,76.3017,57.3445,9.2888,150.8296,36.6667,100.0,262.9295,234.13,205.3305,-76363748.531,131813087.0
2024-07-19,235.1,259.8,233.5,257.79,12471065.0,251.4825,207250.0,0.0016847810178144,0.0254176610978515,0.0416966668962469,-0.0067516397229737,233.861,232.4536,74.2627,79.8733,56.0424,9.173,92.9636,40.0,3.3333,261.6288,233.861,206.0932,-86188307.547,120530891.0
2024-07-18,251.21,253.87,230.57,233.24,8766851.0,239.141,148860.0,-0.0008409642750377,-0.0448812448812449,0.0374222302986411,-0.0067516397229737,233.648,230.7062,75.8248,79.2779,51.2434,9.1544,31.922,43.3333,6.6667,260.7688,233.648,206.5272,-96779233.4664,108029035.0
2024-07-17,245.895,255.9,241.31,249.1,8852271.0,249.1519,150003.0,0.0031267119866706,0.0765374475992914,0.0368563460153709,-0.0047503124517601,234.0133,230.5315,89.5323,70.484,54.9927,9.2351,84.5881,46.6667,10.0,261.3963,234.0133,206.6304,-89958652.1393,116877562.0
2024-07-16,243.19,252.12,234.2,251.49,10261962.0,244.8766,163192.0,0.0042505610018752,0.113181657223796,0.0369679552503772,-0.0032870701198429,233.423,229.2509,72.4766,53.8935,55.5851,9.0993,75.035,50.0,13.3333,260.2372,233.423,206.6088,-90561425.1407,125760853.0
2024-07-15,229.38,247.5,228.0,242.85,14396242.0,239.7674,234966.0,0.001809461171185,0.0344607258476743,0.0372356730114497,-0.0047503124517601,232.5707,227.7171,49.4432,43.9276,53.8476,9.0207,42.1607,53.3333,16.6667,258.649,232.5707,206.4923,-100109987.0001,115490131.0
2024-07-12,215.34,222.15,214.57,218.02,4939055.0,218.854,87697.0,-0.0022530425618565,-0.0787238537925204,0.0308944232648297,-0.0067516397229737,232.301,226.6735,39.7608,43.0304,48.2204,9.0159,-84.6136,56.6667,20.0,258.1146,232.301,206.4874,-107662937.9231,101050666.0
2024-07-11,224.37,227.15,213.57,214.63,7030827.0,220.2269,133711.0,-0.0039155844271326,-0.1239591836734692,0.0312187877227393,-0.007944131817633,232.922,227.2703,42.5787,44.9465,47.3736,9.1631,-89.3689,60.0,23.3333,258.2227,232.922,207.6213,-107218960.1817,96101620.0
2024-07-10,221.64,223.3329,215.135,219.56,4475104.0,218.924,90660.0,-0.0021361899618509,-0.0761203450452348,0.0316300410664582,-0.0067516397229737,233.9343,228.142,46.7518,46.2001,48.4884,9.3153,-90.3149,63.3333,26.6667,258.65,233.9343,209.2186,-101279745.9829,103139537.0
2024-07-09,223.55,225.64,218.68,219.97,5171927.0,221.7418,93974.0,0.0007877387416598,0.0050717353559348,0.0353551025871152,-0.0067516397229737,234.5373,228.7339,45.5089,48.5118,48.5803,9.3933,-83.0927,66.6667,30.0,258.6973,234.5373,210.3774,-101636260.9106,107621478.0
2024-07-08,226.51,226.51,217.75,220.56,5591567.0,221.1112,104441.0,-0.0009444698959378,-0.047298172865103,0.0367286746076842,-0.007944131817633,234.5003,229.3383,46.3397,55.1446,48.7088,9.5386,-83.0061,70.0,33.3333,258.7526,234.5003,210.2481,-98264852.8244,112978784.0
2024-07-05,213.48,225.13,209.45,223.68,10144744.0,217.2191,186452.0,0.0003664362731195,-0.0093010895562046,0.0369423495737537,-0.0067516397229737,234.8653,229.9437,53.6867,65.5803,49.376,9.6889,-102.3057,73.3333,36.6667,258.5913,234.8653,211.1394,-96252081.6395,118594031.0
2024-07-03,223.81,227.11,222.22,224.94,3240417.0,224.5131,65996.0,0.0006404863898258,-0.0011101736311559,0.0369275529750936,-0.005900458443072,234.9353,230.3757,65.4074,75.2863,49.6415,9.8176,-69.4019,0.0,40.0,258.541,234.9353,211.3297,-104523655.4469,128742566.0
2024-07-02,231.34,234.97,226.3201,227.51,4395094.0,229.5868,84960.0,0.0038413682978871,0.0959055876685937,0.0398039191930642,-0.0007225717208985,234.9437,230.7506,77.6467,73.5607,50.1734,10.132,-33.6633,0.0,43.3333,258.5354,234.9437,211.352,-104888260.6821,131984238.0
2024-07-01,226.0,236.0386,224.042,233.37,7699003.0,231.4686,133917.0,0.0060892346731296,0.17171260732038,0.0400090869031077,0.0025369987497946,234.28,230.9741,82.8049,63.2513,51.3869,10.3793,-16.4992,0.0,46.6667,259.7187,234.28,208.8413,-101693706.3827,136391277.0
2024-06-28,223.95,225.53,218.8,222.23,10179018.0,222.2354,98764.0,0.0012745828503516,0.0105497703606025,0.0429989223152341,-0.0007225717208985,233.14,230.8088,60.2305,43.6601,49.1256,10.6352,-62.1279,3.3333,50.0,261.5333,233.14,204.7467,-105990151.2465,128651431.0
2024-06-27,217.6,225.7623,216.32,224.0,5589883.0,221.9713,105507.0,0.0043057668919318,0.1031765574981535,0.0453842596115651,0.0025369987497946,233.0627,231.4005,46.7186,31.2022,49.4791,10.9138,-60.8873,0.0,53.3333,261.5868,233.0627,204.5386,-106201568.7205,139596351.0
2024-06-26,220.0,223.73,212.462,214.58,5176387.0,217.4248,103328.0,0.003433892239989,0.0755350608992029,0.0448635030370461,0.0025369987497946,232.3643,231.9108,24.0313,21.3674,47.537,11.2019,-81.3924,3.3333,56.6667,262.7094,232.3643,202.0192,-109737041.4691,133955140.0
2024-06-25,217.0,222.88,213.22,221.71,6636793.0,219.9734,114154.0,0.0042719391830663,0.1034740195102534,0.0444234625041649,0.0025369987497946,231.862,233.1061,22.8567,18.5046,48.9128,11.4634,-63.0721,6.6667,60.0,263.8239,231.862,199.9001,-105633842.0101,140530062.0
2024-06-24,217.22,221.444,207.71,212.31,10702236.0,213.8928,188089.0,0.0012866459667506,0.0088382038488952,0.0446435918223066,-0.0007225717208985,231.169,233.892,17.2141,18.29,46.9563,11.7187,-85.3396,10.0,63.3333,264.8373,231.169,197.5007,-111746775.5257,132462994.0
2024-06-21,227.0,228.2521,220.71,225.86,10682026.0,224.6213,164658.0,0.0031680386201508,0.0694128787878787,0.0431870115511843,-0.0005485743167875,231.107,235.3804,15.4429,21.3694,49.6033,11.958,-29.234,13.3333,66.6667,264.9206,231.107,197.2934,-108193934.9084,143224951.0
2024-06-20,237.36,240.49,228.44,235.03,6766242.0,235.4448,129394.0,0.0039802610766938,0.0965288793505645,0.0426113047620325,-0.0005485743167875,230.6183,236.037,22.213,29.5422,51.5027,12.3232,19.8837,16.6667,70.0,265.1374,230.6183,196.0992,-112357347.353,154610742.0
2024-06-18,238.25,242.8,234.6,235.95,6177235.0,237.8747,123416.0,0.0022609100046789,0.0397479398933586,0.0439152257388925,-0.0005485743167875,229.9287,236.1064,26.4523,39.0696,51.6946,12.5662,36.2621,20.0,73.3333,264.8915,229.9287,194.9658,-113003362.914,161499669.0
2024-06-17,239.87,248.64,234.23,245.1,6608047.0,241.6089,125855.0,0.0040547588028247,0.0978723404255321,0.0433568869607865,0.0025369987497946,229.628,236.1172,39.9613,46.9996,53.616,12.7065,61.0378,23.3333,76.6667,264.5337,229.628,194.7223,-108845554.0726,167698584.0
2024-06-14,246.16,250.25,237.0647,244.5,6329331.0,243.3084,118240.0,0.0031572866460955,0.068385405287306,0.0436583459805298,-0.0004655632970542,228.8997,235.4977,50.7951,51.7562,53.5065,12.8517,71.1415,26.6667,80.0,263.393,228.8997,194.4063,-112234795.5049,161035696.0
2024-06-13,253.77,257.13,243.26,247.64,7800250.0,248.0831,144845.0,0.0065564453245478,0.1787329239849584,0.0461893975864901,0.0095518861837561,228.378,234.8769,50.2423,50.6278,54.1534,12.952,102.4726,30.0,83.3333,262.3817,228.378,194.3743,-113148233.9078,168182174.0
2024-06-12,251.8,263.2599,250.58,254.96,10689545.0,257.4608,178942.0,0.0085203396355588,0.2502329230618345,0.0458997749002721,0.0171136170515859,227.1263,233.9967,54.231,55.3408,55.6703,12.9459,143.4216,33.3333,86.6667,260.9658,227.1263,193.2869,-109955415.2762,176848396.0
2024-06-11,242.93,245.66,234.09,244.2,8425573.0,240.1734,143129.0,0.0048773529645193,0.1193619361936193,0.0472514674099321,0.0095518861837561,225.4253,232.5509,47.41,63.178,53.8328,12.806,80.1861,36.6667,90.0,258.6215,225.4253,192.2292,-106513209.8667,165713719.0
2024-06-10,241.11,253.43,239.53,249.81,6160880.0,248.1529,109117.0,0.0030644233438302,0.0570836154366953,0.0492658769682572,0.0095518861837561,224.5573,231.7475,64.3813,77.1247,54.9814,12.9087,119.1521,40.0,93.3333,257.0998,224.5573,192.0149,-113235303.5486,174705005.0
2024-06-07,256.185,263.1799,243.86,244.16,9216556.0,253.1158,161316.0,0.0041877390245925,0.0919010777693303,0.050088158532044,0.0095518861837561,224.1077,230.5018,77.7428,80.5493,54.0264,12.9145,143.513,43.3333,96.6667,255.5977,224.1077,192.6176,-116275353.022,168360157.0
2024-06-06,250.0,263.7999,248.75,257.08,9263322.0,256.9397,148494.0,0.0057500546016278,0.1457859785176276,0.0490865441007917,0.0095518861837561,223.4227,229.5599,89.25,71.1015,56.6845,12.8396,194.6407,46.6667,100.0,254.0195,223.4227,192.8258,-107249309.8237,177675498.0
2024-06-05,246.86,251.89,240.7,251.4,9282239.0,247.9357,162629.0,0.0032966468761101,0.0633168379647248,0.0500139812787065,-0.0003836261710812,222.3323,227.662,74.6552,54.5405,55.7595,12.6697,162.2212,50.0,100.0,250.2695,222.3323,194.3951,-108265078.2738,168180924.0
2024-06-04,230.23,247.2,230.1557,244.2,10823513.0,241.275,174508.0,0.0038738092924649,0.0812007438236075,0.0504111837451326,-0.0003836261710812,221.8333,226.0249,49.3993,45.4307,54.5707,12.6584,123.698,53.3333,90.0,248.1646,221.8333,195.5021,-116826790.1076,158797422.0
2024-06-03,232.5,239.2,224.69,231.39,7325842.0,231.4987,126862.0,0.0043743003882852,0.0965831003269988,0.0509910730925505,-0.0003836261710812,221.222,224.7714,39.5671,52.5207,52.3695,12.7143,73.59,56.6667,93.3333,246.2679,221.222,196.1761,-123860115.1085,147943126.0
2024-05-31,239.28,240.41,219.17,225.92,10072213.0,227.1604,166285.0,0.0024865868498552,0.035950110051357,0.0512692279974056,-0.0034691992376634,220.5427,224.3149,47.3256,67.5545,51.3974,12.8906,55.2145,60.0,96.6667,245.5541,220.5427,195.5312,-123299139.1623,140610008.0
2024-05-30,241.1,248.86,233.38,234.76,9317987.0,240.4472,169542.0,0.0044122406486087,0.0981382729909254,0.0508081729094023,-0.0003836261710812,220.2813,224.2043,70.6694,78.2725,53.0901,13.073,134.4282,63.3333,100.0,245.2263,220.2813,195.3364,-119610221.2724,150733085.0
2024-05-29,239.02,240.49,233.18,236.65,6795505.0,237.132,124851.0,0.0039092140927508,0.081433075903669,0.0510027669793611,-0.0003836261710812,219.582,223.4763,84.6684,80.0028,53.4539,13.0075,129.9334,66.6667,96.6667,244.0356,219.582,195.1284,-111927943.5825,160082272.0
2024-05-28,235.45,247.1319,231.05,245.0,10766286.0,240.0558,188679.0,0.0043619210069474,0.0966384673917906,0.0507230535802967,-0.0003836261710812,218.988,222.5677,79.4797,74.9242,55.0655,13.0588,175.6129,70.0,0.0,242.6058,218.988,195.3702,-111583658.8356,166884222.0
2024-05-24,221.0,237.79,220.05,237.65,10195413.0,232.2031,178067.0,0.0003008134499563,-0.0329603255340794,0.0532479045506387,-0.0034691992376634,218.2683,221.0207,75.8605,76.877,53.8824,13.1118,108.6934,73.3333,0.0,239.9044,218.2683,196.6322,-119551944.3626,156041094.0
2024-05-23,233.81,234.32,217.66,218.86,9396569.0,223.7968,174067.0,-0.0047484816086444,-0.1678643397589447,0.0520647588016416,-0.0052844274292798,218.5383,219.8738,69.4325,76.2536,50.6728,13.3015,33.9649,76.6667,0.0,241.3076,218.5383,195.769,-129639420.9782,145791848.0
2024-05-22,225.01,238.77,221.2089,231.51,8930425.0,230.7568,164116.0,-0.0013307608622065,-0.0776126538905931,0.0520427086474051,-0.0034691992376634,220.01,219.9438,85.3381,70.9393,53.0768,13.5492,68.7961,80.0,3.3333,247.8212,220.01,192.1988,-121569311.2195,155220181.0
2024-05-21,231.97,233.65,220.12,225.78,10701541.0,226.579,185203.0,-0.0010736094674788,-0.0706729779790078,0.0521928917130051,-0.0034691992376634,220.6593,219.1461,73.9903,60.0771,52.0814,13.7461,36.4966,83.3333,6.6667,250.3597,220.6593,190.959,-123116380.6865,146286492.0
2024-05-20,207.96,226.26,203.72,225.19,11163786.0,216.6426,189368.0,-0.0029820256588573,-0.1237402233549945,0.0530624117269282,-0.0052844274292798,221.2317,218.6886,53.4895,52.197,51.98,14.0233,-18.6234,86.6667,10.0,251.949,221.2317,190.5143,-121367899.0864,135581987.0
2024-05-17,205.66,210.67,199.8315,207.6,8676812.0,206.2691,152234.0,-0.0035799940193167,-0.1382316313823167,0.0521640740836966,-0.0052844274292798,222.2917,218.2402,52.7515,49.997,48.8615,14.4184,-90.4845,90.0,13.3333,255.5702,222.2917,189.0132,-131525641.9435,124358677.0
2024-05-16,215.0,216.4499,198.64,199.17,12172413.0,205.7295,207628.0,-0.0061539969117377,-0.2020752373702979,0.0517388377563104,-0.0108336702953295,223.4017,218.974,50.35,37.6894,47.2753,14.759,-101.4799,93.3333,16.6667,256.8669,223.4017,189.9365,-135292169.9649,115670050.0
2024-05-15,212.21,221.4,207.7,219.91,9236355.0,214.9157,160885.0,-0.0032713036449869,-0.1258844105254791,0.0490880234382494,-0.0074241148321663,225.083,220.3398,46.8893,23.5978,51.0406,15.1112,-46.6771,96.6667,20.0,258.5779,225.083,191.5881,-123831936.895,127855532.0
2024-05-14,195.96,206.9669,194.93,203.05,5353107.0,202.0612,108429.0,-0.0052608108506847,-0.1740562967783927,0.0467012963324634,-0.0074241148321663,226.1387,220.3694,15.8289,11.8079,47.7717,15.6114,-119.8399,100.0,23.3333,260.8877,226.1387,191.3897,-131139751.5052,118516254.0
2024-05-13,204.0,206.665,197.64,199.51,7439104.0,201.7925,124230.0,-0.0066812631137409,-0.2086390861132047,0.0466280062149865,-0.0112400666325725,227.565,221.5639,8.0752,15.0088,47.0543,15.8936,-130.0707,100.0,0.0,261.9165,227.565,193.2135,-133010000.5847,113160207.0
2024-05-10,214.5,214.87,200.5,200.92,7403321.0,204.9799,136439.0,-0.0080830764401121,-0.2421544960772481,0.0472451224605961,-0.0175750236614482,229.3183,223.0848,11.5196,27.3509,47.3045,16.2253,-117.438,76.6667,0.0,263.1283,229.3183,195.5084,-128593344.531,120702368.0
2024-05-09,210.22,213.8497,205.11,210.45,4558861.0,210.1145,87750.0,-0.0054802480946836,-0.1801714063108688,0.0472748722521407,-0.0112400666325725,231.4583,224.6134,25.4315,44.8357,49.007,16.61,-101.8292,80.0,0.0,265.9282,231.4583,196.9885,-121603759.7126,128125896.0
2024-05-08,209.5,214.9,206.525,211.2,4571444.0,211.7371,98613.0,-0.0066249479818465,-0.2084254713091713,0.0476287395971484,-0.0175750236614482,233.0,225.5902,45.1015,61.6865,49.1416,17.075,-101.0334,83.3333,0.0,267.7098,233.0,198.2902,-122636046.0679,132775627.0
2024-05-07,226.94,230.82,214.12,214.34,8033312.0,219.2179,129665.0,-0.0076739337413357,-0.2337063387079476,0.0481377516709881,-0.0217888499119398,234.8537,226.5827,63.9743,66.8938,49.6938,17.5765,-67.3324,86.6667,0.0,270.6318,234.8537,199.0756,-123173366.1813,137391069.0
2024-05-06,225.84,235.8,224.9,226.93,9602378.0,229.1104,156941.0,-0.002667527106496,-0.1118547219286917,0.0506500977958603,-0.014165468198285,237.0327,227.427,75.9838,58.1539,51.9566,18.1598,-33.4419,90.0,3.3333,275.4156,237.0327,198.6497,-115219046.2316,145560635.0
2024-05-03,230.9,232.25,216.55,223.25,13714936.0,224.307,209679.0,-0.0040426856053092,-0.1479007633587787,0.0506715014099483,-0.0217888499119398,237.9853,227.4613,60.7234,38.6184,51.3304,18.5998,-56.5352,93.3333,6.6667,276.735,237.9853,199.2357,-109137976.8628,135870042.0
2024-05-02,216.48,232.71,210.76,228.85,12405326.0,223.0709,216117.0,-0.0025626301889643,-0.1091170974774218,0.0507016742690794,-0.014165468198285,239.277,227.7517,37.7543,30.7034,52.3338,19.1047,-60.42,96.6667,10.0,278.5555,239.277,199.9985,-107125237.78,149609174.0
2024-05-01,199.0,218.52,198.2,210.09,10176473.0,207.525,165327.0,-0.0016628938387013,-0.0870415435424993,0.0525302905593526,-0.014165468198285,240.2113,227.676,17.3774,35.2137,49.1125,19.6269,-124.34,100.0,13.3333,279.7857,240.2113,200.637,-115199200.3973,137154959.0
2024-04-30,214.3501,216.57,202.59,203.93,9103562.0,208.1006,166109.0,-0.0039913121627836,-0.1489441615891825,0.0526141193366225,-0.0217888499119398,240.879,228.8888,36.9786,50.0066,47.997,20.2408,-136.859,100.0,16.6667,279.0491,240.879,202.7089,-116934558.2891,126963493.0
2024-04-29,229.942,230.32,216.54,218.16,9541534.0,223.681,159907.0,-0.0021939168256998,-0.0998514606370692,0.0513984733620263,-0.0159029605917946,242.0687,230.6101,51.285,58.6805,50.4675,20.9379,-90.2164,70.0,20.0,277.6983,242.0687,206.439,-109556528.8256,136091356.0
2024-04-26,220.77,237.02,218.66,236.32,6037451.0,229.8816,104628.0,0.0016072216554375,0.0113407797321003,0.0499329164731519,-0.0095680035629189,242.8753,231.4687,61.7561,67.4316,53.8892,21.4549,-54.9513,73.3333,23.3333,277.3814,242.8753,208.3693,-102231986.0534,145667466.0
2024-04-25,216.045,225.94,213.64,223.61,5075782.0,221.1465,99292.0,-0.0026788973021407,-0.1117069876454933,0.0505230738902124,-0.0159029605917946,242.787,231.1341,63.0002,68.5681,51.6724,21.9574,-101.1213,76.6667,26.6667,277.3732,242.787,208.2008,-107815921.9488,139622592.0
2024-04-24,236.83,239.0,223.87,224.37,6725440.0,229.9015,117716.0,-0.0031398934608445,-0.1240337315530573,0.0505904843673199,-0.0188587860499823,243.7243,231.653,77.5385,61.4776,51.8164,22.6275,-71.7751,80.0,30.0,277.6996,243.7243,209.7491,-111010749.4448,144766097.0
2024-04-23,223.62,238.67,223.61,236.43,7296307.0,233.6896,129694.0,-0.0011812443522619,-0.0697958059566431,0.0498310484058273,-0.0142613214146162,244.7833,232.1553,65.1654,41.0541,54.1302,23.1666,-58.8605,83.3333,33.3333,278.2563,244.7833,211.3104,-104718618.419,151503531.0
2024-04-22,216.79,227.14,215.033,225.86,8196630.0,222.6304,137867.0,-0.0030594474313595,-0.1198659496531838,0.0490428611061173,-0.0142613214146162,245.3747,231.8605,41.7288,25.9026,52.3266,23.7287,-113.9506,86.6667,36.6667,278.8633,245.3747,211.8861,-109873981.9476,144165178.0
2024-04-19,223.83,227.76,210.18,211.01,9302005.0,218.0527,152765.0,-0.0034818610004277,-0.1302860440194545,0.0484596397969246,-0.0142613214146162,246.4,232.2743,16.2681,16.3587,49.6371,24.4649,-157.576,90.0,40.0,279.3145,246.4,213.4855,-116345636.7316,135958168.0
2024-04-18,215.57,228.05,213.25,218.08,9398646.0,221.3145,148606.0,-0.0018325040546593,-0.0858101027038359,0.0482884183134577,-0.0104263431773413,247.4537,233.7408,19.711,18.0464,50.9602,25.2264,-154.4486,93.3333,43.3333,277.6834,247.4537,217.224,-107865850.5427,145322153.0
2024-04-17,222.04,224.87,205.9,213.78,9435017.0,213.9475,159544.0,0.0008461966778032,-0.0137934215989294,0.0515503248850249,-0.0104263431773413,248.136,234.8209,13.0969,26.7286,50.1794,25.9714,-192.2726,96.6667,46.6667,276.5526,248.136,219.7194,-104599894.5427,135918233.0
2024-04-16,223.0,223.0,205.67,218.83,16467331.0,213.7102,246730.0,-0.0001854190798754,-0.0450360026183718,0.0523226371345634,-0.0104263431773413,248.2357,236.272,21.3312,44.0946,51.1031,26.783,-193.8537,100.0,50.0,276.1867,248.2357,220.2846,-103002473.1547,145358446.0
2024-04-15,247.94,249.7392,222.14,223.41,11221490.0,234.5289,196661.0,0.0042853285994093,0.0857267823297855,0.0559968908340722,-0.0086888507838318,248.5797,237.4749,45.7578,55.8599,51.9413,27.6462,-104.7869,0.0,53.3333,275.3016,248.5797,221.8577,-111547457.2609,161830590.0
2024-04-12,259.42,259.97,244.3101,245.75,9051648.0,251.2257,147623.0,0.0076773999831031,0.2072607584987222,0.0531370176676783,-3.989657301955996e-05,247.9917,238.4449,65.1948,57.9472,56.2952,28.3155,11.7519,0.0,56.6667,277.5309,247.9917,218.4524,-101342086.4389,173070377.0
2024-04-11,250.99,264.3,247.3103,263.01,8655112.0,256.2235,137217.0,0.0103230633532212,0.3098107569721113,0.0513679163635338,0.0093037339379967,246.5853,237.9411,56.6271,48.404,60.0548,28.6701,58.9093,3.3333,60.0,280.1593,246.5853,213.0114,-93955004.3627,182122025.0
2024-04-10,238.24,251.265,234.12,250.99,8416023.0,246.2364,133880.0,0.0089910825676237,0.2598634675233411,0.0508923965241478,0.0078408243264125,244.5117,236.2122,52.0196,44.6396,58.1744,28.9882,4.2763,0.0,63.3333,281.3022,244.5117,207.7211,-101295779.5022,173466913.0
2024-04-09,253.225,254.55,241.1,242.95,7824680.0,245.8822,139288.0,0.0087954720963792,0.2527070227905534,0.0508105933811237,0.0078408243264125,242.786,235.193,36.5654,37.5757,56.8613,29.4644,12.9999,0.0,66.6667,282.9052,242.786,202.6668,-109441822.1785,165050890.0
2024-04-08,252.859,261.63,249.68,256.99,10042177.0,256.0721,167333.0,0.01623168898231,0.5483190745872992,0.0569386579441058,0.009393840241039,241.1523,234.6581,45.3339,36.4416,60.0433,29.8451,54.7014,0.0,70.0,284.9358,241.1523,197.3688,-103855589.0372,172757027.0
2024-04-05,244.91,253.96,240.2,240.9,8438580.0,245.7533,133787.0,0.0130437959518178,0.4095137791820253,0.056695426113915,0.0078408243264125,238.1187,233.1179,30.8277,28.9722,57.4026,30.0973,22.5443,3.3333,73.3333,289.1107,238.1187,187.1266,-106063351.4874,162875843.0
2024-04-04,260.15,261.5,249.46,249.61,8098342.0,255.897,135242.0,0.0159514997549856,0.536912751677852,0.056398390830528,0.009393840241039,235.7857,232.5812,33.1633,27.172,59.4589,30.4407,51.6903,6.6667,76.6667,292.1741,235.7857,179.3973,-98702146.8886,171070841.0
2024-04-03,244.04,255.998,243.0,251.58,6670175.0,251.3048,110630.0,0.0141178832105845,0.4517022504327754,0.0580128865423737,0.009393840241039,232.879,231.4068,22.9257,24.4939,59.9283,30.6411,45.8432,10.0,80.0,294.8325,232.879,170.9255,-90868169.6992,179105005.0
2024-04-02,238.1,248.125,235.99,245.84,8817643.0,243.1597,149335.0,0.0120436829395336,0.3634296489379398,0.0587534639415539,0.0078408243264125,230.2697,230.0156,25.427,32.0158,59.0171,30.9054,32.3294,13.3333,83.3333,295.367,230.2697,165.1723,-92970972.649,172537914.0
2024-04-01,261.87,268.81,249.2238,252.11,10007691.0,257.0638,169057.0,0.0158183009287795,0.521760125550794,0.0598872539203353,0.009393840241039,228.0853,228.9242,25.1289,44.0942,60.469,31.262,66.1444,16.6667,86.6667,295.3092,228.0853,160.8614,-98419043.1451,181277152.0
2024-03-28,260.21,270.79,257.91,265.12,11201564.0,264.8379,162670.0,0.0185535102921079,0.6530739493702455,0.0587236337026345,0.0123008848864709,225.204,227.3252,45.4916,61.1909,63.6079,31.4081,86.8214,0.0,90.0,295.4059,225.204,155.0021,-91662100.2657,190857632.0
2024-03-27,276.22,276.605,253.95,256.7,11092626.0,261.9445,185105.0,0.0222064477623171,0.8284778118099587,0.0627656727092437,0.0123008848864709,221.7127,224.7187,61.6621,72.2342,62.3864,31.4051,85.4068,0.0,93.3333,294.0134,221.7127,149.4119,-93001417.7005,179656068.0
2024-03-26,280.12,280.83,266.6901,266.81,10316202.0,274.3345,178703.0,0.0219036600151776,0.8112144457266985,0.06307600677402,0.0123008848864709,217.8357,222.5131,76.4191,78.4878,64.9155,31.4019,106.4231,3.3333,96.6667,294.5549,217.8357,141.1164,-84601770.8663,190748694.0
2024-03-25,261.0,283.48,260.25,279.71,13941661.0,276.8719,232373.0,0.0246898807539783,0.9699274596802594,0.0618438113853403,0.0154032163110291,213.8523,219.4581,78.6215,75.476,68.3322,31.1688,117.6722,6.6667,100.0,292.3747,213.8523,135.33,-74460522.3836,201064896.0
2024-03-22,254.24,260.7246,249.55,255.51,9828192.0,255.5777,141641.0,0.0239067431684777,0.9276499434175776,0.0610963836135389,0.0154032163110291,209.2617,215.3028,80.4229,67.2789,64.9906,30.9277,88.4451,0.0,96.6667,287.9492,209.2617,130.5742,-83876995.0952,187123235.0
2024-03-21,260.24,276.38,256.2678,262.0,16194908.0,266.8485,243609.0,0.0275941889067612,1.1463094945523062,0.0613848148964272,0.0184964491101348,205.163,212.5299,67.3836,51.837,66.8185,30.8753,112.1275,0.0,100.0,286.5507,205.163,123.7753,-84532583.1535,196951427.0
2024-03-20,231.38,256.96,228.8,256.88,13833319.0,244.0555,211145.0,0.0275642496657937,1.1444194006177488,0.0613887638359119,0.0180473604956231,200.4987,209.1182,54.0303,39.4362,66.0912,30.6974,86.7656,3.3333,76.6667,284.3247,200.4987,116.6726,-77567003.455,180751569.0
2024-03-19,223.24,233.29,216.16,230.12,12928500.0,225.5192,188514.0,0.0243955985643039,0.9618073316283032,0.0591395519863746,0.0180473604956231,195.929,205.8242,34.097,32.4682,61.8686,30.694,54.3749,6.6667,80.0,281.8822,195.929,109.9758,-91322741.2391,166917227.0
2024-03-18,238.61,244.05,230.21,239.62,9734538.0,238.6085,148077.0,0.0226422760292506,0.8543569106949396,0.0617349835616841,0.0180473604956231,192.1683,204.1487,30.1813,35.2664,64.6306,30.9453,77.5685,10.0,83.3333,281.6102,192.1683,102.7265,-99466262.2549,179845727.0
2024-03-15,225.06,244.65,222.83,242.36,17256270.0,237.1944,227891.0,0.0230889203884548,0.8794881737107405,0.0615359104747477,0.0180473604956231,188.4883,201.7024,33.1264,45.4193,65.4452,30.9275,80.7624,13.3333,86.6667,278.8973,188.4883,98.0793,-102969010.0237,189580271.0
2024-03-14,245.0,248.27,227.24,233.67,18789298.0,236.2866,270728.0,0.0220442882406919,0.8226989079563185,0.0615536798563777,0.0154032163110291,184.708,198.8984,42.4915,58.0588,64.0563,30.9091,86.3698,16.6667,90.0,275.2746,184.708,94.1414,-116603203.1859,172324001.0
2024-03-13,253.36,269.3899,250.53,251.73,17329799.0,258.6099,249748.0,0.0237681554410779,0.9242470570249206,0.0595959715569031,0.0154032163110291,181.1923,196.5004,60.6401,71.0619,69.6829,30.8015,127.5697,20.0,93.3333,272.0713,181.1923,90.3134,-109461746.7465,190706477.0
2024-03-12,257.835,260.79,242.09,256.14,14666166.0,253.6984,226397.0,0.0238401278969444,0.928474627315164,0.0595477154984553,0.0154032163110291,177.162,192.6914,71.0449,81.1235,71.1583,30.1788,132.3876,23.3333,96.6667,265.8689,177.162,88.4551,-94523034.0858,207823387.0
2024-03-11,270.085,271.65,253.96,254.17,20296431.0,264.416,312203.0,0.025610524623109,1.0301118210862632,0.0598318976502099,0.0180473604956231,173.0513,188.3157,81.5006,84.7772,70.8922,29.607,159.1023,26.6667,100.0,258.0915,173.0513,88.0112,-101629610.5243,193685836.0
2024-03-08,246.0,270.5476,244.9,256.62,21883953.0,256.3773,324509.0,0.0270829388891731,1.12065118585241,0.059491130796634,0.0201304648864413,168.7523,183.774,90.8251,83.1743,71.6874,28.7218,172.9852,30.0,100.0,249.9055,168.7523,87.5992,-82029071.3728,213763053.0
2024-03-07,240.0,242.87,235.5,242.62,10609304.0,240.2125,189810.0,0.0250688377128271,0.9995055216746332,0.0594431721457803,0.0180473604956231,164.232,178.7501,82.0058,77.1724,69.8172,27.814,157.8567,33.3333,100.0,240.249,164.232,88.215,-80145424.7688,191879100.0
2024-03-06,229.2,239.9,223.03,238.55,17936728.0,233.0956,271007.0,0.0237351670352553,0.9208470891376126,0.0600535669002548,0.0163891641049126,160.1893,174.3453,76.692,77.8382,69.2463,27.1009,159.6956,36.6667,96.6667,231.8776,160.1893,88.501,-90034965.9465,181269796.0
2024-03-05,230.0,239.98,215.4,216.77,23863310.0,226.4544,357523.0,0.0193408348179605,0.6907417518134309,0.0590930061984472,0.0123008848864709,156.3773,169.9174,72.8195,79.6449,65.9109,26.3904,154.8994,40.0,100.0,222.9743,156.3773,89.7803,-105100966.8807,163333068.0
2024-03-04,217.3901,236.46,212.2469,229.15,23294868.0,225.1276,358377.0,0.0220662087602592,0.8368737474949892,0.0575107196075476,0.0163891641049126,153.4253,166.6862,84.0032,81.9608,70.0876,25.6554,177.0995,43.3333,100.0,216.8271,153.4253,90.0235,-83897765.4812,187196378.0
2024-03-01,202.7,206.39,196.0101,205.77,9297387.0,203.4402,160069.0,0.0183887222660973,0.6548978607045204,0.0550116874938802,0.0123008848864709,149.9453,162.3783,82.1119,81.4935,66.1745,24.9262,139.7349,46.6667,93.3333,207.5337,149.9453,92.357,-93127066.9011,163901510.0
2024-02-29,206.46,211.31,193.88,203.56,16237764.0,201.5045,240305.0,0.0156561946164951,0.5206932616166149,0.0573060461033163,0.0108379752748867,147.231,159.3858,79.7673,74.7988,65.7652,24.4775,157.4836,50.0,96.6667,201.6263,147.231,92.8357,-101313772.6923,154604123.0
2024-02-28,209.41,212.22,197.66,200.8,25397116.0,205.8016,371578.0,0.0151930477021111,0.499850612488796,0.0573757254959533,0.0068905823194076,144.9077,156.3393,82.6012,63.5197,65.2578,24.0133,181.7813,53.3333,100.0,195.2866,144.9077,94.5288,-103111758.0348,138366359.0
2024-02-27,205.18,209.94,192.09,199.22,22679097.0,201.6024,332142.0,0.0157188143566148,0.5233216088086861,0.0573790380266681,0.0124417711494335,142.677,153.273,62.0278,44.1927,64.9705,23.4381,201.2047,56.6667,100.0,188.6968,142.677,96.6572,-88668892.6172,112969243.0
2024-02-26,168.66,196.95,168.4,193.94,22593709.0,187.1863,300759.0,0.0123601978952921,0.3739019552281097,0.0595163311942997,0.0045738221679422,140.3957,150.1043,45.9302,37.0429,64.009,22.8672,183.8614,60.0,100.0,181.5003,140.3957,99.291,-84107662.4642,90290146.0
2024-02-23,167.38,170.0,160.66,165.98,7191183.0,165.5802,114954.0,0.0045131469136461,0.097098288056052,0.0536484036721796,0.0026956225731107,138.6363,147.0811,24.62,40.4209,58.1252,22.4201,117.5098,63.3333,86.6667,174.6227,138.6363,102.6499,-101937303.9273,67696437.0
2024-02-22,164.85,171.99,163.8,170.91,9023267.0,169.0455,142277.0,0.005321147750019,0.1244818738074875,0.0533214453583254,0.0026956225731107,138.1467,145.7778,40.5785,56.7014,59.7912,22.315,141.0987,66.6667,90.0,173.0138,138.1467,103.2795,-102938218.0494,74887620.0
2024-02-21,164.25,168.09,161.19,162.41,10689582.0,164.3809,152023.0,0.0020230435116424,0.0187554886463436,0.0533713363731638,0.0009722236542467,137.516,144.0445,56.0643,71.4272,57.774,22.126,125.5173,70.0,93.3333,170.6303,137.516,104.4017,-109584667.379,65860353.0
2024-02-20,179.87,181.31,163.39,173.3,16196519.0,171.066,232373.0,0.0052953192130478,0.1254708403688793,0.0522927564680307,0.0026956225731107,137.4163,142.7779,73.4613,80.5243,61.6014,21.9872,173.462,73.3333,96.6667,170.2471,137.4163,104.5856,-102675169.4486,76549935.0
2024-02-16,189.05,193.64,178.8,180.31,33233298.0,187.0054,436791.0,0.0062441918035597,0.1588046272493577,0.0517379363923766,0.0026956225731107,136.7723,140.6729,84.756,85.1059,64.25,21.7889,248.1537,76.6667,100.0,167.4496,136.7723,106.095,-104392434.2979,92746454.0
2024-02-15,168.79,172.82,162.08,165.67,22992818.0,170.542,347830.0,0.0040342575316637,0.0882159747766686,0.0495526602858742,0.0026956225731107,135.9487,137.9394,83.3555,85.21,60.852,21.1744,179.173,80.0,100.0,163.021,135.9487,108.8764,-77922246.8074,59513156.0
2024-02-14,151.83,161.125,150.4,160.38,18041752.0,157.3371,248591.0,0.001948893892608,0.0223100458949516,0.0496068290287563,0.0009722236542467,135.501,136.0269,87.206,88.5693,59.5076,20.8264,134.6479,83.3333,0.0,160.9905,135.501,110.0115,-70300791.3064,36520338.0
2024-02-13,138.39,143.75,137.13,140.39,9568838.0,140.6375,138527.0,-0.0060632774409436,-0.1927897884084631,0.0455195337240226,-0.0014345091503605,135.3843,134.3474,85.0686,85.2606,53.6996,20.6587,28.6945,86.6667,0.0,160.4457,135.3843,110.3229,-85836043.4948,18478586.0
2024-02-12,141.1,150.35,140.985,147.31,10977082.0,147.0762,160992.0,-0.0067225026612009,-0.2095406739643701,0.0462446947990217,-0.0014345091503605,136.502,133.9306,93.4332,74.7449,56.407,20.8231,49.3029,90.0,0.0,165.0981,136.502,107.9059,-85691499.1141,28047424.0
2024-02-09,142.155,144.55,137.17,141.99,15969064.0,141.0471,215582.0,-0.0077698765599298,-0.2334808896566615,0.0455830868750831,-0.0014345091503605,137.8037,133.0079,77.28,51.4269,54.71,20.8769,14.4416,93.3333,3.3333,171.3719,137.8037,104.2354,-89541975.8221,17070342.0
2024-02-08,127.218,133.0499,125.81,132.55,11279872.0,130.7206,156118.0,-0.0075883648137012,-0.2295844231328103,0.0459069478504698,-0.0014345091503605,139.2453,132.3885,53.5215,33.0835,51.4696,21.0556,-38.0317,96.6667,6.6667,176.8778,139.2453,101.6129,-94437130.9223,1085278.0
2024-02-07,119.68,124.4,114.51,122.07,8985106.0,120.3276,124228.0,-0.0111016570415261,-0.3043651698199223,0.0425303658990769,-0.0036625984725925,140.562,132.3773,23.4793,25.8088,47.4333,21.5096,-80.8975,100.0,10.0,179.8911,140.562,101.2329,-104190328.1857,-10230594.0
2024-02-06,118.61,120.895,115.9,119.79,6740590.0,119.1077,104922.0,-0.010258189960625,-0.2870915907873594,0.0433624191065415,-0.0036625984725925,142.3423,133.0882,22.2499,33.4888,46.4975,22.2085,-90.1945,96.6667,13.3333,182.9757,142.3423,101.7089,-108941804.8672,-19215700.0
2024-02-05,128.7,128.89,115.8,117.3,13067336.0,119.7165,177244.0,-0.0096951319296722,-0.2752996416656369,0.0438742528688634,-0.0036625984725925,143.9503,134.0053,31.6971,44.5625,45.4727,22.9181,-88.8486,100.0,16.6667,184.7044,143.9503,103.1962,-112700071.7641,-25956290.0
2024-02-02,126.9,130.13,125.55,129.22,6109963.0,128.0868,90858.0,-0.0064754888649273,-0.1981881360138992,0.0411582282028707,-0.0014345091503605,145.4357,135.1574,46.5194,55.6882,49.8953,23.6521,-66.1396,66.6667,20.0,185.4374,145.4357,105.4339,-102627541.5701,-12888954.0
2024-02-01,128.75,132.0676,124.24,128.95,8459115.0,128.7981,107087.0,-0.0048659073133807,-0.1595515870429512,0.0423877061161002,-0.0014345091503605,146.5003,135.5669,55.4709,61.5627,49.7883,24.2465,-70.4009,70.0,23.3333,186.4192,146.5003,106.5815,-106309528.0067,-18998917.0
2024-01-31,129.09,135.55,127.57,128.2,9838769.0,131.7678,127515.0,-0.0038145774981867,-0.1331981068289387,0.0430267772970147,-0.0014345091503605,147.3163,136.0232,65.0743,59.5103,49.499,24.8613,-67.7375,73.3333,26.6667,186.7649,147.3163,107.8678,-108031449.3505,-27463192.0
2024-01-30,136.05,136.7,130.44,130.82,8745746.0,132.4759,121051.0,-0.0043902403022861,-0.1484736054156092,0.0433541253082762,-0.0014345091503605,147.973,136.5627,64.143,47.5741,50.4815,25.399,-63.719,76.6667,30.0,186.7774,147.973,109.1686,-99746170.1926,-17624423.0
2024-01-29,127.09,136.8892,125.7957,132.82,17813660.0,132.5139,209742.0,-0.00318601710959,-0.117240462581417,0.043542415756967,0.0015740114076599,148.7333,136.9588,49.3137,34.0746,51.2318,25.8691,-72.0341,80.0,33.3333,187.0544,148.7333,110.4122,-92062208.052,-8878677.0
2024-01-26,127.52,128.1,121.46,125.2,13956345.0,124.9419,166487.0,-0.0026267942135474,-0.1032803323306119,0.0444594880264998,0.0015740114076599,149.3213,137.2442,29.2658,28.9725,48.4074,26.3555,-106.9961,83.3333,36.6667,187.1863,149.3213,111.4564,-96807432.4326,-26692337.0
2024-01-25,122.38,124.26,118.92,121.01,8166361.0,121.23,110678.0,-0.0033945513722438,-0.1232430082596726,0.0440061260279638,0.0015740114076599,149.802,138.0748,23.6443,31.8848,46.7686,27.0714,-128.7978,86.6667,40.0,186.7858,149.802,112.8182,-98572994.1494,-40648682.0
2024-01-24,127.28,127.97,120.79,121.34,9118913.0,123.5581,120572.0,-0.0052590645659056,-0.1724184967944348,0.0451091809431022,0.0015740114076599,150.369,139.2517,34.0073,33.2397,46.882,27.9111,-127.9534,90.0,43.3333,186.0691,150.369,114.6689,-96799028.0895,-32482321.0
2024-01-23,122.41,126.145,120.33,124.19,9737109.0,123.488,133880.0,-0.0019413015163658,-0.0881121961964901,0.0472935208573715,0.0038204599411224,151.2117,140.487,38.0027,27.5412,47.8504,28.7283,-136.7225,93.3333,46.6667,185.2876,151.2117,117.1357,-89423003.265,-23771818.0
2024-01-22,124.05,131.7757,122.5,128.21,12032897.0,127.2165,153068.0,-0.0005098974532097,-0.0476862512070115,0.0470307399302803,0.0051948599387328,151.6117,141.6109,27.7092,19.5437,49.2371,29.6196,-122.242,96.6667,50.0,184.6762,151.6117,118.5472,-92612890.2203,-14034709.0
2024-01-19,124.34,124.82,118.02,124.75,16692645.0,122.0752,212962.0,-0.0027587117722901,-0.1101997146932952,0.0472388730814973,0.0038204599411224,151.8257,142.5352,16.9118,15.0014,47.9829,30.484,-152.9113,100.0,53.3333,184.3604,151.8257,119.2909,-95396836.2257,-26077356.0
2024-01-18,133.25,137.31,123.93,124.34,14464463.0,128.9584,181104.0,-0.0030788931276825,-0.1187185484442553,0.0472292915694875,0.0020970610222584,152.3407,143.7617,14.01,12.3859,47.8352,31.5177,-131.3747,100.0,56.6667,183.6093,152.3407,121.0721,-111745809.1227,-42770001.0
2024-01-17,130.51,134.26,129.41,133.86,8133091.0,132.088,116713.0,0.0011183975651096,0.0007476076555019,0.046586879318754,0.0051948599387328,152.899,145.1011,14.0824,13.4223,51.0899,32.4658,-115.541,0.0,60.0,182.712,152.899,123.086,-98116178.6833,-28250538.0
2024-01-16,129.435,136.4,126.88,133.88,14789707.0,132.4223,185992.0,0.0035394558317328,0.0734445157152026,0.0483133804692104,0.0088167618495746,152.8957,145.8764,9.0652,19.3579,51.0969,33.2941,-115.6791,0.0,63.3333,182.7172,152.8957,123.0741,-104907728.8998,-20117447.0
2024-01-12,137.19,141.07,130.37,130.78,20392801.0,134.3639,272700.0,0.001940896303642,0.0231575653262401,0.0484130239840089,0.0051948599387328,152.5903,146.7037,17.1194,31.7751,50.0629,34.151,-102.1824,3.3333,66.6667,183.357,152.5903,121.8237,-111867591.0174,-34907154.0
2024-01-11,159.19,161.04,140.01,141.16,31754164.0,147.9332,412177.0,0.0042750747729523,0.1004911514773518,0.0463625105646774,0.0051948599387328,152.4917,147.8019,31.8891,39.0881,53.7408,34.9403,-26.8873,6.6667,70.0,183.555,152.4917,121.4283,-93037602.8043,-14514353.0
2024-01-10,149.21,153.4728,143.15,151.29,18718224.0,149.9683,255559.0,0.0088726366655965,0.2631710778993066,0.0459072950549041,0.0088167618495746,152.062,148.26,46.3168,39.3575,57.7427,35.4711,-11.8968,0.0,73.3333,184.0823,152.062,120.0417,-64756314.5628,17239811.0
2024-01-09,159.6,159.99,151.32,151.99,12959726.0,153.8508,170090.0,0.0102465121239157,0.3154751601177077,0.0460997123046927,0.011589918100092,151.0113,148.051,39.0584,31.4977,58.0314,36.1863,18.6285,0.0,76.6667,185.0678,151.0113,116.9549,-75558442.2813,35958035.0
2024-01-08,157.8,161.3789,146.51,159.42,18125703.0,155.3861,222076.0,0.0137192060934071,0.4592219679633864,0.0456075224847262,0.0163306227034274,149.7963,147.7794,32.6973,24.0457,61.169,36.6624,29.2615,0.0,80.0,186.1497,149.7963,113.4429,-64601718.9157,48917761.0
2024-01-05,152.67,157.69,151.09,153.98,10875480.0,154.43,137345.0,0.0137296702729784,0.4596644231680726,0.0456125152311373,0.0163306227034274,148.124,146.9766,22.7372,19.1964,59.6239,37.1548,27.5574,0.0,83.3333,187.0757,148.124,109.1723,-77951488.3084,30792058.0
2024-01-04,152.5,161.28,148.8058,155.6,14874267.0,156.9876,186214.0,0.013885070870788,0.4665409990574931,0.0455378834694706,0.0163306227034274,146.5077,146.4936,16.7027,26.2198,60.3148,37.5115,35.963,0.0,86.6667,188.2757,146.5077,104.7396,-76610249.5932,41587394.0
2024-01-03,146.0,156.25,144.11,152.24,18573798.0,151.541,261671.0,0.0155219294879771,0.5370015143866731,0.0466711389544994,0.0163306227034274,144.8577,145.8655,18.1492,45.1207,59.3709,37.8805,24.3287,0.0,90.0,188.9072,144.8577,100.8082,-77938824.435,26713127.0
2024-01-02,173.0231,175.57,155.35,156.88,26549365.0,164.8267,357932.0,0.0172403839784124,0.618654560462236,0.0459220497780537,0.0215228053696275,143.0847,145.4259,43.8075,68.275,61.3177,38.3595,69.3889,0.0,93.3333,189.992,143.0847,96.1773,-84242288.0067,45286925.0
2023-12-29,186.06,187.25,171.0,173.92,19724384.0,176.3541,272601.0,0.0200885253762409,0.7719816607233823,0.041082532322997,0.0215228053696275,141.086,144.636,73.4053,82.3181,69.3955,38.4663,122.7734,0.0,96.6667,190.5137,141.086,91.6583,-61710779.431,71836290.0
2023-12-28,179.31,187.39,177.75,186.36,17276287.0,183.7807,229068.0,0.0245071157954032,1.0236724942990554,0.0385556574278019,0.02881003854152,138.5603,142.6164,87.6123,86.3011,76.5084,37.9263,151.2775,0.0,100.0,188.7564,138.5603,88.3643,-49075035.5885,91560674.0
2023-12-27,176.32,186.97,175.5,185.24,15569914.0,183.2682,211644.0,0.024107676775467,0.9995682210708124,0.0388061042370637,0.02881003854152,135.418,139.5996,85.9365,85.1691,76.297,37.0396,155.7069,0.0,100.0,185.051,135.418,85.785,-62659501.9226,74284387.0
2023-12-26,174.8,178.12,169.05,172.05,12544846.0,173.1819,177801.0,0.0214517732638847,0.8515927679724498,0.0378326159769267,0.0215228053696275,132.3313,136.452,85.3545,85.2112,73.5909,36.127,134.5495,3.3333,96.6667,180.6879,132.3313,83.9748,-73432979.158,58857198.0
2023-12-22,169.77,178.6955,167.9,175.48,15765367.0,175.1986,206849.0,0.0221248572978102,0.8897264699547704,0.0372727063517513,0.0215228053696275,129.6937,133.9969,84.2164,85.4328,75.7653,35.2863,145.9043,6.6667,100.0,177.7279,129.6937,81.6595,-69186818.4942,71402044.0
2023-12-21,166.71,170.17,163.1,168.03,12081482.0,166.9566,164551.0,0.0223604127908338,0.9025135869565212,0.0374343195429826,0.0215228053696275,126.9397,131.136,86.0626,85.3044,74.1624,34.4166,133.4625,0.0,100.0,173.6122,126.9397,80.2672,-75587869.675,55569177.0
2023-12-20,164.73,169.48,160.07,161.86,16021890.0,165.7328,212889.0,0.0208090892587678,0.8172224093409679,0.0377124032276311,0.0163306227034274,124.2827,128.5916,86.0194,84.3221,72.7178,33.6257,130.8821,0.0,100.0,170.3677,124.2827,78.1977,-80355526.6453,43487695.0
2023-12-19,155.5,162.09,153.61,161.16,13906758.0,158.5459,187065.0,0.0217063340890223,0.865925668634943,0.0376301002516492,0.0215228053696275,121.8563,126.2973,83.8312,84.174,72.5495,32.8168,123.2741,0.0,100.0,167.434,121.8563,76.2786,-70429105.9545,27465805.0
2023-12-18,144.81,155.01,144.0,153.43,9959902.0,150.6838,137457.0,0.020248403264931,0.7882284382284377,0.0373370268268314,0.0163306227034274,119.3633,123.8929,83.1155,84.0333,70.6142,32.0829,105.2832,0.0,100.0,164.2454,119.3633,74.4812,-81227229.9592,13633767.0
2023-12-15,151.81,151.92,146.84,147.9,11802287.0,148.6712,134643.0,0.0194748788881957,0.74822695035461,0.0372140611401773,0.0128884599929499,117.109,121.8559,85.5753,78.6035,69.1081,31.4329,106.2167,0.0,96.6667,161.7132,117.109,72.5048,-88328522.4842,3673865.0
2023-12-14,152.1,154.74,149.1,153.63,12095076.0,152.4153,168329.0,0.0236269205777115,0.974424881120679,0.037595061389995,0.017626559873598,114.999,120.0597,83.409,71.678,72.8479,30.8112,125.9277,0.0,100.0,159.5661,114.999,70.4319,-81451599.3503,15476152.0
2023-12-13,139.62,150.65,137.15,150.46,12514886.0,143.8908,155601.0,0.0232228663394318,0.9509854771784227,0.0376854146507313,0.0128884599929499,112.4717,117.7446,66.8261,64.3497,72.0387,30.0565,114.609,0.0,100.0,156.5863,112.4717,68.3571,-88785847.5631,3381076.0
2023-12-12,139.89,141.75,135.99,139.62,8303476.0,139.3153,101802.0,0.0222290923483297,0.8970108695652175,0.0366152318959911,0.0128884599929499,110.027,115.4883,64.7988,63.7397,68.983,29.3399,100.5076,0.0,83.3333,153.5748,110.027,66.4792,-100948462.6979,-9133810.0
2023-12-11,141.5,142.87,135.985,138.02,12160377.0,139.3515,157209.0,0.0231707336945686,0.949985871715174,0.0366927445665468,0.0180806426591501,107.8263,113.8241,61.424,61.6952,68.4917,28.7516,108.496,0.0,86.6667,151.8399,107.8263,63.8127,-103110826.2396,-17437286.0
2023-12-08,136.19,146.74,135.85,146.62,12023554.0,142.7795,163133.0,0.0234147812014172,0.96515212438011,0.0361683006874358,0.0180806426591501,105.585,112.1554,64.9961,64.6001,74.634,28.1429,132.4534,3.3333,90.0,150.0658,105.585,61.1042,-98138936.4422,-5276909.0
2023-12-07,131.02,138.48,130.17,136.19,9795672.0,135.3543,125186.0,0.0194993320594836,0.7507391695590684,0.0365564400357349,0.0128858552702626,103.1847,109.7785,58.6655,71.0182,71.6538,27.5133,116.2013,6.6667,93.3333,146.2997,103.1847,60.0697,-109897508.5359,-17300463.0
2023-12-06,142.5,143.44,134.115,134.63,12584385.0,138.7137,169132.0,0.0173747348421149,0.6404289021566945,0.0387414055060369,0.0115657462994026,101.238,107.957,70.1388,79.2596,71.164,27.0132,136.6662,10.0,96.6667,143.4811,101.238,58.9949,-114294362.5142,-27096135.0
2023-12-05,140.0,147.86,139.1762,140.2,18303393.0,143.786,232398.0,0.0207972072748149,0.8158269654189871,0.0380750715846655,0.0180806426591501,99.486,106.1175,84.2504,84.3259,75.6776,26.3035,173.0939,13.3333,100.0,140.3825,99.486,58.5895,-103229116.2788,-14656904.0
2023-12-04,143.53,146.3,137.6,141.09,21554095.0,142.2368,272769.0,0.0221459694610947,0.8897669434770956,0.0378067409428431,0.0266188713092674,97.3863,103.767,83.3896,84.5803,76.4264,25.3091,194.6893,16.6667,100.0,136.1166,97.3863,58.6561,-89241578.9534,3646489.0
2023-12-01,126.39,134.33,125.88,133.76,13693520.0,131.1898,174723.0,0.0210306690653161,0.829822161422709,0.0373173593521615,0.0216587587150727,95.172,101.193,85.3377,87.4222,74.4108,24.3042,173.3752,20.0,100.0,131.1528,95.172,59.1912,-84978767.5281,-17915406.0
2023-11-30,126.06,127.14,118.4,124.72,14074010.0,123.7724,163054.0,0.0182403625091863,0.6870012173677802,0.0364861869048833,0.0177625132190432,93.15,98.947,85.0136,90.3344,71.5063,23.4685,154.4016,23.3333,96.6667,126.9831,93.15,59.3169,-96824877.7293,-31608926.0
2023-11-29,127.82,131.42,126.3,127.82,13906704.0,128.3302,181801.0,0.0175297274257385,0.6501420087787244,0.0375004165637394,0.0177625132190432,91.457,97.1696,91.9152,93.2196,74.3019,22.7485,198.0088,26.6667,100.0,123.8543,91.457,59.0597,-103105042.3746,-17534916.0
2023-11-28,122.05,129.26,119.7005,128.27,17639131.0,125.6648,233252.0,0.0186438760717889,0.705491291051721,0.0373550655112826,0.0216587587150727,89.7783,95.0557,94.0744,93.8747,74.7118,21.5322,209.0715,30.0,100.0,119.5799,89.7783,59.9768,-97454589.1246,-3626108.0
2023-11-27,112.58,121.46,112.1828,119.77,14201949.0,118.28,177116.0,0.0170862565914476,0.6310772163965683,0.0360936797034165,0.0216587587150727,88.0097,92.7651,93.6691,94.2759,71.8793,20.3112,190.8692,33.3333,100.0,114.5873,88.0097,61.4321,-111440236.2206,-21265239.0
2023-11-24,108.45,116.94,107.98,115.54,11654562.0,113.9878,142655.0,0.0150856544049486,0.5366405107062111,0.0366156018653736,0.0177625132190432,86.465,90.9027,93.8806,94.2813,70.2778,19.1942,186.042,36.6667,100.0,110.7687,86.465,62.1613,-120470474.0556,-35471188.0
2023-11-22,106.17,109.99,103.36,109.25,10356518.0,107.3884,129971.0,0.0122356748426255,0.4124111182934713,0.0365248884383472,0.0115657462994026,85.12,89.2036,95.2781,91.9085,67.6278,18.1339,165.723,40.0,100.0,107.2033,85.12,63.0367,-128482985.4306,-47125750.0
2023-11-21,104.0,106.0594,101.34,105.49,9348226.0,103.8996,110610.0,0.0100972210611484,0.3249183622205471,0.0369671780651771,0.0077952260395206,84.0567,87.821,93.6853,87.3824,65.8693,17.2011,160.4479,43.3333,96.6667,104.3929,84.0567,63.7204,-136527641.1923,-57482268.0
2023-11-20,100.71,106.46,100.01,106.1,10982256.0,103.9437,136906.0,0.0105079960656862,0.3413400758533496,0.0368571146084397,0.0077952260395206,83.1943,86.6025,86.7621,78.7706,66.4353,16.3396,179.6107,46.6667,100.0,101.955,83.1943,64.4337,-143620122.867,-48134042.0
2023-11-17,97.0,99.43,94.9,99.05,7373822.0,97.7317,89053.0,0.0084073577002544,0.2624267142492993,0.0350931739687301,0.0074001896650379,82.2943,85.2578,81.6999,70.4389,62.8712,15.4485,144.1669,50.0,93.3333,99.0574,82.2943,65.5312,-153376452.6158,-59116298.0
2023-11-16,97.68,97.89,94.45,96.92,7071446.0,96.436,91670.0,0.0093901525746672,0.2988474939694452,0.0358638212736474,0.0074001896650379,81.608,84.3067,67.8498,60.8479,61.6829,14.7275,147.4458,53.3333,96.6667,97.2171,81.608,65.9989,-159513165.4061,-66490120.0
2023-11-15,93.92,100.15,93.07,98.15,11968933.0,97.6667,142235.0,0.0103296354533657,0.3359194228936979,0.0356457461572328,0.008552059061202,80.8647,83.4368,61.7668,57.1985,62.8049,14.0296,173.2778,0.0,100.0,95.5848,80.8647,66.1445,-162597691.2782,-59416274.0
2023-11-14,94.91,95.32,89.79,92.09,10136185.0,92.5733,121095.0,0.0085914271141295,0.2705573951434876,0.0341377028038295,0.008552059061202,80.042,82.4221,52.9271,59.2194,59.277,13.3076,143.7066,3.3333,90.0,93.5116,80.042,66.5724,-167804515.2387,-71385207.0
2023-11-13,91.78,93.2677,88.62,92.64,8860361.0,91.433,87921.0,0.0075367254270632,0.2301155225069708,0.0350469464563899,0.008552059061202,79.3883,81.7553,56.9016,68.7181,59.7744,12.7138,151.185,6.6667,93.3333,92.3495,79.3883,66.4272,-166099624.2712,-61247522.0
2023-11-10,94.4,96.2185,91.8,92.92,9853318.0,93.8279,114593.0,0.007739283555522,0.237613212573255,0.0350029186642776,0.008552059061202,78.8107,81.0046,67.8295,79.1929,60.0223,12.1686,202.27,10.0,96.6667,90.8713,78.8107,66.75,-172566694.5684,-52387161.0
2023-11-09,92.9,99.82,91.3686,92.86,20941380.0,95.5324,245054.0,0.0076822658915085,0.2354976051091,0.0350158173410902,0.008552059061202,78.216,80.1829,81.4233,85.8081,59.9879,11.4045,257.286,13.3333,100.0,89.1411,78.216,67.2909,-167708608.5069,-62240479.0
2023-11-08,88.8,89.15,84.69,88.32,7276011.0,87.1291,94049.0,0.0076652948608046,0.2348993288590606,0.0349947397651869,0.008552059061202,77.626,79.3086,88.3258,88.0801,57.303,10.614,181.7169,0.0,96.6667,87.1453,77.626,68.1067,-154158187.1958,-83181859.0
2023-11-07,86.2,89.49,84.3,89.07,6755966.0,87.1948,85805.0,0.0084186521245346,0.2630459444129327,0.0348834375312086,0.0113030179165178,77.066,78.6871,87.6751,88.1249,57.9237,10.1699,213.9267,0.0,100.0,85.959,77.066,68.173,-158732364.5053,-75895848.0
2023-11-06,86.815,89.27,84.09,86.37,9881917.0,86.7153,113544.0,0.0068051950709942,0.2037630662020906,0.0349090024961292,0.008552059061202,76.4477,77.9711,88.2394,84.4358,56.2755,9.7106,227.0188,0.0,70.0,84.4512,76.4477,68.4441,-164400159.7076,-82658114.0
2023-11-03,83.79,88.34,82.05,85.8,12193525.0,85.6591,148182.0,0.0069548509393649,0.2091319052987603,0.0349176105228165,0.0100400640650802,75.9603,77.3918,88.4601,71.4637,55.9232,9.2437,232.977,3.3333,73.3333,83.2351,75.9603,68.6855,-163217381.9971,-92540031.0
2023-11-02,81.71,84.8,80.81,84.6,12596230.0,83.2285,149157.0,0.0049322750919764,0.1367911851652783,0.0361749705204903,0.008552059061202,75.4657,76.812,76.608,49.4952,55.1883,8.7958,215.1643,6.6667,76.6667,81.9748,75.4657,68.9566,-165563036.2499,-104733556.0
2023-11-01,77.42,79.41,75.87,77.81,6878582.0,77.5423,83081.0,0.0010452618258277,0.0148689187426636,0.0332676712893719,0.0073654898515771,75.1263,76.2749,49.3231,27.4646,50.6917,8.4693,70.1855,10.0,80.0,80.6877,75.1263,69.565,-176896486.3,-117329786.0
2023-10-31,73.6,77.47,73.56,77.12,6326705.0,75.7757,75371.0,0.0001241318431535,-0.0129271726609494,0.0334183580417991,0.0048186780287289,75.0883,76.169,22.5545,16.1813,50.2008,8.3607,18.983,13.3333,83.3333,80.5911,75.0883,69.5856,-177557141.0684,-124208368.0
2023-10-30,72.045,74.08,71.88,73.6,6454610.0,73.0327,79031.0,-0.0028914654923534,-0.0981497365518931,0.0330576446248182,0.0009995015428637,75.122,76.1034,10.5162,19.9248,47.6297,8.3369,-69.0367,16.6667,86.6667,80.6861,75.122,69.5579,-182757689.9815,-130542993.0
2023-10-27,76.45,76.5,70.42,70.78,9010568.0,72.4924,112199.0,-0.0044386356476372,-0.138405356055995,0.0320935358781043,-0.0038188687019325,75.389,76.276,15.4732,32.6525,45.4487,8.4746,-89.524,20.0,90.0,81.3871,75.389,69.3909,-186395741.7633,-136997601.0
2023-10-26,77.2,79.16,73.15,74.61,8294499.0,76.0966,104030.0,-0.0032467886189485,-0.1059316956261229,0.0309742840892712,-0.0038188687019325,75.768,76.6551,33.7848,43.4899,48.0775,8.6169,-13.5124,23.3333,93.3333,81.9862,75.768,69.5498,-178452214.7106,-127987033.0
2023-10-25,83.51,84.09,77.4,77.79,13773156.0,80.1295,161146.0,-0.0003856899750207,-0.025920360631104,0.0313282037992971,0.0009995015428637,76.0627,76.7961,48.6995,43.452,50.4181,8.6185,80.0386,26.6667,96.6667,82.8456,76.0627,69.2798,-174187655.3246,-119692534.0
2023-10-24,83.29,89.4,80.8891,82.07,23689528.0,85.038,265409.0,0.0007542046993694,0.0092228234136748,0.0300187390108293,0.0009995015428637,76.1317,76.7276,47.9854,34.8621,53.8275,8.3774,180.569,30.0,100.0,83.0247,76.1317,69.2387,-162020338.1408,-105919378.0
2023-10-23,75.5,80.73,72.42,77.21,13635694.0,77.5558,152686.0,-0.001054545478806,-0.0422971967253779,0.0277673266849734,0.0009995015428637,76.1067,76.3591,33.6712,30.3327,50.1254,7.9115,9.3624,33.3333,3.3333,82.9183,76.1067,69.295,-144904724.4425,-129608906.0
2023-10-20,74.64,76.76,73.5,74.66,8423324.0,74.9563,95559.0,-0.0027899458223033,-0.090510415397734,0.0271322041974298,-0.0038188687019325,76.2203,76.3004,22.9296,32.4975,48.0112,7.8334,-35.3328,36.6667,6.6667,83.2132,76.2203,69.2274,-146988639.1693,-143244600.0
2023-10-19,74.28,76.165,72.72,73.1,5391198.0,74.2709,71286.0,-0.0033790357959755,-0.1062477075437091,0.0267916055477996,-0.0038188687019325,76.468,76.4136,34.3973,36.901,46.6744,7.9727,-59.8232,40.0,10.0,83.7429,76.468,69.1931,-144559827.9546,-151667924.0
2023-10-18,76.88,78.38,73.78,73.93,5123350.0,75.1083,66558.0,-0.0014030652267088,-0.0526652998462325,0.0282843669472569,0.0009995015428637,76.7577,76.6421,40.1656,33.6555,47.2999,8.1513,-34.0008,43.3333,13.3333,84.1639,76.7577,69.3514,-140357979.8762,-146276726.0
2023-10-17,74.8,79.12,74.5,77.46,7459543.0,77.4422,95073.0,0.0003482564405269,-0.000516129032258,0.0270969446704211,0.0033656645529115,76.8947,76.8291,36.1401,30.8722,50.0581,8.2714,-0.1567,46.6667,16.6667,84.2384,76.8947,69.5509,-135568761.3979,-141153376.0
2023-10-16,77.61,79.3,73.355,75.21,12608642.0,75.3483,135673.0,-0.0008583799367993,-0.0356455955891775,0.0265539447836259,0.0009995015428637,76.896,76.7856,24.6608,36.725,48.1968,8.3519,-23.6765,50.0,20.0,84.2402,76.896,69.5518,-137667767.004,-148612919.0
2023-10-13,75.0,75.19,72.1,73.43,6163592.0,73.2895,80346.0,-0.0023406100761017,-0.0775125628140702,0.0263518447076327,-0.0036736263659026,76.9887,76.8943,31.8157,53.138,46.6771,8.4352,-76.5743,53.3333,23.3333,84.3155,76.9887,69.6618,-132927596.2942,-161221561.0
2023-10-12,77.04,77.181,74.45,75.19,5338642.0,75.7242,67746.0,-0.0032423399025246,-0.1030657282595727,0.0274953296242304,-0.0036736263659026,77.1943,77.1332,53.6986,70.6913,48.0237,8.7065,-38.5326,56.6667,0.0,84.4562,77.1943,69.9325,-132069879.6081,-155057969.0
2023-10-11,79.265,80.4899,75.6,77.35,6474139.0,77.5527,86712.0,-0.0026538909183536,-0.0867768595041317,0.0271474870587728,-0.0036736263659026,77.4823,77.2672,73.8997,77.0775,49.7256,8.89,2.8036,60.0,3.3333,85.0809,77.4823,69.8838,-129624386.6963,-149719327.0
2023-10-10,79.0,82.0699,77.9728,79.62,5645077.0,80.0554,74630.0,0.0032663837576774,0.0801790801790804,0.0380430073261133,0.0009995015428637,77.7273,77.2615,84.4758,70.2884,51.5826,9.0116,42.2399,63.3333,6.6667,85.7549,77.7273,69.6998,-127784184.2799,-143245188.0
2023-10-09,76.52,80.06,76.5,79.1,5631270.0,78.6284,75858.0,0.0028003715267588,0.0651764072178833,0.0380852402094281,-0.0036736263659026,77.5303,77.0989,72.8571,53.4089,51.1789,8.993,18.8858,66.6667,10.0,85.652,77.5303,69.4087,-126678206.0739,-148890265.0
2023-10-06,72.475,78.95,72.3183,78.46,7931250.0,76.4544,99585.0,0.0027999885549497,0.0651642682595718,0.0380851864006259,-0.0036736263659026,77.369,76.9609,53.5324,41.5754,50.6897,9.0786,-16.696,70.0,13.3333,85.5515,77.369,69.1865,-129272386.6357,-154521535.0
2023-10-05,73.53,75.48,72.1,74.62,6229265.0,73.9572,77822.0,-0.000681033096145,-0.04062741064541,0.0382506345554326,-0.0064280991125397,77.209,76.8575,33.8373,40.3139,47.647,9.2261,-62.8368,73.3333,16.6667,85.4871,77.209,68.9309,-136031595.5301,-162452785.0
2023-10-04,73.2,74.11,70.41,73.47,7613659.0,72.2596,92703.0,7.89209378136276e-05,-0.0190921228304402,0.0387902708219943,-0.0064280991125397,77.3143,77.0118,37.3566,50.9987,46.6948,9.5179,-93.4237,76.6667,20.0,85.5382,77.3143,69.0904,-139090938.6958,-168682050.0
2023-10-03,74.34,75.65,71.75,72.48,5815497.0,73.1566,75064.0,-0.0005446377909822,-0.0371944739638679,0.0387172464188856,-0.0064280991125397,77.362,77.256,49.7478,57.7565,45.8755,9.7404,-85.4886,80.0,23.3333,85.5125,77.362,69.2115,-144070683.2309,-176295709.0
2023-10-02,78.55,79.9494,74.4,75.31,9709327.0,76.8374,111566.0,0.0016598230264867,0.0289657056974996,0.038427564426776,-0.0056653391215173,77.4553,77.5854,65.8917,53.5915,47.9102,10.0444,-21.4561,83.3333,26.6667,85.4425,77.4553,69.4681,-140432269.7232,-170480212.0
2023-09-29,76.75,77.4999,74.57,75.08,5747236.0,75.719,74068.0,0.0005121829913978,-0.0063525674960295,0.0388799608998634,-0.0064280991125397,77.3847,77.7424,57.6299,37.6973,47.728,10.2723,-35.219,86.6667,30.0,85.4833,77.3847,69.2861,-133907246.4569,-180189539.0
2023-09-28,72.59,77.13,71.51,75.16,8252398.0,74.8815,97417.0,-0.0009038139366746,-0.0486075949367089,0.0396769781255412,-0.0069898756798463,77.4007,77.926,37.2529,21.3573,47.7842,10.6086,-58.3517,90.0,33.3333,85.4829,77.4007,69.3184,-130160823.0171,-174442303.0
2023-09-27,72.72,73.48,69.95,71.52,5324560.0,71.7699,68899.0,-0.0026760858008363,-0.0967416014144986,0.0384934725217295,-0.0069898756798463,77.5287,78.1167,18.209,12.416,44.9334,10.9357,-121.7353,93.3333,36.6667,85.5865,77.5287,69.4709,-132627732.0278,-182694701.0
2023-09-26,71.74,73.09,69.71,70.52,5168151.0,71.021,64652.0,-0.0038211239777054,-0.1273357257765124,0.0384859338761957,-0.008838978273153,77.784,78.5717,8.6099,8.1349,44.1233,11.0619,-144.8322,96.6667,40.0,85.544,77.784,70.024,-132039466.1921,-188019261.0
2023-09-25,69.91,72.36,69.63,71.75,5057460.0,71.1248,70969.0,-0.0033319897732274,-0.1143068756943587,0.0384066815989695,-0.0069898756798463,78.127,79.127,10.429,7.5385,44.9089,11.1691,-157.5223,100.0,43.3333,85.4709,78.127,70.7831,-129348357.9791,-182851110.0
2023-09-22,75.49,75.95,70.81,70.96,6321573.0,72.5934,88971.0,-0.0046544439429489,-0.1490586401247152,0.0385685389765929,-0.008838978273153,78.4357,79.6357,5.3659,8.108,44.2931,11.2369,-143.3716,100.0,0.0,85.4526,78.4357,71.4188,-132145707.6494,-187908570.0
2023-09-21,74.38,75.1899,72.8601,74.42,6543911.0,74.172,89111.0,-0.003480145724498,-0.1176191605406684,0.0378055672342009,-0.008838978273153,78.85,80.234,6.8206,15.8611,46.4933,11.3647,-118.0091,26.6667,0.0,85.5112,78.85,72.1888,-126193098.054,-181586997.0
2023-09-20,78.62,80.59,76.56,76.67,5467101.0,78.6663,66356.0,-0.0039028057747761,-0.1291458427987276,0.0381615894521521,-0.008838978273153,79.1807,80.635,12.1376,29.8596,47.9919,11.5987,-36.9464,30.0,0.0,85.9139,79.1807,72.4474,-128412039.461,-175043086.0
2023-09-19,82.15,82.4,77.77,78.13,7567368.0,79.5203,85059.0,-0.0024733356042825,-0.0910888785481616,0.0383835707633055,-0.0069898756798463,79.5597,80.9085,28.6252,43.2922,48.9822,11.9625,-8.0026,33.3333,3.3333,86.9344,79.5597,72.185,-123243390.6248,-169575985.0
2023-09-18,83.8,84.3489,81.22,81.61,6246696.0,82.5347,75862.0,-0.0015673460464925,-0.0652846180277171,0.037740134091513,-0.0069898756798463,79.8207,81.1001,48.8159,51.5513,51.4274,12.2727,52.9251,36.6667,0.0,87.5215,79.8207,72.1198,-116852805.5535,-162008617.0
2023-09-15,82.74,83.32,79.95,82.15,6272263.0,81.4589,78011.0,-0.0026117792011453,-0.0947658402203857,0.0382937195138697,-0.008838978273153,80.0107,81.0649,52.4354,53.151,51.8154,12.3974,32.7856,40.0,3.3333,88.1477,80.0107,71.8737,-112163341.4497,-155761921.0
2023-09-14,81.67,84.1,81.26,83.45,7145133.0,82.9136,83966.0,-0.001974551227419,-0.0771867743005635,0.0382316565086066,-0.0068446333438164,80.2973,80.9901,53.4026,59.2464,52.7414,12.5775,45.9953,43.3333,0.0,89.2778,80.2973,71.3168,-114080383.2568,-149489658.0
2023-09-13,81.89,83.15,79.6197,79.86,5925739.0,81.3879,78505.0,-0.0047900541231087,-0.1517790759426447,0.0377795066150006,-0.008838978273153,80.53,80.8204,53.6152,66.7659,50.3739,12.6885,1.5405,46.6667,0.0,90.1631,80.53,70.8969,-117954856.785,-156634791.0
2023-09-12,82.015,86.36,80.54,81.32,10519254.0,83.0105,123300.0,-0.0056992179804769,-0.1753371868978808,0.0384083043788598,-0.008838978273153,81.0063,80.8867,70.7214,68.719,51.3859,12.8486,24.1836,50.0,0.0,91.8028,81.0063,70.2099,-112835822.6439,-150709052.0
2023-09-11,82.0,83.2,77.79,80.62,7220697.0,80.0857,97411.0,-0.004634343035118,-0.1492190797804979,0.0392264267237479,-0.008838978273153,81.5827,80.8568,75.9612,58.3896,50.929,12.9631,-15.9719,53.3333,3.3333,94.0943,81.5827,69.0711,-105136162.4996,-161228306.0
2023-09-08,81.64,82.69,80.35,82.09,5689710.0,81.5464,76578.0,-0.0032930203266097,-0.1143596936023304,0.0394370574862741,-0.0068446333438164,82.054,80.8731,59.4742,42.6729,51.9196,13.2305,-5.8564,56.6667,0.0,95.4211,82.054,68.6869,-105469836.1133,-154007609.0
2023-09-07,76.2682,82.07,75.4564,81.79,6424048.0,79.5571,86250.0,-0.0057745160739661,-0.1800501253132833,0.041222702225452,-0.008838978273153,82.4073,80.7892,39.7335,36.2082,51.7344,13.3662,-32.4478,60.0,3.3333,96.3093,82.4073,68.5054,-108241746.1133,-159697319.0
2023-09-06,77.38,79.97,76.75,78.04,6636170.0,78.338,81757.0,-0.0066698705636312,-0.2010647010647011,0.0403258128291806,-0.008838978273153,83.006,80.7201,28.811,41.7202,49.3783,13.5352,-52.1038,63.3333,6.6667,98.2337,83.006,67.7783,-114121844.2403,-166121367.0
2023-09-05,78.0,79.29,76.28,77.5,4949006.0,77.5526,71378.0,-0.007296665805689,-0.2159838138593828,0.0402550431010536,-0.0107677391700932,83.6607,80.905,40.0803,56.6517,49.0319,13.8078,-61.2485,66.6667,10.0,99.6478,83.6607,67.6735,-112802853.9297,-172757537.0
2023-09-01,80.0,80.35,77.15,77.99,6676523.0,78.2803,85370.0,-0.0077385630416185,-0.2264431660384844,0.0403142086378825,-0.0115500235156277,84.3723,81.1398,56.2694,64.6645,49.328,14.1217,-57.641,70.0,0.0,101.0836,84.3723,67.6611,-111865666.747,-167808531.0
2023-08-31,84.43,84.57,78.9,79.6,8466425.0,80.9754,100811.0,-0.0072092003482385,-0.2139047995259728,0.0402509755685812,-0.0107677391700932,85.1333,81.357,73.6053,62.2276,50.2924,14.4021,-38.9664,73.3333,0.0,102.6715,85.1333,67.5951,-108694318.322,-161132008.0
2023-08-30,83.56,86.5,82.5743,83.83,9448025.0,84.41,110057.0,-0.0082174957645703,-0.2389468906037222,0.0416754345317903,-0.0107677391700932,85.8553,81.4782,64.1188,47.0061,52.9201,14.6031,-15.8347,76.6667,3.3333,104.1883,85.8553,67.5224,-102318368.6306,-152665583.0
2023-08-29,73.5,86.26,73.17,84.7,24067342.0,83.1442,269029.0,-0.006103112279032,-0.1901711444688784,0.0431022464510678,-0.0093351708080632,86.7327,81.316,48.9586,41.3468,53.4756,14.6158,-42.553,80.0,6.6667,107.0099,86.7327,66.4554,-98914557.3976,-143217558.0
2023-08-28,74.57,74.71,73.05,73.71,4043754.0,73.7294,56285.0,-0.0113762133224367,-0.3016579819990529,0.0320528554379487,-0.0101795736213317,87.3957,81.0826,27.9408,39.6817,46.6353,14.6388,-99.9279,83.3333,10.0,108.6413,87.3957,66.15,-117245451.1898,-167284900.0
2023-08-25,74.32,75.59,72.41,74.26,5115827.0,74.0358,63941.0,-0.0110533667970227,-0.2948437945114427,0.0321398737192924,-0.0101795736213317,88.457,81.5911,47.141,45.38,46.9694,15.0863,-104.1422,86.6667,0.0,110.0404,88.457,66.8736,-116417212.4187,-163241146.0
2023-08-24,77.76,78.0372,73.38,73.66,5585704.0,74.8526,72908.0,-0.0118513643322164,-0.3115887850467287,0.0319499191599674,-0.0115500235156277,89.492,82.0967,43.9633,36.733,46.5657,15.5492,-104.4394,90.0,3.3333,111.2303,89.492,67.7537,-117257190.6577,-168377936.0
2023-08-23,74.35,78.17,74.07,77.78,6460850.0,76.9441,81973.0,-0.0019220394507982,-0.0950552646887721,0.0553479152308214,-0.0101795736213317,90.6033,82.6785,45.0356,26.4724,49.0437,16.077,-101.1363,93.3333,6.6667,112.3993,90.6033,68.8074,-112343133.6216,-162792232.0
2023-08-22,76.69,77.46,74.02,74.9,6336025.0,75.2175,76177.0,-0.0044002337204182,-0.1598429613011774,0.0551487794840987,-0.0115500235156277,90.8757,83.0164,21.2002,13.8904,47.143,16.6052,-116.206,96.6667,10.0,112.2235,90.8757,69.5279,-117574846.3045,-169253082.0
2023-08-21,73.25,76.0299,72.1014,75.28,7514932.0,74.035,89642.0,-0.0009729326567986,-0.0730205639699546,0.0581170741442105,-0.0115500235156277,91.3507,83.5761,13.1813,8.5913,47.3684,17.1695,-131.9019,100.0,13.3333,111.8737,91.3507,70.8277,-114480508.5138,-162917057.0
2023-08-18,72.34,75.25,72.25,73.19,10011839.0,73.6983,121886.0,-0.0008704231926241,-0.0702489837398377,0.0581717542843703,-0.0115500235156277,91.5483,84.1483,7.2897,7.8405,45.9958,17.684,-142.9359,100.0,16.6667,111.5562,91.5483,71.5405,-119126433.2557,-170431989.0
2023-08-17,78.38,79.1846,75.4,75.56,9261576.0,76.7145,116055.0,0.0004397215521942,-0.0325224071702945,0.0579122109251414,-0.0101795736213317,91.7327,84.904,5.3028,8.5109,47.3494,18.1787,-122.1575,0.0,20.0,111.1538,91.7327,72.3115,-115388680.029,-160420150.0
2023-08-16,82.51,82.85,77.8,79.0,10140200.0,80.1842,120769.0,0.0017848379965812,0.0082961072112315,0.0573408032022711,-0.0067202326947631,91.8173,85.5484,10.9289,10.7272,49.3886,18.7759,-96.9353,3.3333,23.3333,110.9761,91.8173,72.6585,-106910199.8172,-151158574.0
2023-08-15,81.15,83.1,79.1101,79.18,7397347.0,80.6149,82990.0,0.001201704828394,-0.0093832103090205,0.057467920335088,-0.0101795736213317,91.7957,86.0,9.301,11.0219,49.4964,19.2786,-91.2177,0.0,26.6667,111.0138,91.7957,72.5776,-101589104.7677,-141018374.0
2023-08-14,80.04,81.99,78.91,80.81,5753481.0,80.6222,67304.0,0.0057780936758466,0.1294199860237599,0.0609450659177046,-0.0067202326947631,91.8207,86.4704,11.9518,16.1174,50.4607,19.7349,-88.8536,0.0,30.0,110.9749,91.8207,72.6664,-94450949.5045,-133621027.0
2023-08-11,82.06,83.48,80.47,81.01,5791118.0,81.6394,74547.0,0.0054553993180514,0.1184592019881265,0.0610134685921969,-0.0101795736213317,91.512,86.8608,11.8129,22.2478,50.5776,20.2548,-75.4069,3.3333,33.3333,111.6397,91.512,71.3843,-95795919.0889,-127867546.0
2023-08-10,85.0,88.49,82.51,83.39,7697578.0,85.0191,91467.0,0.007198271832586,0.1786572438162548,0.0607637434987105,-0.0067202326947631,91.226,87.2643,24.5875,26.8775,51.9621,20.7188,-47.4299,6.6667,36.6667,112.1698,91.226,70.2822,-92082677.3148,-122076428.0
2023-08-09,88.53,88.9,84.08,84.34,7929133.0,85.9009,87707.0,0.0079839045825563,0.2067534697381601,0.0606722576324842,-0.0037680301588624,90.8047,87.5314,30.343,24.7552,52.5168,21.101,-35.1021,0.0,40.0,112.8421,90.8047,68.7673,-86650607.2212,-114378850.0
2023-08-08,87.09,88.985,84.55,88.04,8986927.0,87.2408,105095.0,0.0136631168426561,0.4213755247013235,0.06362731512831,-0.000455912307281,90.323,87.7515,25.7019,19.4141,54.7158,21.4202,-19.5373,0.0,43.3333,113.5064,90.323,67.1396,-79525156.6195,-106391717.0
2023-08-07,87.2,87.3,82.0901,85.96,10019503.0,85.1086,113104.0,0.0131114070130432,0.3984057263705876,0.0636053357259693,-0.000455912307281,89.453,87.7316,18.2208,19.1688,53.6614,21.7278,-25.714,0.0,46.6667,114.7741,89.453,64.1319,-84682254.5259,-115378644.0
2023-08-04,89.0,94.29,86.7,87.31,13219575.0,89.6867,151214.0,0.0159344595990569,0.5186989041572458,0.0641516063434462,0.0029088172649159,88.6367,87.8538,14.3196,25.8741,54.457,22.1086,5.2135,0.0,50.0,115.863,88.6367,61.4103,-89547672.411,-105359141.0
2023-08-03,89.0,93.44,88.46,90.75,10438098.0,91.9588,128314.0,0.016848032821502,0.5619621342512908,0.0635708851831153,0.0029088172649159,87.6427,87.8913,24.9661,35.0882,56.521,22.281,17.7012,3.3333,53.3333,117.078,87.6427,58.2074,-78452982.9842,-92139566.0
2023-08-02,91.45,95.4111,88.05,90.43,10666181.0,90.8734,121645.0,0.0173197900159566,0.5839901909266072,0.0635228615396338,0.0049624960165867,86.5543,87.6942,38.3367,37.4916,56.3723,22.3709,23.7217,0.0,56.6667,117.8078,86.5543,55.3008,-77614581.5384,-102577664.0
2023-08-01,95.88,95.95,89.23,94.15,11616436.0,92.1292,142384.0,0.0195362796267049,0.6936499370390365,0.0626553615724912,0.0077922732573919,85.443,87.5055,41.962,31.2933,58.6254,22.464,35.636,3.3333,60.0,118.3913,85.443,52.4947,-73845606.331,-91911483.0
2023-07-31,94.75,100.2,94.59,98.61,8492950.0,97.8089,105158.0,0.0218672509421213,0.8176958525345623,0.0614925459288369,0.0101217955635057,84.1577,87.0473,32.1763,22.2358,61.4729,22.5029,59.4067,0.0,63.3333,118.6207,84.1577,49.6946,-79238951.6167,-80295047.0
2023-07-28,94.8,96.92,93.55,94.76,7236581.0,95.5195,87283.0,0.0207294025797056,0.7580705009276449,0.0614506592228985,0.0077922732573919,82.679,86.2498,19.7417,17.8143,59.8454,22.271,52.5637,3.3333,66.6667,118.3212,82.679,47.0368,-82917716.0552,-88787997.0
2023-07-27,102.59,102.725,91.8,92.69,12232290.0,95.7567,151710.0,0.0209391841795389,0.7688931297709913,0.0614665141640863,0.0077922732573919,81.317,85.6629,14.7894,16.5366,58.944,22.1288,59.7397,0.0,70.0,118.1126,81.317,44.5214,-80877730.3134,-96024578.0
2023-07-26,97.37,101.32,97.2774,99.75,6575750.0,99.6281,77548.0,0.0245114957601783,0.972903481012658,0.0591010667621318,0.0101217955635057,79.974,85.1783,18.9117,16.2534,63.6551,21.9816,79.7847,0.0,73.3333,117.9338,79.974,42.0142,-70638435.8466,-83792288.0
2023-07-25,99.34,102.59,97.63,97.68,7726033.0,100.1662,88724.0,0.0221034058520884,0.8333333333333335,0.0606390393893617,0.0077922732573919,78.3343,84.1734,15.9087,22.0105,62.8127,21.5392,85.3583,3.3333,76.6667,116.979,78.3343,39.6897,-72106617.6973,-90368038.0
2023-07-24,99.23,100.39,95.7001,98.85,9764819.0,98.3236,117300.0,0.021514336472253,0.8005464480874316,0.0610503205785437,0.0077922732573919,76.8543,83.2419,13.9398,34.5739,63.6183,21.0622,87.3468,6.6667,80.0,115.8215,76.8543,37.8871,-64536351.4917,-82642005.0
2023-07-21,102.57,104.3337,98.71,100.82,10481797.0,101.0843,117829.0,0.0231920735829584,0.8929778445362384,0.0605889006867218,0.0101217955635057,75.3893,82.1654,36.1831,55.2942,64.9748,20.6261,105.6345,10.0,83.3333,114.2431,75.3893,36.5356,-67888316.4586,-72877187.0
2023-07-20,109.26,111.88,100.37,101.26,15274615.0,104.9259,165073.0,0.0244026001894654,0.9620228637860886,0.0603890836685947,0.0149982076531393,73.804,80.8789,53.5988,67.4586,65.2753,20.0124,127.7705,0.0,86.6667,112.2569,73.804,35.3511,-65272014.3001,-62395390.0
2023-07-19,107.31,111.0633,105.081,110.15,15920844.0,107.7482,173386.0,0.0230642533676614,0.8763308065752498,0.0630883081983433,0.0149982076531393,72.149,79.4733,76.1008,76.5916,71.7567,19.2862,158.1971,3.3333,90.0,110.0018,72.149,34.2962,-52359589.9777,-47120775.0
2023-07-18,104.5,109.8499,101.9,104.59,17582052.0,105.7559,188335.0,0.018273922727618,0.6202943454686298,0.0660096102208592,0.0101217955635057,70.4342,77.3577,72.6762,77.2235,69.953,18.2653,160.9724,6.6667,93.3333,105.8267,70.4342,35.0417,-63419257.8999,-63041619.0
2023-07-17,104.57,109.48,103.5,105.55,19191353.0,105.994,189249.0,0.019090965804399,0.6603743904357406,0.0658172039357925,0.0138605637799374,69.0995,75.4796,80.9978,79.7814,70.7067,17.2338,185.2697,10.0,96.6667,102.1838,69.0995,36.0152,-57735649.8753,-45459567.0
2023-07-14,106.68,114.43,101.22,105.31,42266315.0,107.4083,445398.0,0.0197491903917781,0.6930868167202582,0.0657444807220034,0.0165537206389718,67.7002,73.4058,77.9967,80.1046,70.6302,16.0739,217.683,13.3333,100.0,97.927,67.7002,37.4733,-51702247.9288,-64650920.0
2023-07-13,85.345,109.21,83.42,107.0,65424442.0,97.7459,627768.0,0.0208369474571447,0.7492234755599159,0.0654165455070923,0.0172648419749033,66.2632,71.2055,80.3498,83.2311,71.908,14.874,212.2047,16.6667,100.0,93.1116,66.2632,39.4148,-35608412.6184,-22384605.0
2023-07-12,89.0,89.07,84.45,85.95,16752344.0,86.8391,188755.0,0.0151621596863316,0.5100140548137739,0.0516728707851357,0.0172648419749033,64.7355,68.7369,81.9674,85.0613,64.0845,13.7321,156.837,20.0,96.6667,86.9548,64.7355,42.5162,-89820135.2063,-87809047.0
2023-07-11,80.49,92.15,80.49,89.15,35672125.0,88.1796,318198.0,0.0163879516164003,0.567610339370495,0.0508772066422831,0.0172648419749033,63.7678,67.5498,87.376,84.3813,66.8191,13.0527,184.4558,23.3333,100.0,84.6984,63.7678,42.8373,-83945936.6608,-71056703.0
2023-07-10,79.08,81.37,76.55,81.21,10739693.0,78.6896,117762.0,0.0122778717435428,0.3915352981494184,0.0490856059127778,0.0161271981017014,62.6918,66.0601,85.8406,83.4384,63.0358,12.3499,147.8726,26.6667,100.0,81.504,62.6918,43.8796,-101261908.1445,-106728828.0
2023-07-07,78.15,81.19,77.6202,78.72,13275505.0,79.6784,137856.0,0.0108061301384364,0.3319796954314717,0.0491451471641025,0.0138605637799374,61.9302,65.0153,79.9274,82.6898,61.7124,11.9965,162.5031,30.0,100.0,79.4903,61.9302,44.3701,-111288592.4806,-117468521.0
2023-07-06,78.05,78.4625,74.52,78.1,11152249.0,76.6319,118185.0,0.0094662433101352,0.2788603242181109,0.049749307392838,0.0138605637799374,61.2762,64.0702,84.5473,84.97,61.3796,11.5638,164.6835,33.3333,93.3333,77.7117,61.2762,44.8406,-106193041.7632,-130744026.0
2023-07-05,76.9,79.93,76.16,78.35,14670031.0,78.0178,153967.0,0.012091096085908,0.3798872842550194,0.0510720421692048,0.0161271981017014,60.7085,63.1026,83.5945,84.2155,61.5883,11.222,202.0568,36.6667,96.6667,75.9107,60.7085,45.5063,-115294465.0118,-119591777.0
2023-07-03,73.2,80.845,73.01,79.93,19891740.0,78.4488,192709.0,0.0108250142627639,0.3264188516428816,0.0523021040387415,0.0161271981017014,59.9895,62.051,86.7681,86.1476,62.8946,10.767,235.3075,40.0,100.0,73.759,59.9895,46.22,-117668130.5051,-104921746.0
2023-06-30,73.8,74.97,68.15,71.55,24593992.0,70.9778,234530.0,0.006495034250192,0.1721821756225425,0.0485665017654641,0.0138605637799374,59.3338,60.818,82.2838,84.4057,58.3672,10.2963,184.3028,43.3333,100.0,70.9473,59.3338,47.7203,-132913809.9819,-124813486.0
2023-06-29,72.03,74.1781,70.8294,72.43,14730505.0,72.5502,142113.0,0.0087198801507037,0.251382170006911,0.0491862804244621,0.0161271981017014,58.9835,60.0779,89.391,85.6529,59.0992,10.0393,224.5583,46.6667,96.6667,69.7014,58.9835,48.2656,-132841686.8382,-100219494.0
2023-06-28,69.0,74.3107,69.0,70.75,23086222.0,71.4773,229696.0,0.0063431487145389,0.1642257692940603,0.0501166916152118,0.0138605637799374,58.4985,59.226,81.5422,82.5003,58.1302,9.6092,243.8469,50.0,100.0,67.9846,58.4985,49.0124,-132192853.1154,-114949999.0
2023-06-27,63.8,70.3725,62.84,69.89,25447370.0,67.0579,234473.0,0.0079269345461085,0.2188698988489712,0.0510226467344455,0.0161271981017014,58.1658,58.4312,86.0256,84.1817,57.6335,9.1642,204.1711,53.3333,100.0,66.5455,58.1658,49.7862,-124321532.5408,-138036221.0
2023-06-26,61.1,66.16,61.0,61.94,20724091.0,63.6756,203117.0,0.0019860765100245,0.0263463131731567,0.0468614729563718,0.0115310414738236,57.7475,57.641,79.933,83.6608,52.6096,8.8611,123.7271,56.6667,46.6667,64.9086,57.7475,50.5864,-146508799.6287,-163483589.0
2023-06-23,56.85,61.89,55.75,61.47,26088580.0,59.7761,236796.0,0.0005126059761629,-0.01867816091954,0.0473527244776999,0.0109547916296383,57.6945,57.3445,86.5866,86.3122,52.2863,8.7309,50.4307,60.0,50.0,64.7535,57.6945,50.6355,-133335346.4349,-184207680.0
2023-06-22,58.98,59.28,55.1,57.49,12837373.0,56.8676,132221.0,-0.000449750250864,-0.0451752200631124,0.0462263792856674,0.0109547916296383,57.7335,57.06,84.463,83.4582,49.4637,8.8005,-7.2235,63.3333,53.3333,64.8878,57.7335,50.5792,-155854804.7411,-210296260.0
2023-06-21,58.9,59.24,56.8201,58.1,20569712.0,58.2021,188695.0,0.001110777574724,6.661338147750939e-16,0.0466490686376481,0.0161271981017014,57.8242,57.0303,87.887,77.242,49.9011,9.0067,8.694,66.6667,56.6667,65.0326,57.8242,50.6157,-157697489.8608,-197458887.0
2023-06-20,55.9,57.94,53.63,57.09,14143490.0,56.2465,140511.0,0.00044093721919,-0.0197458791208789,0.0465503470364816,0.0109547916296383,57.8242,56.9566,78.0247,63.5052,49.1819,9.1231,-31.7472,70.0,60.0,65.0326,57.8242,50.6157,-158886672.3513,-218028599.0
2023-06-16,55.41,56.28,53.9,55.59,13754214.0,55.2284,120771.0,0.0056501228024705,0.1294189353921171,0.0568365683906398,0.0109547916296383,57.8625,56.9474,65.8143,50.9319,48.1126,9.3099,-54.2458,73.3333,63.3333,65.0671,57.8625,50.6579,-167451523.6042,-232172089.0
2023-06-15,52.71,54.58,50.93,54.25,11801677.0,52.8935,129519.0,0.0053285957896004,0.1187873788409983,0.0567551153539841,0.0107740784684484,57.6502,57.041,46.6764,40.8859,47.1523,9.5887,-87.8952,76.6667,66.6667,65.4602,57.6502,49.8401,-173230605.1168,-245926303.0
2023-06-14,52.81,54.79,51.56,53.9,11241242.0,53.5019,115427.0,0.0032740057965849,0.0502727981293846,0.0577821352343146,0.0079669243073291,57.4582,57.2334,40.3048,38.7355,46.9042,9.8724,-78.1211,80.0,70.0,65.8543,57.4582,49.062,-182898329.399,-257728040.0
2023-06-13,51.8,52.66,50.52,52.4,11560753.0,51.6499,122904.0,0.0031042774735484,0.0450737933785403,0.0577148567378131,0.0079669243073291,57.3722,57.4633,35.6763,38.3413,45.851,10.198,-103.6599,83.3333,73.3333,65.963,57.3722,48.7814,-187944707.3866,-268969282.0
2023-06-12,52.53,52.93,50.1,50.56,12493104.0,50.9489,152431.0,-0.0003706853252087,-0.0600483361219551,0.0587353411956264,-0.0007623239912891,57.2968,57.8125,40.2255,38.1525,44.5467,10.4243,-114.6802,86.6667,76.6667,66.0978,57.2968,48.4959,-196696305.452,-280530035.0
2023-06-09,55.0,57.4199,52.4827,53.28,14394338.0,54.4358,160673.0,0.0010971846122938,-0.0164297581687274,0.0579960391516071,-0.0007623239912891,57.4045,58.3127,39.1222,34.4887,46.1347,10.6584,-56.6677,90.0,80.0,65.9484,57.4045,48.8606,-188264563.8831,-268036931.0
2023-06-08,52.21,55.05,51.9647,54.9,12773645.0,53.795,137749.0,0.0022539834749842,0.0187418816106883,0.0577194884011443,0.0030374836653332,57.4342,58.6598,35.1099,36.4292,47.1014,11.0154,-65.1088,93.3333,83.3333,65.9266,57.4342,48.9417,-178519260.0269,-253642593.0
2023-06-07,53.285,54.0,51.7,53.26,18873964.0,52.9521,201631.0,0.0002314725494643,-0.0412241224122404,0.05774709542983,-0.0007623239912891,57.4005,58.9191,29.2341,44.9723,45.994,11.2658,-87.354,96.6667,86.6667,65.9407,57.4005,48.8603,-190050856.1176,-266416238.0
2023-06-06,47.1,52.38,46.43,51.61,56259761.0,49.895,567818.0,-0.0003471499904432,-0.0573515981735162,0.0575126634624804,-0.0007623239912891,57.4768,59.3094,44.9436,61.7881,44.8716,11.4715,-149.6728,100.0,90.0,65.9079,57.4768,49.0457,-196791089.2654,-285321770.0
2023-06-05,63.38,64.4431,55.81,58.705,26413166.0,58.6118,267223.0,0.0012593809532837,-0.0056741192411924,0.0547297290798752,-0.0007623239912891,57.5815,59.8404,60.7394,72.1601,49.1145,11.6015,45.3351,30.0,93.3333,65.7938,57.5815,49.3692,-238489574.4772,-229061909.0
2023-06-02,65.11,65.2236,62.0011,64.55,8630810.0,63.9065,104256.0,0.0034733052821295,0.0669421487603307,0.0522586618610728,-0.0007623239912891,57.5927,59.9187,79.6813,70.6815,53.114,11.8021,139.7142,33.3333,96.6667,65.8119,57.5927,49.3734,-229791045.2982,-202648743.0
2023-06-01,61.8,66.3599,60.67,63.57,11729020.0,64.1135,135179.0,0.0009213644654596,-0.0135009310986959,0.0534684290353215,-0.0047093995399099,57.4577,59.5993,76.0595,55.0186,52.487,11.6345,134.963,36.6667,100.0,65.3416,57.4577,49.5737,-234813654.4504,-211279553.0
2023-05-31,59.3,62.59,59.212,62.2,10112647.0,61.1724,107458.0,-0.0012103880178249,-0.0752304490038654,0.0538579711362341,-0.0097680517590951,57.4867,59.3254,56.3038,36.4447,51.6124,11.4611,83.7537,40.0,0.0,65.4662,57.4867,49.5072,-235040611.8841,-223008573.0
2023-05-30,60.1,63.38,59.23,61.17,14814243.0,61.1391,159909.0,-0.0019980878565316,-0.0967217956290609,0.0537609596924146,-0.0097680517590951,57.6553,59.1272,32.6925,27.7256,50.9563,11.4603,71.7607,43.3333,3.3333,66.2187,57.6553,49.0919,-242789123.8113,-233083428.0
2023-05-26,56.86,58.91,56.63,56.92,7804165.0,57.5412,81930.0,-0.0055311608142704,-0.1858103275640107,0.052062609295695,-0.0126498282449942,57.8737,58.9863,20.3378,35.2887,48.1522,11.4583,-10.2879,46.6667,6.6667,67.0932,57.8737,48.6541,-241825305.592,-247897671.0
2023-05-25,58.56,59.14,55.88,56.87,7997440.0,56.9177,97161.0,-0.0050963629964841,-0.175199419869471,0.0521686891918962,-0.0126498282449942,58.3067,59.1288,30.1465,43.6642,48.1185,11.682,-20.2045,50.0,0.0,68.4775,58.3067,48.1358,-236006410.6359,-255701836.0
2023-05-24,57.78,58.97,56.6,58.36,8198333.0,57.7907,88449.0,-0.0036999225282992,-0.1397405660377362,0.0521636984747663,-0.0097680517590951,58.7093,59.2846,55.3816,51.7984,49.0376,11.9133,-14.1663,53.3333,3.3333,69.5549,58.7093,47.8638,-232866311.4948,-247704396.0
2023-05-23,61.0,63.25,58.67,59.1,12208242.0,61.037,128178.0,-0.0043985692680685,-0.1579997150591255,0.0524169094259122,-0.0098967294118728,59.0253,59.3483,45.4645,49.1,49.4915,12.1119,17.6768,56.6667,0.0,70.3535,59.0253,47.6972,-236844405.5665,-239506063.0
2023-05-22,56.89,61.1,55.9,61.07,12683378.0,59.3504,125156.0,-0.0012768263342253,-0.076515953425072,0.0534434759190226,-0.0069038143247707,59.395,59.3654,54.5491,51.0612,50.6989,12.1992,-2.2625,60.0,3.3333,71.4116,59.395,47.3784,-226928540.8853,-227297821.0
2023-05-19,60.57,61.47,56.59,56.78,12520676.0,58.2163,132600.0,-0.0012508309139139,-0.0758463541666671,0.053481017705606,-0.0069038143247707,59.5637,59.2479,47.2865,48.6151,48.0298,12.3939,-19.2773,63.3333,6.6667,71.8094,59.5637,47.3179,-239465572.2161,-239981199.0
2023-05-18,60.47,61.7,58.6,60.26,8330306.0,60.1229,88049.0,0.0010361219601459,-0.0085554458703522,0.0524735454216714,-0.0045982609387069,59.719,59.4181,51.3479,44.4253,50.1592,12.5567,6.0308,66.6667,10.0,71.9378,59.719,47.5002,-227919866.8882,-227460523.0
2023-05-17,57.49,61.305,57.3,61.04,8951561.0,59.603,94180.0,0.0005240058525064,-0.0239846498241125,0.0526804326134267,-0.0045982609387069,59.7363,59.36,47.2109,44.448,50.6458,12.612,1.3941,70.0,13.3333,71.9596,59.7363,47.513,-228511049.8946,-219130217.0
2023-05-16,58.68,60.1099,57.1433,57.88,7867880.0,58.3396,87723.0,-0.0018565598072505,-0.0900801760729446,0.0517892958444922,-0.0069038143247707,59.7863,59.2442,34.7171,49.7082,48.697,12.6871,-20.3595,73.3333,16.6667,72.0428,59.7863,47.5299,-236318616.5551,-228128578.0
2023-05-15,58.4,61.3,57.2,60.77,9429328.0,59.5521,89005.0,-0.0022248774786464,-0.1006363770904248,0.0521510242601964,-0.0069038143247707,59.9773,59.3382,51.4162,66.8989,50.4584,12.8182,-4.5391,76.6667,20.0,72.2875,59.9773,47.6672,-232358420.2307,-220260698.0
2023-05-12,60.89,61.13,56.77,57.34,9110955.0,58.375,101626.0,-0.0024472190349405,-0.1062967581047383,0.0518996461502573,-0.0069038143247707,60.204,59.2395,62.9914,81.6034,48.3135,12.9509,-24.4032,80.0,23.3333,72.811,60.204,47.597,-239349921.9672,-229690026.0
2023-05-11,62.41,63.11,59.77,60.35,8843509.0,61.022,92835.0,-0.001366624426241,-0.0758039816232775,0.0512341112102995,-0.0069038143247707,60.4313,59.3705,86.2891,92.8699,50.1555,13.0955,6.6078,83.3333,26.6667,73.0695,60.4313,47.7932,-232621189.1461,-220579071.0
2023-05-10,61.45,63.75,59.89,62.64,15481325.0,62.0416,142349.0,0.0010469876951282,-0.0063451776649747,0.0512249659903388,-0.0045982609387069,60.5963,59.303,95.5297,87.825,51.6025,13.0911,16.924,86.6667,30.0,73.3546,60.5963,47.8381,-226849078.4815,-211735562.0
2023-05-09,57.9,60.24,56.59,60.21,9641197.0,58.5675,87663.0,-3.180767553557044e-05,-0.0372561560601218,0.0507240440277826,-0.0045982609387069,60.6097,59.0728,96.791,69.6288,50.1266,13.0803,-20.9986,90.0,33.3333,73.3773,60.6097,47.8421,-233426636.2535,-227216887.0
2023-05-08,55.9,58.8,54.61,58.1,15185110.0,56.7239,137455.0,-0.0038420005330632,-0.1434468524251808,0.052124356571822,-0.0069038143247707,60.6873,58.9944,71.1543,43.2689,48.8165,13.2097,-45.2481,93.3333,36.6667,73.4726,60.6873,47.9021,-242909347.8234,-236858084.0
2023-05-05,54.045,58.58,53.75,58.24,25585625.0,56.5168,241939.0,-0.0029926415587043,-0.1215686274509808,0.0523479940020231,-0.0069038143247707,61.0117,59.0561,40.941,24.6133,48.8989,13.403,-52.7525,96.6667,40.0,74.0098,61.0117,48.0135,-253070146.9451,-221598676.0
2023-05-04,48.72,50.47,47.6501,49.22,13044369.0,49.6676,136956.0,-0.0137853935910923,-0.3619393310863369,0.0458039496799776,-0.0119181037228516,61.2803,59.1123,17.7113,18.1386,42.8968,13.612,-151.7456,100.0,0.0,74.3711,61.2803,48.1896,-275053654.9679,-247184301.0
2023-05-03,50.15,51.6,48.31,48.49,13325571.0,49.6252,129822.0,-0.017005792880984,-0.422669365400643,0.0470426090648835,-0.0171395705983027,62.211,59.7946,15.1874,17.2179,42.3672,13.9782,-161.1558,96.6667,3.3333,75.7035,62.211,48.7185,-276533456.9619,-260228670.0
2023-05-02,50.2,52.14,48.26,51.32,16778436.0,50.5809,169136.0,-0.011241648313362,-0.3170082512643067,0.0523151228210096,-0.0119181037228516,63.3943,60.5742,21.517,15.7155,43.8927,14.3866,-160.1817,100.0,6.6667,78.0431,63.3943,48.7455,-264666003.1534,-246903099.0
2023-05-01,53.17,54.38,48.45,50.14,18437873.0,50.5057,176388.0,-0.0119549883844758,-0.3312883435582824,0.0519809096443262,-0.0119181037228516,64.1883,61.2124,14.9493,11.3886,43.0664,14.8091,-169.2643,100.0,10.0,78.7149,64.1883,49.6617,-274352522.906,-263681535.0
2023-04-28,53.65,54.52,52.17,53.79,11629806.0,53.398,113557.0,-0.0061522382419544,-0.2064030687518442,0.055043033806518,-0.0069038143247707,65.0163,61.976,10.68,8.8383,45.0502,15.2542,-152.1773,100.0,13.3333,79.0696,65.0163,50.9631,-266423926.5907,-245243662.0
2023-04-27,54.67,55.7227,53.58,54.17,12010873.0,54.6064,117963.0,-0.0042070161670164,-0.1597642314254698,0.0560010000449454,-0.0023293866748006,65.4827,62.5406,8.5364,7.7209,45.26,15.6857,-155.2894,100.0,16.6667,78.9303,65.4827,52.0351,-270828406.3098,-233613856.0
2023-04-26,59.51,59.51,53.6,53.89,16761173.0,56.4969,167699.0,-0.0034118658280094,-0.1398244213886672,0.0562974326208652,-0.0023293866748006,65.826,63.1179,7.2985,5.8958,45.0778,16.0695,-153.4114,100.0,20.0,78.6103,65.826,53.0417,-265432005.7698,-245624729.0
2023-04-25,55.71,56.09,53.624,55.55,14383348.0,55.1031,139667.0,-0.0004553132858193,-0.0611796518505999,0.0571521589787875,0.0050643928243352,66.118,63.7543,7.3278,5.3287,45.9543,16.4657,-174.5981,0.0,23.3333,78.1782,66.118,54.0578,-250439770.0456,-229001068.0
2023-04-24,58.96,59.09,54.08,54.75,21119215.0,55.572,204659.0,0.0026317261057172,0.024513473053892,0.0602972621250303,0.0050643928243352,66.2387,64.3201,3.0611,7.904,45.4603,17.0127,-163.8172,3.3333,26.6667,77.9406,66.2387,54.5367,-258523841.5492,-243384416.0
2023-04-21,61.08,61.45,58.705,59.04,13235111.0,59.8102,131272.0,0.0023855394576741,0.0163539335513858,0.0606183995516299,0.0050643928243352,66.195,64.9801,5.597,15.6513,47.7217,17.5598,-101.1647,6.6667,30.0,78.0765,66.195,54.3135,-243041192.0383,-222248701.0
2023-04-20,63.23,65.33,60.17,60.5,11452943.0,62.6252,118793.0,0.0005871857047388,-0.0398349468338362,0.0621591122853426,0.0050643928243352,66.1633,65.3898,15.0538,30.0839,48.5157,17.9307,-65.5688,10.0,33.3333,78.1257,66.1633,54.201,-233036508.8597,-209013590.0
2023-04-19,64.362,65.9385,63.4,64.44,10326964.0,64.7238,107570.0,0.0032284780639123,0.0412021328162863,0.0611553852172897,0.0094268592089216,66.247,65.727,26.3031,46.2179,50.7169,18.2504,-25.4337,13.3333,36.6667,78.0842,66.247,54.4098,-223048477.1737,-197560647.0
2023-04-18,70.385,71.79,66.55,67.26,14835521.0,68.802,124464.0,0.0041587252302306,0.0715309861398756,0.0606717837313036,0.0094268592089216,66.162,65.8157,48.8947,61.9712,52.3606,18.4366,37.559,16.6667,40.0,78.0862,66.162,54.2378,-221183236.6797,-187233683.0
2023-04-17,67.12,68.05,64.9,67.72,13344227.0,66.499,125154.0,0.0034860623412352,0.0497597271740815,0.0609009058114167,0.0094268592089216,66.0123,65.7161,63.4558,70.6445,52.6296,18.4825,13.9474,20.0,43.3333,77.9902,66.0123,54.0344,-210368028.6225,-172398162.0
2023-04-14,69.3,71.7,67.87,69.91,12887231.0,69.5354,123964.0,0.0049541238789782,0.0974882260596545,0.0605739943581747,0.0117873453580688,65.9053,65.5779,73.5631,74.8719,53.9039,18.6594,61.8512,23.3333,46.6667,77.8777,65.9053,53.933,-220891710.0796,-159085071.0
2023-04-13,69.89,72.53,68.05,68.95,19718505.0,70.3479,164848.0,0.0039900452273503,0.0661821555589916,0.0606536817875289,0.0094268592089216,65.6983,65.2792,74.9147,71.7676,53.426,18.7017,67.1054,26.6667,50.0,77.6011,65.6983,53.7956,-221732913.1475,-171972302.0
2023-04-12,70.77,72.02,66.23,67.84,16773426.0,68.8486,155877.0,0.0033623778435202,0.0464291223199135,0.0606198247925663,0.0050643928243352,65.5557,65.026,76.1377,60.8203,52.8801,18.7369,53.4957,30.0,53.3333,77.4016,65.5557,53.7098,-209937021.7636,-191690807.0
2023-04-11,68.09,72.6075,67.24,70.19,25348828.0,70.4601,218244.0,0.0077970303719129,0.1904681139755768,0.0625964065688143,0.0094268592089216,65.4553,64.832,64.2505,43.0673,54.1798,18.7898,80.125,33.3333,56.6667,77.2731,65.4553,53.6376,-202491822.3128,-174917381.0
2023-04-10,61.37,66.19,59.66,66.13,14391788.0,63.28,125898.0,0.0060471567572133,0.1315879534565367,0.0618023717953676,0.0084464491664416,65.081,64.4624,42.0726,29.4987,52.2184,18.799,-16.7919,36.6667,60.0,76.9863,65.081,53.1757,-205006633.847,-200266209.0
2023-04-06,59.57,62.74,58.2,61.44,11875179.0,60.9476,115818.0,0.0014073086363113,-0.0147530468248879,0.0615760037265892,0.0050643928243352,64.8247,64.3474,22.8789,31.1292,49.8198,19.0174,-67.3107,40.0,63.3333,76.9575,64.8247,52.6918,-219133947.9481,-214657997.0
2023-04-05,62.54,63.05,59.22,60.78,10788873.0,60.5328,113489.0,0.0016882590917667,-0.0065380843412882,0.0616376842352534,0.0050643928243352,64.8553,64.5479,23.5445,41.7912,49.4748,19.3646,-65.1093,43.3333,66.6667,76.9584,64.8553,52.7522,-224208363.6441,-226533176.0
2023-04-04,64.66,65.4,60.9501,62.54,11555622.0,62.5644,122481.0,0.0021483703989523,0.0075720960206215,0.0614645671823745,0.0050643928243352,64.8687,64.8078,46.9642,54.1457,50.3675,19.6801,-32.7279,46.6667,70.0,76.9546,64.8687,52.7827,-222208337.5788,-215744303.0
2023-04-03,66.01,68.3299,62.7,63.61,14040299.0,64.3927,145217.0,0.0011088743839658,-0.0243865030674844,0.0620376234628968,0.0050643928243352,64.853,64.9642,54.8648,50.1633,50.9074,19.9327,-0.2075,50.0,73.3333,76.9522,64.853,52.7538,-218881907.4608,-204089881.0
2023-03-31,64.7,68.5687,63.93,67.57,15926632.0,66.6378,152695.0,0.0028642031116315,0.0301875285866746,0.0610604850194402,0.0050643928243352,64.906,65.0576,60.608,39.5205,52.9372,20.1191,30.973,53.3333,76.6667,76.9969,64.906,52.8151,-209380471.35,-190049582.0
2023-03-30,66.53,67.17,63.6825,64.16,11563092.0,65.2716,116112.0,-0.0007101208012091,-0.0747043553504468,0.0611507720097432,-0.0001670454195261,64.84,64.8843,35.017,24.2987,51.3215,20.2592,1.4012,56.6667,80.0,76.8936,64.84,52.7864,-218449178.7684,-205976214.0
2023-03-29,65.42,68.63,63.77,65.3,17673750.0,65.7874,169816.0,0.0056937072243913,0.1062171777062506,0.068659876787601,0.0050643928243352,65.0127,64.9343,22.9365,18.7084,51.8973,20.4472,15.881,60.0,83.3333,77.1703,65.0127,52.855,-210052467.5168,-194413122.0
2023-03-28,62.32,64.05,61.11,63.04,11635869.0,62.5926,122294.0,0.0060530722866131,0.1177304964539005,0.0688447401996489,0.0050643928243352,64.8037,64.9091,14.9425,23.2361,50.8404,20.6382,-32.2682,63.3333,86.6667,77.1485,64.8037,52.4589,-203506634.1835,-212086872.0
2023-03-27,67.2,67.6,60.51,62.54,23531291.0,62.6153,230240.0,0.0053837035202484,0.095463303555789,0.0689201876065502,-0.0001670454195261,64.5823,65.038,18.2461,38.1026,50.6083,20.9756,-14.4341,66.6667,90.0,77.2788,64.5823,51.8859,-207147790.4692,-223722741.0
2023-03-24,64.18,68.73,63.53,67.83,21641914.0,66.8865,219482.0,0.0065634729086666,0.1375146738219013,0.0677763582533275,-0.0001670454195261,64.4007,65.2102,36.5196,59.4108,53.1759,21.3247,36.2974,70.0,93.3333,77.362,64.4007,51.4393,-197091399.5341,-200191450.0
2023-03-23,61.85,70.0,61.505,66.3,43152803.0,66.3037,475978.0,0.0010851407569474,-0.0452188940092168,0.0726846199678482,-0.0042070107855,64.1273,65.0296,59.542,77.9639,52.5022,21.5701,27.2381,73.3333,96.6667,77.1336,64.1273,51.121,-211241881.7648,-221833364.0
2023-03-22,84.25,85.38,76.86,77.14,24463224.0,80.0036,253504.0,0.004845153967002,0.08008961075329,0.068030470108562,-0.0042070107855,64.232,64.9419,82.1707,88.8135,58.2418,21.824,227.0992,76.6667,100.0,77.3566,64.232,51.1074,-216804250.1327,-178680561.0
2023-03-21,76.24,85.05,75.77,83.99,22991862.0,81.1508,230159.0,0.006147098425338,0.1260222549939671,0.0667257005895821,-0.0042070107855,64.0413,64.1007,92.1791,92.1539,62.4094,21.4249,281.803,80.0,100.0,76.5626,64.0413,51.5201,-193948937.5693,-154217337.0
2023-03-20,76.76,77.06,72.87,75.14,19026423.0,75.2223,191908.0,0.0022032277179831,0.0068337129840543,0.0634259875208184,-0.0042070107855,63.728,62.729,92.0907,90.3731,58.7203,21.0201,194.7733,83.3333,0.0,74.5984,63.728,52.8576,-211688348.3366,-177209199.0
2023-03-17,70.52,76.8,69.1,74.98,31006175.0,73.2465,290286.0,-0.0006627300884589,-0.0795482445371962,0.0652797899070888,-0.0090161040371094,63.711,61.8731,92.1918,84.3854,58.6494,20.8072,163.4428,86.6667,3.3333,74.5114,63.711,52.9106,-213277667.6802,-196235622.0
2023-03-16,64.4,68.62,63.12,67.78,15522943.0,65.6806,154078.0,0.0037923435456265,0.0316590563165906,0.0760882926230049,-0.0090161040371094,63.927,60.9692,86.8368,69.6944,55.3094,20.5941,39.6934,90.0,6.6667,75.8237,63.927,52.0303,-229626378.1348,-227241797.0
2023-03-15,61.9,66.29,61.18,64.47,20825703.0,63.9625,203999.0,0.006196320311951,0.1024281805745552,0.078648823512767,-0.0090161040371094,63.8577,60.4995,74.1277,49.0147,53.6454,20.6094,1.3145,93.3333,10.0,75.6878,63.8577,52.0275,-240407767.6366,-242764740.0
2023-03-14,65.45,66.21,61.1,62.65,25167751.0,63.4281,238054.0,0.0066049957113154,0.1155626780626777,0.0787982270960387,-0.0090161040371094,63.658,60.2256,48.1188,31.1887,52.7096,20.6982,-6.1209,96.6667,13.3333,75.6413,63.658,51.6747,-246398723.2941,-263590443.0
2023-03-13,54.705,61.1,50.77,59.17,31431946.0,57.4602,312148.0,0.0018147127861473,-0.0358481342675582,0.0798400290707156,-0.0130528078762802,63.4417,60.0584,24.7974,24.853,50.8765,20.7926,-98.999,100.0,16.6667,75.7206,63.4417,51.1627,-236499079.5544,-288758194.0
2023-03-10,56.39,56.41,51.57,53.44,25725114.0,53.8396,266338.0,0.0034902023389165,0.0079215390418707,0.0825170411649033,-0.0130528078762802,63.515,60.1197,20.6497,30.2687,47.6464,21.0527,-150.2339,100.0,20.0,75.7171,63.515,51.3129,-256185884.0675,-320190140.0
2023-03-09,62.39,64.12,57.21,58.09,20996595.0,60.0127,201376.0,0.0063227415658,0.1010235026535251,0.0810461939210894,-0.0090161040371094,63.501,60.5804,29.1119,39.8864,50.2378,21.4824,-57.9429,0.0,23.3333,75.7502,63.501,51.2518,-250335017.2493,-294446326.0
2023-03-08,61.2,65.4638,60.3509,63.01,15270324.0,62.9054,137731.0,0.0084306846212546,0.1765474745588646,0.0796335388330846,-0.0090161040371094,63.3233,60.7521,41.0444,49.8894,53.197,21.6777,-5.4876,3.3333,26.6667,76.0274,63.3233,50.6192,-234686324.8831,-273449731.0
2023-03-07,62.8,64.66,60.59,61.89,15821515.0,62.4909,152110.0,0.0063948929692605,0.1059685489635449,0.0801394647814246,-0.0130528078762802,63.0082,60.5964,49.503,59.3343,52.5823,21.7312,-9.0669,6.6667,30.0,76.1879,63.0082,49.8284,-235305803.5092,-288877555.0
2023-03-06,64.6,69.82,62.64,62.77,19826090.0,66.1718,183617.0,0.0073456496116122,0.1379622915155907,0.0800607888122961,-0.0090161040371094,62.8105,60.5072,59.1207,66.5093,53.1121,21.8121,30.2338,0.0,33.3333,76.2272,62.8105,49.3938,-229591398.8286,-273056040.0
2023-03-03,61.64,65.56,61.3822,64.51,17578962.0,63.642,160788.0,0.0121163119841221,0.3053419668150541,0.0821115464751488,-0.0042070107855,62.5568,60.3511,69.3791,65.5605,54.1549,21.7993,18.1083,0.0,36.6667,76.2518,62.5568,48.8618,-210483245.2353,-253229950.0
2023-03-02,61.07,63.9,57.5,63.7,18122714.0,60.5548,186413.0,0.0111679862134786,0.2686715793666603,0.0822632923637229,-0.0090161040371094,62.0538,60.0643,71.028,54.6615,53.7463,21.9186,-2.6109,3.3333,40.0,76.5121,62.0538,47.5955,-219226020.6778,-270808912.0
2023-03-01,65.3,66.79,63.09,64.67,15827077.0,64.6201,137891.0,0.0092483076894871,0.1944957517547096,0.0835139769609035,-0.0090161040371094,61.6042,59.8136,56.2743,38.3644,54.3067,22.0954,36.677,6.6667,43.3333,76.6566,61.6042,46.5517,-236216065.0528,-252686198.0
2023-02-28,59.675,67.5,59.4201,64.83,24843894.0,64.4531,217858.0,0.0121050172404986,0.2971188475390156,0.0845240031278173,-0.0090161040371094,61.2532,59.4787,36.6821,27.406,54.3971,22.0136,29.7465,0.0,46.6667,76.4932,61.2532,46.0131,-233906167.3285,-236859121.0
2023-02-27,59.94,60.9696,58.1701,58.96,13043035.0,59.4736,121075.0,0.0104898531698282,0.239957939011566,0.0832913912894901,-0.0090161040371094,60.7582,59.1096,22.1367,25.6176,51.5347,21.9289,-14.3211,0.0,50.0,76.459,60.7582,45.0573,-242330749.9558,-261703015.0
2023-02-24,60.88,61.59,56.8,58.44,14546162.0,58.9555,144757.0,0.0130553977542861,0.3345512674126505,0.084381079342919,-0.0090161040371094,60.3778,59.1199,23.3993,31.7161,51.2728,22.0426,-13.1233,0.0,53.3333,76.772,60.3778,43.9837,-236648095.9856,-274746050.0
2023-02-23,63.96,64.6473,59.8908,62.36,16698489.0,61.9504,158706.0,0.0155825569330471,0.4425167707610455,0.083196582559408,-0.0032410029234634,59.8895,59.1668,31.3166,41.475,53.3747,22.1603,24.0301,0.0,56.6667,77.3251,59.8895,42.4539,-232062562.662,-260199888.0
2023-02-22,62.5,67.48,57.35,61.18,32937546.0,61.2496,287418.0,0.0192598264750415,0.5986412333420439,0.0856800175854782,-0.0032410029234634,59.2518,58.9466,40.4323,55.3407,52.8118,22.1372,26.3398,0.0,60.0,77.652,59.2518,40.8517,-232701153.0434,-276898377.0
2023-02-21,63.32,66.87,61.85,62.07,19845681.0,63.5102,183883.0,0.024758827773952,0.8662056524353576,0.0885916515600889,0.0021959991251254,58.4882,58.7926,52.6759,62.577,53.2808,22.1134,44.9541,0.0,63.3333,78.3486,58.4882,38.6278,-224669984.3741,-243960831.0
2023-02-17,64.94,67.9,61.51,65.2,23252183.0,64.5875,191687.0,0.0260906159293566,0.94452728899493,0.0877844053699727,0.0021959991251254,57.5278,58.5665,72.9138,60.4819,54.9395,21.8744,59.3328,3.3333,66.6667,79.297,57.5278,35.7586,-206563765.4538,-224115150.0
2023-02-16,65.9,73.3,63.91,65.59,31704828.0,68.336,271246.0,0.0226018142221027,0.739787798408488,0.0910089073000658,0.0021959991251254,56.4722,58.1091,62.1414,41.236,55.1462,21.6271,83.9801,6.6667,70.0,79.6751,56.4722,33.2692,-210166216.3411,-200862967.0
2023-02-15,60.21,69.46,59.46,69.34,25726719.0,65.1591,235083.0,0.0284719858173248,1.0636904761904749,0.0915513145847444,0.0089409714458184,55.5425,57.5931,46.3905,22.8876,57.1454,21.2562,78.8803,10.0,73.3333,79.4344,55.5425,31.6506,-189806246.9226,-169158139.0
2023-02-14,56.33,61.08,55.0319,59.03,23945786.0,57.9657,194033.0,0.0209641120250243,0.6679853065837804,0.0884377946100228,0.0021959991251254,54.3512,56.783,15.1761,9.4601,52.5763,20.9697,30.0891,13.3333,76.6667,78.9267,54.3512,29.7756,-214915524.6666,-194884858.0
2023-02-13,55.52,57.0899,53.66,56.4,14435886.0,55.357,148312.0,0.0199943656829375,0.6216216216216206,0.0883104422262769,0.0021959991251254,53.5632,56.628,7.0962,11.1128,51.2959,20.9075,16.1329,16.6667,80.0,78.9894,53.5632,28.1369,-222628490.0122,-218830644.0
2023-02-10,58.255,61.7384,55.97,57.09,17359921.0,58.0543,178508.0,0.0227028024348273,0.7549953888718111,0.0885307359586016,0.0089409714458184,52.8425,56.6438,6.108,21.7577,51.6496,20.9667,35.7751,20.0,83.3333,79.1176,52.8425,26.5674,-231257024.3393,-204394758.0
2023-02-09,68.49,68.93,59.0,59.63,23920247.0,62.7227,237249.0,0.0240001579067236,0.8263399693721292,0.0878468580817989,0.0089409714458184,52.0238,56.613,20.1342,38.1537,52.9487,20.9184,64.6555,23.3333,86.6667,79.2325,52.0238,24.8152,-220638352.7395,-187034837.0
2023-02-08,70.83,73.97,68.3,69.44,11626528.0,70.6365,110856.0,0.0260418412371786,0.9566074950690338,0.0846350108192924,0.0089409714458184,51.1245,56.4049,39.0308,54.3198,58.436,20.7206,115.41,26.6667,90.0,79.0424,51.1245,23.2066,-199753303.244,-163114590.0
2023-02-07,73.43,73.4801,67.3,71.42,19819664.0,70.421,184042.0,0.0278332548191242,1.064758600751662,0.0840447468191532,0.013728615193334,49.9928,55.506,55.2962,68.3532,59.642,20.0099,124.7499,30.0,93.3333,77.5999,49.9928,22.3858,-192801992.8525,-151488062.0
2023-02-06,73.18,75.98,70.52,74.59,17998386.0,73.5948,182264.0,0.028718830596071,1.1220483641536272,0.0834367633867954,0.013728615193334,48.7652,54.4084,68.6325,78.1486,61.6098,19.2866,151.8511,33.3333,96.6667,75.7195,48.7652,21.8108,-199408119.9174,-131668398.0
2023-02-03,73.72,87.63,73.02,74.63,37125516.0,79.7734,359448.0,0.0289082721486289,1.134114955676294,0.0833765559788271,0.013728615193334,47.4505,53.0166,81.131,79.4996,61.6346,18.3478,195.0639,36.6667,100.0,73.0516,47.4505,21.8494,-208242492.5327,-113670012.0
2023-02-02,68.46,85.54,68.31,81.46,43911166.0,77.7201,424741.0,0.0315135443835684,1.3161785612738126,0.0809998819979077,0.013728615193334,46.1285,51.526,84.6824,76.2805,66.0219,17.2235,219.4343,40.0,100.0,70.0178,46.1285,22.2392,-179299328.4506,-76544496.0
2023-02-01,59.08,66.215,56.65,65.7,18840780.0,61.0854,175092.0,0.0222152352952301,0.7950819672131144,0.0720652503438823,0.0090506181201149,44.5855,49.4616,72.6855,70.0452,59.6087,16.103,136.396,43.3333,100.0,64.8523,44.5855,24.3187,-202414492.4448,-120455662.0
2023-01-31,57.7,60.44,55.91,58.48,14751638.0,58.4216,127603.0,0.0168887044477612,0.5397577672459186,0.0702681207477331,0.005037622413493,43.6155,48.3417,71.4736,68.1972,55.9246,15.4455,115.4196,46.6667,93.3333,62.4845,43.6155,24.7465,-219226416.8881,-139296442.0
2023-01-30,60.01,61.86,55.6715,56.16,14553912.0,58.5668,151064.0,0.0136787262979141,0.3973625279920376,0.0712715686648826,0.0006263155878218,42.9322,47.6425,65.9766,63.1017,54.6395,14.9694,124.2251,50.0,96.6667,61.069,42.9322,24.7953,-221212840.5481,-154048080.0
2023-01-27,52.94,62.29,52.41,61.37,24430999.0,58.7245,232012.0,0.017800879888682,0.5861979839751879,0.0689908515895556,0.005037622413493,42.3998,47.0551,67.1413,63.39,58.3316,14.4768,145.1765,53.3333,100.0,59.878,42.3998,24.9217,-208956605.2103,-139494168.0
2023-01-26,56.06,56.1,51.9655,53.02,12614909.0,53.3672,115947.0,0.0094918206208828,0.2446009389671359,0.0666376643311903,0.0006263155878218,41.6438,46.0679,56.1873,66.2521,53.4593,13.9672,117.0447,56.6667,80.0,57.6767,41.6438,25.611,-228837701.5626,-163925167.0
2023-01-25,51.5,53.408,49.6,52.76,13343567.0,51.5857,131697.0,0.0112824918073098,0.3111332007952283,0.0672102835293646,0.0007359622621184,41.2965,45.5884,66.8415,71.6104,53.2949,13.6765,111.6451,60.0,83.3333,56.7702,41.2965,25.8228,-222657631.8614,-176540076.0
2023-01-24,54.202,56.47,53.3412,53.555,12413942.0,54.4952,119462.0,0.0097762201303035,0.2509927587012375,0.0682768470409636,0.0007359622621184,40.8792,45.0938,75.7277,70.2972,53.8572,13.4893,151.2852,63.3333,86.6667,55.7575,40.8792,26.0008,-231459900.8488,-163196509.0
2023-01-23,55.0,56.69,53.21,55.96,17736412.0,55.1345,154863.0,0.0124610126979005,0.356277266117305,0.0677310820720836,0.0090506181201149,40.521,44.5103,72.2621,67.4975,55.5717,13.0473,178.3975,66.6667,90.0,54.6605,40.521,26.3815,-220742520.3417,-150782567.0
2023-01-20,50.38,55.19,48.8,55.16,15433938.0,52.654,141577.0,0.0110736957178144,0.3006366423013442,0.0681002774198158,0.0007359622621184,40.031,43.7207,62.9017,71.0112,55.1122,12.59,172.0823,70.0,93.3333,52.9638,40.031,27.0982,-231037793.9739,-168518979.0
2023-01-19,49.2101,51.0,47.92,49.42,14073270.0,49.1351,138056.0,0.0046006694830564,0.0743478260869563,0.0670258253750528,-0.0046810046673322,39.606,42.9318,67.3288,82.3129,51.6436,12.1758,138.2536,73.3333,96.6667,51.3009,39.606,27.9111,-246326812.3683,-183952917.0
2023-01-18,54.22,57.3292,50.0,50.21,24905714.0,53.1362,220014.0,0.003957382894309,0.0532829872036919,0.06730990947013,-0.0046810046673322,39.492,42.4843,82.803,92.6352,52.18,11.9211,185.3312,76.6667,100.0,50.8642,39.492,28.1198,-245961272.8878,-169879647.0
2023-01-17,53.31,54.98,50.7,54.14,23521226.0,52.9526,221532.0,0.0081442103758345,0.1959354981223768,0.0663174354306965,0.0007359622621184,39.4073,41.9515,96.807,98.1965,54.9236,11.521,208.7838,80.0,100.0,50.4934,39.4073,28.3213,-222482781.4878,-144973933.0
2023-01-13,46.24,50.63,45.38,49.98,22437767.0,48.9494,196925.0,0.0050344658584489,0.0929368029739776,0.0648955416963126,-0.0046810046673322,39.1117,41.1109,98.2955,97.5837,52.3605,11.2061,153.14,83.3333,100.0,49.0209,39.1117,29.2024,-236771376.7214,-168495159.0
2023-01-12,45.145,47.65,41.67,47.55,20514692.0,45.1185,174105.0,0.0053568212347745,0.1029923451635352,0.0651471135035197,-0.0046810046673322,38.97,40.4992,99.487,88.1426,50.7803,11.0773,111.1824,86.6667,13.3333,48.3617,38.97,29.5783,-253653125.2262,-190932926.0
2023-01-11,41.96,43.84,40.6304,43.79,16152705.0,42.6884,138588.0,0.002965153683075,0.0301105622206541,0.0634423678126029,-0.0046810046673322,38.822,40.013,94.9686,68.7573,48.2107,11.0908,66.3174,90.0,16.6667,47.7989,38.822,29.8451,-273481707.1259,-211447618.0
2023-01-10,37.76,43.29,37.74,43.23,24496650.0,40.7183,206188.0,0.0012009247870271,-0.0237127371273715,0.0638744982859488,-0.0068695775391496,38.7793,39.7525,69.9723,51.1206,47.8185,11.308,43.5571,93.3333,20.0,47.6732,38.7793,29.8855,-289131149.8813,-227600323.0
2023-01-09,35.19,39.38,34.72,38.27,18904120.0,37.8638,172857.0,-0.0040628596296113,-0.1601931095018652,0.0594279359894861,-0.0090557662557149,38.8143,39.5127,41.3311,42.9384,44.2004,11.5631,-23.7916,96.6667,23.3333,47.7859,38.8143,29.8428,-313098142.584,-252096973.0
2023-01-06,33.67,33.75,31.55,33.26,15527836.0,32.6957,140770.0,-0.007409172890068,-0.2334639317815166,0.0531140782209483,-0.0090557662557149,39.0577,39.5984,42.0585,52.3275,40.1483,11.8707,-99.27,100.0,26.6667,48.3473,39.0577,29.768,-322996437.1763,-271001093.0
2023-01-05,34.71,35.26,32.75,33.53,16934523.0,33.9318,175219.0,-0.0053944553095317,-0.1867572156196945,0.0541869598740424,-0.007872853487677,39.3953,40.0355,45.4257,59.5939,40.3008,11.8179,-91.184,83.3333,30.0,48.553,39.3953,30.2377,-331607328.049,-255473257.0
2023-01-04,34.59,38.5,34.54,37.7,17737392.0,36.9922,171213.0,-0.0046754891866922,-0.1670349094122846,0.0529143093860025,-0.007872853487677,39.652,40.4841,69.4983,63.7033,42.7229,11.8291,-47.7607,86.6667,33.3333,48.5661,39.652,30.7379,-325197847.2323,-238538734.0
2023-01-03,36.49,36.93,33.3709,33.6,8514288.0,34.6709,86606.0,-0.0111546458900239,-0.3113342898134867,0.0487393023411904,-0.0129953816995606,39.904,40.6761,63.8578,50.785,39.2529,11.9411,-89.6858,90.0,0.0,49.0085,39.904,30.7995,-335768616.202,-256276126.0
2022-12-30,33.962,35.87,33.63,35.39,8397944.0,34.8032,80342.0,-0.009495976185559,-0.2752406307597788,0.0482132672422485,-0.007872853487677,40.4103,41.1642,57.7536,39.0704,40.2829,11.9495,-92.0823,93.3333,0.0,49.7429,40.4103,31.0778,-328350461.1462,-247761838.0
2022-12-29,33.455,35.33,33.37,34.78,7675479.0,34.6925,77801.0,-0.0141024534169543,-0.3736718890689717,0.0518730968450742,-0.0129953816995606,40.8583,41.5624,30.7437,31.1702,39.7622,11.8848,-107.9678,96.6667,0.0,50.47,40.8583,31.2466,-333149286.289,-256159782.0
2022-12-28,32.58,33.48,31.83,32.53,7839732.0,32.6404,70410.0,-0.0149611930095693,-0.3887636226982337,0.0506871811482853,-0.0129953816995606,41.55,42.0301,28.7139,33.4383,37.8294,11.7806,-145.6386,100.0,3.3333,52.2386,41.55,30.8614,-336517098.5033,-263835261.0
2022-12-27,34.5,34.56,32.44,32.65,10940800.0,33.2166,99158.0,-0.0172983636218087,-0.4317786286112075,0.0517189042204627,-0.0215239836816177,42.2397,42.6853,34.0531,30.0738,37.892,11.5443,-146.1543,100.0,0.0,53.1783,42.2397,31.301,-335329260.3215,-255995529.0
2022-12-23,34.77,35.98,33.67,35.49,8222704.0,35.1647,66412.0,-0.0103497201180863,-0.3030243519245875,0.056598364820472,-0.0129953816995606,43.0667,43.3774,37.548,21.9488,39.385,11.3292,-127.198,96.6667,3.3333,54.709,43.0667,31.4243,-326555977.3026,-245054729.0
2022-12-22,34.93,35.3465,32.95,34.59,10335668.0,33.9567,90835.0,-0.0076357555890938,-0.2477163984341017,0.0601197527553826,-0.0129953816995606,43.581,43.9213,18.6204,12.7728,38.6445,11.1656,-146.7091,100.0,6.6667,55.2024,43.581,31.9596,-331290261.4238,-253277433.0
2022-12-21,35.31,36.1,34.7963,35.15,6998619.0,35.467,64298.0,-0.0102852346445494,-0.3084792445406258,0.0621443246346486,-0.0185876441862993,43.9607,44.5649,9.6779,9.6686,38.9306,10.9545,-142.907,96.6667,0.0,55.1172,43.9607,32.8041,-335100636.0026,-242941765.0
2022-12-20,34.75,36.858,34.35,34.97,9833235.0,35.3183,85979.0,-0.0140493443630746,-0.386168158680007,0.064471892689421,-0.0277121718004389,44.4833,45.2142,10.0202,11.323,38.7898,10.8227,-150.5787,100.0,0.0,55.4066,44.4833,33.5601,-331899534.1312,-249940384.0
2022-12-19,35.97,36.68,34.51,35.17,11168297.0,35.1797,98684.0,-0.0149081851078118,-0.4020741244474669,0.0645263600580298,-0.029879992272874,45.2167,45.9207,9.3077,11.3256,38.8861,10.6863,-153.574,100.0,0.0,56.4366,45.2167,33.9967,-326928026.1647,-240107149.0
2022-12-16,37.4,38.01,34.71,36.6,18247429.0,36.0819,162788.0,-0.0118017550394568,-0.3440860215053765,0.0655238738214672,-0.0277121718004389,46.005,46.6621,14.641,15.5734,39.5649,10.5344,-143.0209,100.0,3.3333,57.6075,46.005,34.4025,-322553347.6163,-228938852.0
2022-12-15,38.95,39.6,37.44,37.98,12013423.0,38.1521,123294.0,-0.0132864678407309,-0.3744028990281667,0.0665594036874562,-0.0277121718004389,46.645,47.3561,10.0282,15.7483,40.2199,10.386,-120.263,100.0,0.0,58.2198,46.645,35.0702,-325207519.1073,-210691423.0
2022-12-14,39.41,41.9,38.82,40.19,16117596.0,40.3504,144392.0,-0.0128123321934087,-0.3649865697582556,0.0663108469667902,-0.0277121718004389,47.4027,48.0027,22.051,20.1115,41.2778,10.3529,-95.4025,96.6667,0.0,59.5701,47.4027,35.2352,-319200807.6073,-198678000.0
2022-12-13,46.01,46.33,38.5,38.69,20558271.0,41.4547,201016.0,-0.0155939639673383,-0.416,0.0658373049746838,-0.029879992272874,48.1727,48.5415,15.1658,16.6328,40.2466,10.3812,-85.9177,100.0,0.0,61.3025,48.1727,35.0428,-317421592.4644,-214795596.0
2022-12-12,39.98,42.65,39.65,42.6,9962641.0,41.1606,100256.0,-0.0152263234387529,-0.4089080061051754,0.0654404250877304,-0.029879992272874,49.0913,49.2209,23.1178,16.5452,42.1099,10.4105,-82.444,100.0,3.3333,63.2546,49.0913,34.928,-297861040.8744,-194237325.0
2022-12-09,41.6,42.32,40.15,40.24,10030234.0,41.0975,107948.0,-0.0173652446605139,-0.4447357527252656,0.0640242186903002,-0.029879992272874,50.0737,49.6775,11.615,16.8685,40.5027,10.238,-91.5848,100.0,0.0,66.2454,50.0737,33.902,-307491593.841,-204199966.0
2022-12-08,41.56,43.8999,40.3,42.81,9361800.0,42.4955,86544.0,-0.0159693119586096,-0.4199972903400624,0.0635333691397075,-0.0277121718004389,51.148,50.3284,14.9028,31.235,41.7221,10.0802,-81.2135,100.0,0.0,68.7802,51.148,33.5158,-298293360.818,-194169732.0
2022-12-07,41.88,43.2,40.55,41.26,10824527.0,41.9086,103403.0,-0.0177722775907206,-0.4502331778814123,0.0627511901119565,-0.0277121718004389,52.1813,50.8469,24.0876,50.6618,40.6809,9.923,-89.1006,100.0,3.3333,71.308,52.1813,33.0547,-301986433.4533,-203531532.0
2022-12-06,45.6001,46.65,41.73,42.41,12156145.0,42.999,127081.0,-0.0125203583342477,-0.3611989757493599,0.0681135914768573,-0.0232314095074813,53.3077,51.508,54.7145,71.1071,41.2089,9.7233,-77.7483,66.6667,6.6667,73.6689,53.3077,32.9464,-296962219.0345,-192707005.0
2022-12-05,47.98,49.85,45.63,46.0,11228347.0,47.0771,109457.0,-0.0099138874660361,-0.3070201868032539,0.0670440911529741,-0.0173385200184025,54.107,52.1355,73.1832,73.9411,42.8888,9.5619,-54.8523,70.0,10.0,74.5767,54.107,33.6373,-288166309.2377,-180550860.0
2022-12-02,43.97,47.7,43.73,47.67,10372090.0,46.4241,96744.0,-0.0072836428562322,-0.2503538292184307,0.067552951842175,-0.013290680329303,54.7863,52.5586,85.4235,67.0606,43.6896,9.5493,-63.944,73.3333,13.3333,75.4862,54.7863,34.0865,-278906914.0813,-169322513.0
2022-12-01,45.82,47.19,44.44,45.27,11579372.0,45.5993,104911.0,-0.0088398137348133,-0.2835891755024531,0.0666780243559071,-0.013290680329303,55.317,52.8958,63.2166,50.8983,42.19,9.4276,-73.2655,76.6667,16.6667,76.0761,55.317,34.5579,-289122247.0536,-179694603.0
2022-11-30,43.71,45.8799,41.51,45.73,15562746.0,43.8903,116883.0,-0.0100249271696706,-0.3093188340129892,0.0670043215161261,-0.0173385200184025,55.9143,53.4217,52.5418,44.3713,42.3992,9.3293,-87.3385,80.0,20.0,76.5133,55.9143,35.3154,-284532605.0609,-168115231.0
2022-11-29,42.91,44.65,42.7,43.11,9090624.0,43.5086,82301.0,-0.013477189857673,-0.3767529275697557,0.0659269767398973,-0.0232314095074813,56.597,53.9522,36.9366,39.9073,40.7825,9.1629,-99.6351,83.3333,23.3333,77.1581,56.597,36.0359,-299027658.1501,-183677977.0
2022-11-28,43.3,44.899,42.02,42.51,10518516.0,42.9742,101358.0,-0.011022679186678,-0.3314986633118417,0.0682387548161152,-0.0232314095074813,57.4657,54.6999,43.6356,36.1809,40.4122,8.9299,-109.2635,86.6667,26.6667,77.8755,57.4657,37.0558,-293759758.0886,-192768601.0
2022-11-25,44.76,45.2365,43.7,44.28,6451508.0,44.354,64657.0,-0.0124190970155209,-0.3606699393589373,0.0692382146427169,-0.0232314095074813,58.1683,55.5406,39.1498,25.1046,41.1458,8.6889,-108.0905,90.0,30.0,77.9108,58.1683,38.4258,-286821702.554,-182250085.0
2022-11-23,43.85,46.17,42.2057,45.57,14665807.0,44.7731,130644.0,-0.0118043000579774,-0.3485346676197286,0.0691762577215081,-0.0173385200184025,59.001,56.3172,25.7574,16.2814,41.6789,8.4978,-115.2726,93.3333,33.3333,78.4349,59.001,39.5671,-285240841.6611,-175798577.0
2022-11-22,42.35,44.4,41.61,43.39,20783082.0,42.9594,184700.0,-0.0135788050492138,-0.3815564424173318,0.0682383242474964,-0.0173385200184025,59.8137,57.0584,10.4067,13.9072,40.418,8.3002,-136.9654,96.6667,36.6667,78.9701,59.8137,40.6573,-295467285.2426,-190464384.0
2022-11-21,43.6,44.6439,40.61,41.23,22381981.0,41.9175,216794.0,-0.0137737936370125,-0.3849940334128879,0.0680576633397971,-0.0173385200184025,60.706,58.001,12.6803,24.7466,39.158,8.0162,-159.0793,100.0,40.0,79.2017,60.706,42.2103,-301203117.9092,-211247466.0
2022-11-18,48.8,49.0,44.31,45.26,20287264.0,45.7959,203740.0,-0.0107858566098197,-0.3244776119402988,0.0666405498421877,-0.0131932535802912,61.5663,59.1576,18.6347,38.6779,40.7106,7.7225,-143.0868,100.0,43.3333,78.71,61.5663,44.4227,-285701242.1275,-188865485.0
2022-11-17,46.67,49.97,45.18,48.79,17974650.0,47.6003,172111.0,-0.0114905630562218,-0.3398728182925181,0.0673953645393286,-0.0131932535802912,62.291,60.1161,42.9249,56.9586,42.1249,7.5368,-143.3223,80.0,46.6667,78.4244,62.291,46.1576,-273632699.151,-168578221.0
2022-11-16,52.83,54.03,48.0,48.83,24054683.0,49.7692,246860.0,-0.0110338572279588,-0.3308208852953268,0.0675124533972912,-0.0131932535802912,63.1283,60.8972,54.4742,61.9962,42.1409,7.3728,-136.2358,83.3333,50.0,78.977,63.1283,47.2797,-282751362.9297,-150603571.0
2022-11-15,55.0,58.0,54.6,55.53,14805294.0,56.3065,142038.0,-0.0076965709353246,-0.2546308724832213,0.0644145997121568,-0.0131932535802912,63.933,61.7294,73.4767,57.078,44.909,7.2952,-90.1651,86.6667,53.3333,79.2381,63.933,48.6279,-265318698.7987,-126548888.0
2022-11-14,55.695,55.74,52.6,53.22,16137553.0,53.9356,171378.0,-0.0048219397891732,-0.1930250189537532,0.0684300890712673,-0.0131932535802912,64.5653,62.157,58.0377,38.9944,43.6759,7.4452,-123.4014,90.0,56.6667,79.9964,64.5653,49.1342,-258612771.5163,-141354182.0
2022-11-11,47.5,58.29,46.25,57.46,30584528.0,53.894,306914.0,-0.001607618729369,-0.1090091487052257,0.0673715598297684,-0.0076918570135205,64.9897,62.7733,39.7197,24.3083,45.4821,7.5113,-136.5396,93.3333,60.0,79.8387,64.9897,50.1407,-248839932.1214,-125203279.0
2022-11-10,51.04,53.93,49.02,50.92,30695388.0,50.9195,284578.0,-0.0045165484109579,-0.1779141104294485,0.0634644895331234,-0.0076918570135205,65.224,63.1397,19.2259,16.7297,41.8996,7.5798,-187.4107,96.6667,63.3333,79.8098,65.224,50.6382,-275207656.427,-155787807.0
2022-11-09,47.09,49.6899,44.62,45.98,42256135.0,46.6578,383815.0,-0.0107571530227352,-0.3168919922745511,0.0613173899872521,-0.0131932535802912,65.5913,63.9825,13.9794,14.1279,38.9713,7.4783,-274.2892,100.0,66.6667,79.2429,65.5913,51.9398,-268268373.1928,-186483195.0
2022-11-08,54.5,58.4499,47.69,50.83,61868168.0,52.0943,569841.0,-0.0053244357852351,-0.1938144329896912,0.0607937844868704,-0.0076918570135205,66.3023,65.224,16.9838,11.42,40.9291,7.1959,-239.3468,100.0,70.0,77.8546,66.3023,54.75,-248674282.2872,-144209021.0
2022-11-07,60.0,60.99,54.22,56.97,13659109.0,57.5962,130754.0,-0.0013197843833378,-0.0852601156069373,0.0577961781127063,-0.0042563419078456,66.7097,66.2167,11.4204,6.0232,43.6101,7.0017,-178.6288,100.0,73.3333,76.8232,66.7097,56.5962,-222915380.6409,-82340853.0
2022-11-04,60.4,63.43,56.4,58.82,18901356.0,59.5917,179340.0,-5.591734252419212e-05,-0.0494505494505503,0.0575374286740643,-0.0014212553546956,66.8867,66.8544,5.8558,2.5474,44.4583,7.0246,-150.4319,96.6667,76.6667,76.4849,66.8867,57.2884,-220353036.7074,-68681744.0
2022-11-03,59.4,61.88,55.75,55.8,14238794.0,58.2328,153184.0,-0.0024213606787845,-0.1134413727359393,0.056714293602294,-0.0042563419078456,66.9887,67.4085,0.7932,7.1895,42.6996,7.1277,-189.2586,100.0,80.0,76.3026,66.9887,57.6747,-214464847.5694,-87583100.0
2022-11-02,63.395,66.21,60.55,60.71,12700860.0,63.4124,112096.0,-0.0020416678248262,-0.1024541691306922,0.056223788333518,-0.0042563419078456,67.2267,68.2091,0.9932,20.6151,44.9358,7.1727,-106.5583,6.6667,83.3333,75.713,67.2267,58.7403,-200458334.0588,-73344306.0
2022-11-01,69.0,69.71,63.13,63.29,8238178.0,65.5799,94641.0,-0.0008300320618941,-0.0684427435972925,0.0557660438521795,-0.0037044096860567,67.4577,68.7263,19.7821,41.9885,46.1638,7.3955,-51.3444,10.0,86.6667,75.5918,67.4577,59.3235,-188475543.8822,-60643446.0
2022-10-31,72.37,74.65,66.145,66.25,10648406.0,68.9891,111611.0,-0.0002892915010278,-0.0526240526240531,0.0554157844020325,-0.0037044096860567,67.6127,69.1012,41.0699,61.5456,47.6067,7.5756,27.4359,13.3333,90.0,75.5991,67.6127,59.6262,-180638006.7575,-52405268.0
2022-10-28,72.0,73.72,69.35,72.07,7372115.0,71.1575,77233.0,0.0005692025556762,-0.0260810810810817,0.0543518550862469,-0.0037044096860567,67.7353,69.2978,65.1136,71.0649,50.6134,7.6425,86.7984,16.6667,93.3333,75.7473,67.7353,59.7233,-170252524.3625,-41756862.0
2022-10-27,74.51,75.65,71.51,72.47,5967614.0,73.0012,65642.0,-0.0006409174579077,-0.061634080020718,0.0548755652108354,-0.0037044096860567,67.7997,69.1066,78.4532,68.7213,50.8267,7.5801,114.1199,20.0,0.0,75.9791,67.7997,59.6202,-172057595.9986,-34384747.0
2022-10-26,75.28,78.29,73.1001,73.81,14148193.0,75.6648,128678.0,-0.0006583776067691,-0.0621346886912329,0.0548812179648929,-0.0037044096860567,67.9583,68.8747,69.6279,52.1205,51.5299,7.4247,141.111,23.3333,3.3333,76.6619,67.9583,59.2548,-168857571.1001,-28417133.0
2022-10-25,67.01,75.4,66.96,75.05,14446936.0,72.4679,132051.0,0.0014206055443674,-0.0026578073089704,0.05541957516242,-0.0014212553546956,68.1213,68.5343,58.0828,36.0332,52.1755,7.1966,84.7585,26.6667,6.6667,77.4199,68.1213,58.8227,-158579896.6884,-14268940.0
2022-10-24,67.4,68.15,63.68,66.39,8111715.0,66.1779,84054.0,-0.0058751472993464,-0.195760145366445,0.0522717412314601,-0.0037044096860567,68.128,68.085,28.6506,23.9885,47.7561,7.0542,-42.1874,30.0,0.0,77.4467,68.128,58.8093,-171828627.096,-28715876.0
2022-10-21,63.4,66.63,61.7,66.38,9156365.0,64.7178,81236.0,-0.0051876994968698,-0.1791764560405593,0.052481660801655,-0.0037044096860567,68.6667,68.2019,21.366,27.8167,47.7507,7.1608,-66.1248,33.3333,3.3333,79.2972,68.6667,58.0361,-173552593.3711,-36827591.0
2022-10-20,63.14,67.43,62.7,63.59,8938669.0,64.5181,80495.0,-0.0030970098741187,-0.1298576902025178,0.0555538679483178,-0.0037044096860567,69.1497,68.3275,21.9488,34.4381,46.2554,7.3277,-74.2189,36.6667,6.6667,80.6054,69.1497,57.6939,-181780320.9472,-45983956.0
2022-10-19,64.82,66.89,62.5518,63.19,8601141.0,64.1478,83394.0,-0.0009490393659646,-0.0741391941391943,0.0571010521838126,-0.0037044096860567,69.466,68.6542,40.1352,44.2429,46.0413,7.4616,-84.5224,40.0,10.0,80.8138,69.466,58.1182,-176205463.9599,-54922625.0
2022-10-18,72.9,73.9,65.3,66.21,13874738.0,68.2308,125492.0,0.0034756974466044,0.0546352341510028,0.0585922615033234,-0.0011980717847479,69.6347,69.0311,41.2304,45.7701,47.4195,7.6193,-17.9842,43.3333,13.3333,80.7524,69.6347,58.517,-170134980.0002,-46321484.0
2022-10-17,66.48,70.95,66.34,69.17,11263274.0,69.0706,104067.0,0.0036354067667804,0.0599141893962604,0.0584723326947517,-0.0011980717847479,69.5203,69.2256,51.3631,49.7944,48.8036,7.6787,-9.6979,46.6667,16.6667,80.8452,69.5203,58.1955,-159196523.763,-32446746.0
2022-10-14,71.85,73.79,63.38,63.59,13711603.0,67.373,127642.0,0.0005730768855193,-0.0296047611780865,0.056354242590786,-0.003556704380961,69.39,69.2295,44.7167,44.2561,45.9275,7.8417,-37.2042,50.0,20.0,80.8175,69.39,57.9625,-161761911.5504,-43710020.0
2022-10-13,63.66,69.63,61.06,69.26,18341964.0,65.5325,177173.0,0.0026681921703985,0.0368263473053884,0.0543843729457665,-0.003556704380961,69.4547,69.6184,53.3035,40.0015,48.6098,8.0103,-39.4913,53.3333,23.3333,80.7716,69.4547,58.1377,-148603514.4351,-29998417.0
2022-10-12,69.74,71.85,67.82,69.95,8998949.0,69.8596,85603.0,0.0028826218133335,0.0435625839176485,0.0543472061367696,-0.0032122289565199,69.3727,69.6431,34.7482,37.1951,48.9461,8.2444,8.8228,56.6667,26.6667,80.7296,69.3727,58.0157,-165361691.5787,-11656453.0
2022-10-11,67.61,72.69,65.025,70.16,17705645.0,69.4122,173522.0,0.0033290925874012,0.0575821525474824,0.0543521189551835,-0.0014171422463989,69.2753,69.6219,31.9529,48.7523,49.0459,8.324,1.3594,60.0,30.0,80.6608,69.2753,57.8898,-165875279.2387,-2657504.0
2022-10-10,67.58,69.26,65.4301,67.04,7713993.0,67.0554,78959.0,0.0015779996965024,0.0044950554390168,0.0537749555612798,-0.0037757748426121,69.148,69.5848,44.8842,68.3205,47.5084,8.4063,-28.2765,63.3333,33.3333,80.5764,69.148,57.7196,-171892657.6112,-20363149.0
2022-10-07,70.85,71.1,65.5,67.0,11427931.0,67.8558,118575.0,-0.0006043406683678,-0.0612302087711931,0.0550830573363576,-0.0042679555721489,69.138,69.7603,69.4198,82.516,47.4888,8.607,-19.3593,66.6667,36.6667,80.5743,69.138,57.7017,-170663824.7097,-28077142.0
2022-10-06,73.07,76.2774,71.3405,73.91,11103663.0,73.7998,97235.0,0.0024607657639802,0.0339955232232787,0.0523179988746514,-0.0037757748426121,69.2837,69.9507,90.6574,84.9888,50.6531,8.812,68.7208,70.0,40.0,80.7187,69.2837,57.8487,-165357999.6026,-16649211.0
2022-10-05,71.8,73.4782,69.28,72.97,9222677.0,71.6087,86800.0,0.0021718544552249,0.0251475133464451,0.0522835729493211,-0.0037757748426121,69.2027,69.6777,87.4706,72.7234,50.2169,8.8115,41.2536,73.3333,43.3333,80.5395,69.2027,57.8659,-165812546.0371,-27752874.0
2022-10-04,69.09,74.63,69.08,74.5,11881433.0,72.2061,118035.0,0.0027211633281145,0.042395410661816,0.0521284395757818,-0.0037444729915816,69.143,69.4506,76.8382,62.3688,50.9251,8.901,53.0061,76.6667,46.6667,80.4185,69.143,57.8675,-172802378.2696,-18530197.0
2022-10-03,64.95,67.86,61.92,65.95,10949180.0,64.915,97940.0,-0.0027660138071863,-0.1095058061031596,0.0468790565184549,-0.0040889484160227,69.042,69.1024,53.8614,52.4119,46.8777,8.9936,-59.9761,80.0,50.0,80.1772,69.042,57.9068,-184127203.5975,-30411630.0
2022-09-30,61.25,67.59,61.0737,64.49,10210275.0,64.9873,101865.0,-0.0072784899163781,-0.2273870851803044,0.0505853354125878,-0.0042679555721489,69.3123,69.3198,56.4068,49.2311,46.1445,9.2944,-76.0353,83.3333,0.0,80.5276,69.3123,58.0971,-188034991.7457,-41360810.0
2022-09-29,64.62,65.03,60.26,61.94,11508191.0,61.8525,123039.0,-0.0094193562233072,-0.2750468164794011,0.0498432889393214,-0.0052045340646337,69.945,69.6529,46.9675,38.1079,44.8596,9.5964,-106.0033,86.6667,0.0,82.1026,69.945,57.7874,-188530596.6108,-51571085.0
2022-09-28,62.8,67.74,62.76,67.31,8482667.0,65.9571,85853.0,-0.0085854419954401,-0.2553379798650297,0.0488586813217025,-0.0052045340646337,70.7283,70.1848,44.319,27.492,47.1496,9.8216,-63.9892,90.0,0.0,83.7214,70.7283,57.7352,-185128804.3026,-40062894.0
2022-09-27,65.29,67.55,61.8842,63.05,11860469.0,64.3391,112647.0,-0.0114102733062972,-0.3144503642492117,0.0467798516871725,-0.0114174217702757,71.4977,70.383,23.0371,16.3219,44.9964,10.1359,-87.1621,93.3333,3.3333,86.2095,71.4977,56.7858,-192146593.0656,-48545561.0
2022-09-26,62.98,66.33,62.18,62.28,9562579.0,63.9755,84877.0,-0.0112772106797103,-0.3117471543816998,0.0468529059370093,-0.0114174217702757,72.4617,70.8888,15.1198,11.4148,44.602,10.4548,-95.3878,96.6667,6.6667,88.5579,72.4617,56.3654,-185166965.1685,-60406030.0
2022-09-23,61.56,63.15,59.4347,61.88,10932912.0,60.8947,104298.0,-0.0089172846580196,-0.2633333333333335,0.0494008050948068,-0.0114174217702757,73.402,71.4825,10.8086,10.8194,44.4019,10.7456,-118.8522,100.0,0.0,90.2859,73.402,56.5181,-176065233.3492,-69968609.0
2022-09-22,67.4,68.98,62.31,62.94,11156949.0,64.5617,115554.0,-0.0119463007290478,-0.331421287444232,0.0524834976129556,-0.0115864611556406,74.1393,72.1447,8.3161,11.0358,44.8167,10.9441,-92.6726,63.3333,3.3333,90.8775,74.1393,57.4012,-179523756.6107,-59035697.0
2022-09-21,68.9,72.24,67.4301,67.64,12344591.0,70.0465,109826.0,-0.0071742167680175,-0.2285583941605842,0.0535328348426356,-0.0052045340646337,75.1793,72.7795,13.3336,14.1518,46.6862,11.2349,-56.659,66.6667,6.6667,92.8557,75.1793,57.503,-170532874.3664,-47950820.0
2022-09-20,68.09,69.8,66.17,67.94,7974478.0,68.0449,80635.0,-0.0105433172647911,-0.3068761477249542,0.0563591253375031,-0.0115864611556406,75.8473,73.134,11.4578,21.1117,46.8067,11.5508,-69.7484,70.0,0.0,93.8453,75.8473,57.8494,-159265698.5521,-35606229.0
2022-09-19,71.88,72.54,67.0,69.93,13135272.0,69.4207,130791.0,-0.0078143448492703,-0.2484685652874799,0.0573981740502037,-0.005056828759538,76.85,73.4922,17.6638,34.8448,47.5942,11.9459,-57.8635,73.3333,3.3333,96.2695,76.85,57.4305,-159067984.2215,-27631751.0
2022-09-16,75.15,76.3699,73.5982,74.0,16904766.0,74.3825,93214.0,-0.0044249560228735,-0.1676040494938129,0.0575138249598119,-0.0040889484160227,77.6207,73.7379,34.2135,53.3177,49.2318,12.3358,-24.1586,76.6667,0.0,97.7042,77.6207,57.5371,-159826700.2937,-14496479.0
2022-09-15,77.63,82.0,76.625,77.23,10950143.0,78.4485,121385.0,0.0003061939132347,-0.0443014478406138,0.0600258025927423,-0.0037444729915816,78.1173,73.7198,52.6569,69.6,50.5666,12.5318,0.4546,80.0,3.3333,98.552,78.1173,57.6826,-147692344.4887,2592487.0
2022-09-14,75.3,79.2,74.11,78.7,10840704.0,77.2032,112368.0,0.0076619167087259,0.1706083593633793,0.0699492485993101,-0.0024850957079662,78.2367,73.4777,73.0828,84.0497,51.1771,12.6345,-8.3067,0.0,6.6667,98.6911,78.2367,57.7823,-139207256.9362,13542630.0
2022-09-13,75.34,78.09,74.35,75.25,11235328.0,76.1058,130848.0,0.0085419709669931,0.2001594896331735,0.0705873072815532,-0.0024850957079662,77.8543,73.1175,83.0603,89.9142,49.8023,12.8186,-15.3318,0.0,10.0,98.6851,77.8543,57.0236,-147918156.614,2701926.0
2022-09-12,82.6,84.58,80.6,82.55,12554936.0,82.6392,135452.0,0.0113520258898756,0.311149936467598,0.0683122509179118,-0.0024850957079662,77.436,72.9705,96.006,82.5814,52.846,13.0398,32.6805,3.3333,13.3333,98.952,77.436,55.92,-142090205.7263,13937254.0
2022-09-09,78.2,81.04,75.15,80.87,15393378.0,78.491,156384.0,0.0110397439108817,0.2991164658634526,0.0682898750174616,-0.0024850957079662,76.783,72.3098,90.6763,64.4583,52.1961,13.0653,13.2897,0.0,16.6667,98.8213,76.783,54.7447,-141837845.2037,1382318.0
2022-09-08,66.36,73.33,65.5,73.08,9241494.0,69.9661,97361.0,0.0094243470287314,0.2422233554309023,0.0665617138938294,-0.0024850957079662,76.1623,71.7194,61.0618,43.8358,49.0481,13.1864,-35.853,0.0,20.0,98.7473,76.1623,53.5774,-156342641.112,-14011060.0
2022-09-07,62.0,68.77,61.83,68.25,8408351.0,65.2564,91741.0,0.0107809718888515,0.2894388815416582,0.0681929486417243,-0.0024850957079662,75.6873,71.6256,41.6369,35.0267,46.9545,13.5316,-58.5062,0.0,23.3333,99.096,75.6873,52.2787,-164994001.3955,-23252554.0
2022-09-06,65.56,66.88,62.6,62.78,7478058.0,64.4186,89691.0,0.0008491661944748,-0.0639630237065754,0.0774228632723263,-0.0037444729915816,75.1767,71.8584,28.8086,31.05,44.4559,13.9674,-68.1238,3.3333,26.6667,99.8465,75.1767,50.5069,-172142311.3235,-31660905.0
2022-09-02,67.71,68.14,63.82,65.26,6342835.0,65.6638,70953.0,0.0003508560296064,-0.0785088957921495,0.0777188557319529,-0.0037444729915816,75.3197,72.4845,34.6346,28.2843,45.3929,14.3586,-59.5719,6.6667,30.0,99.7489,75.3197,50.8904,-165325443.23,-24217998.0
2022-09-01,65.55,65.99,61.91,65.53,8046563.0,63.8449,96280.0,-0.0009356105312854,-0.114220059475534,0.0781006996378541,-0.0037444729915816,75.505,72.9828,29.7067,21.8969,45.4939,14.7996,-69.4783,10.0,33.3333,99.7095,75.505,51.3005,-163194498.23,-17825163.0
2022-08-31,68.7,70.38,66.6581,66.8,6707941.0,67.9956,69833.0,-0.0008731547334351,-0.1125282316992164,0.0780869672694171,-0.0037444729915816,75.7867,73.4967,20.5117,17.6543,45.9585,15.1902,-51.3938,13.3333,36.6667,99.7154,75.7867,51.8579,-169426640.1614,-9778600.0
2022-08-30,67.965,69.45,64.63,67.03,8293471.0,66.6465,87573.0,0.0040212107740326,0.0182287710770159,0.0822631330853553,-0.0027982692813769,76.069,73.9586,15.4725,16.2975,46.0408,15.695,-59.1084,16.6667,40.0,99.7657,76.069,52.3723,-163230188.8994,-3070659.0
2022-08-29,65.51,69.4,65.46,66.34,7944062.0,67.6883,86758.0,0.0077424626344141,0.1307312084540657,0.0849487383920208,-0.0027982692813769,76.029,74.4364,16.9788,15.7558,45.7591,16.2279,-57.5546,20.0,43.3333,99.7905,76.029,52.2675,-163195776.1566,-11364130.0
2022-08-26,71.71,71.7999,65.3419,66.74,9797324.0,67.3023,118239.0,0.0109663489677389,0.2407510689719272,0.0861924140374623,0.001337887521771,75.7733,74.9948,16.4413,11.978,45.8933,16.772,-49.4876,0.0,46.6667,100.1046,75.7733,51.4421,-158822900.3241,-3460859.0
2022-08-25,71.84,72.45,68.52,71.37,8563518.0,70.3185,99438.0,0.0133596636635006,0.3360164732309996,0.0850425019874136,0.0055704559467094,75.3417,75.5641,13.8474,7.5824,47.4514,17.3349,-28.4023,0.0,50.0,100.735,75.3417,49.9483,-153267644.6686,6336465.0
2022-08-24,71.88,74.32,70.71,71.48,6675538.0,72.4834,68255.0,0.0136118389083727,0.3461393596986817,0.0850091596753236,0.0064763051002572,74.7433,75.8533,5.6453,5.1303,47.4884,17.8293,-15.8913,3.3333,53.3333,101.3019,74.7433,48.1847,-157124496.287,14899983.0
2022-08-23,71.95,76.41,70.6,71.18,9598286.0,72.7687,107067.0,0.0127707600364944,0.3123156342182891,0.0852225307681199,0.0064763051002572,74.1307,76.1549,3.2545,7.014,47.3801,18.2798,-8.6303,6.6667,56.6667,101.7874,74.1307,46.4739,-153296694.7191,8224445.0
2022-08-22,70.91,74.94,70.29,71.47,9082357.0,71.8852,114600.0,0.0131287320712146,0.3264662212323681,0.0851736328212569,0.006803879664365,73.566,76.498,6.491,15.1464,47.4716,18.7459,-7.6641,10.0,60.0,102.1179,73.566,45.0141,-145614761.862,17822731.0
2022-08-19,76.0,78.2513,74.01,74.06,13727856.0,75.3724,174741.0,0.010750471692869,0.2283960855863327,0.0874492179408141,0.006803879664365,72.9797,76.8448,11.2964,27.1309,48.2759,19.2638,11.4181,13.3333,63.3333,102.3892,72.9797,43.5701,-141141945.1888,26905088.0
2022-08-18,86.33,86.36,81.42,83.47,7923316.0,83.241,92549.0,0.0161500306174162,0.4526627218934911,0.0846128369826657,0.0091659336710375,72.5207,77.0369,27.6517,39.6709,51.3306,19.7016,53.9791,16.6667,66.6667,102.2763,72.5207,42.7651,-127737760.1388,40632944.0
2022-08-17,87.505,88.64,84.7704,85.44,10697919.0,86.1979,118910.0,0.0206251698385744,0.652291626377876,0.0859604360306278,0.0138805104382609,71.6537,76.5932,42.4446,42.1656,51.9964,19.95,70.2771,20.0,70.0,101.5977,71.6537,41.7096,-126390475.6368,48556260.0
2022-08-16,90.55,95.5,84.2397,90.39,17055022.0,89.8155,172616.0,0.0202247613258549,0.631293990254467,0.0863378128665261,0.0138805104382609,70.5293,75.9831,48.9163,36.2714,53.6879,20.1103,93.7937,0.0,73.3333,100.849,70.5293,40.2097,-119394916.8613,59254179.0
2022-08-15,89.11,93.6799,88.59,91.97,11001934.0,91.3703,117522.0,0.0251272106315278,0.8754078303425772,0.0882295815451631,0.0315185315892315,69.3633,74.9895,35.1358,28.5209,54.2323,20.2761,108.7498,3.3333,76.6667,99.2252,69.3633,39.5015,-120970571.0967,76309201.0
2022-08-12,85.23,92.48,83.2899,90.49,13755196.0,88.4378,154553.0,0.0260140454308074,0.9245002126754576,0.0882706551794343,0.044821053578426,67.9323,73.8184,24.7622,31.9313,53.8082,20.3236,106.0283,0.0,80.0,97.436,67.9323,38.4286,-124580530.0297,65307267.0
2022-08-11,97.25,98.7,82.31,84.0,23247255.0,89.5548,277276.0,0.0216095028767674,0.6884422110552759,0.088898040864533,0.0271830324274554,66.4833,72.6687,25.6647,42.278,51.9196,20.3962,114.2545,3.3333,83.3333,95.6815,66.4833,37.2852,-132378698.3499,51552071.0
2022-08-10,89.98,95.0,88.0,94.14,23818204.0,91.643,259905.0,0.0242685467641607,0.8393903868698709,0.0861403733297957,0.0271830324274554,65.3417,71.8872,45.3669,53.5027,55.3366,20.4713,148.616,6.6667,86.6667,94.3889,65.3417,36.2944,-113925569.1522,74799326.0
2022-08-09,93.89,93.89,85.6,87.68,17411400.0,88.5788,217501.0,0.0189653746599987,0.5668334524660472,0.0878163206629742,0.0091659336710375,63.9097,70.3525,55.8025,61.2194,53.4499,20.3917,149.0578,10.0,90.0,91.3268,63.9097,36.4925,-131891300.1694,50981122.0
2022-08-08,97.84,103.55,93.8096,98.02,18878661.0,98.5766,218071.0,0.0188937193462221,0.5630680912135235,0.0879186593556125,0.0091659336710375,62.8523,69.1575,59.3386,68.4073,57.1877,20.3288,231.9954,13.3333,93.3333,88.9353,62.8523,36.7694,-123217104.512,68392522.0
2022-08-05,86.58,98.87,86.52,93.05,24865731.0,93.0485,283096.0,0.0192815663575298,0.5803328804347823,0.0880955659065208,0.0091659336710375,61.6753,67.167,68.5172,78.3034,55.7499,20.0307,239.4393,16.6667,96.6667,84.2558,61.6753,39.0948,-120659480.4867,49513861.0
2022-08-04,106.1,116.3,86.785,88.9,54307800.0,97.1868,654371.0,0.0222012059778036,0.7125794644577157,0.0903771549022365,0.0091659336710375,60.5363,65.382,77.366,81.2445,54.517,19.7993,328.6791,20.0,100.0,79.8879,60.5363,41.1848,-122089008.3418,24648130.0
2022-08-03,69.05,82.25,67.61,80.81,24784175.0,77.0992,253814.0,0.0156288149552005,0.4056357627413467,0.0916330254927551,0.006803879664365,59.3033,63.76,89.0269,76.1816,51.9965,19.5524,193.8815,23.3333,100.0,75.7671,59.3033,42.8396,-75534453.0987,-29694670.0
2022-08-02,60.91,69.59,60.8,67.23,12142089.0,66.7421,128559.0,0.0129761470238204,0.3125732135884425,0.0872464824317025,0.006803879664365,58.526,62.5842,77.3406,60.4576,47.2535,19.9831,91.8822,26.6667,70.0,72.9276,58.526,44.1244,-95443052.6888,-54478845.0
2022-08-01,61.19,63.62,59.42,62.7,7361252.0,62.0202,81910.0,0.0106788558482365,0.2282076395690502,0.0865601781968144,0.0063539399125069,57.9923,62.2638,62.1772,42.1398,45.5177,20.5678,51.1066,30.0,73.3333,72.25,57.9923,43.7346,-101065157.6069,-66620934.0
2022-07-29,60.14,64.2299,59.77,62.96,9113752.0,62.471,96311.0,0.0084169456691855,0.1445191783312129,0.0877953652716281,0.0063539399125069,57.604,62.2337,41.8549,29.2765,45.6009,20.9876,60.8935,33.3333,76.6667,71.9619,57.604,43.2461,-105201480.1593,-59259682.0
2022-07-28,58.235,62.95,55.59,62.25,13674813.0,60.0739,144372.0,0.0102533796823481,0.2068631252423423,0.0884126992313376,0.0063539399125069,57.339,62.1836,22.3875,27.3528,45.337,21.4313,39.4041,36.6667,80.0,71.5848,57.339,43.0932,-109125181.4116,-68373434.0
2022-07-27,54.87,60.61,53.12,58.83,18230196.0,56.5794,184550.0,0.0080400048109576,0.131128629109787,0.0880166088317221,0.0046782169543171,56.9833,62.179,23.5871,40.8425,44.0734,21.8509,7.936,40.0,83.3333,71.2537,56.9833,42.713,-120198807.1562,-82048247.0
2022-07-26,61.69,62.89,52.63,52.93,26875839.0,56.8719,278222.0,0.0005203971889789,-0.0984500085164367,0.0884942843664532,-0.0024687861390326,56.756,62.41,36.084,58.733,41.8312,22.2132,-6.6247,43.3333,86.6667,71.1184,56.756,42.3936,-129764183.6956,-100278443.0
