Date,Open,High,Low,Close,Volume,Volume Weighted Average,Transactions,Mean,Cumulative Return,STDDEV,Median,SMA,EMA,SlowK,SlowD,RSI,ADX,CCI,Aroon Down,Aroon Up,Real Upper Band,Real Middle Band,Real Lower Band,Chaikin A/D,OBV
2024-12-09,175.715,178.04,175.4,177.1,18569567.0,177.019,229160.0,0.0063001143692418,0.0644173620700006,0.0087188279717553,0.0058065223520095,175.2441,175.3183,76.4118,78.3057,69.198,35.7548,135.0582,0.0,100.0,178.3542,175.2441,172.134,2864565391.3187,3043088936.0
2024-12-06,173.88,176.8389,173.55,176.49,12755364.0,176.085,170359.0,0.0042635236341187,0.0428385724415028,0.0109688167131415,0.0040978725353495,174.3811,174.4274,80.4095,81.9722,66.0447,31.9988,70.3146,0.0,80.0,177.3435,174.3811,171.4187,2858840119.5914,3023201150.0
2024-12-05,177.32,177.71,174.01,174.31,15534039.0,175.0528,187379.0,-0.0015492375969964,-0.0170303953081822,0.0181267842132992,0.0007017180640317,173.1824,173.4957,78.0957,82.8677,56.4446,30.3371,86.9424,20.0,100.0,176.8499,173.1824,169.515,2848346555.356,3009881601.0
2024-12-04,172.78,176.43,172.75,176.09,16192287.0,175.5482,180244.0,-0.0017913143590294,-0.0194342354382447,0.0182551827585786,0.0007017180640317,172.4852,173.1868,87.4112,81.9779,69.2301,25.8625,121.0263,40.0,100.0,176.4896,172.4852,168.4808,2861873882.9236,3026027121.0
2024-12-03,173.12,174.32,172.51,173.02,15157993.0,173.0622,160590.0,-0.0019932775144933,-0.0213800904977374,0.0180479397236468,0.0007017180640317,171.3924,171.8346,83.0961,72.2582,55.2413,22.6245,112.0492,0.0,100.0,173.7086,171.3924,169.0763,2847004446.5105,3007787279.0
2024-12-02,170.32,173.6,170.27,172.98,15404994.0,172.7347,187821.0,-0.0003429298400735,-0.0052331933981252,0.0189098760413649,0.0040978725353495,170.6753,171.3394,75.4263,57.8768,55.0282,23.4074,160.5326,0.0,100.0,172.9939,170.6753,168.3567,2853866309.2564,2992065796.0
2024-11-29,170.06,170.87,168.75,170.49,8355812.0,170.259,106047.0,-0.0037543705169675,-0.0386805751339158,0.0189825463431032,-0.0003798312870142,169.3947,170.6167,58.2524,41.0328,41.0504,26.2848,36.4959,0.0,0.0,172.5572,169.3947,166.2322,2843451805.3645,2975472352.0
2024-11-27,170.68,171.14,169.67,170.82,11473267.0,170.7127,151374.0,-0.0053008932784553,-0.0535763754224609,0.0193965343721698,-0.0056785196795884,169.145,170.7763,39.9517,28.5766,42.4492,27.0008,65.7693,20.0,0.0,172.1773,169.145,166.1127,2837517386.3456,2984723064.0
2024-11-26,169.49,171.495,169.43,170.62,14058215.0,170.604,193040.0,-0.0069618614669411,-0.069277765655684,0.0194820865001907,-0.0139833606220172,170.4455,170.8507,24.8943,25.7562,41.4824,30.2156,-6.0717,40.0,0.0,177.6344,170.4455,163.2567,2830497183.6721,2972289693.0
2024-11-25,167.99,170.46,167.4,169.43,18989585.0,169.2641,244289.0,-0.006922335892032,-0.0689124580974883,0.0195108000261909,-0.0139833606220172,172.2355,171.0623,20.8838,34.7073,36.3963,34.2341,-48.9397,60.0,20.0,182.3689,172.2355,162.1021,2828218585.3332,2957352215.0
2024-11-22,167.16,168.2645,165.71,166.57,23446733.0,166.8668,321715.0,-0.0074661970893381,-0.0738908039586342,0.0188978214207084,-0.0139833606220172,173.7078,171.974,31.4905,46.0509,23.6346,36.5297,-108.6904,80.0,40.0,183.811,173.7078,163.6046,2821226542.1959,2935956563.0
2024-11-21,175.455,175.58,165.31,169.24,36226068.0,168.2341,531658.0,-0.0072161836950919,-0.0715382927364494,0.0188025233560125,-0.0129027565673133,175.1702,174.77,51.7475,48.3707,27.8005,33.3464,-139.6716,100.0,0.0,182.2827,175.1702,168.0577,2829229196.942,2960453605.0
2024-11-20,178.83,179.11,175.33,177.33,14429930.0,176.8894,191057.0,-0.0004390731930494,-0.0056075814501205,0.0156954901808322,-0.0025552147919066,176.7903,177.6304,54.9148,38.0782,48.5396,29.3672,26.3471,40.0,0.0,180.4303,176.7903,173.1504,2838343415.9011,2999293036.0
2024-11-19,175.235,180.17,175.116,179.58,13940064.0,178.5251,195648.0,0.0048509543146916,0.0476634968788285,0.0192430079639801,0.0095750759502449,177.4216,177.8807,38.4498,26.1977,58.1996,32.5154,27.2821,60.0,0.0,182.0413,177.4216,172.802,2837427924.5466,3015022842.0
2024-11-18,174.955,176.91,174.42,176.8,12675657.0,176.0112,184206.0,0.0037062570855088,0.0358565737051794,0.0188995685696736,0.0058479074531004,178.1688,177.1323,20.8699,28.9169,47.9633,36.4506,-55.7657,80.0,20.0,184.6467,178.1688,171.6909,2825628960.7785,2999629976.0
2024-11-15,175.64,175.88,172.745,173.89,20654786.0,174.0343,262244.0,0.000891748570892,0.0071821604401971,0.0188454076908848,-0.0035666790937474,179.2016,177.3982,19.2732,46.2176,34.5391,42.0217,-129.4484,100.0,40.0,185.9894,179.2016,172.4139,2808557993.7344,2980904554.0
2024-11-14,179.75,180.445,176.03,177.35,15932390.0,177.4544,239021.0,0.0028195301379538,0.0269847703978229,0.0176050668468607,0.0020226903390855,180.3943,179.2504,46.6075,69.3917,45.7706,46.0253,-157.9945,100.0,60.0,184.4293,180.3943,176.3593,2814409347.8492,3002613424.0
2024-11-13,182.15,182.615,180.12,180.49,13544617.0,180.9447,208754.0,0.0026005694686888,0.0246962643351882,0.017866817291498,0.0020226903390855,181.3792,180.3006,72.7721,84.0716,59.9158,57.3768,-40.6524,0.0,80.0,183.8769,181.3792,178.8814,2821616194.8084,3020539187.0
2024-11-12,181.38,184.025,180.99,183.32,13150646.0,182.6792,205182.0,0.0070659027724769,0.0711698025008766,0.0183734621363139,0.0058479074531004,180.9477,180.3077,88.7955,90.2089,77.0946,57.513,103.9988,0.0,100.0,184.5519,180.9477,177.3434,2831442583.3034,3034508896.0
2024-11-11,180.07,182.085,179.99,181.97,12244665.0,181.4446,167409.0,0.0079873227060672,0.080967090412261,0.018597730667025,0.0080041781057689,178.5683,178.9049,90.6473,83.697,74.2804,53.5641,61.4089,0.0,60.0,186.4644,178.5683,170.6723,2823911447.1831,3020443051.0
2024-11-08,182.0,182.35,179.57,179.86,14596943.0,180.3466,203990.0,0.0076226196883892,0.0770704832624709,0.0185564475844989,0.0061806630173788,176.3129,177.475,91.1839,67.1948,69.6122,50.167,69.339,20.0,80.0,185.5901,176.3129,167.0357,2812780715.9039,3007939629.0
2024-11-07,179.11,182.58,178.89,182.28,16304935.0,181.1504,248990.0,0.010445415568171,0.1078830608399683,0.0172646659441551,0.0115179984853573,174.8725,176.384,69.2599,44.0134,83.5217,45.9206,117.8314,40.0,100.0,183.8573,174.8725,165.8877,2824668272.6665,3022961178.0
2024-11-06,175.35,178.64,175.04,178.33,24910629.0,177.3925,341415.0,0.0082608197280582,0.0842047665369651,0.0170259061685612,0.0061806630173788,172.9567,173.5388,41.1406,31.1107,77.7045,40.6126,125.9424,60.0,0.0,178.3486,172.9567,167.5648,2810658257.0486,3006230771.0
2024-11-05,170.83,172.0973,170.37,171.41,11640064.0,171.327,166144.0,0.0028210062012028,0.0275146864884305,0.0143825727329784,0.0022904989677363,172.5192,171.2438,21.6396,33.1651,55.8705,36.5684,-58.8883,0.0,20.0,176.2651,172.5192,168.7732,2788257340.4375,2979169261.0
2024-11-04,171.24,171.92,169.485,170.68,15101219.0,170.6965,209321.0,0.0030085042753222,0.0294330518697225,0.0144125221192964,0.0032279893383336,172.4652,171.2574,30.552,47.7163,51.8947,39.3071,-67.7854,0.0,40.0,176.2915,172.4652,168.6389,2785701213.4987,2966650979.0
2024-11-01,171.54,173.82,170.31,172.65,20828469.0,172.6908,273071.0,0.0046039488101599,0.0460466525295366,0.0135875222878598,0.005348033951038,171.9978,171.6423,47.3037,62.7287,64.4255,43.0261,-12.8654,0.0,60.0,177.0508,171.9978,166.9447,2786000486.4884,2982844973.0
2024-10-31,174.72,178.42,172.56,172.69,31450456.0,174.7432,424541.0,0.0049553592261521,0.0497234210686281,0.013503096706923,0.005348033951038,170.867,171.2359,65.2931,74.7976,64.6792,45.7191,49.073,0.0,80.0,177.3363,170.867,164.3977,2778749533.4884,3004597832.0
2024-10-30,182.41,183.79,175.7451,176.14,49087448.0,180.1892,644816.0,0.0055766169276062,0.0563751949142379,0.0124624794359675,0.005348033951038,169.2369,170.6062,75.5892,74.6879,88.8088,43.829,150.6735,20.0,100.0,177.1828,169.2369,161.291,2810096057.1744,3037399730.0
2024-10-29,169.385,171.86,168.66,171.14,28676682.0,172.3754,402762.0,0.0025591664721856,0.0254044337926901,0.0097261528784312,0.0039132763908631,166.9075,167.9386,83.5107,65.4393,80.2785,33.0525,122.4133,40.0,100.0,171.9091,166.9075,161.9059,2854915288.0718,2987701417.0
2024-10-28,170.59,170.606,165.79,168.34,19840509.0,168.5478,282514.0,0.0012264942024054,0.0119627291854524,0.0085481319905886,0.0032943785825735,166.0445,166.4344,64.9639,51.5512,70.0516,25.8641,126.8382,60.0,100.0,169.0518,166.0445,163.0372,2839011429.7718,2958785311.0
2024-10-25,165.365,167.4,165.23,166.99,13092938.0,166.7475,178302.0,0.001530389328574,0.0150133722343785,0.008835714360353,0.0032943785825735,165.5371,165.5766,47.8434,43.2681,62.5636,18.7209,93.5317,80.0,60.0,167.6855,165.5371,163.3886,2837781416.4545,2937927057.0
2024-10-24,164.59,165.05,162.77,164.53,12415049.0,164.3105,174404.0,0.0008564003401779,0.0082730726804756,0.0080041610232908,0.0032943785825735,165.1495,164.9641,41.8463,40.1013,41.0928,17.217,-158.1661,100.0,0.0,166.9097,165.1495,163.3893,2828719364.1504,2923360647.0
2024-10-23,166.43,167.6,163.6325,164.48,12051512.0,164.8793,177356.0,0.0008995940501154,0.0087084508769776,0.008002228658782,0.0032943785825735,165.1455,165.2739,40.1145,34.6138,40.5382,16.0628,-82.8331,100.0,20.0,166.9131,165.1455,163.3779,2821777305.7293,2910596217.0
2024-10-22,164.7,167.47,164.67,166.82,11446914.0,166.5491,148087.0,0.0007090627607483,0.0067592033796017,0.0083696108455843,0.0032943785825735,165.597,165.7637,38.3432,33.8383,62.6015,18.9585,76.136,80.0,0.0,167.4169,165.597,163.7771,2829082688.9978,2923350500.0
2024-10-21,164.58,166.22,164.305,165.8,10239727.0,165.514,153869.0,0.0008907491810861,0.0085771640610741,0.0085044275153693,0.0032943785825735,165.613,165.3296,25.3837,40.1104,53.8409,18.3299,-59.1894,100.0,20.0,167.47,165.613,163.756,2822676287.0335,2911391883.0
2024-10-18,164.87,166.3699,164.75,165.05,12659494.0,165.2792,151537.0,-0.0020375551094978,-0.0208234456573327,0.0113182978950026,0.0020092003278464,165.7228,165.1879,37.788,56.2537,46.4638,21.3154,-95.9662,0.0,40.0,167.6311,165.7228,163.8146,2816285764.5661,2900007836.0
2024-10-17,167.38,167.93,164.37,164.51,14757427.0,165.3447,211483.0,-0.0015584346520608,-0.0161473596076791,0.011630466271556,0.0020211036809506,165.617,165.35,57.1597,64.9585,41.0359,25.6106,-25.8305,0.0,60.0,167.7497,165.617,163.4842,2824528114.8429,2886916569.0
2024-10-16,166.03,167.28,165.216,166.74,9443195.0,166.3693,159462.0,-0.0002807924036765,-0.0034068495606958,0.0109437949232,0.0020211036809506,165.3513,165.8628,73.8133,61.7551,61.704,30.9797,44.0142,0.0,80.0,168.2539,165.3513,162.4486,2838452779.9215,2902029925.0
2024-10-15,167.14,169.09,166.05,166.9,13855275.0,167.1674,217670.0,-0.0008439932349459,-0.0090250564066026,0.0111078779569497,0.0020211036809506,164.6161,165.5182,63.9026,46.5154,63.541,33.5665,106.707,20.0,100.0,167.7802,164.6161,161.452,2833700367.8983,2911998399.0
2024-10-14,164.91,167.62,164.78,166.35,9870507.0,166.3541,158688.0,-0.0004389314949052,-0.0050242239368382,0.0113235976257642,0.0040464123811541,164.3764,164.9215,47.5494,33.2998,60.29,32.4939,110.2555,40.0,0.0,167.0055,164.3764,161.7473,2840236983.9904,2897169061.0
2024-10-11,163.33,165.27,162.5,164.52,10574059.0,164.4349,178342.0,-0.0004017634364139,-0.0046584790368445,0.0113620326245961,0.0040464123811541,163.9848,164.301,28.0942,23.3862,47.9315,35.0696,-20.6541,60.0,20.0,165.9266,163.9848,162.043,2839182572.1946,2887187296.0
2024-10-10,162.11,164.3107,161.64,163.18,12519643.0,163.2691,189576.0,-0.0003317748286677,-0.0039675273149001,0.0114168985423937,0.0040464123811541,164.7919,164.2844,24.2559,25.0122,36.3225,40.1291,-92.3524,80.0,40.0,168.8478,164.7919,160.736,2834164022.3137,2876241325.0
2024-10-09,164.855,166.26,161.12,163.06,19444082.0,162.8647,303508.0,0.0001100016697553,0.0004294742008705,0.0115345325158102,0.0062552948732695,165.597,164.9286,17.8086,30.5759,35.2889,41.172,-132.2363,100.0,60.0,169.5026,165.597,161.6914,2832186948.3722,2863340833.0
2024-10-08,165.43,166.1,164.31,165.7,10852396.0,165.2463,174327.0,0.0013060290711178,0.0125886091420186,0.0103704122986791,0.0062552948732695,166.446,165.9548,32.9721,43.9308,49.4026,42.4755,-112.7526,80.0,0.0,169.3281,166.446,163.564,2837007897.3722,2883007244.0
2024-10-07,169.14,169.9,164.13,164.39,13153316.0,166.0384,197488.0,0.0008586867567806,0.0080946832648554,0.0101678591659212,0.0043245609101393,166.9894,166.1757,40.9471,52.9046,39.8533,51.7812,-114.3474,100.0,20.0,169.9852,166.9894,163.9936,2830523737.5119,2871283359.0
2024-10-04,169.34,169.55,166.96,168.56,11246232.0,168.1305,183941.0,0.002378987568135,0.0238095238095237,0.0068084453795813,0.0043245609101393,167.5488,167.1613,57.8733,64.2951,76.7322,63.4134,87.5817,0.0,40.0,168.7813,167.5488,166.3163,2843293631.8793,2885318081.0
2024-10-03,165.82,167.91,165.37,167.21,10437142.0,166.9514,165753.0,0.0024292525208557,0.0243200196030382,0.006852018275513,0.0043245609101393,166.8955,166.557,59.8934,71.2761,69.398,62.8055,-2.8831,0.0,60.0,168.9095,166.8955,164.8816,2840600371.6554,2873882763.0
2024-10-02,167.76,168.88,166.25,167.31,12210966.0,167.1302,184840.0,0.0040001218673609,0.0404203718674214,0.0077232737498303,0.0062552948732695,166.408,166.5127,75.1187,73.7676,70.7189,65.1541,61.1691,0.0,80.0,169.6784,166.408,163.1376,2835661419.049,2884887096.0
2024-10-01,168.86,170.44,165.9,168.42,17105803.0,168.0494,268575.0,0.0049898598117082,0.0507861242825058,0.0068920953704974,0.0062552948732695,165.544,166.114,78.8163,62.7563,85.1037,60.9862,126.2751,0.0,100.0,169.5943,165.544,161.4937,2838132878.0794,2897632071.0
2024-09-30,164.78,167.36,164.64,167.19,13762305.0,166.2441,187780.0,0.0050655416624887,0.0515755707906158,0.0069217636584197,0.006633704127172,164.588,164.961,67.3679,49.5429,81.8267,55.7762,115.8069,20.0,100.0,167.5933,164.588,161.5827,2836081170.3702,2879002565.0
2024-09-27,163.91,166.97,163.83,165.29,13145471.0,165.5005,207571.0,0.0043075351221385,0.0436951442823767,0.0065829258584365,0.0045342866398424,163.764,163.8465,42.0846,41.4269,75.0418,52.4856,138.5406,40.0,100.0,165.4203,163.764,162.1077,2823758150.7452,2864919114.0
2024-09-26,165.03,165.5,163.5,163.83,18066051.0,164.1651,219604.0,0.0052358351093821,0.0532981869615536,0.0077226051214092,0.0045342866398424,163.634,163.1247,39.1761,49.9939,67.6074,48.9732,63.8238,60.0,40.0,164.8284,163.634,162.4396,2824711315.5286,2851314853.0
2024-09-25,162.97,164.217,162.775,162.99,11602220.0,163.2814,171629.0,0.0069485304784582,0.0712454814327967,0.0092605173190063,0.0060143003565599,163.516,162.7721,43.0201,62.089,62.4606,47.1295,-75.9961,0.0,60.0,164.7261,163.516,162.3059,2836928428.5186,2833080356.0
2024-09-24,164.25,164.55,162.03,163.64,18185030.0,163.5983,159537.0,0.008772315435612,0.090860609292714,0.0087097082684886,0.0083450235874679,163.08,162.6632,67.7857,77.245,69.2744,47.7702,12.4803,0.0,80.0,165.5981,163.08,160.5619,2846478488.6462,2846688248.0
2024-09-23,165.34,166.61,162.95,163.07,14885014.0,164.139,199341.0,0.0087370694726421,0.090477464223619,0.0087316766053988,0.0083450235874679,162.408,162.1748,75.4612,83.5435,66.7281,48.5711,64.2734,0.0,100.0,165.6569,162.408,159.1591,2841263473.0907,2827914192.0
2024-09-20,164.52,164.75,163.18,164.64,36797378.0,164.3766,206101.0,0.0081196404152091,0.0836797164627676,0.0101112679436978,0.0083450235874679,161.592,161.7271,88.488,89.1738,81.6356,44.4627,93.9264,0.0,80.0,165.7015,161.592,157.4825,2855885791.4841,2843562638.0
2024-09-19,164.82,164.99,162.5216,163.24,16853741.0,163.7145,222896.0,0.0031825623370856,0.0306325526907991,0.0178073294265266,0.0060143003565599,160.338,160.2707,86.6813,90.6745,78.1539,41.9207,140.1953,0.0,100.0,163.7248,160.338,156.9512,2816019798.7771,2797199965.0
2024-09-18,160.85,161.63,159.66,160.81,16561783.0,160.7245,281275.0,0.0021720642708534,0.0203730618477704,0.017383429203336,0.0044604513832876,158.798,158.7861,92.352,90.3419,70.3477,38.7432,86.6614,0.0,100.0,162.4944,158.798,155.1016,2823353582.9304,2779651775.0
2024-09-17,160.09,161.59,159.41,160.28,11855076.0,160.2781,187966.0,0.001337011128637,0.0118804870421322,0.0175089819871574,0.0044604513832876,157.066,157.7741,92.9902,80.7906,68.376,40.6858,88.9605,20.0,100.0,162.8782,157.066,151.2538,2820546664.9101,2762895325.0
2024-09-16,158.33,159.24,157.61,158.99,13748052.0,158.786,208617.0,-0.0034111300821949,-0.0357783371154953,0.0210977376510323,0.003528927324678,155.012,156.5212,85.6834,62.4196,63.6725,43.2002,88.2051,0.0,80.0,161.9742,155.012,148.0498,2822981760.1395,2750830535.0
2024-09-13,156.362,159.275,156.11,158.37,16296022.0,158.0373,247450.0,-0.0027561067412109,-0.0294870896616614,0.0214143282207488,0.0040744958387353,153.122,155.2868,63.6982,39.933,61.4691,51.6582,121.2369,20.0,100.0,159.8658,153.122,146.3782,2813166972.5198,2736672921.0
2024-09-12,154.81,155.61,153.5,155.54,20285163.0,154.9362,282383.0,-0.0052442674113813,-0.0532034978188425,0.020249299112343,-0.0009504231951146,151.8334,153.7452,37.8771,21.4538,50.5068,62.2307,95.7029,40.0,0.0,156.0696,151.8334,147.5971,2806002850.7694,2719939013.0
2024-09-11,151.09,152.48,148.7,152.15,18543938.0,151.1268,259086.0,-0.0086022753243277,-0.0843040587520843,0.0180738022426641,-0.0058653741307701,152.403,152.8478,18.2236,11.2505,31.9546,70.145,-48.9689,60.0,20.0,158.7298,152.403,146.0762,2786373750.2292,2698914951.0
2024-09-10,151.45,152.3,149.5427,150.01,20125659.0,150.5441,260269.0,-0.0109518505186895,-0.1055164140156252,0.0163977660466937,-0.0079584832079222,153.4928,153.1967,8.2608,7.0066,16.0658,65.9749,-81.6467,80.0,0.0,161.0312,153.4928,145.9544,2770698237.9752,2679923465.0
2024-09-09,153.63,154.64,148.2,149.54,27658410.0,150.415,384398.0,-0.0109675154324722,-0.1056560950845125,0.0163843630170851,-0.0079584832079222,155.1705,154.79,7.267,6.7287,12.475,61.0991,-120.1874,100.0,0.0,162.5944,155.1705,147.7465,2784184733.2676,2659521691.0
2024-09-06,158.69,159.22,151.935,152.13,23692816.0,153.4788,327342.0,-0.0082242143805658,-0.0807299534715084,0.0176112796799042,-0.0058653741307701,158.2404,157.415,5.492,10.2152,15.0994,55.0044,-137.5641,100.0,0.0,166.4637,158.2404,150.017,2800566274.4105,2687579437.0
2024-09-05,157.78,161.015,157.52,158.6,13616241.0,158.9667,219746.0,-0.0054213903654163,-0.053868639265048,0.0140812744035187,-0.0058653741307701,160.4914,160.1591,7.4271,16.0196,27.7359,48.7587,-59.1308,80.0,20.0,166.4075,160.4914,154.5752,2824227020.1195,2712578499.0
2024-09-04,158.075,160.4,157.44,157.81,16678927.0,158.5351,258387.0,-0.0067091609157568,-0.0659919507575755,0.0136510527811852,-0.0072793078486229,161.6698,161.0445,17.7264,22.5793,21.3025,45.5269,-101.2645,100.0,0.0,167.7847,161.6698,155.5549,2829627945.3941,2698438998.0
2024-09-03,163.315,163.38,157.855,158.61,24465917.0,159.892,342627.0,-0.0058722375310254,-0.0581353919239902,0.0139800835969009,-0.0072793078486229,163.3815,162.7671,22.9052,24.4248,22.9583,37.9455,-166.6667,100.0,0.0,168.7229,163.3815,158.0401,2841585193.1441,2714381995.0
2024-08-30,164.22,165.28,163.41,165.11,17757911.0,164.6067,203555.0,0.0002862145468683,0.0022459633361662,0.0111454562534736,-0.0018503037244435,165.243,164.9516,27.1062,28.4036,46.4026,28.7685,-58.8361,80.0,20.0,168.3674,165.243,162.1186,2860866720.1396,2740915105.0
2024-08-29,166.06,167.63,161.982,163.4,14924858.0,164.7639,233929.0,0.0002018895954337,0.0014095728381444,0.0110710668224229,-0.0018503037244435,165.7064,164.9827,23.2629,33.7309,31.7303,24.4899,-102.727,100.0,0.0,169.1541,165.7064,162.2587,2845731357.1396,2722416328.0
2024-08-28,166.78,167.39,163.28,164.5,14617459.0,164.6028,183401.0,0.0015741560168833,0.0152440906005058,0.0109822568213805,0.0031558691596289,166.1238,165.8832,34.8416,40.5757,36.9333,19.1417,-161.0308,100.0,20.0,168.6226,166.1238,163.625,2854261868.8181,2739550158.0
2024-08-27,167.61,168.245,166.16,166.38,12254583.0,167.1387,168125.0,0.000353710801574,0.0027119869824623,0.0128622847423256,0.0031558691596289,166.749,166.6847,43.0882,45.2198,47.6069,15.2224,-45.2351,40.0,0.0,168.5592,166.749,164.9387,2860441574.2001,2754758894.0
2024-08-26,168.155,169.38,166.32,167.93,9353213.0,167.811,147682.0,0.0024843997039393,0.0242756938090882,0.0128630058031062,0.005180574900135,167.2643,166.9481,43.7972,51.7888,58.8187,18.4502,16.2765,60.0,20.0,169.5201,167.2643,165.0085,2871264776.3536,2768477056.0
2024-08-23,166.55,167.95,165.66,167.43,13033829.0,167.0864,154751.0,0.0013150981126643,0.0123344821331399,0.0132886611670223,0.005180574900135,167.3582,166.5693,48.7741,65.4924,56.1539,21.8206,-63.2071,0.0,40.0,169.7164,167.3582,165.0,2870637832.3013,2756486751.0
2024-08-22,169.04,169.42,165.03,165.49,15958113.0,166.4339,204693.0,0.0010888667640697,0.01007080078125,0.0131278353595313,0.005180574900135,166.8209,166.2508,62.7952,77.6905,45.1337,23.0993,-33.8464,0.0,60.0,170.1121,166.8209,163.5297,2862842187.6506,2742205130.0
2024-08-21,166.99,168.64,166.57,167.63,13913831.0,167.5877,178032.0,0.0042877273962719,0.0427993779160189,0.0132587147862495,0.0082480916710302,166.3575,166.7417,84.908,81.2254,57.9975,24.6976,36.8397,0.0,80.0,170.832,166.3575,161.883,2877958249.0766,2761328908.0
2024-08-20,168.74,170.41,168.66,168.96,11141232.0,169.4324,165863.0,0.0052057044781188,0.0524479880403636,0.0126906867488947,0.0082480916710302,165.239,166.4095,85.3685,70.2395,67.5732,30.5796,105.7996,20.0,100.0,170.7757,165.239,159.7023,2877589419.3664,2776598458.0
2024-08-19,167.0,168.47,166.09,168.4,12689787.0,167.4902,175750.0,0.0048109119144069,0.0483067729083666,0.0128039419221773,0.0082480916710302,164.6338,165.2471,73.3999,61.085,65.6636,32.243,114.2416,40.0,100.0,169.0601,164.6338,160.2075,2885884220.195,2763975935.0
2024-08-16,163.41,166.95,163.08,164.74,16338989.0,165.1216,216465.0,-0.002018846746545,-0.0217339667458432,0.018600939951101,0.0041719096678592,163.745,163.783,51.9501,57.825,50.3875,38.7418,44.633,60.0,100.0,166.4005,163.745,161.0895,2873554091.2538,2750875173.0
2024-08-15,162.21,163.52,161.49,163.17,17507334.0,162.7022,226855.0,-0.0053295402365865,-0.05381269933314,0.0191719461883009,0.0003427876261243,163.8748,163.4146,57.905,68.2975,41.4482,45.9931,-67.0435,80.0,40.0,166.7255,163.8748,161.0242,2875949239.9231,2734022036.0
2024-08-14,164.21,164.96,159.53,162.03,22350864.0,161.4028,301587.0,-0.0064373874000004,-0.0642217730291655,0.0187406451445933,-0.002332623735494,164.0086,163.6458,63.6198,72.909,34.6033,42.8591,-136.594,100.0,60.0,166.7335,164.0086,161.2838,2863899012.7507,2715629584.0
2024-08-13,165.185,166.54,164.77,165.93,12546020.0,165.6058,167174.0,-0.003336387719455,-0.0345048295123937,0.0182184288802388,0.0003427876261243,163.753,164.562,83.3677,70.4867,50.8831,38.9416,118.1893,0.0,80.0,167.353,163.753,160.153,2865682039.4265,2738145479.0
2024-08-12,165.995,166.7,163.55,163.95,12087759.0,164.6036,174846.0,-0.0041174967023211,-0.0419564074095717,0.0177009460470478,0.0003427876261243,162.6764,163.9888,71.7396,53.2919,39.2807,42.0183,82.047,0.0,100.0,166.5057,162.6764,158.8472,2861730234.1158,2725427851.0
2024-08-09,161.645,165.52,160.93,165.39,13317401.0,163.103,216187.0,-0.0017943730238413,-0.01950438700498,0.0184546222168018,0.0027869240413702,162.0153,164.1177,56.3527,36.3872,45.5395,45.8641,87.276,20.0,0.0,166.0252,162.0153,158.0055,2871007115.7507,2737862820.0
2024-08-08,162.344,165.5,162.03,163.84,14619582.0,164.1201,220887.0,-0.0030241729705449,-0.0314495152518327,0.0180693772099895,0.0003427876261243,162.6165,163.5919,31.7835,24.5407,36.8789,46.7248,19.6298,40.0,0.0,168.7017,162.6165,156.5313,2858225380.2605,2724313590.0
2024-08-07,163.24,164.79,160.24,160.75,18667563.0,162.0534,293406.0,-0.0079343117674811,-0.0781097665882892,0.018028313470558,-0.0017300301042225,164.3362,163.5773,21.0254,25.9006,15.4305,49.2761,-43.5969,60.0,0.0,174.2443,164.3362,154.4282,2857545252.9407,2708579978.0
2024-08-06,160.945,162.35,158.13,160.54,35508983.0,160.6687,416093.0,-0.0037800447855194,-0.112008407544665,0.0184190827037518,-0.0004162528801216,180.3863,175.757,20.8131,36.5802,39.1921,18.9198,-179.3569,96.6667,36.6667,198.2664,180.3863,162.5062,2872545228.4088,2689245732.0
2024-08-05,157.37,165.94,156.6,160.64,34743325.0,161.8724,599864.0,-0.0036612878704304,-0.1088427826472872,0.0184505164908602,0.0003692795243526,181.0613,176.8065,35.8634,50.4964,39.2494,18.6393,-201.2539,100.0,40.0,197.3518,181.0613,164.7708,2867405909.7832,2725392273.0
2024-08-02,168.19,170.21,166.39,168.4,18163479.0,167.8684,307679.0,-0.0016469551792511,-0.0523887232007207,0.0169468654630368,0.0011560336283761,181.7153,177.9214,53.064,55.1345,44.0844,18.3491,-152.6861,83.3333,43.3333,196.1428,181.7153,167.2879,2872115101.1001,2760300088.0
2024-08-01,171.98,175.68,170.51,172.45,16585762.0,172.648,259747.0,-0.0006260918048215,-0.0226693114196657,0.0165176114648213,0.0021518549502368,182.0257,178.578,62.5619,47.5969,47.0058,18.4567,-112.0128,86.6667,46.6667,195.6736,182.0257,168.3778,2871125165.341,2779207861.0
2024-07-31,174.92,175.91,171.72,173.15,14987386.0,173.2548,208334.0,-0.0009257598116482,-0.0314912182570762,0.016657834007921,0.0021518549502368,182.159,179.0007,49.7776,31.457,47.5321,18.7744,-108.2998,90.0,50.0,195.5049,182.159,168.8131,2875411317.0953,2796385694.0
2024-07-30,171.83,172.95,170.12,171.86,12937117.0,171.6124,207748.0,-0.0010993437053622,-0.036497168806414,0.0165960829732833,0.0018310526103277,182.3467,179.4042,30.4511,17.319,46.4643,19.1671,-139.4116,93.3333,53.3333,195.3341,182.3467,169.3592,2880379027.0762,2780735540.0
2024-07-29,170.5,172.16,169.72,171.13,13577105.0,171.0436,209090.0,-0.0009341162393485,-0.0317415412470299,0.0166731700445694,0.0018310526103277,182.5637,179.9244,14.1422,16.5384,45.8616,19.3851,-157.4952,96.6667,56.6667,195.0509,182.5637,170.0764,2877236651.9172,2767054122.0
2024-07-26,168.77,169.84,165.865,168.68,24190234.0,168.0101,356413.0,-0.0019417695833442,-0.0605925595901094,0.0166218606519977,0.0011560336283761,182.7507,180.531,7.3638,25.8268,43.8094,19.5589,-209.7197,100.0,60.0,194.704,182.7507,170.7973,2875092310.2041,2753285191.0
2024-07-25,174.25,175.2,169.05,169.16,27966529.0,171.63,403278.0,-0.0015909038260548,-0.0506762444581626,0.0167101092342689,0.0018310526103277,183.1133,181.3483,28.1093,37.6925,44.1262,19.5841,-190.8434,100.0,63.3333,193.9446,183.1133,172.2821,2864621004.0456,2778435307.0
2024-07-24,175.39,177.95,173.57,174.37,30521877.0,175.2361,469339.0,-0.0003005366698417,-0.0127951084187279,0.0159533721492815,0.0026193951526016,183.4143,182.1888,42.0073,35.037,47.749,19.7638,-135.8551,100.0,66.6667,193.1213,183.4143,173.7073,2892552634.6798,2807403187.0
2024-07-23,183.84,185.22,183.33,183.6,22763864.0,184.1738,288272.0,0.0015419217305877,0.0446598022395126,0.0129928100743944,0.0035600189005878,183.4897,182.7281,42.961,24.0704,55.5609,20.1901,8.4734,3.3333,70.0,192.9466,183.4897,174.0327,2912387543.0679,2838653870.0
2024-07-22,182.35,184.3,181.9,183.35,14979380.0,183.3689,210273.0,0.0010479151072889,0.0291988176418409,0.0132690096908316,0.0035600189005878,183.228,182.6679,20.1429,12.2206,55.3697,20.4877,-1.9137,6.6667,73.3333,193.0841,183.228,173.3719,2929367973.0679,2814881268.0
2024-07-19,180.37,181.97,178.86,179.39,13471137.0,180.0413,185728.0,0.0005530474574055,0.0142493091823769,0.0127419576481411,0.0035600189005878,183.0546,182.6209,9.1074,10.2284,52.2225,20.8536,-46.5943,10.0,76.6667,193.0777,183.0546,173.0316,2925971328.0679,2798577372.0
2024-07-18,183.54,184.05,178.21,179.22,17478698.0,179.9058,277984.0,0.0008906784723337,0.0245128343752751,0.0128813975249564,0.0045906305834316,182.9706,182.8437,7.4114,11.8767,52.0822,21.3838,-37.3451,0.0,80.0,193.1561,182.9706,172.7852,2935519911.01,2784091473.0
2024-07-17,184.68,185.23,181.62,182.62,17111470.0,182.8047,262639.0,0.0016469627784764,0.0481985009733538,0.012369695176761,0.0045906305834316,182.8277,183.0936,14.1663,14.3966,55.2153,21.9322,4.9787,0.0,83.3333,193.3349,182.8277,172.3205,2947213556.9929,2801968670.0
2024-07-16,188.96,190.34,185.12,185.5,12123381.0,186.5901,185505.0,0.0022526258622021,0.0675445136465475,0.011951810809781,0.0045906305834316,182.5478,183.1263,14.0524,21.6879,58.076,22.2394,59.8863,0.0,86.6667,193.5002,182.5478,171.5954,2954963215.2838,2819345233.0
2024-07-15,186.49,189.9,186.49,188.19,11601542.0,188.3421,167112.0,0.0028059172957562,0.0855213730648958,0.0115504678893656,0.0045906305834316,182.1566,182.9626,14.9711,36.3926,60.926,22.2594,80.0348,3.3333,90.0,193.491,182.1566,170.8221,2965865524.6554,2832105335.0
2024-07-12,186.92,188.69,186.14,186.78,14030900.0,187.243,209312.0,0.0018327511004372,0.0540670403121037,0.0123144726629102,0.0041252372051294,181.6624,182.6021,36.0401,59.0052,59.9296,22.1552,73.3246,6.6667,93.3333,193.1927,181.6624,170.132,2965901260.7698,2819919320.0
2024-07-11,191.34,192.41,186.82,187.3,16180016.0,188.545,240295.0,0.001809202432694,0.0533203109359425,0.0123239357510252,0.0041252372051294,181.343,182.314,58.1667,75.1563,60.4794,22.1147,101.1463,10.0,96.6667,192.8192,181.343,169.8668,2973097485.6757,2834368433.0
2024-07-10,190.75,193.31,190.62,192.66,11546966.0,192.2425,157695.0,0.0030560469003719,0.0938476205806553,0.011093909033092,0.0045906305834316,181.027,181.9701,82.8088,86.153,66.564,22.0116,157.464,13.3333,100.0,192.3508,181.027,169.7031,2986724081.7454,2850820414.0
2024-07-09,191.75,192.86,190.23,190.44,10040905.0,191.1896,159389.0,0.0029092949229001,0.0890873826557883,0.0110079466278649,0.0045906305834316,180.476,181.2328,84.4934,88.9379,65.1607,21.5418,163.0797,16.6667,100.0,191.0669,180.476,169.8851,2980496000.2064,2838767508.0
2024-07-08,191.365,191.6791,189.32,190.48,11410338.0,190.4947,179236.0,0.0023657329851501,0.0713240589895591,0.0115383825645733,0.0045906305834316,179.9567,180.5979,91.1569,86.2812,65.2083,21.0775,174.5203,20.0,96.6667,190.0589,179.9567,169.8545,2989088047.4497,2848992433.0
2024-07-05,187.32,192.26,187.32,191.96,13980896.0,191.3118,197316.0,0.0023368151117943,0.070387425195785,0.0115646555206337,0.0045906305834316,179.534,179.9163,91.1634,75.6904,66.9604,20.6539,201.5453,23.3333,100.0,188.8718,179.534,170.1962,2989288554.6729,2861090044.0
2024-07-03,186.3,187.62,185.385,187.39,7194674.0,186.9062,109289.0,0.0017256196304336,0.0512281948938682,0.0108452646306026,0.0045906305834316,179.1132,179.0858,76.5234,66.4171,64.0796,20.2156,162.5694,26.6667,100.0,187.2314,179.1132,170.9951,2976722443.9968,2846786683.0
2024-07-02,183.47,186.95,183.06,186.61,11740231.0,185.747,146339.0,0.0018062701863357,0.053761072020902,0.0108721784516565,0.0054175133949698,178.8088,178.513,59.3842,66.5966,63.5553,19.9976,159.7775,30.0,90.0,186.3253,178.8088,171.2924,2970838254.6679,2839377577.0
2024-07-01,184.48,185.34,182.73,184.49,11541130.0,184.0893,173730.0,0.0017766495794162,0.0528353187047203,0.0108469334378764,0.0054175133949698,178.4915,177.9546,63.3438,78.5384,62.102,19.8088,149.634,33.3333,93.3333,185.4466,178.4915,171.5364,2960477509.308,2826822032.0
2024-06-28,185.72,186.58,183.325,183.42,21063563.0,184.4292,217360.0,0.0018793358382516,0.0560598596052226,0.0108993092400726,0.0055265985833073,178.1829,177.5039,77.062,87.1379,61.35,19.7031,176.9633,36.6667,96.6667,184.8621,178.1829,171.5036,2956357802.6337,2815006170.0
2024-06-27,185.645,187.5,185.45,186.86,12562203.0,186.6356,192578.0,0.0028710468250259,0.0880683041714975,0.0103476973302654,0.006325566647073,177.8583,177.0959,95.2096,88.1913,65.3817,19.5402,268.6373,0.0,100.0,184.4335,177.8583,171.2831,2978045725.6844,2838038532.0
2024-06-26,184.2,185.93,183.99,185.37,12795580.0,185.2511,178638.0,0.0028040114326085,0.0858975798337691,0.0103204856513202,0.0060393463168764,177.3542,176.4225,89.1421,77.6714,64.4022,19.1765,260.6868,0.0,100.0,183.3883,177.3542,171.32,2973153162.2112,2825012876.0
2024-06-25,181.145,185.75,181.105,185.58,17072050.0,184.0531,216770.0,0.0029611351681586,0.0910219870737674,0.0102952231768506,0.0060393463168764,176.8654,175.8055,80.2223,62.2663,64.6515,18.8812,242.8615,3.3333,100.0,182.5908,176.8654,171.14,2967499509.4792,2838388591.0
2024-06-24,181.28,182.08,180.23,180.79,16431151.0,180.9856,231096.0,0.0018273622669303,0.0548706749714116,0.0094818606846864,0.0055141685917673,176.3493,175.1314,63.6499,47.9427,61.354,18.5851,151.2584,6.6667,96.6667,181.612,176.3493,171.0866,2949966496.5901,2819470857.0
2024-06-21,178.49,182.5117,178.06,180.26,56986554.0,180.3701,321261.0,0.0018111504957185,0.0543591393260143,0.0094803597931673,0.0055141685917673,176.0358,174.7411,42.9268,39.5002,60.9645,18.4777,131.1545,10.0,100.0,181.3234,176.0358,170.7483,2957147440.2982,2801272575.0
2024-06-20,176.71,178.74,176.46,177.71,15451971.0,177.4666,203959.0,0.0009821282221665,0.0285074742474151,0.0094350200288433,0.0045360274798961,175.726,174.3605,37.2514,39.9434,59.0448,18.3666,59.2052,13.3333,83.3333,181.076,175.726,170.3761,2957841094.0894,2741544556.0
2024-06-18,178.79,178.91,175.62,176.45,15001299.0,176.7752,216722.0,0.0013623657764076,0.0401566047465917,0.0098942398411715,0.0045360274798961,175.5619,174.1295,38.3226,44.1641,58.0596,18.4749,44.57,16.6667,86.6667,180.9603,175.5619,170.1634,2956224560.528,2724791390.0
2024-06-17,176.98,179.92,176.49,178.78,14552067.0,178.2075,186242.0,0.0019624819777931,0.059130330004917,0.0095426677911757,0.0049860645920674,175.3348,173.9695,44.2562,51.022,60.6683,18.587,83.7527,0.0,90.0,181.1236,175.3348,169.5459,2963973380.8654,2740431647.0
2024-06-14,175.852,178.73,175.852,178.37,11398936.0,177.9763,146178.0,0.0019907337991501,0.060025942183512,0.0095448754238156,0.0049860645920674,175.0021,173.6377,49.9134,58.966,60.3654,18.6309,69.0394,3.3333,93.3333,181.0997,175.0021,168.9044,2958852741.3319,2725158783.0
2024-06-13,177.84,178.51,176.66,176.74,14427875.0,177.4082,178575.0,0.0022651426685352,0.0686726131192414,0.0098619127300626,0.0049860645920674,174.6654,173.3113,58.8963,63.1291,59.1565,18.7463,64.938,0.0,96.6667,181.0887,174.6654,168.2421,2949583710.6793,2712797212.0
2024-06-12,179.75,182.08,177.78,179.56,17273710.0,179.4852,241238.0,0.0029769341636076,0.091856885748937,0.0092934395804704,0.0053250544524228,174.2868,173.0749,68.0884,66.1403,62.3363,18.8005,120.7309,0.0,100.0,181.4702,174.2868,167.1034,2964160591.9172,2728754153.0
2024-06-11,177.72,178.39,175.44,178.19,13169210.0,177.2633,182405.0,0.0020734427733396,0.0624881858507921,0.0100760629747511,0.0049860645920674,173.7833,172.6276,62.4026,69.3005,61.3609,18.7658,75.5168,3.3333,50.0,181.5145,173.7833,166.0521,2967361594.6009,2710153732.0
2024-06-10,176.45,178.47,174.38,176.63,15845601.0,175.904,244850.0,0.0006678669666182,0.0180781852726124,0.0118246062094348,0.0045206712137652,173.434,172.244,67.93,75.1432,60.2272,18.9431,63.2051,6.6667,53.3333,181.2833,173.434,165.5846,2954912061.5331,2695751331.0
2024-06-07,178.46,179.42,175.79,175.95,14175930.0,177.456,217014.0,0.0038228792227009,0.1139601139601138,0.0213502953383268,0.0045206712137652,173.3294,171.9415,77.569,73.6331,59.5812,19.1265,74.1322,0.0,56.6667,181.0887,173.3294,165.5701,2953195650.4646,2678629084.0
2024-06-06,177.43,178.71,177.21,178.35,13765229.0,178.0601,195521.0,0.0036196663448776,0.1070763500931102,0.0215419483854783,0.0045206712137652,172.7301,171.6788,79.9307,63.6336,62.2465,19.2213,94.3407,3.3333,60.0,182.2307,172.7301,163.2295,2966614618.4261,2693345354.0
2024-06-05,176.535,177.97,175.29,177.07,14664305.0,176.6816,206153.0,0.0036246633370768,0.1072411205602796,0.0215428023662652,0.0045206712137652,172.1557,171.2326,63.3997,47.0291,61.3553,19.2063,76.2259,6.6667,63.3333,182.3357,172.1557,161.9758,2959201593.0661,2679089536.0
2024-06-04,174.45,175.19,173.22,175.13,12969567.0,174.4507,161923.0,0.0036711572058952,0.1087685976574861,0.0215603349593713,0.0045206712137652,171.5847,170.8439,47.5705,36.7685,59.9707,19.2307,45.1626,10.0,66.6667,182.5356,171.5847,160.6339,2954199429.7526,2663855675.0
2024-06-03,173.88,175.86,172.45,174.42,19083409.0,173.9482,249211.0,0.0040128219155664,0.1200873362445416,0.0216450069604209,0.0053096981862919,171.0127,170.5619,30.1171,34.5788,59.4569,19.411,45.0958,13.3333,70.0,182.9525,171.0127,159.0729,2940989676.6054,2649789073.0
2024-05-31,173.4,174.42,170.97,173.96,25377188.0,173.2392,250156.0,0.0035563315306444,0.1047885177187855,0.0218128149014664,0.0053096981862919,170.3901,170.3095,32.618,41.3342,59.1283,19.5976,34.6007,16.6667,73.3333,183.4874,170.3901,157.2928,2937765722.6641,2629046275.0
2024-05-30,176.69,176.69,173.23,173.56,17688897.0,174.4322,218838.0,0.0036027453580573,0.1063233044365119,0.0218115835960569,0.0053096981862919,169.8407,170.0713,41.0011,42.4063,58.8479,19.872,54.592,20.0,76.6667,183.6872,169.8407,155.9942,2917169945.2641,2600961124.0
2024-05-29,176.81,178.23,176.26,177.4,14259381.0,177.5547,164128.0,0.0045123128042651,0.1371794871794871,0.0213027318585157,0.0056448568438364,169.2853,169.8442,50.3834,40.9224,62.8488,19.9885,89.4239,23.3333,80.0,183.8404,169.2853,154.7302,2932419454.1658,2619805160.0
2024-05-28,175.74,178.51,175.68,178.02,15055479.0,177.5314,184064.0,0.0045580406555082,0.1387449625791594,0.021286987343716,0.0056448568438364,168.5728,169.3369,35.8344,43.1706,63.5228,19.8694,94.183,26.6667,83.3333,183.5938,168.5728,153.5517,2930055295.5008,2634829007.0
2024-05-24,176.52,177.3044,175.2,176.33,11091214.0,176.5148,148159.0,0.0036396988289769,0.1076700797788803,0.0216416583798291,0.005305866983481,167.8506,168.752,36.5493,58.5744,62.462,19.7461,87.0277,30.0,86.6667,183.1056,167.8506,152.5957,2919821239.3171,2619173667.0
2024-05-23,178.78,179.91,174.54,175.06,14527309.0,176.5303,191828.0,0.0030661813910457,0.0887493003296224,0.0217658825067128,0.0043339008228356,167.2799,168.2431,57.1281,77.2181,61.6519,19.6785,93.9382,33.3333,90.0,182.5341,167.2799,152.0257,2918978056.4925,2607770107.0
2024-05-22,178.4,178.852,176.7801,178.0,15100514.0,177.5845,169020.0,0.0042785047854833,0.1290117975390075,0.0216539559884673,0.005305866983481,166.8048,167.7867,82.0458,88.6218,64.7804,19.6085,113.4375,36.6667,93.3333,181.9724,166.8048,151.6371,2931015265.392,2622698470.0
2024-05-21,178.4,179.82,177.31,179.54,13725768.0,179.0375,159425.0,0.0044632444715193,0.1353231314025553,0.0215669544470992,0.005305866983481,166.1276,167.0962,92.4805,93.2343,66.4889,19.3641,130.2688,40.0,96.6667,181.0841,166.1276,151.171,2928140569.8316,2638887874.0
2024-05-20,177.31,179.95,177.225,178.46,14439313.0,178.5577,193417.0,0.0046884858461838,0.1429486358396312,0.0216175948463629,0.005305866983481,165.415,166.252,91.339,93.2173,65.8788,19.0698,135.2437,43.3333,100.0,179.8127,165.415,151.0173,2916715573.4372,2624181853.0
2024-05-17,175.55,177.495,174.98,177.29,16434957.0,176.8948,188308.0,0.0049448833572524,0.1516824736910489,0.0216842510356383,0.005305866983481,164.6719,165.424,95.8833,90.8327,65.2157,18.7653,124.0852,0.0,100.0,178.6362,164.6719,150.7075,2918352731.6427,2606686731.0
2024-05-16,174.6,176.34,174.05,175.43,17120366.0,175.4309,226125.0,0.0050302357295937,0.1546005001974464,0.0217113747632504,0.005305866983481,163.8944,164.6195,92.4295,80.8238,64.1449,18.5567,118.8288,3.3333,53.3333,177.6015,163.8944,150.1873,2904503796.0303,2590140378.0
2024-05-15,172.3,174.0459,172.03,173.88,16687780.0,173.3207,223589.0,0.0037887545272384,0.1119780008953119,0.0225041565981597,0.0043339008228356,163.1123,163.8876,84.1854,70.8379,63.2331,18.3922,107.3552,6.6667,56.6667,176.8202,163.1123,149.4044,2900963954.9081,2572893067.0
2024-05-14,171.59,172.78,170.42,171.93,18627813.0,171.6764,229574.0,0.0035176204009562,0.1030345800987999,0.0224604802152318,0.0036396089653463,162.5293,163.212,65.8564,64.2807,62.0598,18.3267,99.2213,10.0,60.0,175.8721,162.5293,149.1865,2883455258.8396,2551934822.0
2024-05-13,165.847,170.95,165.76,170.9,19213947.0,168.4853,269325.0,0.0031825378865973,0.0920127795527154,0.0224955030522778,0.0033949629919484,161.9946,162.6242,62.472,69.5299,61.4313,18.3182,80.2104,13.3333,63.3333,175.1024,161.9946,148.8867,2878217358.1701,2533205359.0
2024-05-10,169.69,171.34,167.91,170.29,18576516.0,169.8459,263084.0,0.0039913705208491,0.1184158675949036,0.0229274104908838,0.0034524473463369,161.5151,162.0668,64.5136,78.2368,61.0621,18.3966,94.7627,16.6667,66.6667,174.3629,161.5151,148.6674,2858947358.6229,2513556774.0
2024-05-09,171.15,172.44,169.93,171.58,11821652.0,170.9353,171362.0,0.0043121856306514,0.129261550612084,0.0228312485287657,0.0034524473463369,160.9148,161.5129,81.6041,85.4264,62.281,18.3313,121.5949,0.0,70.0,173.7854,160.9148,148.0442,2851680650.4188,2532297232.0
2024-05-08,170.75,171.9092,170.522,171.16,13063271.0,171.3302,166468.0,0.0042831264812712,0.1282794990112055,0.0228341498989206,0.0034524473463369,160.2609,160.832,88.5925,80.1347,62.0425,18.1214,134.7014,3.3333,73.3333,172.9288,160.2609,147.5929,2847923365.0961,2520359528.0
2024-05-07,170.12,173.47,170.0,172.98,20589960.0,172.3599,264401.0,0.0047551337146222,0.1444260668210388,0.0226690009385933,0.0036679313770358,159.6129,160.1331,86.0826,67.5605,63.7303,17.862,163.8127,0.0,76.6667,172.0099,159.6129,147.216,2849091306.4236,2534929386.0
2024-05-06,169.22,169.9,167.89,169.83,14869552.0,168.9526,216489.0,0.00400069743003,0.1189958489820131,0.0225738352048113,0.0034232854036378,158.8861,159.2606,65.7289,54.1488,62.0008,17.5936,143.6464,3.3333,80.0,170.6496,158.8861,147.1226,2833948637.6455,2513826952.0
2024-05-03,169.54,169.85,164.98,168.99,22564132.0,167.6899,323137.0,0.0045140443987002,0.1361436062928593,0.0227643618042985,0.0034232854036378,158.2848,158.5449,50.8699,50.939,61.5279,17.4664,142.934,0.0,83.3333,169.625,158.2848,146.9445,2819855809.6754,2498679046.0
2024-05-02,166.67,168.53,165.69,168.46,16580577.0,167.4833,212644.0,0.0041998373456926,0.1254676643506151,0.0228459806133516,0.0034232854036378,157.6105,157.8378,45.8475,56.4968,61.2336,17.3369,154.466,0.0,86.6667,168.774,157.6105,146.4471,2805129685.1579,2475911990.0
2024-05-01,166.18,168.81,164.9,165.57,25051655.0,166.6727,355968.0,0.0040146196952183,0.1193212547322883,0.0227601310686275,0.0034232854036378,156.9852,157.1183,56.0996,64.8295,59.6051,17.2591,152.3615,0.0,90.0,167.786,156.9852,146.1845,2788928621.3199,2458870871.0
2024-04-30,167.38,169.87,164.5,164.64,28532636.0,166.5913,310966.0,0.0037006117028588,0.1088362068965516,0.0228003678649049,0.0026569479419651,156.3976,156.5484,67.5433,73.3167,59.0702,17.1787,164.6513,3.3333,93.3333,167.2253,156.3976,145.5699,2805507582.8672,2433647626.0
2024-04-29,170.77,171.38,167.06,167.9,35730361.0,169.172,426988.0,0.0058272718294714,0.1809805162833224,0.0235093785486334,0.0034232854036378,155.8595,156.0032,70.8458,78.3246,61.8451,17.0955,224.8714,0.0,96.6667,166.6365,155.8595,145.0825,2833394294.776,2463068381.0
2024-04-26,175.99,176.42,171.4,173.69,55430487.0,173.7389,658827.0,0.0064373153240585,0.2033393376749332,0.0227090649804418,0.0034232854036378,155.0028,155.1958,81.5609,84.0635,67.2705,16.8543,325.7532,3.3333,100.0,165.96,155.0028,144.0456,2855342082.0538,2498982942.0
2024-04-25,153.36,158.28,152.768,157.95,35558290.0,160.1915,512719.0,0.0039609396112241,0.1220430489450881,0.0152274154284868,0.0034232854036378,154.0256,153.9339,82.5672,78.4565,57.4647,16.3237,40.6604,0.0,70.0,163.3143,154.0256,144.7369,2860294342.2689,2442482155.0
2024-04-24,159.09,161.39,158.82,161.1,18954637.0,160.1056,271030.0,0.0048872634425759,0.1538461538461542,0.014601205436387,0.0036679313770358,153.4536,153.6692,88.0624,66.3768,61.0003,16.6191,111.3185,0.0,73.3333,163.8022,153.4536,143.1049,2828430831.3422,2478679944.0
2024-04-23,158.59,160.48,157.965,159.92,15874791.0,159.7333,209325.0,0.0048044470955798,0.1510004318410827,0.0145938835298935,0.0036679313770358,152.7384,153.1693,64.7401,47.0133,60.1116,16.4345,99.4532,0.0,76.6667,163.8614,152.7384,141.6153,2813342686.9609,2459194250.0
2024-04-22,156.01,159.185,155.66,157.95,16693975.0,157.5986,228047.0,0.0050368314836453,0.158925819942769,0.0147685912780249,0.0036679313770358,152.0398,152.7163,46.3281,34.105,58.5887,16.2962,76.7878,0.0,80.0,163.9227,152.0398,140.157,2804403921.8873,2443078842.0
2024-04-19,157.75,157.99,153.91,155.72,19670213.0,155.8013,266199.0,0.0048182781424304,0.1514344868382131,0.0146778235158655,0.0036679313770358,151.3187,152.3676,29.9718,23.6676,56.7832,16.2289,57.2075,0.0,83.3333,164.2982,151.3187,138.3392,2799242990.5823,2425834972.0
2024-04-18,156.925,158.485,156.21,157.46,13794011.0,157.5469,221658.0,0.0058605343295477,0.1878394689197342,0.0146240430413391,0.0042956461272634,150.6368,152.1486,26.015,23.1185,58.714,16.2305,77.5628,0.0,86.6667,164.7561,150.6368,136.5174,2801664741.8716,2447314853.0
2024-04-17,157.19,158.681,156.135,156.88,15227870.0,157.2979,233495.0,0.0054333162241223,0.172671550306473,0.0148662066847012,0.0042664841845643,149.8077,151.7946,15.0159,33.0471,58.2566,16.0345,78.2332,0.0,90.0,165.1379,149.8077,134.4775,2800278537.6408,2433298788.0
2024-04-16,155.64,157.23,155.05,156.0,15024008.0,156.1771,225494.0,0.0051409601284876,0.1624441132637855,0.0149452782335071,0.0034232854036378,149.0386,151.4561,28.3246,54.5799,57.5672,15.8317,69.2218,3.3333,93.3333,165.2006,149.0386,132.8766,2807013441.8482,2417061036.0
2024-04-15,160.28,160.83,156.15,156.33,20493789.0,158.3748,286940.0,0.0042746690229519,0.1321697566628041,0.0160526996708004,0.0034232854036378,148.3127,151.1549,55.8006,73.0865,57.9139,15.7027,87.3085,6.6667,96.6667,165.1331,148.3127,131.4923,2808993119.0408,2432474237.0
2024-04-12,159.405,161.7,158.6,159.19,16989765.0,159.6335,228278.0,0.0044681351505215,0.138861067391615,0.0158167315827262,0.0034232854036378,147.7051,150.8102,79.6145,81.7729,60.9916,15.4766,109.8943,10.0,100.0,164.6651,147.7051,130.745,2828507840.2716,2453615185.0
2024-04-11,158.34,161.1199,157.93,160.79,17841703.0,159.8751,243303.0,0.0053698178818679,0.1699774430619223,0.0157398915847991,0.0042664841845643,147.0588,150.2446,83.8442,79.5899,62.7962,15.0286,116.8494,13.3333,100.0,163.7215,147.0588,130.3961,2839030533.4329,2470604950.0
2024-04-10,157.88,158.16,156.2,157.66,16336974.0,157.2433,243773.0,0.0040727957569889,0.1253390435403283,0.0160922432166106,0.0034232854036378,146.281,149.5299,81.8599,68.2886,60.5912,14.5941,100.1601,16.6667,96.6667,162.5141,146.281,130.048,2824879214.3444,2452763247.0
2024-04-09,157.35,159.89,156.64,158.14,21538140.0,158.0945,272532.0,0.0044982962543245,0.1397477477477473,0.016067413522715,0.0042664841845643,145.6964,148.9815,73.0656,57.6564,61.1282,14.2984,115.228,20.0,100.0,161.5322,145.6964,129.8605,2816876353.6097,2469102421.0
2024-04-08,154.015,156.655,153.99,156.14,16641530.0,155.9755,212811.0,0.0025708816216128,0.0746782297474011,0.0182717884585572,0.0034232854036378,145.0508,148.3622,49.9404,53.8723,59.689,13.9545,99.7108,23.3333,83.3333,160.4059,145.0508,129.6957,2818525210.9943,2447667275.0
2024-04-05,151.68,154.84,151.081,153.94,16297319.0,153.7686,228132.0,0.0020876241790904,0.0593173685659231,0.0181467051185489,0.0026569479419651,144.6895,147.838,49.9634,67.0349,58.0369,13.7757,85.084,26.6667,86.6667,159.501,144.6895,129.878,2808536726.6641,2431386351.0
2024-04-04,155.08,156.18,151.88,151.94,24184842.0,153.8969,339217.0,0.0019918281637537,0.0563125695216908,0.018095498472257,0.0026569479419651,144.4025,147.4292,61.7132,78.8349,56.4691,13.6971,92.0172,30.0,90.0,158.828,144.4025,129.977,2800087829.6194,2415174302.0
2024-04-03,154.92,156.55,154.1321,156.37,17266175.0,155.8758,212996.0,0.003320604644195,0.0996483825597753,0.0172646551583396,0.0034232854036378,144.1328,147.13,89.4279,85.8484,61.3793,13.5498,125.5287,33.3333,93.3333,158.2976,144.1328,129.968,2823322502.5171,2439075999.0
2024-04-02,154.75,155.99,153.46,155.87,17598064.0,155.1383,229211.0,0.0033171391808231,0.0995344243792324,0.0172646878871658,0.00337130345306,143.661,146.5049,85.3635,81.2899,61.0094,13.2059,132.2486,36.6667,96.6667,157.1124,143.661,130.2096,2808867099.3461,2422091831.0
2024-04-01,151.83,157.0,151.65,156.5,24469815.0,155.7895,301866.0,0.0029464845047163,0.0872585799638738,0.0175355872593422,0.00337130345306,143.1912,145.8712,82.7536,77.6373,61.7295,12.8803,147.0156,40.0,100.0,155.8924,143.1912,130.49,2792982699.8995,2439640971.0
2024-03-28,152.0,152.67,151.33,152.26,21105628.0,152.1635,206731.0,0.0012933145465425,0.0347967921707221,0.0174477238043765,0.0026049659913872,142.773,145.1504,75.7527,75.3749,58.5462,12.5434,124.3803,43.3333,93.3333,154.5064,142.773,131.0396,2773130326.8247,2415224834.0
2024-03-27,152.145,152.69,150.13,151.94,16580364.0,151.3525,222193.0,0.0013984660908996,0.0380542460886794,0.0174618053093578,0.00337130345306,142.6025,144.672,74.4055,74.5119,58.2931,12.4354,124.7029,46.6667,96.6667,153.9313,142.6025,131.2738,2764940083.1232,2394119206.0
2024-03-26,151.24,153.2,151.03,151.7,19312694.0,152.13,211856.0,0.0008168077721403,0.0199690714717946,0.017734500864674,0.00337130345306,142.4171,144.1826,75.9666,73.8606,58.1077,12.3237,137.9235,50.0,100.0,153.3135,142.4171,131.5206,2758057551.1545,2377497242.0
2024-03-25,150.95,151.456,148.8,151.15,15114728.0,150.5671,195747.0,0.0003648892649673,0.0061909199840237,0.0178293187557013,0.0014486982569486,142.3182,143.676,73.1637,70.5574,57.6909,12.1371,119.3995,53.3333,83.3333,152.9323,142.3182,131.7041,2765444434.113,2358184548.0
2024-03-22,150.24,152.56,150.09,151.77,19252925.0,151.6865,243267.0,0.0011803157613444,0.0309061268849344,0.0181634240370701,0.0039990182032876,142.2872,143.1723,72.4513,68.775,58.3231,12.042,135.9896,56.6667,86.6667,152.805,142.2872,131.7694,2753812467.2335,2373299276.0
2024-03-21,150.32,151.305,148.0101,148.74,19843915.0,149.0813,260573.0,0.0006239946318596,0.0140441778020186,0.0178194494486642,0.0033926604866415,142.1357,142.5912,66.0572,66.5769,56.0477,11.8433,109.4731,60.0,90.0,152.2353,142.1357,132.0361,2746875178.4683,2354046351.0
2024-03-20,148.79,149.76,147.665,149.68,17720246.0,148.9809,248031.0,0.0011244609285691,0.0293652431057018,0.0178293524872656,0.0042878412181458,142.0671,142.1787,67.8164,70.3825,56.9807,11.7068,108.5332,63.3333,93.3333,152.0178,142.0671,132.1165,2757927279.7207,2373890266.0
2024-03-19,148.98,149.62,147.01,147.92,17748367.0,147.7903,218450.0,0.0008382482711989,0.0206306492789625,0.0177227027103818,0.0034967135992284,141.925,141.6731,65.8572,75.305,55.6444,11.6525,99.3509,66.6667,96.6667,151.5631,141.925,132.2868,2741551364.5608,2356160270.0
2024-03-18,149.37,152.93,148.14,148.48,47677092.0,150.2583,638465.0,0.0012867570572476,0.034415493938972,0.0177705588984878,0.0042878412181458,141.8254,141.2538,77.4737,83.7136,56.1811,11.6042,131.2031,70.0,100.0,151.2807,141.8254,132.3701,2746923475.6451,2373908637.0
2024-03-15,143.41,144.34,141.1301,142.17,41039494.0,142.2968,300056.0,1.1739208958546262e-06,-0.0037838974143367,0.0159032357511749,0.0042878412181458,141.6609,140.767,82.5839,87.3156,51.0365,11.4726,13.967,73.3333,20.0,150.8264,141.6609,132.4955,2787831866.4154,2326231948.0
2024-03-14,142.3,144.73,141.485,144.34,36117913.0,143.8083,410370.0,0.0007162218224087,0.0179125528913963,0.0156919965167237,0.0050774198882472,141.6789,140.6814,91.083,86.8423,53.1093,11.8662,30.7307,76.6667,23.3333,150.8491,141.6789,132.5087,2802280519.6973,2367271442.0
2024-03-13,140.06,142.19,140.01,140.77,19636999.0,141.1197,242700.0,-0.0025793084292892,-0.0802352172492647,0.019969020572672,0.0042878412181458,141.5943,140.4403,88.2799,78.1574,49.8714,12.2481,-13.8106,80.0,0.0,150.7175,141.5943,132.4711,2774940587.1179,2331280334.0
2024-03-12,138.25,140.28,138.21,139.62,19019696.0,139.611,235625.0,-0.0032392071841398,-0.0982950142082144,0.0199277555787794,0.0034967135992284,142.0032,140.4285,81.1642,61.9945,48.7699,12.5156,-46.2762,83.3333,0.0,151.9736,142.0032,132.0328,2780871247.5124,2311691183.0
2024-03-11,137.07,139.98,137.07,138.94,22536365.0,138.9942,299630.0,-0.0031747640808131,-0.0965602444892383,0.0199570579185119,0.0034967135992284,142.51,140.4952,65.0281,44.0522,48.1182,12.6473,-62.2266,86.6667,3.3333,153.4139,142.51,131.606,2774004609.8312,2292739263.0
2024-03-08,135.035,138.985,134.8,136.29,26495160.0,137.1159,333673.0,-0.0037903482391496,-0.1129263212705018,0.0195301365199866,0.0032078905843702,143.0044,140.6133,39.7913,28.5879,45.5069,12.7604,-96.4775,90.0,6.6667,154.5158,143.0044,131.493,2767597758.2574,2270276687.0
2024-03-07,133.89,135.82,132.66,135.24,24107282.0,134.7866,279499.0,-0.0033197382545795,-0.100498836049218,0.0199680778085371,0.0032078905843702,143.5821,140.9221,27.3373,22.43,44.4357,12.8016,-132.4124,93.3333,10.0,155.3922,143.5821,131.7719,2775226591.6624,2243781527.0
2024-03-06,134.24,134.74,131.95,132.56,23175200.0,132.7237,302445.0,-0.0036192410419867,-0.1084207694377183,0.0196780764762237,0.0032078905843702,144.0852,141.3245,18.6351,21.2366,41.6035,12.5907,-164.4087,96.6667,13.3333,155.689,144.0852,132.4813,2759968818.2447,2219674245.0
2024-03-05,132.74,134.02,131.55,133.78,28447550.0,133.0401,343013.0,-0.0030963619915244,-0.0943064112111565,0.0197333088567174,0.0034967135992284,144.6219,141.9393,21.3176,21.9108,42.5581,12.2813,-182.3627,100.0,16.6667,155.4817,144.6219,133.7621,2773010059.8217,2242849445.0
2024-03-04,136.54,136.63,132.86,134.2,43571510.0,134.0105,495654.0,-0.0030506105148671,-0.0930594039332295,0.0197347696858364,0.0034967135992284,145.0857,142.5124,23.7571,21.7773,42.8856,11.9003,-181.3323,100.0,20.0,155.1901,145.0857,134.9813,2750090778.6476,2271296995.0
2024-03-01,139.61,140.0,137.975,138.08,28551525.0,138.7688,314669.0,-0.0014288507158202,-0.047658459204083,0.0196083430430293,0.0044710621716012,145.5442,143.0961,20.6576,17.1002,46.0498,11.5756,-128.0411,93.3333,23.3333,154.8178,145.5442,136.2706,2762688377.0296,2314868505.0
2024-02-29,138.35,139.95,137.57,139.78,35485006.0,139.0744,287329.0,-0.0005335644296342,-0.021764994051368,0.0197107401817829,0.0055383156559434,145.7743,143.4529,20.9173,21.7767,47.5353,11.5377,-130.7206,96.6667,26.6667,154.6124,145.7743,136.9361,2788279003.1407,2343420030.0
2024-02-28,139.1,139.28,136.64,137.43,30628702.0,137.4655,334769.0,-0.0013788615875608,-0.046154913936701,0.0194788094597879,0.0044710621716012,145.8778,143.7171,9.7256,33.3582,45.1719,11.4945,-162.667,100.0,30.0,154.4953,145.8778,137.2604,2757863283.7121,2307935024.0
2024-02-27,139.41,140.49,138.5,140.1,22363981.0,139.5097,273360.0,-0.0007805764707181,-0.0287021630615631,0.0192002686151165,0.0044710621716012,146.0992,144.1614,34.6871,53.4603,47.5231,11.3968,-137.4445,46.6667,33.3333,154.1434,146.0992,138.0551,2770161171.6364,2338563726.0
2024-02-26,143.45,143.84,138.74,138.75,33513011.0,140.2236,402504.0,-0.0009726532833837,-0.0342451451242427,0.0191228307062353,0.0038244544256298,146.2371,144.4524,55.662,58.1517,46.1532,11.408,-130.2642,50.0,36.6667,153.9909,146.2371,138.4832,2756562972.1339,2316199745.0
2024-02-23,144.97,145.955,144.79,145.29,14519434.0,145.3034,189743.0,0.0004976596517262,0.0103616133518777,0.0172877996211671,0.0038244544256298,146.4009,144.8565,70.0317,46.845,52.581,11.4342,-26.3027,53.3333,40.0,153.6959,146.4009,139.1059,2789944559.5613,2349712756.0
2024-02-22,146.12,146.2,144.01,145.32,23000707.0,145.1479,249676.0,0.0007944774180366,0.0193602693602696,0.0173494945000351,0.0046140330957312,146.3513,144.8379,48.7613,28.5403,52.6135,11.791,-28.3183,56.6667,43.3333,153.7004,146.3513,139.0022,2792000960.0849,2364232190.0
2024-02-21,142.64,143.98,141.91,143.84,16499584.0,143.2543,220920.0,0.0009330142158433,0.0235536896036434,0.0174411089112301,0.0046140330957312,146.2594,144.816,21.7421,19.2157,51.1747,12.16,-66.768,0.0,46.6667,153.7338,146.2594,138.7849,2787480127.2036,2341207483.0
2024-02-20,140.94,143.3285,140.8,142.2,18625589.0,142.1658,235771.0,0.0013104007263388,0.0350098260426523,0.0177854743933047,0.0046140330957312,146.1492,144.8945,15.1175,21.1102,49.5333,12.456,-85.723,0.0,50.0,153.8662,146.1492,138.4321,2773212370.9911,2324707899.0
2024-02-16,144.21,144.48,141.52,141.76,21865118.0,142.3707,271617.0,0.0010499801418211,0.0269487105186898,0.0178144815037706,0.0046140330957312,145.989,145.0915,20.7876,30.1917,49.0894,12.7137,-69.6475,3.3333,53.3333,154.2227,145.989,137.7553,2771212431.3377,2306082310.0
2024-02-15,144.46,144.76,141.88,143.94,26724305.0,143.4425,349244.0,0.0010038559341144,0.0255058421202627,0.0178580913518429,0.0046140330957312,145.8652,145.3323,27.4257,43.6779,51.2482,13.0285,-46.7194,6.6667,56.6667,154.463,145.8652,137.2673,2789531854.5269,2327947428.0
2024-02-14,147.37,147.83,145.555,147.14,16651824.0,146.6373,209145.0,0.0019198658216398,0.0543135568930925,0.0173655617534322,0.0054964711803813,145.746,145.4395,42.362,63.0966,54.6592,13.3779,19.2117,10.0,60.0,154.5529,145.746,136.939,2778025556.5408,2354671733.0
2024-02-13,146.07,148.04,145.11,146.37,18138482.0,146.4141,247195.0,0.0014204731884599,0.038600723763571,0.0174773686579004,0.0048498634344099,145.4936,145.3337,61.2459,80.6698,53.9462,13.6847,16.9261,13.3333,63.3333,154.575,145.4936,136.4122,2771474619.187,2338019909.0
2024-02-12,149.54,150.59,148.56,148.73,17236108.0,149.3934,206614.0,0.0018668175132816,0.0527321630804078,0.0171989229834527,0.0048498634344099,145.3125,145.2737,85.682,91.0017,56.5823,14.002,68.6774,16.6667,66.6667,154.5454,145.3125,136.0795,2774012768.5453,2356158391.0
2024-02-09,147.95,150.695,147.43,150.22,21877693.0,149.7306,241601.0,0.0021597363153282,0.0620757918552044,0.0170700539983706,0.0048498634344099,145.0644,145.0469,95.0813,86.9886,58.3217,14.073,76.9548,20.0,70.0,154.3347,145.0644,135.7942,2788362040.7227,2373394499.0
2024-02-08,146.97,147.61,146.42,147.22,18241319.0,147.1074,191624.0,0.0011583970376227,0.030808010082622,0.0168517006966905,0.0038244544256298,144.7721,144.7019,92.2418,72.6375,55.6694,14.1464,40.3602,23.3333,73.3333,153.9476,144.7721,135.5965,2772849985.8084,2351516806.0
2024-02-07,146.12,147.0,145.2103,146.68,21436126.0,146.397,236932.0,0.001059036675764,0.027746636771301,0.0168453177104645,0.0036396845233584,144.6256,144.5397,73.6426,50.7905,55.173,14.415,28.8741,26.6667,76.6667,153.7911,144.6256,135.4601,2766565161.6151,2333275487.0
2024-02-06,145.96,146.74,144.52,145.41,21517655.0,145.4096,240631.0,0.0009841728930653,0.0254583921015518,0.0168160078333447,0.0036396845233584,144.4937,144.4035,52.0282,30.8943,54.0021,14.7326,17.5598,30.0,80.0,153.6606,144.4937,135.3269,2752794633.5589,2311839361.0
2024-02-05,144.04,146.67,143.91,144.93,29254444.0,145.215,342883.0,0.0013845390067898,0.0377344980667337,0.0170085430968513,0.0048498634344099,144.3735,144.3455,26.7006,21.3535,53.5589,15.0777,12.8343,33.3333,83.3333,153.5922,144.3735,135.1548,2757059394.0094,2290321706.0
2024-02-02,140.89,143.88,138.17,143.54,42106127.0,141.6363,528121.0,0.0014382873515892,0.039391745112238,0.0170372077975759,0.0048498634344099,144.1981,144.3164,13.9541,29.9228,52.2716,15.439,-44.7628,36.6667,86.6667,153.5791,144.1981,134.817,2764690988.0963,2261067262.0
2024-02-01,143.69,144.62,142.26,142.71,25526855.0,143.1333,329689.0,0.0014655255534493,0.0402361688169694,0.0170448363655921,0.0048498634344099,144.0169,144.3812,23.4059,52.2248,51.4955,15.953,-17.8256,0.0,90.0,153.6605,144.0169,134.3733,2727572823.6813,2218931135.0
2024-01-31,145.39,145.59,141.55,141.8,43908584.0,143.2172,592280.0,0.0020859387871106,0.0594739988045438,0.0175451827974903,0.0048498634344099,143.8331,144.5076,52.4084,74.4441,50.645,16.2385,-16.897,0.0,93.3333,153.7869,143.8331,133.8794,2743364861.0965,2193404280.0
2024-01-30,154.01,155.04,152.775,153.05,26537134.0,152.8671,344566.0,0.0046962786271139,0.1490240240240243,0.0105260472865657,0.0052685531619324,143.5681,144.7054,80.86,85.8462,64.0718,16.5338,159.2517,0.0,96.6667,154.1452,143.5681,132.991,2781839214.4035,2237312864.0
2024-01-29,153.64,155.2,152.92,154.84,20909258.0,154.1532,248342.0,0.0048900374573742,0.1557811450324704,0.0102755381527046,0.0052685531619324,142.9072,144.1418,90.064,87.6277,66.7955,15.8425,186.4735,3.3333,100.0,153.5527,142.9072,132.2617,2801964102.6198,2263891798.0
2024-01-26,152.87,154.11,152.8,153.79,19494488.0,153.54,224485.0,0.004744765074978,0.1507782101167323,0.0102779270736263,0.0043861150772823,142.2123,143.4161,86.6148,85.0355,65.9753,15.1115,194.2107,6.6667,96.6667,152.4092,142.2123,132.0154,2787657768.1987,2242982540.0
2024-01-25,151.74,154.76,151.22,153.64,21495120.0,153.4168,282971.0,0.0044499101574607,0.1406087602078694,0.0105061564918245,0.0043861150772823,141.5414,142.7126,86.2043,85.1389,65.8589,14.4098,207.6691,10.0,100.0,151.2874,141.5414,131.7954,2777687304.8705,2223488052.0
2024-01-24,150.29,151.57,149.84,150.35,19245031.0,150.6715,228019.0,0.0032472379253258,0.1003366510538648,0.0105068871288311,0.0032183729562328,140.9108,141.971,82.2875,83.9225,63.1874,13.6838,177.7177,13.3333,100.0,149.9082,140.9108,131.9133,2769793616.7349,2201992932.0
2024-01-23,147.72,148.86,147.19,148.68,14113649.0,148.3144,172869.0,0.00243705498695,0.0738894907909,0.0107931297861684,0.0015849966042228,140.4543,141.4049,86.9249,79.895,61.7176,13.0965,149.0982,16.6667,96.6667,148.8968,140.4543,132.0118,2777547285.0066,2183100191.0
2024-01-22,148.71,150.015,147.58,147.71,21779232.0,148.5338,225144.0,0.003998573028189,0.1238682188237088,0.0141457128647172,0.0015849966042228,140.1137,140.9147,82.5552,70.2523,60.8397,12.6425,166.8964,20.0,100.0,148.037,140.1137,132.1904,2766476099.2641,2168986542.0
2024-01-19,146.305,148.04,145.8,147.97,27181032.0,147.3655,266925.0,0.0038154333601822,0.117682604426317,0.0142541939541807,0.0015849966042228,139.5716,140.4576,70.205,62.0208,61.2034,12.1336,153.4175,0.0,100.0,147.6119,139.5716,131.5314,2785974489.2435,2190815774.0
2024-01-18,143.44,145.585,143.35,144.99,18876800.0,144.6894,214251.0,0.0035794342566884,0.1099288065528594,0.0140320008814023,0.0015849966042228,139.0529,139.9511,57.9967,61.3306,58.4518,11.7229,109.114,0.0,86.6667,146.9079,139.0529,131.1978,2760492271.7435,2163634742.0
2024-01-17,142.91,143.41,140.51,142.89,17884548.0,142.2109,214181.0,0.0024169796740477,0.0717821782178222,0.0144995972796036,-0.000101680366977,138.5748,139.6149,57.8607,67.8331,56.3425,11.452,68.3016,3.3333,90.0,146.7073,138.5748,130.4422,2751666206.4191,2144757942.0
2024-01-16,143.43,145.84,143.0564,144.08,19188189.0,144.1233,210681.0,0.0025429467957251,0.0758661887694149,0.0144225089525994,-0.000101680366977,138.2561,139.4001,68.1346,76.9955,57.9542,11.3188,110.3952,6.6667,93.3333,146.4614,138.2561,130.0508,2740195427.3571,2162642490.0
2024-01-12,144.34,144.74,143.36,144.24,13998729.0,144.2244,153631.0,0.0019738616010159,0.0574780058651034,0.0148848070726144,-0.000101680366977,137.9178,139.0886,77.504,84.6525,58.1704,10.9272,114.2386,10.0,96.6667,145.9976,137.9178,129.8381,2745274497.1514,2181841429.0
2024-01-11,144.895,146.66,142.215,143.67,17471130.0,143.8003,221273.0,0.001307780587698,0.0364305295051221,0.0152239280488963,-0.0010176275495755,137.6568,138.7446,85.3481,80.4333,57.6259,10.595,125.6601,13.3333,100.0,145.4237,137.6568,129.8899,2741419774.6732,2167842700.0
2024-01-10,142.52,144.525,142.46,143.8,16641881.0,143.6174,191508.0,0.0014755463266976,0.0416515755161179,0.0152263609237635,-0.0002152745368585,137.4887,138.4161,91.1053,63.672,57.7918,10.2514,124.9004,16.6667,100.0,144.9542,137.4887,130.0231,2747453112.0298,2185313830.0
2024-01-09,140.06,142.7998,139.79,142.56,19579667.0,141.9562,215290.0,0.0011446124819613,0.031399218636956,0.0151735854833715,-0.0011805725150605,137.2972,138.0561,64.8465,40.5651,56.641,10.0392,93.6482,20.0,70.0,144.4083,137.2972,130.1861,2742496813.33,2168671949.0
2024-01-08,138.0,140.64,137.88,140.53,16545293.0,139.7572,166650.0,0.0002345917968748,0.0036423368090274,0.0151672628009114,-0.0018536366270195,137.1527,137.7566,35.0642,28.1615,54.686,9.9424,52.9876,23.3333,73.3333,144.0151,137.1527,130.2903,2726037090.6098,2149092282.0
2024-01-05,138.352,138.81,136.85,137.39,15439475.0,137.6653,174619.0,-0.0001905780237969,-0.0088731784735246,0.0146987565072007,-0.0018536366270195,137.1357,137.5763,21.7845,27.7787,51.41,10.0055,7.577,26.6667,76.6667,143.9687,137.1357,130.3028,2709798306.4721,2131446989.0
2024-01-04,139.85,140.635,138.01,138.04,18253331.0,138.9222,182258.0,0.000135561512744,0.0008700696055687,0.0147034335153705,-0.0011805725150605,137.1767,137.5998,27.6357,29.1893,52.1647,10.2183,34.035,30.0,80.0,144.0262,137.1767,130.3271,2716595918.5537,2146587125.0
2024-01-03,138.6,141.09,138.43,140.36,18974308.0,140.139,191844.0,0.0009250729957245,0.0249744413611807,0.0144206058233903,-0.0002152745368585,137.1727,137.5802,33.916,30.3642,54.9475,10.3333,59.8394,33.3333,83.3333,144.0207,137.1727,130.3247,2734432030.5594,2164840456.0
2024-01-02,139.6,140.6147,137.74,139.56,20071885.0,139.1284,228961.0,0.0003110210320874,0.0062004325883202,0.0145939998181491,-0.0011805725150605,137.0588,137.3995,26.0163,35.8028,54.1319,10.4139,48.3654,36.6667,86.6667,143.8146,137.0588,130.303,2725872192.3639,2145866148.0
2023-12-29,140.68,141.435,139.9,140.93,14880961.0,140.7782,166373.0,0.0012021020364871,0.0333626631470895,0.014769313899456,-0.0002152745368585,137.0302,137.2613,31.1602,51.7809,55.8044,10.5338,84.1686,40.0,90.0,143.7532,137.0302,130.3072,2720528673.5305,2165938033.0
2023-12-28,141.85,142.27,140.8283,141.28,12192549.0,141.4119,150356.0,0.0015185034991938,0.0431957468803074,0.014788760994971,0.0015849966042228,136.8787,137.0193,50.232,70.8223,56.2334,10.4618,107.1505,43.3333,93.3333,143.4611,136.8787,130.2963,2715439094.0354,2180818994.0
2023-12-27,142.83,143.32,141.0512,141.44,17288358.0,141.5989,175799.0,0.0020026840016852,0.0583657587548647,0.014931177220886,0.0032991296764995,136.6839,136.7365,73.9504,82.2708,56.4252,10.2996,128.2958,46.6667,96.6667,143.0964,136.6839,130.2714,2719991531.5235,2193011543.0
2023-12-26,142.98,143.945,142.5001,142.82,11170066.0,142.9456,132402.0,0.0022203368916007,0.0653438758764732,0.0148066179961213,0.0032991296764995,136.4242,136.4232,88.2846,85.4688,58.076,10.1108,167.3265,50.0,100.0,142.7007,136.4242,130.1477,2731336761.6082,2210272848.0
2023-12-22,142.13,143.25,142.055,142.72,18513524.0,142.6142,200293.0,0.0027968748264685,0.083757308831347,0.0150706048993055,0.0044668717975491,136.1325,135.9931,84.5774,83.4418,57.9899,9.7788,170.9691,53.3333,100.0,142.0245,136.1325,130.2405,2737560735.6802,2199102782.0
2023-12-21,140.77,142.03,140.4725,141.8,18101476.0,141.3765,207488.0,0.0021878917898887,0.0640852468857879,0.01527685841007,0.0032991296764995,135.7653,135.5404,83.5443,82.4704,57.2084,9.48,151.0139,56.6667,96.6667,141.3761,135.7653,130.1545,2735469249.7053,2180589258.0
2023-12-20,140.33,143.0783,139.41,139.66,33507342.0,141.1351,351635.0,0.0018936431621971,0.0548338368580061,0.0151050771609715,0.0032991296764995,135.4809,135.1197,82.2036,75.1291,55.3403,9.2501,143.2849,60.0,100.0,140.7247,135.4809,130.2371,2722713956.0231,2162487782.0
2023-12-19,138.0,138.77,137.45,138.1,20661000.0,138.0842,187467.0,0.0017580071735167,0.0505895777862304,0.01503815921675,0.0032991296764995,135.2392,134.8175,81.6634,60.6964,53.9228,9.0123,80.2644,63.3333,40.0,140.387,135.2392,130.0914,2751654149.4802,2128980440.0
2023-12-18,133.86,138.38,133.77,137.19,25699767.0,136.978,252659.0,0.0018130397707674,0.052312648615479,0.015058905793741,0.0032991296764995,135.0178,134.6019,61.5202,41.6522,53.0831,9.0624,38.8967,0.0,43.3333,140.2519,135.0178,129.7837,2751966295.4195,2108378808.0
2023-12-15,132.92,134.83,132.63,133.84,58494004.0,133.6031,266224.0,0.0014427533609136,0.0409083838855182,0.0146134570462576,0.0032991296764995,134.7907,134.4341,38.9056,31.2683,49.8294,9.1431,-29.5911,0.0,46.6667,140.2416,134.7907,129.3398,2739534520.9271,2082679041.0
2023-12-14,134.77,135.035,131.06,133.2,29619098.0,132.827,295848.0,0.0015465005979994,0.0441326330641993,0.0146479648800162,0.0032991296764995,134.6156,134.4855,24.5307,34.245,49.1785,9.4121,-41.0279,0.0,50.0,140.516,134.6156,128.7152,2733675120.5271,2024085037.0
2023-12-13,134.545,134.78,132.95,133.97,25414461.0,133.8852,240707.0,0.0023419697904665,0.0691939345570626,0.0148764527784521,0.004602172411388,134.4281,134.5845,30.3685,48.5206,49.9319,9.6904,-13.9634,0.0,53.3333,140.8499,134.4281,128.0063,2731402460.1775,2053704135.0
2023-12-12,133.27,134.54,132.83,133.64,26583981.0,133.6619,243926.0,0.0021403748108084,0.0627435387673962,0.0149142910074771,0.004602172411388,134.1394,134.6374,47.8359,58.4568,49.6121,9.9179,-11.4671,0.0,56.6667,141.3723,134.1394,126.9066,2728486046.6201,2028289674.0
2023-12-11,133.82,134.79,132.89,134.7,24502860.0,134.1482,249375.0,0.0030374781242123,0.0915721231766606,0.0150935621113027,0.0057854371552141,133.8767,134.7166,67.3575,58.2163,50.616,10.1718,4.1698,0.0,60.0,141.7308,133.8767,126.0226,2729885203.5148,2054873655.0
2023-12-08,135.66,137.99,135.57,136.64,23016139.0,136.6293,250188.0,0.0034999397309346,0.1069345430978616,0.0147674125841112,0.0057854371552141,133.5005,134.7282,60.177,43.313,52.4951,10.4298,58.0972,3.3333,63.3333,142.2234,133.5005,124.7777,2707703667.0938,2079376515.0
2023-12-07,136.6,140.0,136.23,138.45,38419426.0,138.4452,371920.0,0.0030857391542623,0.0929975526959816,0.0153876923680603,0.0057854371552141,133.061,134.607,47.1144,29.5462,54.3137,10.4787,88.6771,6.6667,66.6667,142.4418,133.061,123.6802,2710366691.4409,2102392654.0
2023-12-06,132.9,133.31,131.31,131.43,16360648.0,132.0844,184622.0,-0.0018943146811811,-0.0620182700542395,0.0213248362014177,0.004602172411388,132.6688,134.3528,22.6475,18.7218,47.494,10.4734,-12.9308,10.0,70.0,142.1254,132.6688,123.2122,2703538835.8918,2063973228.0
2023-12-05,130.37,133.54,129.73,132.39,19225545.0,132.1493,226584.0,-0.0011159838425646,-0.0399564902102975,0.0215401436527461,0.0057854371552141,132.9581,134.5646,18.8767,14.9651,48.4501,10.6757,-18.8115,13.3333,73.3333,142.7523,132.9581,123.1639,2717852599.0918,2080238868.0
2023-12-04,131.294,131.45,129.4,130.63,24117083.0,130.2939,265246.0,-0.0012823143626468,-0.0446833406464824,0.0214459053295938,0.0057854371552141,133.1416,134.7249,14.6413,15.0628,46.543,10.885,-43.7007,16.6667,76.6667,143.0803,133.1416,123.2029,2710229221.4146,2061003723.0
2023-12-01,133.32,133.5,132.1517,133.32,24267987.0,132.9458,247527.0,-0.0011469946715181,-0.040725284213556,0.021338796491641,0.0057854371552141,133.345,135.0175,11.3775,19.8195,49.2341,10.9125,-7.1197,20.0,80.0,143.3074,133.345,123.3826,2705405804.8146,2085120806.0
2023-11-30,136.4,136.96,132.79,133.92,29913531.0,133.982,271027.0,-0.0010694495975861,-0.0384836300976453,0.021330767892141,0.0057854371552141,133.5335,135.145,19.1697,30.8386,49.8556,11.1624,13.8555,23.3333,0.0,143.6875,133.5335,123.3794,2687617440.5395,2109388793.0
2023-11-29,138.985,139.67,136.295,136.4,21014715.0,137.1758,215955.0,-0.0008676729832979,-0.032555500390099,0.0211961460538885,0.0057854371552141,133.7119,135.2399,28.9114,43.912,52.5039,11.475,53.4884,26.6667,3.3333,144.0625,133.7119,123.3613,2701318842.0288,2139302324.0
2023-11-28,137.63,138.66,137.04,138.62,16686868.0,138.1079,162207.0,-0.0002152070760108,-0.0133105559114531,0.0210203713826206,0.0057854371552141,133.8648,135.1706,44.4345,58.7244,55.0335,11.6237,60.5684,30.0,6.6667,144.4922,133.8648,123.2373,2721025974.7621,2160317039.0
2023-11-27,137.57,139.63,137.54,138.05,17886389.0,138.2066,188060.0,0.0001065833849602,-0.0038245057006787,0.021157853066589,0.0067550811078866,133.927,134.9435,58.3901,71.2348,54.4893,11.8641,62.9792,33.3333,10.0,144.6826,133.927,123.1715,2704820927.4041,2143270171.0
2023-11-24,139.54,139.677,137.47,138.22,8736640.0,138.2847,98746.0,-0.0002587204045108,-0.0147551500463326,0.0212720748214168,0.0067550811078866,133.9447,134.74,73.3488,77.7008,54.68,12.0655,62.8823,36.6667,0.0,144.7279,133.9447,123.1614,2713978073.9256,2161156560.0
2023-11-22,139.1,141.1,139.0,140.02,17310209.0,140.0762,189637.0,-0.0001618968536459,-0.011856033874383,0.0212210684000887,0.0067550811078866,134.0136,134.5108,81.9657,79.9856,56.7126,12.2737,83.0846,40.0,3.3333,144.9269,134.0136,123.1003,2716806278.946,2169985200.0
2023-11-21,137.94,138.965,137.705,138.62,17648067.0,138.3522,180103.0,0.0001001103923823,-0.0041666666666672,0.0213939635983353,0.0067550811078866,134.0695,134.1418,77.788,80.7196,55.468,12.3467,59.5102,43.3333,6.6667,145.1185,134.0695,123.0205,2717300856.346,2152674991.0
2023-11-20,135.5,138.425,135.49,137.92,19589006.0,137.5696,212277.0,-0.000140754396514,-0.0113261648745525,0.0213772634106466,0.0067550811078866,134.0888,133.8438,80.203,83.2168,54.8405,12.5941,42.7563,46.6667,10.0,145.1705,134.0888,123.0072,2709317206.9888,2135026924.0
2023-11-17,137.82,138.0,135.48,136.94,25531191.0,136.6774,276268.0,-0.0001942900388352,-0.0129027607583083,0.0213609266909765,0.0060229089389439,134.1414,133.5734,84.1677,83.0997,53.9625,12.8951,35.2567,50.0,13.3333,145.307,134.1414,122.9759,2696469221.7929,2115437918.0
2023-11-16,136.96,138.8799,136.08,138.7,17615068.0,138.1613,204772.0,0.000900303218628,0.0199279358776376,0.0215332596846549,0.0067550811078866,134.201,133.3519,85.2796,82.6235,55.8475,13.2414,49.3929,53.3333,16.6667,145.4413,134.201,122.9608,2692407286.7136,2141028109.0
2023-11-15,136.64,136.84,135.33,136.38,15840883.0,136.106,175172.0,0.0002647686774273,0.0008072209583915,0.0213287672730088,0.0060229089389439,134.1108,132.9939,79.8518,79.8385,53.7907,13.5478,27.6379,56.6667,20.0,145.2532,134.1108,122.9684,2677055835.795,2123413041.0
2023-11-14,135.65,137.24,135.1,135.43,22317345.0,135.9191,238701.0,0.0007736312175843,0.0159789947486872,0.0216632216688192,0.0060229089389439,134.1071,132.771,82.7391,80.3485,52.9226,13.9984,24.5207,60.0,23.3333,145.2468,134.1071,122.9675,2670866351.7089,2107572158.0
2023-11-13,133.36,134.11,132.77,133.64,16409856.0,133.626,159519.0,-0.0001339895848209,-0.0113190796774436,0.0216858316352349,0.0045546608843899,134.0362,132.5982,76.9244,79.2635,51.2547,14.4646,-8.0697,63.3333,26.6667,145.1723,134.0362,122.9001,2686300777.223,2085254813.0
2023-11-10,131.53,134.27,130.87,134.06,20879838.0,133.1589,198944.0,0.0008097788981829,0.0167614713689792,0.0221459919792233,0.0060229089389439,134.0872,132.5368,81.3821,85.0521,51.6699,14.6761,-14.6034,66.6667,30.0,145.2268,134.0872,122.9476,2681402312.7453,2101664669.0
2023-11-09,133.36,133.96,131.51,131.69,17776533.0,132.4159,186512.0,-0.0001106035368795,-0.0108164951551119,0.0219857610141844,0.0045546608843899,134.0136,132.4422,79.4841,89.3437,49.4355,14.8949,-23.9099,70.0,33.3333,145.186,134.0136,122.8411,2663101748.8512,2080784831.0
2023-11-08,132.36,133.54,132.16,133.26,15093598.0,132.908,163963.0,0.0007055619219,0.01369237790963,0.0219918305472257,0.0060229089389439,134.0615,132.5043,94.29,93.4942,50.9437,15.1692,-15.6686,73.3333,36.6667,145.2034,134.0615,122.9196,2678436832.1043,2098761364.0
2023-11-07,131.98,133.28,131.14,132.4,19223786.0,132.4604,190771.0,0.0010066206656672,0.0227887215140982,0.022130415028526,0.0063887160704161,134.0016,132.4626,94.2571,92.5687,50.1382,15.5014,-24.2957,76.6667,40.0,145.1826,134.0016,122.8206,2669468172.4231,2083667766.0
2023-11-06,130.22,131.56,129.93,131.45,15260362.0,130.9959,165624.0,7.973269325054859e-05,-0.005447529696603,0.0224307477546711,0.0045546608843899,133.9034,132.4772,91.9356,86.0653,49.2483,15.8237,-40.2038,80.0,43.3333,145.1954,133.9034,122.6113,2666054602.9465,2064443980.0
2023-11-03,129.09,130.73,129.01,130.37,19529448.0,130.1117,218705.0,3.724633878444683e-05,-0.0067047619047623,0.0224163699985169,0.0045546608843899,133.9274,132.5583,91.5135,73.6449,48.233,16.0141,-53.4067,83.3333,46.6667,145.2002,133.9274,122.6545,2652767418.6397,2049083618.0
2023-11-02,129.56,130.09,128.11,128.58,24091672.0,128.7671,235159.0,-0.0004547099131689,-0.0211632155907431,0.0222677247005433,0.001617464049422,133.9567,132.7194,74.7468,51.6747,46.5189,16.1406,-70.0033,86.6667,50.0,145.1954,133.9567,122.7179,2641413088.4072,2029554170.0
2023-11-01,125.34,127.74,124.925,127.57,26536604.0,126.7511,268075.0,-0.0015185776838948,-0.0521584070138939,0.022602232872148,-0.0005807187463244,134.0492,133.0149,54.6744,31.0317,45.5353,16.2171,-103.6269,90.0,53.3333,145.1494,134.0492,122.949,2654067299.9627,2005462498.0
2023-10-31,126.27,126.56,123.925,125.3,21123418.0,125.0398,234049.0,-0.0031404933410177,-0.0974573219044878,0.0228791539727371,-0.0014460688401894,134.283,133.4004,25.6027,15.0355,43.2683,16.0905,-134.7805,93.3333,56.6667,145.1073,134.283,123.4586,2630735827.5293,1978925894.0
2023-10-30,124.46,126.55,123.88,125.75,24165658.0,125.6564,263519.0,-0.0030523930805578,-0.095063327576281,0.0228823860741902,-0.0008864572179482,134.7334,133.9688,12.818,15.7011,43.6161,15.8518,-146.7248,96.6667,60.0,145.1172,134.7334,124.3497,2629813932.6261,2000049312.0
2023-10-27,124.03,124.44,121.46,123.4,37277673.0,123.0081,351894.0,-0.0035281106091025,-0.1077368040491683,0.0225642071763944,-0.0008864572179482,135.1733,134.5454,6.6857,24.4574,41.2307,15.6038,-202.0124,100.0,63.3333,145.0805,135.1733,125.266,2620129578.6299,1975883681.0
2023-10-26,124.47,125.46,122.32,123.44,33907363.0,123.6603,376878.0,-0.0036827886710042,-0.1118785524138428,0.022557616932568,-0.0014951326354824,135.6694,135.3237,27.5996,35.7831,41.2595,15.154,-222.1588,100.0,66.6667,144.5813,135.6694,126.7574,2608844039.8044,2013251354.0
2023-10-25,129.77,130.1,126.09,126.67,58796067.0,127.5346,717207.0,-0.0024715989176245,-0.0787636363636365,0.0223280222926688,-0.0008864572179482,136.1871,136.1529,39.0869,34.838,43.6319,14.7336,-179.0642,100.0,70.0,143.8869,136.1871,128.4874,2618562710.7279,2047158717.0
2023-10-24,139.16,140.7099,138.75,140.12,26315198.0,139.007,304931.0,0.0010783493770695,0.0297640920114647,0.0141434605446083,0.0013607893730911,136.5477,136.8168,40.6628,28.8586,56.7725,14.5092,74.7254,33.3333,73.3333,143.3669,136.5477,129.7285,2660350439.1444,2105954784.0
2023-10-23,136.23,139.02,135.11,137.9,20740665.0,137.7627,230248.0,0.0001375855659158,0.0011616088282266,0.014051422628606,-0.0008864572179482,136.4129,136.5999,24.7643,29.0054,54.5905,14.7237,19.9817,36.6667,76.6667,143.1157,136.4129,129.71,2649788620.7048,2079419586.0
2023-10-20,138.59,139.04,136.245,136.74,24970263.0,137.2998,247090.0,-1.3994195097007572e-05,-0.0033527696793005,0.0139849463948081,-0.0008864572179482,136.4075,136.521,21.1486,38.0094,53.4024,15.1065,19.7712,40.0,80.0,143.1064,136.4075,129.7087,2640912991.4081,2058638921.0
2023-10-19,139.8,141.005,138.6,138.98,21831181.0,139.6785,268880.0,0.0007679915007006,0.0204111600587375,0.0137159383465744,0.0013607893730911,136.4229,136.5165,41.1034,48.5957,56.1444,15.3805,72.278,43.3333,83.3333,143.1254,136.4229,129.7204,2657038688.9806,2083609184.0
2023-10-18,140.75,141.99,138.705,139.28,18304869.0,140.3154,217938.0,0.0010441674422005,0.028883799955677,0.0137377201440608,0.0037474161135733,136.3303,136.3575,51.7763,52.9112,56.5201,15.3923,88.1131,46.6667,86.6667,142.9741,136.3303,129.6865,2671971035.2363,2105440365.0
2023-10-17,140.03,141.25,138.5287,140.99,17424024.0,140.4298,198780.0,0.0011217257616252,0.0313071465145202,0.013669531641158,0.0037474161135733,136.2001,136.1668,52.9074,57.687,58.684,15.3919,101.3789,50.0,90.0,142.7727,136.2001,129.6276,2683867807.0217,2123745234.0
2023-10-16,139.73,140.905,139.32,140.49,17345556.0,140.2975,193266.0,0.0009811635314359,0.026973684210527,0.0136654271862866,0.0016389826607334,136.0576,135.8452,54.05,67.1784,58.232,15.4561,108.7667,53.3333,93.3333,142.4039,136.0576,129.7113,2669773255.1416,2106321210.0
2023-10-13,140.65,141.34,137.97,138.58,19447565.0,139.0809,215716.0,0.0003882628307252,0.0089552238805978,0.013481775938988,-0.0007476440797486,135.9347,135.5358,66.1035,78.6803,56.4737,15.4309,90.2376,56.6667,96.6667,142.085,135.9347,129.7845,2661510860.9586,2088975654.0
2023-10-12,142.16,142.38,139.45,140.29,18173107.0,140.9779,202907.0,0.0008968060853559,0.0245380851529981,0.0132840487618302,0.0012046829536412,135.8938,135.3366,81.3816,86.1974,58.609,15.4048,133.2,60.0,100.0,141.9934,135.8938,129.7942,2673918061.1812,2108423219.0
2023-10-11,139.85,142.22,139.84,141.7,20146341.0,141.3665,207111.0,0.0015827624351177,0.0458336408591042,0.0132374395120244,0.0035015603512168,135.7819,135.006,88.5558,89.7351,60.4303,15.2069,160.575,63.3333,100.0,141.6865,135.7819,129.8773,2681671093.1778,2126596326.0
2023-10-10,139.51,140.74,138.43,139.2,19554916.0,139.6351,217095.0,0.0019199356896771,0.0562258137946738,0.013768459285531,0.0035015603512168,135.5752,134.5554,88.6548,91.0443,58.2042,14.9563,120.761,66.6667,100.0,141.0796,135.5752,130.0707,2670328195.3038,2106449985.0
2023-10-09,137.99,139.97,136.7,139.5,16599099.0,138.858,174651.0,0.0022721824220058,0.067411431632107,0.0137949666289953,0.004354047165814,135.3284,134.2459,91.9946,89.2041,58.5865,14.8092,103.3866,0.0,100.0,140.8526,135.3284,129.8043,2676846500.6372,2126004901.0
2023-10-06,134.94,139.1857,134.94,138.73,20824883.0,137.9547,233145.0,0.0021561785895607,0.0637172212850787,0.0137815381640852,0.0035015603512168,135.0351,133.8944,92.4836,87.1836,57.9004,14.7173,73.8818,3.3333,53.3333,140.6099,135.0351,129.4603,2665019008.0775,2109405802.0
2023-10-05,136.13,136.5,134.455,135.99,15912704.0,135.753,184536.0,0.0007864147935815,0.0208693041062986,0.0139660859073562,0.0025687476353578,134.7584,133.5718,83.1341,80.5256,55.3562,14.6838,22.1174,6.6667,56.6667,140.4266,134.7584,129.0903,2648663069.3332,2088579119.0
2023-10-04,133.66,136.57,133.43,136.27,22847987.0,135.5046,259108.0,0.0017596277842475,0.0507363713470585,0.0147305333239475,0.0035015603512168,134.6658,133.4156,85.9333,78.8642,55.6887,14.8743,18.1753,10.0,60.0,140.3512,134.6658,128.9805,2640682131.6315,2104502063.0
2023-10-03,134.93,135.24,132.815,133.3,19628736.0,133.5837,226649.0,0.0012134311637358,0.0338943612813154,0.0142556397603123,0.0035015603512168,134.4468,133.2294,72.5096,72.7197,52.781,15.0713,-20.2864,0.0,63.3333,140.3924,134.4468,128.5012,2622200002.02,2081654076.0
2023-10-02,132.155,135.36,132.065,135.17,19210394.0,134.3212,231589.0,0.0018879371661657,0.0551088907969714,0.014004189041979,0.004354047165814,134.3013,133.2349,78.1497,66.2946,54.9767,15.3915,-4.7276,0.0,66.6667,140.5715,134.3013,128.031,2633977243.62,2101282812.0
2023-09-29,134.08,134.89,131.32,131.85,23237336.0,132.5801,231542.0,0.0004481600644279,0.0106546067760238,0.0137536165057444,0.0035015603512168,134.0662,133.112,67.4997,51.426,51.5151,15.7228,-33.7317,3.3333,70.0,140.728,134.0662,127.4044,2616982312.3575,2082072418.0
2023-09-28,130.69,134.1799,130.69,133.13,18201389.0,132.7377,213567.0,0.0011171888144118,0.0311362404151493,0.0137360007481052,0.004354047165814,134.0199,133.2093,53.2344,33.7136,53.0348,16.1057,-32.2041,6.6667,73.3333,140.7656,134.0199,127.2743,2633320047.1922,2105309754.0
2023-09-27,129.44,131.72,129.38,131.46,18764201.0,130.6948,205892.0,0.0003969199231091,0.0091348737238037,0.0136759662052457,0.0035015603512168,133.8861,133.2252,33.5439,19.7811,51.2199,16.5627,-67.0195,10.0,76.6667,140.8643,133.8861,126.9078,2626070054.1125,2087108365.0
2023-09-26,130.914,131.405,128.19,129.45,20374469.0,129.2317,232737.0,-0.0005151018242944,-0.0180535538193123,0.0135482631087269,0.0025687476353578,133.8464,133.3572,14.3625,9.9558,48.9236,17.0114,-91.4227,13.3333,80.0,140.8959,133.8464,126.797,2611475675.5569,2068344164.0
2023-09-25,130.77,132.22,130.03,132.17,14650032.0,131.5913,177785.0,0.0005959685418259,0.0153645233156647,0.0132200315567477,0.0035015603512168,133.9257,133.6367,11.4369,14.3181,52.134,17.4461,-55.6425,16.6667,83.3333,140.8208,133.9257,127.0305,2615881043.63,2088722953.0
2023-09-22,131.68,133.01,130.51,131.25,17355284.0,131.8237,193334.0,0.0003520778792454,0.0079870977651488,0.0131668454413902,0.0025687476353578,133.8591,133.7482,4.0679,28.2718,51.0845,18.0389,-50.9684,20.0,86.6667,140.8643,133.8591,126.8539,2601899962.8629,2074072921.0
2023-09-21,132.39,133.19,131.09,131.36,22058375.0,131.9425,261970.0,0.0003953578776981,0.009296965040338,0.0131649982846548,0.0025687476353578,133.8245,133.9307,27.4494,52.6429,51.2143,18.6091,-44.1418,23.3333,90.0,140.8938,133.8245,126.7551,2608980918.7349,2091428205.0
2023-09-20,138.83,138.84,134.52,134.59,21473533.0,136.1771,230482.0,0.0007680326524725,0.0208586165048547,0.0126159702378709,0.0025687476353578,133.7842,134.1182,53.298,70.3178,55.1948,19.1474,41.5621,26.6667,93.3333,140.926,133.7842,126.6423,2625367140.1635,2113486580.0
2023-09-19,138.25,139.175,137.5,138.83,15484644.0,138.5037,172974.0,0.0017608002889973,0.0522207063816884,0.0112062329403142,0.0025687476353578,133.6926,134.0962,77.1812,79.5601,61.2339,19.3773,95.9003,30.0,96.6667,140.8689,133.6926,126.5163,2646144771.6311,2134960113.0
2023-09-18,137.63,139.93,137.63,138.96,16233590.0,139.1326,195812.0,0.0026736813301886,0.0810642601524824,0.0120342850881415,0.0035015603512168,133.4632,133.7806,80.4742,78.1838,61.4331,19.29,110.6706,33.3333,100.0,140.4248,133.4632,126.5016,2637038876.5027,2150444757.0
2023-09-15,138.8,139.36,137.18,138.3,48958837.0,138.2444,266140.0,0.0024550691774162,0.0740079210996351,0.0120537307982347,0.0025687476353578,133.1163,133.4342,81.025,75.7043,60.8073,19.1849,108.2837,36.6667,96.6667,140.016,133.1163,126.2165,2634497966.7636,2134211167.0
2023-09-14,138.39,139.55,137.06,138.99,19064607.0,138.723,206522.0,0.0026542344462944,0.0804570895522389,0.0119786212871175,0.0025687476353578,132.799,133.1094,73.0522,71.6941,61.8211,19.117,123.8312,40.0,100.0,139.6198,132.799,125.9781,2633150475.837,2183170004.0
2023-09-13,135.9,137.7,134.93,137.5,16394915.0,136.6791,210260.0,0.0014716307614055,0.0425354462051708,0.012833274269228,0.0015404033829472,132.4544,132.7147,73.0356,70.2814,60.4445,19.0467,94.9466,43.3333,76.6667,139.0623,132.4544,125.8464,2622661113.7526,2164105397.0
2023-09-12,137.13,137.64,135.93,136.07,15212934.0,136.5448,192777.0,0.0008158091397365,0.0222372473893774,0.0128573594881809,0.0007357893351146,132.2676,132.3954,68.9945,61.0577,59.0756,19.106,100.341,46.6667,80.0,138.6241,132.2676,125.9111,2608633695.5035,2147710482.0
2023-09-11,137.38,138.2638,136.55,137.74,17145755.0,137.517,188818.0,0.0012450129835969,0.0355612359972932,0.0126311548495729,0.0008811976552467,132.169,132.1526,68.814,52.7897,61.4774,19.062,134.3858,50.0,83.3333,138.3864,132.169,125.9517,2621355622.7667,2162923416.0
2023-09-08,135.87,137.515,135.87,137.2,17820005.0,136.9627,207466.0,0.0019197517875874,0.0564410564410562,0.0132808212043691,0.0008811976552467,132.0115,131.778,45.3646,47.7473,60.9816,18.9508,132.0843,53.3333,86.6667,137.903,132.0115,126.12,2614677002.7521,2145742661.0
2023-09-07,134.6,136.58,133.9601,136.2,16867956.0,135.7688,207158.0,0.0017290010089215,0.0504396112910694,0.0132426111757486,0.0008811976552467,131.7675,131.4148,44.1905,58.5641,60.0613,18.8862,109.927,56.6667,90.0,137.4059,131.7675,126.129,2603681680.5181,2127922656.0
2023-09-06,137.015,137.48,134.69,135.37,15814327.0,135.6799,195632.0,0.0033895956024159,0.1024513396856419,0.0164303810513075,0.0008811976552467,131.5497,131.0954,53.6869,73.0444,59.2909,18.8829,129.9822,0.0,93.3333,137.0122,131.5497,126.0872,2591630235.591,2110946700.0
2023-09-05,136.44,137.37,135.56,136.71,17730218.0,136.5011,216597.0,0.0039651999532453,0.121677059402691,0.0162597569821573,0.0013150963426734,131.1309,130.8111,77.8149,84.7508,61.1312,18.8062,162.4429,0.0,96.6667,137.2873,131.1309,124.9744,2599735786.7057,2126761027.0
2023-09-01,138.43,138.58,135.94,136.8,16671647.0,136.8128,207752.0,0.0044221171714841,0.1370625883135234,0.0163159241532095,0.0018449275863172,130.6371,130.415,87.6313,84.442,61.2546,18.639,190.6873,0.0,100.0,137.3271,130.6371,123.9471,2594935893.435,2144491245.0
2023-08-31,137.05,138.4,136.82,137.35,28147850.0,137.7219,274470.0,0.0047731147327876,0.1490839119886213,0.0162439776087399,0.0025687476353578,130.088,129.9853,88.806,75.2102,61.9941,18.4279,202.1457,0.0,100.0,137.3911,130.088,122.785,2600745709.8138,2161162892.0
2023-08-30,135.57,137.25,135.021,136.93,21773356.0,136.457,218608.0,0.0037885357400403,0.1152467828636583,0.0171854119167929,0.0018449275863172,129.4947,129.4881,76.8886,61.4106,61.6523,18.1214,175.3881,3.3333,96.6667,137.2689,129.4947,121.7205,2610009559.1809,2133015042.0
2023-08-29,132.9981,137.295,132.98,135.49,30803265.0,135.2967,306213.0,0.0030850290008757,0.0919568020631851,0.017322464231677,0.0013150963426734,129.0236,128.9855,59.936,55.3306,60.4745,17.8709,148.9449,6.6667,100.0,136.6882,129.0236,121.359,2594487862.149,2111241686.0
2023-08-28,132.08,133.24,130.85,131.79,16715467.0,131.765,201956.0,0.0018879887889692,0.0538141691987839,0.016786723822734,0.0008811976552467,128.6437,128.5475,47.4073,55.3223,57.2099,17.6118,72.7194,10.0,93.3333,136.1471,128.6437,121.1403,2589455115.492,2080438421.0
2023-08-25,130.14,131.4,128.04,130.69,20678096.0,129.9131,232375.0,0.0014377103888191,0.0396976929196497,0.0167867281481729,0.0006064148510579,128.4196,128.3342,58.6484,58.6275,56.1696,17.5902,30.511,13.3333,96.6667,135.953,128.4196,120.8862,2593022014.3079,2063722954.0
2023-08-24,134.7272,134.97,130.3,130.42,18680381.0,131.8825,206694.0,0.0016010185176243,0.0447809020267564,0.0168158928226583,0.0006064148510579,128.2534,128.1819,59.9111,50.6721,55.9153,17.6916,74.7326,16.6667,100.0,135.8121,128.2534,120.6948,2581082875.546,2043044858.0
2023-08-23,130.85,134.07,130.51,133.21,26497027.0,133.2082,259717.0,0.0037509839535927,0.1136097642534694,0.0178851562467528,0.0008811976552467,128.0673,128.0377,57.323,42.3653,59.3554,17.5793,92.6208,20.0,100.0,135.6926,128.0673,120.442,2598803236.9657,2061725239.0
2023-08-22,129.13,130.95,128.925,129.69,15569373.0,129.8682,172795.0,0.0033871397354968,0.1017755500807067,0.0175127609448722,0.0008811976552467,127.6148,127.6914,34.7823,32.741,56.0583,17.5219,38.7235,0.0,43.3333,135.6039,127.6148,119.6258,2585108144.359,2035228212.0
2023-08-21,127.85,129.26,127.16,128.93,21851070.0,128.5364,200445.0,0.0034302331266202,0.1031915803884651,0.0175204670650969,0.0008811976552467,127.216,127.5637,34.9907,32.718,55.3015,17.68,17.0605,3.3333,46.6667,135.9411,127.216,118.4908,2588913991.0923,2019658839.0
2023-08-18,129.06,129.83,127.0,128.11,23627196.0,128.0749,259950.0,0.0023095999687398,0.066339270850674,0.0183501441350049,0.0006064148510579,126.8144,127.4795,28.4499,35.8949,54.4839,17.9716,19.1947,6.6667,50.0,136.2904,126.8144,117.3385,2573930400.2351,1997807769.0
2023-08-17,130.45,132.4913,129.85,130.46,23665562.0,130.9301,257932.0,0.0026922826103115,0.0788059207806164,0.0180394115896139,0.0006064148510579,126.549,127.446,34.7135,43.5758,57.3921,18.2732,62.5029,10.0,53.3333,136.3224,126.549,116.7756,2579023189.3588,2021434971.0
2023-08-16,129.28,130.8975,128.46,129.11,17548355.0,129.404,210996.0,0.0018816479578076,0.052841882084319,0.018217840074452,7.69052315177654e-05,126.2317,127.2484,44.5213,49.6955,56.0906,18.314,44.6069,13.3333,56.6667,136.1133,126.2317,116.3502,2591757775.8392,1997769409.0
2023-08-15,131.59,131.99,129.819,130.27,14769173.0,130.7511,175597.0,0.0027507965148506,0.0805408095554078,0.0183042940429378,0.0006064148510579,126.016,127.13,51.4926,49.3849,57.5508,18.472,65.6857,16.6667,60.0,135.9321,126.016,116.0999,2599947008.1725,2015317764.0
2023-08-14,129.85,131.91,129.59,131.83,17526195.0,131.3438,168174.0,0.0030322682403235,0.0897743242126147,0.0181420686207573,0.0006064148510579,125.6927,126.9237,53.0726,53.2424,59.5668,18.5,76.5455,20.0,63.3333,135.6843,125.6927,115.7011,2608579933.3393,2030086937.0
2023-08-11,129.202,130.44,128.75,130.17,15205465.0,129.7561,183702.0,0.002873827541553,0.0846596116990241,0.0180771257723256,0.0006064148510579,125.3311,126.5956,43.5894,60.7075,58.0554,18.5345,62.3987,23.3333,66.6667,135.2143,125.3311,115.4479,2592262441.4427,2012560742.0
2023-08-10,131.97,132.647,130.035,130.21,17855681.0,131.0634,204029.0,0.0025894963280027,0.0754046911133132,0.0181916433486878,0.0006064148510579,124.9928,126.3592,63.0653,67.1169,58.106,18.6734,84.3454,26.6667,70.0,134.9052,124.9928,115.0805,2581915527.3895,2027766207.0
2023-08-09,132.19,132.47,129.505,130.15,17745218.0,130.8519,186475.0,0.0031539126551334,0.0936055793630785,0.0183785632424919,0.0008811976552467,124.6888,126.1038,75.468,58.2499,58.053,18.6923,87.182,30.0,73.3333,134.5196,124.6888,114.858,2597378601.8236,2009910526.0
2023-08-08,130.98,131.94,130.13,131.84,16835952.0,131.3725,186233.0,0.003558806225401,0.1070618859685954,0.0181546551260778,0.0008811976552467,124.3179,125.8349,62.8175,37.6652,60.1242,18.7238,103.6891,33.3333,76.6667,134.1584,124.3179,114.4774,2607403303.3919,2027655744.0
2023-08-07,129.51,132.06,129.43,131.94,17621041.0,131.1171,202129.0,0.0025192027330746,0.0725085351975285,0.0192330277865103,0.0008811976552467,123.8934,125.431,36.4643,26.4855,60.2471,18.6969,111.5388,36.6667,80.0,133.5215,123.8934,114.2653,2592427677.5798,2044491696.0
2023-08-04,129.6,131.93,128.315,128.54,20521852.0,129.7949,245418.0,0.0014087712997814,0.0377008153709534,0.0187754892988899,4.003115902689869e-05,123.5964,124.9924,13.7138,32.5945,57.3829,18.6691,97.4534,40.0,83.3333,132.7707,123.5964,114.422,2576414640.3212,2026870655.0
2023-08-03,128.37,129.77,127.775,128.77,15086132.0,128.8553,174081.0,0.0021857755774693,0.0619330364506021,0.0191066069137507,0.0008811976552467,123.4409,124.7578,29.2785,55.0588,57.6545,18.6482,92.5962,43.3333,86.6667,132.4411,123.4409,114.4406,2594381904.9353,2047392507.0
2023-08-02,129.84,130.42,127.85,128.64,22705778.0,128.9444,241906.0,0.0014550100386582,0.0386758175211952,0.0195516381414115,4.003115902689869e-05,123.1908,124.4912,54.7913,74.0016,57.5447,18.7603,105.356,46.6667,90.0,132.0163,123.1908,114.3654,2594419714.7899,2032306375.0
2023-08-01,130.855,132.92,130.75,131.89,22219012.0,131.8788,237574.0,0.0022199772915176,0.0631146219571181,0.0189554819804085,4.003115902689869e-05,123.0314,124.2151,81.1066,83.7929,61.3921,18.8698,173.4008,50.0,93.3333,131.6379,123.0314,114.4248,2603166298.5331,2055012153.0
2023-07-31,133.01,133.83,132.13,133.11,18381891.0,132.9153,197858.0,0.0020670530059675,0.0581922251371334,0.0190649068466196,4.003115902689869e-05,122.7707,123.696,86.1068,81.3517,62.9186,18.7272,221.341,53.3333,96.6667,130.7576,122.7707,114.7837,2602039989.1691,2077231165.0
2023-07-28,130.97,134.07,130.92,133.01,26971011.0,133.014,259817.0,0.0024198664899058,0.0693841453609902,0.0191351105225164,0.0004739298464536,122.5269,123.0572,84.1652,74.2172,62.8454,18.4507,246.6461,56.6667,100.0,129.6555,122.5269,115.3984,2599228641.1338,2058849274.0
2023-07-27,131.8,133.6,129.18,129.87,35931612.0,131.5584,351280.0,0.001600537938787,0.0437193602828898,0.0187073775299306,-0.0005367966043387,122.2396,122.3812,73.7832,60.2173,60.4773,18.1645,239.8336,60.0,100.0,128.2928,122.2396,116.1864,2590409548.6481,2031878263.0
2023-07-26,130.36,131.37,128.71,129.66,46216895.0,129.9937,468415.0,0.0015679954337875,0.0427020506634494,0.0187081651553536,-0.0005367966043387,122.0585,121.8748,64.7033,44.0481,60.3137,17.8933,240.6206,63.3333,100.0,127.4994,122.0585,116.6176,2615122693.553,1995946651.0
2023-07-25,121.88,123.69,121.53,122.79,31820846.0,124.0628,343143.0,0.0001045310854187,-0.000651094652885,0.015903952288769,-0.0005367966043387,121.8817,121.348,42.1655,28.746,54.3391,17.7324,22.471,66.6667,80.0,126.6446,121.8817,117.1188,2628327520.6959,1949729756.0
2023-07-24,121.926,123.35,121.38,121.88,22312092.0,122.1357,232765.0,-9.000124377887368e-05,-0.0064400423901521,0.0158483094618861,-0.0005367966043387,121.8843,121.2581,25.2756,25.6727,53.4416,18.0608,5.6628,70.0,83.3333,126.649,121.8843,117.1196,2623024046.3626,1917908910.0
2023-07-21,120.87,121.3,119.07,120.31,56474645.0,120.2407,265113.0,-0.0005981950796232,-0.0213925492109972,0.0156621687574167,-0.0011822450888283,121.9106,121.2248,18.7968,36.0938,51.8636,18.4259,-62.1991,73.3333,0.0,126.6806,121.9106,117.1406,2634010266.3626,1895596690.0
2023-07-20,122.12,124.7,118.685,119.53,27541711.0,120.8341,295346.0,-0.0021108952020279,-0.0655148151043705,0.0170326425636594,-0.0019444612947638,121.9982,121.2972,32.9456,55.3414,51.0671,18.9595,-41.7603,76.6667,3.3333,126.7338,121.9982,117.2626,2627674543.8289,1839082045.0
2023-07-19,124.79,125.47,122.47,122.78,22313803.0,123.5633,248385.0,-0.0008916185903292,-0.0304035378662247,0.0165475708566816,-0.0011822450888283,122.2772,121.4284,56.5389,73.5767,54.7135,19.5115,36.0246,80.0,6.6667,127.3413,122.2772,117.2131,2647478018.4881,1866623756.0
2023-07-18,124.905,124.99,123.3,124.08,21071248.0,123.9981,200319.0,-0.0001697338773285,-0.0091831030903137,0.0165859961482182,-0.0005367966043387,122.4054,121.3448,76.5398,82.104,56.267,19.7556,48.6283,83.3333,10.0,127.6898,122.4054,117.121,2665180302.2015,1888937559.0
2023-07-17,126.06,127.28,124.5,125.06,20675297.0,125.3239,208573.0,0.0003219691044628,0.0055479617271048,0.0165700743693562,0.0001207565202591,122.4437,121.1659,87.6513,76.9953,57.4557,19.931,91.0839,86.6667,13.3333,127.7883,122.4437,117.0991,2666801167.4322,1910008807.0
2023-07-14,125.13,127.09,124.9,125.7,20499780.0,125.7791,223959.0,0.0007618753036283,0.0188862770527684,0.0165956784940143,0.0011368679372895,122.4207,120.907,82.1209,58.0417,58.2324,19.9993,102.9366,90.0,16.6667,127.7283,122.4207,117.1131,2679146848.3747,1930684104.0
2023-07-13,121.54,125.335,121.06,124.83,31535853.0,124.3071,300457.0,0.0001899145101198,0.0015243902439023,0.0166674103782598,0.0001207565202591,122.3431,120.5863,61.2137,36.2186,57.4771,20.032,40.4107,93.3333,20.0,127.5318,122.3431,117.1545,2684669620.1555,1910184324.0
2023-07-12,119.3,120.96,119.0,119.62,22059611.0,119.8107,215311.0,-0.0014718495987296,-0.0463206569401259,0.0146205740747771,-0.0005367966043387,122.3368,120.3034,30.7905,23.1882,52.5048,20.1807,-81.775,96.6667,23.3333,127.5145,122.3368,117.1592,2660584342.952,1878648471.0
2023-07-11,116.76,118.225,115.83,117.71,18286571.0,117.43,196623.0,-0.0017232214678154,-0.0533976678729396,0.0143769255947481,-0.0005367966043387,122.5303,120.3598,16.6517,29.6053,50.4515,20.6538,-170.3823,100.0,26.6667,127.7009,122.5303,117.3597,2668687873.5234,1856588860.0
2023-07-10,119.07,119.07,116.64,116.87,32960078.0,117.3323,331959.0,-0.0012201753885253,-0.0392140743176577,0.0149331702940053,-0.0005367966043387,122.7513,120.5518,22.1225,46.2559,49.5239,21.3593,-182.7398,100.0,30.0,127.6138,122.7513,117.8888,2658265673.3501,1838302289.0
2023-07-07,120.89,121.75,120.09,120.14,20997665.0,120.8863,202568.0,-0.0007590032272393,-0.0255495173980044,0.0143243888484971,-0.0005367966043387,122.9102,120.8148,50.0417,64.2532,53.2775,22.031,-87.4914,76.6667,33.3333,127.261,122.9102,118.5594,2684986395.0209,1871262367.0
2023-07-06,120.64,121.1499,119.2499,120.93,17750181.0,120.4417,192930.0,-0.0012244910156823,-0.0392468419798202,0.0147257250638339,-0.0005367966043387,123.015,120.8707,66.6034,68.5329,54.2376,22.397,-103.1344,80.0,36.6667,127.2301,123.015,118.7999,2704719140.4426,1892260032.0
2023-07-05,120.06,123.37,120.06,122.63,17830347.0,122.4443,205078.0,-5.380948479654091e-05,-0.0050304259634882,0.0150665317395594,0.0001207565202591,123.1795,120.876,76.1145,65.9664,56.3498,22.8245,-50.4098,83.3333,40.0,127.42,123.1795,118.939,2691077659.2341,1910010213.0
2023-07-03,120.32,121.02,119.705,120.56,13888262.0,120.374,150617.0,-0.0006990013098203,-0.0239637305699477,0.0147257299119283,-0.0005367966043387,123.2002,120.7646,62.8806,55.7866,54.2528,23.1859,-117.3465,86.6667,43.3333,127.4331,123.2002,118.9673,2681219793.6721,1892179866.0
2023-06-30,121.1,122.03,120.88,120.97,23871764.0,121.3002,222377.0,-2.6262716983627143e-05,-0.0041982219295351,0.0150450046665817,0.0001207565202591,123.2987,120.7882,58.904,44.9231,54.7565,23.7519,-91.9151,90.0,46.6667,127.4042,123.2987,119.1932,2677048034.3642,1906068128.0
2023-06-29,120.09,120.91,119.21,120.01,18517458.0,119.9927,190231.0,9.291458152273316e-05,-0.0006661670413856,0.0151220698572969,0.0001207565202591,123.3157,120.7851,45.5753,34.1416,53.7853,24.2206,-143.6684,0.0,50.0,127.3843,123.3157,119.2471,2697183348.3468,1882196364.0
2023-06-28,117.96,121.27,117.6,121.08,19753145.0,120.2944,216992.0,0.0012795285276597,0.0352257181942547,0.0157580927486284,0.0011368679372895,123.3184,120.8479,30.2898,31.1639,55.0586,24.7988,-142.8376,0.0,53.3333,127.3781,123.3184,119.2587,2698272610.5821,1900713822.0
2023-06-27,117.84,119.895,116.91,119.01,27222215.0,118.7017,271095.0,0.0004283748955407,0.0092435549525107,0.015553005345016,0.0001207565202591,123.1812,120.8413,26.5597,33.8628,52.9768,25.3969,-184.5225,3.3333,56.6667,127.7932,123.1812,118.5692,2680564750.3505,1880960677.0
2023-06-26,121.4656,122.72,118.99,119.09,22822391.0,120.2248,236245.0,0.0007416138016518,0.0187339606501286,0.0156221702839863,0.0011368679372895,123.1449,120.9769,36.6422,36.589,53.0687,26.1298,-115.8106,0.0,60.0,127.9066,123.1449,118.3832,2669484555.2047,1908182391.0
2023-06-23,122.04,123.44,121.86,123.02,29573123.0,122.8786,214282.0,0.0031780523751903,0.0956537228357683,0.0160287276741264,0.0042726206633973,123.072,121.1163,38.3864,33.922,57.8293,26.6897,-14.9994,0.0,63.3333,128.1449,123.072,117.9991,2691426354.757,1931367352.0
2023-06-22,120.66,123.935,119.6,123.87,20781888.0,122.3027,218659.0,0.0047470375576601,0.1475819899944412,0.0172280103832668,0.0075102745770921,122.7144,120.9946,34.7383,39.996,58.9347,26.9681,-9.8767,0.0,66.6667,129.1264,122.7144,116.3023,2677575651.5798,1960940475.0
2023-06-21,123.235,123.41,120.86,121.26,22612002.0,121.6918,212448.0,0.0039371836694581,0.1202882483370288,0.0169897205605698,0.0042726206633973,122.184,120.806,28.6414,49.9898,56.4647,27.256,-11.4905,0.0,70.0,130.517,122.184,113.851,2657416980.521,1940158587.0
2023-06-20,123.535,125.175,122.83,123.85,22695528.0,123.8062,208425.0,0.0052697669302557,0.1660311632067037,0.0165505259264139,0.0075102745770921,121.7505,120.7841,56.6083,60.9319,59.9221,27.4161,37.2846,0.0,73.3333,131.4931,121.7505,112.0078,2672935021.1092,1962770589.0
2023-06-16,126.7,126.7,123.79,124.06,56599200.0,124.6765,236937.0,0.0056446020385258,0.1791654785666767,0.016515897546282,0.0083954305763562,121.1633,120.5823,64.7196,55.9168,60.211,27.355,54.1816,0.0,76.6667,132.3753,121.1633,109.9514,2675887216.6486,1985468617.0
2023-06-15,123.88,126.16,123.14,125.79,24517071.0,124.9852,224598.0,0.0058171981265879,0.1853562005277049,0.0163383853663741,0.0083954305763562,120.5357,120.3522,61.468,42.6254,62.6156,27.1763,58.0818,3.3333,80.0,133.088,120.5357,107.9833,2722064915.6177,2042167817.0
2023-06-14,123.8,124.79,122.16,124.38,24659620.0,123.8195,256810.0,0.0054833573357103,0.1736176637101338,0.0163245190596199,0.0075102745770921,119.8808,119.987,41.5628,27.8242,61.4011,27.0247,44.9565,0.0,83.3333,133.317,119.8808,106.4445,2703555338.8363,2017650746.0
2023-06-13,125.65,125.86,123.845,124.43,19287650.0,124.6652,207651.0,0.0049613635137239,0.1552316405162008,0.0167492040647776,0.0075102745770921,119.2681,119.6937,24.8453,16.7076,61.4696,26.9536,58.0274,3.3333,86.6667,133.5057,119.2681,105.0305,2686584269.5587,2042310366.0
2023-06-12,123.395,124.75,122.35,124.35,22289632.0,123.6092,208649.0,0.0047828312526626,0.1490482350766957,0.0168226629033044,0.0075102745770921,118.7114,119.3768,17.0645,19.1426,61.403,26.679,51.3567,6.6667,90.0,133.4185,118.7114,104.0044,2694672638.9135,2023022716.0
2023-06-09,122.56,124.285,122.42,122.87,20313676.0,123.2914,209979.0,0.0043351846532459,0.1338008673987272,0.0168021197752632,0.0042726206633973,118.1744,119.0435,8.213,31.3468,60.1728,26.4615,48.0949,0.0,93.3333,133.2121,118.1744,103.1366,2679812884.2469,2000733084.0
2023-06-08,122.585,123.73,122.01,122.67,24814996.0,122.7692,255128.0,0.0055318355913403,0.1744375299186222,0.0178147430666523,0.0075102745770921,117.6916,118.7892,32.1504,52.7482,60.0063,26.2644,47.5455,0.0,96.6667,133.0399,117.6916,102.3432,2690323713.9198,1980419408.0
2023-06-07,127.575,129.55,122.63,122.94,34179348.0,124.2895,298179.0,0.0055540590172245,0.1752222540866075,0.0178055021416661,0.0075102745770921,117.0849,118.5311,53.677,61.6359,60.3355,26.0938,71.0013,3.3333,100.0,133.0466,117.0849,101.1233,2696094643.2221,2005234404.0
2023-06-06,126.6,128.88,125.97,127.91,19450128.0,127.848,220928.0,0.006171835268141,0.1978834987825424,0.0165297734353094,0.0075102745770921,116.4746,118.2366,72.4172,60.3707,66.8626,25.8469,96.9553,6.6667,100.0,132.9085,116.4746,100.0407,2727211679.6961,2039413752.0
2023-06-05,124.61,127.99,124.38,126.63,22672516.0,126.7919,256609.0,0.0061087130198441,0.1956378056840719,0.0165182328028512,0.0075102745770921,115.7711,117.5795,58.8135,53.7913,65.9455,25.186,91.3833,10.0,100.0,132.0174,115.7711,99.5248,2720728303.6961,2019963624.0
2023-06-02,124.49,126.745,124.35,125.23,19367453.0,125.3646,207794.0,0.0057392129817524,0.1825306893295564,0.0165246522768991,0.0041179274056435,115.0812,116.9652,49.8812,55.2886,64.9188,24.5464,89.2413,13.3333,73.3333,131.206,115.0812,98.9564,2715138680.6379,1997291108.0
2023-06-01,123.5,125.04,123.3,124.37,25017674.0,124.0531,247877.0,0.0057880298305794,0.1842506189297272,0.0165302154916864,0.0047133511344604,114.4376,116.405,52.6791,60.9418,64.2794,23.9478,84.7925,16.6667,76.6667,130.4543,114.4376,98.4209,2720273683.8342,1977923655.0
2023-05-31,123.7,124.9,123.1,123.37,41548759.0,123.6419,279493.0,0.0054861300950653,0.1736111111111111,0.0165677933733182,0.0007077163346692,113.7933,115.8654,63.3054,59.5549,63.5323,23.4184,87.0444,20.0,80.0,129.7375,113.7933,97.8491,2714522494.4089,1952905981.0
2023-05-30,126.29,126.38,122.89,124.64,27230726.0,124.529,329777.0,0.0054185833082363,0.1712084194700251,0.0166355567305922,0.0007077163346692,113.1857,115.3574,66.8409,51.9788,65.2067,22.8784,101.6155,23.3333,83.3333,129.0341,113.1857,97.3372,2743557638.3089,1994384758.0
2023-05-26,124.065,126.0,123.29,125.43,25169036.0,125.1676,245416.0,0.0047027710207342,0.1458980449479263,0.017560615131937,0.0007077163346692,112.579,114.727,48.5185,46.7032,66.2567,22.3197,113.5707,26.6667,86.6667,128.0373,112.579,97.1208,2743479613.306,2021615484.0
2023-05-25,125.21,125.98,122.9,124.35,33812730.0,124.4922,357967.0,0.0048045525259886,0.149366854607635,0.0175922226068993,0.0007077163346692,112.0473,113.9986,40.577,53.4883,65.523,21.6955,121.0768,30.0,90.0,126.8017,112.0473,97.2929,2728898289.8669,1996446448.0
2023-05-24,121.88,122.7499,120.75,121.64,23087925.0,121.7088,263225.0,0.0050028097678318,0.156053982132674,0.0178200724637113,0.0007077163346692,111.5092,113.2944,51.014,67.8559,63.6034,21.0507,107.0974,33.3333,93.3333,125.6133,111.5092,97.4052,2730874358.5033,1962633718.0
2023-05-23,124.93,125.42,123.05,123.29,24477945.0,124.099,265238.0,0.0051662136210473,0.1617979645684122,0.0176725961796013,0.0007077163346692,110.9625,112.7283,68.874,78.818,65.7583,20.545,143.5191,36.6667,96.6667,124.7425,110.9625,97.1825,2733413002.7892,1985721643.0
2023-05-22,123.51,127.05,123.45,125.87,29760236.0,125.9081,330978.0,0.0055907703781389,0.1769050958391771,0.017197575164506,0.0007077163346692,110.3908,112.0096,83.6798,86.4454,69.3075,19.7546,182.6051,40.0,100.0,123.5079,110.3908,97.2737,2752933389.3082,2010199588.0
2023-05-19,124.2,126.479,122.72,123.25,30268864.0,123.8659,364383.0,0.0042853056255047,0.1317722681359043,0.0174434656897256,-0.0004284325265931,109.7609,111.0635,83.9003,87.8646,67.5903,18.8889,198.5267,43.3333,100.0,121.6268,109.7609,97.895,2742682641.3527,1980439352.0
2023-05-18,121.56,123.9,121.49,123.52,27014468.0,122.9645,322016.0,0.0056127339859955,0.1769414006669838,0.0183900608463362,0.0007077163346692,109.2831,110.2327,91.7559,89.963,67.9692,18.0192,222.0833,46.6667,100.0,120.0652,109.2831,98.501,2764415991.6948,2010708216.0
2023-05-17,120.18,122.28,119.46,121.48,26659564.0,120.9044,288047.0,0.004999064415685,0.1556316590563167,0.0183137548733882,-0.0004284325265931,108.6648,109.3259,87.9376,89.1636,66.602,17.2408,239.2334,50.0,100.0,118.1974,108.6648,99.1322,2745920609.0392,1983693748.0
2023-05-16,116.83,121.2,116.83,120.09,32370113.0,119.7844,370876.0,0.0046799665294279,0.1446954532456394,0.0182797698430329,-0.0004284325265931,108.1201,108.4972,90.1955,89.9276,65.6359,16.5169,260.338,0.0,100.0,116.4892,108.1201,99.7509,2734387038.798,1957034184.0
2023-05-15,116.49,118.795,116.48,116.96,22107865.0,117.3948,299114.0,0.0040795903324374,0.1246153846153848,0.0178350465142536,-0.0004284325265931,107.6146,107.7071,89.3578,85.3914,63.3268,15.8241,275.9809,0.0,100.0,114.8136,107.6146,100.4157,2718461239.496,1924664071.0
2023-05-12,117.0,118.26,116.55,117.92,31293778.0,117.4618,349221.0,0.0052326557129247,0.1638373470193441,0.0181235641789316,0.0007077163346692,107.1831,107.078,90.2294,81.8731,64.6141,15.2386,344.5467,0.0,96.6667,113.6345,107.1831,100.7318,2731401264.1504,1946771936.0
2023-05-11,115.86,118.44,114.9301,116.9,57114613.0,117.2496,681159.0,0.0047520803432659,0.1472031403336602,0.0182154919395982,-0.0004284325265931,106.6304,106.3395,76.5869,73.0631,63.8596,14.6631,397.1877,3.3333,100.0,112.1233,106.6304,101.1376,2712551795.5305,1915478158.0
2023-05-10,108.55,113.51,108.48,112.28,47521463.0,111.0469,553267.0,0.0035580941170398,0.1077348066298335,0.0169185181259731,-0.0004284325265931,106.131,105.6203,78.8029,64.5811,60.138,14.0677,248.8136,0.0,100.0,110.444,106.131,101.8179,2705556219.9465,1858363083.0
2023-05-09,108.78,110.595,107.725,107.94,24782442.0,108.9356,290070.0,0.0016680018441778,0.0473510576363269,0.0158523079469944,-0.0011677203318188,105.7674,105.1698,63.7996,48.7529,56.0259,13.7495,141.4352,3.3333,100.0,109.8197,105.7674,101.7151,2681269738.851,1810829620.0
2023-05-08,105.795,108.42,105.79,108.24,17266021.0,107.6016,195916.0,0.000817526601044,0.0205544031680176,0.0167279161248204,-0.0011677203318188,105.6049,104.9872,51.1408,38.4881,56.4148,13.6269,89.0476,6.6667,30.0,109.7059,105.6049,101.5039,2702339132.0496,1835612062.0
2023-05-05,105.32,106.44,104.7386,106.215,20710627.0,105.7624,216693.0,0.0001192839479068,-0.0004234895539247,0.0163853424048525,-0.0014568186963029,105.5323,104.7713,31.3184,38.9455,54.3473,13.6703,11.4934,10.0,33.3333,109.5286,105.5323,101.5361,2687436520.7683,1818346041.0
2023-05-04,106.16,106.3,104.7,105.21,19780637.0,105.4847,246918.0,0.0004533390878941,0.009499136442141,0.0166738702454896,-0.0014568186963029,105.5338,104.68,33.005,51.3707,53.2841,13.8828,-8.8103,13.3333,36.6667,109.531,105.5338,101.5367,2672203607.504,1797635414.0
2023-05-03,106.22,108.13,105.62,106.12,17116333.0,106.592,198128.0,0.0002289749359008,0.0026455026455021,0.0168383237870316,-0.0014568186963029,105.5009,104.6517,52.5131,67.75,54.3928,14.1148,51.331,16.6667,40.0,109.5283,105.5009,101.4735,2679374088.4165,1817416051.0
2023-05-02,107.66,107.73,104.5,105.98,20343116.0,106.0089,211076.0,0.0014635967567747,0.0397331502011177,0.0181777356638684,-0.0014568186963029,105.4916,104.5587,68.5941,72.3807,54.2513,14.2633,27.3145,20.0,43.3333,109.5156,105.4916,101.4675,2689671165.2412,1800299718.0
2023-05-01,107.72,108.68,107.5,107.71,20926259.0,107.9752,194984.0,0.0018265599792259,0.0512395081007213,0.0179312175460228,-0.0014568186963029,105.3567,104.4689,82.1429,64.7699,56.3403,14.4496,116.0411,23.3333,46.6667,109.5881,105.3567,101.1253,2691371673.3898,1820642834.0
2023-04-28,107.8,108.29,106.04,108.22,23957872.0,107.5516,227071.0,0.0024420755458577,0.0707430493717224,0.0180129272611103,-0.0011677203318188,105.1819,104.2538,66.4052,52.4122,56.9654,14.3323,101.3705,0.0,50.0,109.4631,105.1819,100.9007,2704849602.9153,1841569093.0
2023-04-27,105.23,109.15,104.42,108.37,38230420.0,107.9371,348389.0,0.0040487178326152,0.1224236147074049,0.0196730396896619,-0.0004284325265931,104.9438,103.9887,45.7616,49.3699,57.1457,14.2408,94.2015,0.0,53.3333,109.3427,104.9438,100.545,2682382442.9508,1865526965.0
2023-04-26,105.56,107.02,103.27,104.45,37027268.0,105.045,396580.0,0.003611159979366,0.108222811671087,0.0190599269495353,-0.0004284325265931,104.5503,103.695,45.0697,54.7732,53.4222,14.146,12.8169,0.0,56.6667,109.7383,104.5503,99.3623,2656757570.3504,1827291745.0
2023-04-25,106.61,107.44,104.56,104.61,31405059.0,106.0205,320039.0,0.0046040296783165,0.1412830024001741,0.0195361393343339,0.0010480722313446,104.2107,103.6511,57.2783,53.3458,53.6059,14.2099,37.2634,0.0,60.0,110.605,104.2107,97.8163,2670335165.2251,1863921947.0
2023-04-24,106.05,107.32,105.36,106.78,21410908.0,106.6004,203066.0,0.0055195040118893,0.1732776617954066,0.0189822779172319,0.0036646305695782,103.7795,103.5931,61.9714,41.4222,56.1378,14.1433,62.9378,3.3333,63.3333,111.6207,103.7795,95.9383,2700652724.5376,1895330066.0
2023-04-21,106.09,106.64,105.485,105.91,22379018.0,105.9505,201462.0,0.0046521187371824,0.1429958989855377,0.0194285871007005,0.0010480722313446,103.2544,103.3816,40.7875,27.3921,55.3199,13.9906,55.1628,6.6667,66.6667,112.2749,103.2544,94.2339,2691039663.8029,1873919158.0
2023-04-20,104.65,106.8875,104.64,105.9,22515331.0,105.812,212385.0,0.0039481435031434,0.1188589540412041,0.0199564238107902,0.0005252109984247,102.8133,103.2155,21.5076,28.9,55.3107,13.8818,53.9653,10.0,70.0,112.5599,102.8133,93.0666,2696949274.6167,1851540140.0
2023-04-19,104.215,105.725,103.8,105.02,16732016.0,104.8937,158827.0,0.0038387371161118,0.1152171604544969,0.0199408216560061,0.0005252109984247,102.4387,103.0387,19.8813,43.8357,54.5088,13.7692,40.7164,13.3333,73.3333,112.557,102.4387,92.3203,2694219384.6512,1829024809.0
2023-04-18,107.0,107.05,104.78,105.12,17641369.0,105.6674,183165.0,0.0033787122355699,0.0998116760828617,0.0202034773964819,0.0001922581825952,102.0774,102.9102,45.3112,58.0656,54.6164,13.7351,56.5887,16.6667,76.6667,112.5847,102.0774,91.5701,2689743027.1239,1845756825.0
2023-04-17,105.43,106.71,105.32,106.42,29043443.0,106.0535,302129.0,0.0043389776802979,0.13188683258881,0.0201239170283392,0.0035494402292485,101.7598,102.766,66.3146,57.053,56.0064,13.6046,67.36,20.0,80.0,112.4685,101.7598,91.051,2702099756.9521,1863398194.0
2023-04-14,107.69,109.58,107.59,109.46,20758686.0,108.8498,196192.0,0.005882218988418,0.1857870219911161,0.0193630088743349,0.0052123550424642,101.3469,102.5223,62.5711,48.255,59.4253,13.4172,109.8627,0.0,83.3333,112.2765,101.3469,90.4173,2685212743.5061,1892377143.0
2023-04-13,106.47,108.265,106.44,108.19,21650747.0,107.7588,194987.0,0.006153842230608,0.1953375317644456,0.0194999274818375,0.0052123550424642,100.7759,102.0524,42.2734,48.5785,58.3998,12.995,95.7171,3.3333,86.6667,111.766,100.7759,89.7858,2666957617.6267,1871618457.0
2023-04-12,107.39,107.5874,104.97,105.22,22761569.0,105.8834,219281.0,0.00529047584729,0.1652270210409736,0.0190722339633627,0.0037113730487416,100.1872,101.6375,39.9204,59.8964,55.8788,12.6406,76.3249,0.0,90.0,111.4407,100.1872,88.9337,2647086384.0787,1849967710.0
2023-04-11,106.92,107.22,105.28,106.12,18721278.0,106.21,198353.0,0.0056471665396968,0.1778024417314092,0.018910722833915,0.0037113730487416,99.6905,101.3987,63.5417,74.2317,56.8887,12.3171,83.5476,3.3333,93.3333,111.3412,99.6905,88.0397,2665499827.2669,1872729279.0
2023-04-10,107.39,107.97,105.6,106.95,19741517.0,106.7011,197779.0,0.0061856529451153,0.1969781757134854,0.0187505909286091,0.0052123550424642,99.1571,101.0814,76.2271,81.5885,57.8202,12.0056,95.3648,0.0,96.6667,111.0658,99.1571,87.2483,2668008864.5246,1891450557.0
2023-04-06,105.77,109.63,104.815,108.9,34684150.0,107.7817,294412.0,0.0061529784557292,0.1957834632700115,0.0187933501030922,0.0052123550424642,98.5711,100.685,82.9264,84.5053,60.0535,11.6527,112.01,3.3333,100.0,110.6411,98.5711,86.501,2665260045.7018,1911192074.0
2023-04-05,106.12,106.54,104.1021,104.95,21864200.0,104.9011,213287.0,0.0046333437989797,0.1432461873638342,0.0180130806355742,0.0037113730487416,97.9774,100.1269,85.612,77.9172,56.7851,11.2878,88.3669,6.6667,66.6667,109.729,97.9774,86.2258,2641092792.6904,1876507924.0
2023-04-04,104.84,106.1,104.6,105.12,20377231.0,105.2342,204866.0,0.0045967199365707,0.1419880499728403,0.0180268635642169,0.0037113730487416,97.5396,99.8025,84.9774,62.057,56.979,11.0991,95.8794,10.0,70.0,109.2156,97.5396,85.8635,2647748284.2282,1898372124.0
2023-04-03,102.67,104.95,102.38,104.91,20719861.0,103.9159,190012.0,0.0036349049831245,0.1091024421186168,0.0188888112317308,0.0037113730487416,97.1044,99.4439,63.1623,39.9951,56.8028,10.8593,88.7859,13.3333,73.3333,108.6074,97.1044,85.6013,2653997301.7348,1877994893.0
2023-03-31,101.71,104.19,101.44,104.0,28107953.0,103.2761,238679.0,0.0029290947931057,0.0858216746711209,0.0190791375612737,0.0022726686111039,96.7608,99.0751,38.0313,25.5996,56.0489,10.6829,85.1736,16.6667,76.6667,107.936,96.7608,85.5855,2633922416.9527,1857275032.0
2023-03-30,101.44,101.61,100.29,101.32,25009829.0,101.0925,222581.0,0.0015942587415844,0.0434603501544796,0.0187853653372757,0.0001687900158198,96.4871,98.7436,18.7918,25.6558,53.7507,10.5483,63.1241,20.0,80.0,107.349,96.4871,85.6251,2609698472.0037,1829167079.0
2023-03-29,102.72,102.82,101.03,101.9,26148300.0,101.8403,248860.0,0.0025387704528082,0.0731964191679823,0.0191049020044374,0.0022726686111039,96.3466,98.5738,19.9757,39.5219,54.3452,10.5776,80.4421,23.3333,83.3333,107.0689,96.3466,85.6242,2595677810.2915,1854176908.0
2023-03-28,103.0,103.0,100.28,101.36,24913480.0,101.124,240739.0,0.002343641747066,0.0669473684210519,0.0191053165808919,0.0008467200186926,96.1152,98.3524,38.1998,58.6041,53.8861,10.547,82.4167,26.6667,86.6667,106.6562,96.1152,85.5742,2596408209.7329,1828028608.0
2023-03-27,105.32,105.4,102.63,103.06,25393417.0,103.7219,240894.0,0.0029426785686971,0.0864431794223061,0.0187842821445944,0.0018478074938638,95.9034,98.1529,60.3901,73.9059,55.5869,10.5152,124.6607,30.0,90.0,106.2776,95.9034,85.5292,2601537455.6152,1852942088.0
2023-03-24,105.74,106.16,104.74,106.06,25245010.0,105.7146,250029.0,0.0036760292619213,0.1110412738319714,0.0179622544648977,0.0018478074938638,95.6304,97.8225,77.2223,82.247,58.7502,10.2892,175.3522,33.3333,93.3333,105.675,95.6304,85.5858,2619046995.8571,1878335505.0
2023-03-23,105.89,107.1009,105.41,106.26,31385817.0,106.3835,301275.0,0.002225435121762,0.0625999999999993,0.0199947608702279,0.0018478074938638,95.2774,97.2627,84.1052,87.2734,58.9664,9.8714,213.1332,36.6667,96.6667,104.5637,95.2774,85.9912,2597357621.0684,1903580515.0
2023-03-22,105.14,107.51,104.21,104.22,32336877.0,105.6854,327210.0,-0.0009075935702133,-0.0353572750833028,0.0239946596358467,0.0004747716856974,95.069,96.6504,85.4136,89.2773,57.4211,9.3792,212.2075,40.0,0.0,103.6224,95.069,86.5156,2597188710.4677,1872194698.0
2023-03-21,101.98,105.96,101.86,105.84,33122800.0,104.7001,283011.0,0.0010748568952342,0.0229051899101182,0.0251521000331153,0.0018478074938638,95.1962,96.1365,92.3013,91.3996,59.1305,8.87,191.8548,43.3333,3.3333,104.3738,95.1962,86.0186,2629329606.395,1904531575.0
2023-03-20,101.06,102.58,100.79,101.93,25978666.0,101.8688,266085.0,-0.0007581923592669,-0.0312678198061203,0.0243594006020353,0.0004747716856974,95.1173,95.4756,90.1171,88.5609,56.08,8.4261,137.2328,46.6667,6.6667,103.9664,95.1173,86.2682,2598145702.0047,1871408775.0
2023-03-17,100.84,103.49,100.75,102.46,76140310.0,102.2229,437155.0,-0.0016825810733706,-0.0582720588235294,0.0250264314913609,0.0004747716856974,95.2268,95.0384,91.7804,79.2039,56.6339,8.1599,137.8945,50.0,0.0,104.4772,95.2268,85.9765,2591019099.3008,1897442691.0
2023-03-16,96.57,101.97,95.87,101.07,54572200.0,100.2799,502774.0,0.0002810223891017,-0.0035492457852713,0.0282622858562124,0.0004747716856974,95.4379,94.5346,83.7852,59.6696,55.5201,7.8845,76.8845,53.3333,3.3333,105.5748,95.4379,85.301,2572122963.9723,1821302381.0
2023-03-15,93.54,97.25,93.04,96.55,38367334.0,95.5039,350350.0,-0.0007588047875743,-0.0332432161810358,0.0270802129934979,0.0004747716856974,95.4499,94.0917,62.0461,36.058,51.6138,7.6892,1.5839,56.6667,6.6667,105.6137,95.4499,85.2861,2533642757.415,1766714181.0
2023-03-14,93.07,94.83,92.78,94.25,32303881.0,93.9671,284885.0,-0.0009188496326273,-0.0377743746809599,0.0269448818723075,0.0004747716856974,95.5605,93.9297,33.1775,24.9628,49.4292,7.7928,-29.7041,60.0,10.0,105.8365,95.5605,85.2845,2508034156.8116,1728346847.0
2023-03-13,90.565,93.08,89.94,91.66,31508570.0,92.0366,335599.0,-0.0027742503655384,-0.0898619799424093,0.0267879674589066,-0.0016211155264587,95.6837,93.915,12.9504,30.553,46.8153,8.0471,-72.8902,63.3333,13.3333,105.9774,95.6837,85.39,2494009545.0604,1696042966.0
2023-03-10,92.5,93.18,90.8,91.01,32849403.0,91.8166,350072.0,-0.0024912760107055,-0.0821903993545787,0.0269356546361099,-0.0016211155264587,95.985,94.0777,28.7605,51.9578,46.1399,8.1755,-74.7996,66.6667,16.6667,106.307,95.985,85.663,2490999172.1305,1664534396.0
2023-03-09,94.49,95.92,92.355,92.66,24438890.0,94.0516,245746.0,-0.0010603257234926,-0.0420758813191367,0.0272227524326257,0.0004747716856974,96.2563,94.2963,49.9482,70.6822,47.6239,8.3704,-45.4361,70.0,20.0,106.4574,96.2563,86.0553,2518052189.0717,1697384488.0
2023-03-08,94.405,96.24,94.405,94.65,25395200.0,95.1812,240982.0,-0.0011927474494222,-0.0459631085576052,0.0273290001222222,0.0004747716856974,96.3919,94.4164,77.1646,85.4465,49.4792,8.6317,-22.6768,73.3333,23.3333,106.5002,96.3919,86.2835,2538309389.6186,1721823378.0
2023-03-07,95.42,96.09,93.8443,94.17,24101536.0,94.6803,220895.0,-0.0020213493792391,-0.0695583440371511,0.0275020260084761,-0.0016211155264587,96.5437,94.4077,84.9337,86.8141,49.0161,8.7446,-31.4882,76.6667,26.6667,106.6732,96.5437,86.4141,2556923310.0546,1696428178.0
2023-03-06,94.36,96.3,94.3,95.58,28288206.0,95.5947,246871.0,-0.0008816157811158,-0.0372683319903305,0.0276588689226564,0.0004747716856974,96.7781,94.4314,94.2412,79.2701,50.3261,8.8718,-22.4457,80.0,30.0,106.9923,96.7781,86.5639,2574033822.9659,1720529714.0
2023-03-03,92.74,94.11,92.66,94.02,30242538.0,93.6677,235539.0,0.000471390694441,0.0011713342562025,0.0294174371773138,0.0004747716856974,96.9013,94.3596,81.2673,61.0591,48.8645,8.9689,-53.4677,83.3333,33.3333,107.1386,96.9013,86.6639,2566113125.2859,1692241508.0
2023-03-02,89.86,92.48,89.77,92.31,23344562.0,91.2907,204827.0,0.0006274951487702,0.0057746785792105,0.029525051271266,0.0004747716856974,96.8976,94.3904,62.3018,42.3565,47.2188,9.2194,-87.2132,86.6667,36.6667,107.1393,96.8976,86.6559,2539624833.3824,1661998970.0
2023-03-01,90.16,91.2,89.85,90.51,26323876.0,90.4949,214927.0,-0.0001728571565306,-0.0179036458333335,0.02931681661224,-0.0016211155264587,96.88,94.5411,39.6083,26.9008,45.4319,9.4792,-104.5768,90.0,40.0,107.1557,96.88,86.6042,2519209109.4193,1638654408.0
2023-02-28,89.54,91.45,89.52,90.3,30546912.0,90.548,225069.0,-0.0004802615938468,-0.0269396551724142,0.0293373499354604,-0.0034195895761663,96.9349,94.8261,25.1593,17.4588,45.2227,9.6537,-108.1167,93.3333,43.3333,107.0886,96.9349,86.7813,2519794084.4415,1612330532.0
2023-02-27,90.09,90.4499,89.61,90.1,22724262.0,90.0419,206621.0,-0.0002314739240418,-0.01969317810902,0.0293907898355162,-0.0034195895761663,97.0181,95.1453,15.9347,12.1375,45.0287,9.8342,-116.8258,96.6667,46.6667,106.9888,97.0181,87.0475,2525650228.1928,1581783620.0
2023-02-24,89.63,90.13,88.86,89.35,31295619.0,89.3262,273657.0,-0.0006377266926604,-0.0315412963364404,0.0293529643365693,-0.0039584452980104,97.0784,95.5003,11.2825,12.516,44.3139,9.9488,-129.5654,100.0,50.0,106.8994,97.0784,87.2575,2521859694.6696,1559059358.0
2023-02-23,92.13,92.13,90.01,91.07,32423720.0,90.9098,281894.0,0.0011198698916408,0.0205064993276551,0.0297831081344872,-0.0032547709852879,97.1753,95.9314,9.1953,19.6209,45.6293,10.0445,-104.5409,0.0,53.3333,106.7394,97.1753,87.6113,2529005938.3782,1590354977.0
2023-02-22,91.934,92.36,90.87,91.8,29748335.0,91.8634,234707.0,0.0015501040473651,0.0337837837837837,0.0297421477877429,-0.0016211155264587,97.1144,96.2738,17.0703,33.5386,46.1918,10.2143,-90.7283,3.3333,56.6667,106.8575,97.1144,87.3713,2529005938.3782,1622778697.0
2023-02-21,93.24,93.4149,92.0,92.05,28367198.0,92.4551,252085.0,0.001882618827169,0.0441243194192375,0.0297483569692386,0.0004747716856974,97.0145,96.5895,32.597,43.0479,46.3811,10.4432,-74.3662,0.0,60.0,107.0352,97.0145,86.9938,2521583307.5393,1652669832.0
2023-02-17,95.07,95.75,93.45,94.59,31095067.0,94.3131,263991.0,0.0033116886397525,0.0901233145096225,0.029360859497876,0.0032154070579117,96.885,96.9098,50.9484,41.5872,48.3261,10.75,-34.9185,3.3333,63.3333,107.2586,96.885,86.5113,2547945614.8756,1681037030.0
2023-02-16,95.54,97.88,94.97,95.78,35642106.0,96.5432,292503.0,0.0029968651169242,0.0796978920076649,0.0295777364662362,0.0032154070579117,96.6246,97.0771,45.5982,28.548,49.2617,11.0828,-4.609,6.6667,66.6667,107.6009,96.6246,85.6483,2548216006.7626,1712132097.0
2023-02-15,94.74,97.34,94.36,97.1,37029885.0,96.1403,338849.0,0.0030821132319937,0.0824972129319963,0.029533447560665,0.0032154070579117,96.3892,97.1741,28.215,16.1545,50.3059,11.3296,-0.1795,10.0,70.0,107.7339,96.3892,85.0445,2564016115.608,1747774203.0
2023-02-14,94.66,95.175,92.65,94.95,42513079.0,94.0919,401388.0,0.0026917313801998,0.0701003042939247,0.0293491268767365,0.0032154070579117,96.1428,97.1868,11.8309,10.3564,48.59,11.6171,-25.2484,13.3333,73.3333,107.7428,96.1428,84.5428,2532950775.8429,1710744318.0
2023-02-13,95.01,95.35,94.05,95.0,43116559.0,94.763,358711.0,0.0026268319196316,0.0680157391793139,0.0293583223930975,0.0032154070579117,95.9357,97.3484,8.4177,19.5471,48.6278,11.9903,-14.2984,16.6667,76.6667,107.839,95.9357,84.0324,2498014285.1795,1753257397.0
2023-02-10,95.74,97.02,94.53,94.86,49325275.0,95.3663,418697.0,0.0035376181086019,0.097154753643303,0.029729966810114,0.0061072415428132,95.7343,97.5178,10.8205,34.397,48.5195,12.3455,-2.419,20.0,80.0,107.903,95.7343,83.5656,2478114334.8718,1710140838.0
2023-02-09,100.54,100.61,93.86,95.46,97798573.0,95.559,869632.0,0.0031898684880428,0.0856363016035484,0.0299033403003352,0.0061072415428132,95.4546,97.7085,39.4031,54.361,48.9468,12.6837,15.3508,23.3333,83.3333,108.0779,95.4546,82.8313,2514365440.5947,1759466113.0
2023-02-08,102.69,103.58,98.455,100.0,73468629.0,100.2948,686747.0,0.0040054324564205,0.1134617525887979,0.0288832592030833,0.0061072415428132,95.2039,97.871,52.9673,65.6111,52.3167,13.0336,65.6778,26.6667,86.6667,108.1207,95.2039,82.287,2565800245.6539,1857264686.0
2023-02-07,103.63,108.67,103.5475,108.04,33738828.0,106.0281,316849.0,0.0070713868568505,0.2241105823702691,0.0250193203999042,0.0084714570258406,94.8646,97.732,70.7125,76.1568,59.3066,13.1096,142.7434,30.0,90.0,107.8063,94.8646,81.9229,2595003400.5837,1930810715.0
2023-02-06,102.685,104.7,102.21,103.47,25573046.0,103.3784,256179.0,0.0048641450898408,0.1464819944598336,0.0245660794970855,0.0061072415428132,94.206,97.0295,73.1535,81.32,56.0826,12.8259,117.434,33.3333,93.3333,106.4136,94.206,81.9983,2569563435.1079,1897071887.0
2023-02-03,103.51,108.02,103.3,105.22,36823421.0,105.7063,378155.0,0.0056491166176313,0.1739372977797608,0.0242407518638172,0.0070884274592887,93.7658,96.5934,84.6045,79.3054,57.777,12.7412,157.5776,36.6667,96.6667,105.568,93.7658,81.9636,2569255326.1199,1922644933.0
2023-02-02,106.79,108.82,106.54,108.8,46599527.0,107.5359,465447.0,0.0069254031417754,0.2204150308468866,0.0231612103508783,0.0070884274592887,93.2467,96.0067,86.2021,73.516,61.4485,12.5706,216.6474,40.0,100.0,104.3587,93.2467,82.1347,2576120709.6962,1959468354.0
2023-02-01,99.74,102.1899,98.42,101.43,26392568.0,100.3484,260113.0,0.0038760327642652,0.1163328197226503,0.0201295491019523,0.0061507553737623,92.5925,95.1328,67.1095,66.1465,55.8676,12.1355,136.0721,43.3333,100.0,102.2033,92.5925,82.9817,2530316023.5207,1912845727.0
2023-01-31,97.86,99.91,97.79,99.87,22306778.0,99.1956,178344.0,0.0032310868784733,0.0950657894736843,0.0200527455924747,0.0051695694572868,92.2406,94.7065,67.2365,66.3466,54.5205,12.0576,127.5205,46.6667,93.3333,101.3057,92.2406,83.1754,2514563372.9844,1886453159.0
2023-01-30,98.745,99.4088,97.52,97.95,24365142.0,98.2964,199434.0,0.0011402775375349,0.0276990871891718,0.0214576185944591,0.0012408276742172,91.9519,94.3582,64.0937,65.6059,52.8065,12.1256,125.9976,50.0,96.6667,100.5823,91.9519,83.3214,2493098360.192,1864146381.0
2023-01-27,99.05,101.58,98.97,100.71,28920354.0,100.5764,227225.0,0.0018659981605482,0.0507042253521128,0.0208391562452102,0.0012408276742172,91.864,94.1181,67.7097,69.7677,55.7247,12.2296,175.9247,53.3333,100.0,100.3044,91.864,83.4235,2506369674.3013,1888511523.0
2023-01-26,98.28,99.21,96.82,99.16,24542060.0,98.4282,211430.0,0.0021608304594261,0.059854638734502,0.0210928471850109,0.0012408276742172,91.7022,93.6713,65.0143,77.7215,54.3554,12.2197,142.7901,56.6667,90.0,99.6378,91.7022,83.7665,2496696222.9679,1859491169.0
2023-01-25,97.2,97.72,95.262,96.73,30982100.0,96.2979,263951.0,0.0014989432018166,0.0393252390673686,0.0206692582734261,0.0012408276742172,91.5157,93.3005,76.5792,87.5806,52.1108,12.3659,114.919,60.0,93.3333,99.0024,91.5157,84.029,2473181027.4031,1834949109.0
2023-01-24,99.55,101.09,98.7,99.21,27391372.0,99.6924,232159.0,0.0020199697246877,0.0559872272485362,0.0201861375569164,0.0012408276742172,91.3938,93.0716,91.5709,88.5641,54.7678,12.6205,195.5077,63.3333,96.6667,98.6599,91.3938,84.1277,2467152383.6683,1865949959.0
2023-01-23,99.13,101.4,98.75,101.21,31791782.0,100.6394,302587.0,0.0022582773047382,0.0636889122438255,0.0199686250047162,0.0012408276742172,91.2187,92.656,94.5918,83.2809,57.0348,12.6005,233.4356,66.6667,100.0,97.9686,91.2187,84.4689,2482853714.0616,1893341331.0
2023-01-20,95.95,99.42,95.91,99.28,53704763.0,98.1694,434787.0,0.0008703749776402,0.0202445791799403,0.0201721313063754,-0.0031006848909795,91.0169,92.0739,79.5297,78.0937,55.3092,12.5755,192.2137,70.0,0.0,96.877,91.0169,85.1569,2455620753.6314,1861549549.0
2023-01-19,91.39,94.4,91.38,93.91,28707653.0,93.5087,215934.0,-0.0018901494226759,-0.0596775808551114,0.0178047114336327,-0.0037608484412853,90.9513,91.5847,75.7212,82.0289,49.8966,12.6812,57.5319,73.3333,0.0,96.4796,90.9513,85.4231,2406200131.2696,1807844786.0
2023-01-18,92.94,93.588,91.4,91.78,19641622.0,92.1976,169584.0,-0.0029811043032253,-0.0897550332242388,0.0172267775546644,-0.0039584452980104,91.1498,91.4317,79.0303,88.3775,47.4566,13.069,22.3543,76.6667,3.3333,97.4473,91.1498,84.8523,2386808206.7266,1779137133.0
2023-01-17,92.78,92.97,90.84,92.16,22935823.0,92.0138,191878.0,-0.0029917664389985,-0.090047393364929,0.0172275801374448,-0.0041183773346086,91.4511,91.4148,91.3352,90.0223,47.8585,13.4028,8.2242,80.0,0.0,98.6247,91.4511,84.2776,2399627327.4834,1798778755.0
2023-01-13,91.528,92.98,90.93,92.8,18630709.0,92.1065,163892.0,-0.0028177381254077,-0.0852636766880238,0.0172136202107481,-0.0037608484412853,91.7548,91.3706,94.7671,83.5749,48.5277,13.6969,5.9087,83.3333,3.3333,99.7313,91.7548,83.7783,2394135651.5539,1821714578.0
2023-01-12,92.4,92.62,90.57,91.91,22754216.0,91.9126,220534.0,-0.0010414676421376,-0.0369865884325231,0.0207898639756235,-0.0037608484412853,92.0428,91.2792,83.9647,69.9915,47.5417,14.0077,-8.4949,86.6667,6.6667,100.7268,92.0428,83.3587,2378776676.8173,1803083869.0
2023-01-11,90.06,92.45,89.74,92.26,25998844.0,91.5908,192588.0,-0.001195532899086,-0.041454545454545,0.0208267812037893,-0.0040855990687619,92.1603,91.2429,71.9928,53.2847,47.8904,14.3007,-14.2108,90.0,10.0,100.9235,92.1603,83.3972,2371783917.7539,1825838085.0
2023-01-10,86.72,89.475,86.7,89.24,22855590.0,88.6725,196156.0,-0.0027846426981665,-0.0856557377049181,0.019890520605019,-0.0050384653894933,92.2932,91.18,54.017,39.5862,44.4944,14.5906,-67.6351,93.3333,13.3333,101.1721,92.2932,83.4142,2349430668.1155,1799839241.0
2023-01-09,89.195,90.83,88.58,88.8,22996681.0,89.6818,209291.0,-0.0033613304970766,-0.1013964784456586,0.0199085570188693,-0.0070246936162429,92.5715,91.3207,33.8443,34.2101,43.9802,14.6522,-56.1985,96.6667,16.6667,101.5604,92.5715,83.5827,2330446114.9803,1776983651.0
2023-01-06,87.36,88.47,85.57,88.16,26612628.0,87.3153,278483.0,-0.0030930233197617,-0.0942155553272374,0.020103174407846,-0.0070246936162429,92.9051,91.5015,30.8974,42.1206,43.2409,14.8407,-92.7702,100.0,20.0,102.0362,92.9051,83.7741,2348945667.2515,1753986970.0
2023-01-05,88.07,88.21,86.56,86.77,23136084.0,87.2171,219917.0,-0.0031052447589304,-0.094542418866743,0.0200916597402585,-0.0070246936162429,93.2105,91.7388,37.8887,53.6796,41.6234,14.8359,-103.2925,83.3333,23.3333,102.2855,93.2105,84.1354,2328022635.5825,1727374342.0
2023-01-04,91.01,91.24,87.8,88.71,27046483.0,88.839,264218.0,-0.0030477160222251,-0.0929447852760733,0.0200402559027942,-0.0070246936162429,93.5121,92.0883,57.5758,55.9851,43.2877,14.8954,-76.12,86.6667,26.6667,102.2946,93.5121,84.7296,2345269534.5643,1750510426.0
2023-01-03,89.83,91.55,89.02,89.7,20738457.0,89.829,202679.0,-0.0029167096784622,-0.0893401015228426,0.0200004083781011,-0.0063702009008365,93.8148,92.3282,65.5743,47.4654,44.1587,15.039,-67.1671,90.0,30.0,102.5262,93.8148,85.1034,2358006541.0934,1777556909.0
2022-12-30,87.365,88.83,87.03,88.73,19190296.0,88.0028,173796.0,-0.0034461108775393,-0.1036468330134353,0.0198363542036904,-0.0063702009008365,94.1078,92.5164,44.8053,36.0797,43.0738,15.2697,-105.086,93.3333,33.3333,102.8235,94.1078,85.392,2367597052.8286,1756818452.0
2022-12-29,87.03,89.365,86.99,88.95,18280660.0,88.7039,164227.0,-0.003272500620531,-0.0989667747163696,0.0198668770379908,-0.0063702009008365,94.4494,92.7845,32.0166,34.4463,43.2581,15.2801,-110.3919,96.6667,36.6667,103.0825,94.4494,85.8163,2350539011.9397,1776008748.0
2022-12-28,87.5,88.52,86.3701,86.46,17879567.0,87.0144,177367.0,-0.0032987461295813,-0.0996563573883159,0.0198249663341227,-0.0063702009008365,94.7747,93.0558,31.4173,38.4082,40.4721,15.2909,-145.4027,100.0,40.0,103.2736,94.7747,86.2758,2338646961.5397,1757728088.0
2022-12-27,89.31,89.5,87.535,87.93,15470870.0,88.1841,149668.0,-0.0029827059404272,-0.0909748785278604,0.019683594755253,-0.0063702009008365,95.0933,93.5175,39.9051,37.0087,41.6388,15.2305,-140.4836,93.3333,43.3333,103.0031,95.0933,87.1835,2355031228.225,1775607655.0
2022-12-23,87.62,90.1,87.62,89.81,17797010.0,89.3545,160737.0,-0.0013787739617588,-0.0462992460443872,0.0201113618995101,-0.005291898882943,95.3863,93.9097,43.9021,29.9607,43.1776,15.2385,-140.3574,96.6667,46.6667,102.8361,95.3863,87.9365,2364282257.3598,1791078525.0
2022-12-22,88.93,89.18,86.9401,88.26,23656066.0,87.9788,202547.0,0.0006178328667934,0.0098398169336391,0.0244071128962091,-0.005291898882943,95.5315,94.1994,27.2188,18.4458,41.4532,15.2519,-176.7599,100.0,50.0,102.6974,95.5315,88.3656,2350633660.9888,1773263515.0
2022-12-21,89.73,90.915,88.91,90.25,20336387.0,90.1671,170624.0,0.0007867127024308,0.015071420537623,0.0242668089888118,-0.005291898882943,95.5029,94.6159,18.7614,11.4805,43.0756,15.1922,-132.1509,3.3333,53.3333,102.7921,95.5029,88.2136,2346410231.0172,1796919581.0
2022-12-20,88.73,89.78,88.04,89.63,20976846.0,89.2475,186340.0,0.0006538978801906,0.0110547095318673,0.0242437847538849,-0.005291898882943,95.4582,94.9241,9.3572,11.9006,42.3966,15.2449,-149.6576,0.0,56.6667,102.893,95.4582,88.0235,2339563816.4412,1776583194.0
2022-12-19,90.88,91.2,88.925,89.15,23020537.0,89.7286,203766.0,0.0012241367309022,0.0282583621683971,0.0245476247943993,-0.005291898882943,95.4256,95.2961,6.323,20.0462,41.8778,15.2101,-133.086,0.0,60.0,102.9719,95.4256,87.8793,2321376081.8205,1754606348.0
2022-12-16,91.2,91.75,90.01,90.86,48485507.0,90.8395,229345.0,0.0031330661034881,0.0882740447957839,0.0251343571151522,-0.004696561455535,95.344,95.727,20.0215,30.5097,43.2183,15.2246,-99.1932,0.0,63.3333,103.2104,95.344,87.4776,2339843106.0073,1777626885.0
2022-12-15,93.54,94.03,90.43,91.2,28298756.0,91.5313,261022.0,0.0018867903369307,0.0474330998047549,0.0263416123015637,-0.005291898882943,95.0987,96.0697,33.7941,31.6746,43.4859,15.3017,-66.6855,3.3333,66.6667,103.923,95.0987,86.2743,2340957715.3636,1826112392.0
2022-12-14,95.54,97.22,93.94,95.31,26452939.0,95.8307,251425.0,0.0020608533392534,0.0531491712707186,0.0260593609699338,-0.005291898882943,94.9611,96.4127,37.7135,22.9027,46.8769,15.4053,6.6309,6.6667,70.0,104.1517,94.9611,85.7706,2357150892.4081,1854411148.0
2022-12-13,98.07,99.8,95.38,95.85,34788522.0,96.929,325493.0,0.0007837548726881,0.0125713078385805,0.0273137766634835,-0.0060282969668781,94.801,96.4962,23.5162,10.7885,47.3458,15.7207,36.2814,10.0,73.3333,104.1354,94.801,85.4665,2361505949.4386,1880864087.0
2022-12-12,93.09,93.8745,91.9,93.56,27380948.0,92.9014,235046.0,-0.0006947839349225,-0.031269413957341,0.02719150633935,-0.0071716185247439,94.7614,96.5482,7.4785,7.0467,45.0943,16.1376,-34.6528,13.3333,76.6667,104.0896,94.7614,85.4331,2388896007.4838,1846075565.0
2022-12-09,93.9,94.49,93.02,93.07,21885308.0,93.7367,199679.0,0.0005624063032246,0.0050755939524838,0.0282877730982258,-0.0071716185247439,94.8619,96.7616,1.3706,15.8666,44.6044,16.12,-28.871,16.6667,80.0,104.1966,94.8619,85.5272,2370237579.7634,1818694617.0
2022-12-08,95.69,95.87,93.8,93.95,25593232.0,94.3893,230304.0,9.420304632867804e-05,-0.0091752794769038,0.0285631403468997,-0.0071716185247439,94.8463,97.0234,12.2908,35.2652,45.3062,16.1692,-9.3689,20.0,83.3333,104.1952,94.8463,85.4973,2390634091.3008,1840579925.0
2022-12-07,96.77,97.31,95.025,95.15,26631494.0,95.649,236142.0,-0.0026970730134462,-0.0932049938053942,0.0333576018427395,-0.0071716185247439,94.8752,97.2427,33.9383,56.656,46.2659,16.2675,14.1511,23.3333,0.0,104.217,94.8752,85.5335,2412518159.2428,1866173157.0
2022-12-06,99.67,100.21,96.7604,97.31,20865623.0,97.7831,191223.0,-0.0013226806022019,-0.0549674662523065,0.0333752587609622,-0.0060282969668781,95.2009,97.3945,59.5664,74.5167,48.0363,16.4439,49.0302,26.6667,3.3333,105.2011,95.2009,85.2007,2436250513.5951,1892821034.0
2022-12-05,99.815,101.7499,99.355,99.87,19955546.0,100.3673,176245.0,2.1186711733730176e-05,-0.0158651951123377,0.0331804270989445,-0.004696561455535,95.3893,97.4079,76.4634,77.6021,50.2388,16.735,84.3521,30.0,6.6667,105.74,95.3893,85.0386,2450475573.0511,1913698657.0
2022-12-02,99.37,101.15,99.17,100.83,18821527.0,100.2905,174401.0,0.0006535497566722,0.0029841838257236,0.0331733195212197,-0.0030594151392486,95.4429,97.2459,87.5203,70.1077,51.0879,17.2075,85.2331,33.3333,10.0,105.8997,95.4429,84.9862,2461848626.0952,1933654203.0
2022-12-01,101.4,102.59,100.67,101.28,21771536.0,101.4798,204665.0,0.0008814226929295,0.0098713730182471,0.0331610041223174,0.0003586789046118,95.4329,97.0065,68.8225,55.2785,51.4822,17.6529,103.9497,36.6667,13.3333,105.8701,95.4329,84.9958,2449110824.9942,1952475730.0
2022-11-30,95.12,101.45,94.67,101.45,39886074.0,99.462,276754.0,0.0005756395643702,0.0005917743367198,0.0332254065754046,-0.0012784674116745,95.4,96.7197,53.9803,53.853,51.6277,18.2142,64.5935,40.0,16.6667,105.7705,95.4,85.0294,2457048364.1608,1974247266.0
2022-11-29,96.0,96.3901,94.39,95.44,20220007.0,95.4417,188349.0,-0.0013216508412122,-0.0529867037110537,0.031169746893675,-0.0012784674116745,95.398,96.4014,43.0329,58.9503,46.4559,18.7148,-3.2207,43.3333,20.0,105.764,95.398,85.032,2417160290.1608,1934359192.0
2022-11-28,97.2,97.83,95.89,96.25,19981974.0,96.4816,176152.0,0.0001936906191384,-0.0095698703436921,0.0318848740093731,0.0025640341146816,95.5758,96.4752,64.5459,60.6091,47.1121,18.8435,14.7532,46.6667,23.3333,106.1127,95.5758,85.0388,2416150351.3081,1954579199.0
2022-11-25,98.465,98.94,97.53,97.6,8555219.0,97.9261,79019.0,-0.0001910299201522,-0.0211613679671051,0.0321205447461757,0.0025640341146816,95.6067,96.4982,69.2722,51.0583,48.2093,19.0711,36.0775,50.0,26.6667,106.1556,95.6067,85.0579,2428716334.9576,1974561173.0
2022-11-23,97.34,99.0685,97.34,98.82,17568859.0,98.3702,155657.0,0.0006986208926363,0.0052899287894201,0.0321411805382936,0.0028339451122134,95.677,96.4298,48.009,41.6713,49.2105,19.4131,42.0498,53.3333,30.0,106.3029,95.677,85.0511,2436433448.525,1983128992.0
2022-11-22,96.16,97.5475,94.41,97.33,18868850.0,96.474,167902.0,0.0002733200953274,-0.0073431922488524,0.0320292621695815,0.0026423638172896,95.6597,96.2727,35.8936,48.2971,47.9339,19.7669,9.4626,56.6667,33.3333,106.2674,95.6597,85.0519,2423916208.225,1965560133.0
2022-11-21,97.56,98.72,95.67,95.83,18696874.0,96.6517,186524.0,-0.00047131227183,-0.0291763752406045,0.0319225544586955,0.0024713898282436,95.6837,96.2074,41.1111,62.9999,46.6285,20.0143,13.2803,60.0,36.6667,106.3086,95.6837,85.0587,2407663437.8266,1946691283.0
2022-11-18,99.01,99.16,96.74,97.8,24969880.0,97.7991,190917.0,-8.777861904538665e-05,-0.0177764386863512,0.031752570037359,0.0024713898282436,95.7795,96.2409,67.8865,77.8938,48.1615,20.3483,30.5422,63.3333,40.0,106.456,95.7795,85.1031,2424398672.5873,1965388157.0
2022-11-17,97.18,99.48,97.1,98.5,21818732.0,98.2569,202370.0,-0.0007213927686922,-0.0365805946791866,0.0320743307272474,0.0024713898282436,95.8385,96.141,80.0022,85.0011,48.7116,20.7608,36.2437,66.6667,43.3333,106.5758,95.8385,85.1012,2427494112.2567,1990358037.0
2022-11-16,98.02,99.85,97.9015,98.99,24660195.0,98.9746,207418.0,-0.000549871056149,-0.0315985130111527,0.0320650162741879,0.0024713898282436,95.963,95.986,85.7926,89.1205,49.0911,21.2101,41.5883,70.0,46.6667,106.9005,95.963,85.0255,2423643747.7861,2012176769.0
2022-11-15,98.67,100.42,97.02,98.72,31830969.0,98.7429,312510.0,-0.0007028809119256,-0.0360316375353971,0.0320599279374411,0.0012943582764746,96.0706,95.7865,89.2086,87.9868,48.879,21.7242,36.5674,73.3333,50.0,107.1826,96.0706,84.9585,2420751854.2488,1987516574.0
2022-11-14,95.5,97.18,95.1125,96.03,24170076.0,96.092,224549.0,-0.0005926424091248,-0.032930513595166,0.0321639921519686,0.0012943582764746,96.1934,95.5919,92.3604,83.0047,46.7421,22.256,-4.3073,76.6667,53.3333,107.4949,96.1934,84.8919,2420751854.2488,1955685605.0
2022-11-11,94.71,97.36,94.16,96.73,30569112.0,96.3556,282678.0,0.0007406225414463,0.0060322412896514,0.0326857192898891,0.0024713898282436,96.3023,95.5692,82.3915,70.8006,47.2388,22.5778,-5.8896,80.0,56.6667,107.654,96.3023,84.9506,2423469891.8159,1979855681.0
2022-11-10,92.34,94.55,91.65,94.17,42371216.0,93.5902,340200.0,-0.0008247985763613,-0.0399632990111125,0.0325058334355032,0.0012943582764746,96.283,95.4967,74.2621,58.4084,45.1793,22.9107,-44.5392,83.3333,60.0,107.6344,96.283,84.9315,2404937367.6659,1949286569.0
2022-11-09,88.545,89.49,87.3599,87.4,26741896.0,88.1178,229269.0,-0.0042836417334898,-0.1324200913242006,0.0293602474068655,-0.0008298155711298,96.4135,95.5955,55.7481,41.0308,39.1025,23.0479,-127.2804,86.6667,63.3333,107.7499,96.4135,85.0771,2373670332.4107,1906915353.0
2022-11-08,89.16,90.405,87.65,88.91,30172001.0,89.1435,256158.0,-0.0028169926622976,-0.0935875216637783,0.0297851050200251,0.0012943582764746,96.8577,96.1675,45.2148,25.3483,40.06,22.7714,-128.5629,90.0,66.6667,107.7673,96.8577,85.948,2399407286.4324,1933659236.0
2022-11-07,87.34,88.94,86.96,88.65,26899879.0,88.0119,242634.0,-0.0031576457953631,-0.1028236008501167,0.0297758349587338,-0.0008298155711298,97.1633,96.675,22.1296,10.4734,39.8147,22.4989,-159.1843,93.3333,70.0,107.6598,97.1633,86.6668,2401980941.6902,1903487235.0
2022-11-04,85.51,86.73,83.88,86.7,40173284.0,85.5544,364364.0,-0.0040283617807175,-0.1257436724815975,0.0293925264410256,-0.0027427088246172,97.5016,97.2353,8.7004,5.5837,37.9745,22.0883,-230.7826,96.6667,73.3333,107.5086,97.5016,87.4946,2382960825.2255,1876587356.0
2022-11-03,86.345,86.55,83.45,83.49,48510364.0,84.7924,446664.0,-0.0057739741331044,-0.1698319578403102,0.0283548017545928,-0.005158191369483,97.9168,97.9687,0.5902,9.0421,34.8025,21.4623,-313.2788,100.0,76.6667,107.0783,97.9168,88.7552,2343633294.5729,1836414072.0
2022-11-02,90.91,91.3,87.01,87.07,43553551.0,89.1943,473707.0,-0.0042167813588326,-0.1293870612938711,0.0276449932158938,-0.0027427088246172,98.4855,98.9737,7.4605,15.6973,36.8333,20.798,-290.4447,100.0,80.0,105.9276,98.4855,91.0434,2390891778.2116,1884924436.0
2022-11-01,95.59,96.165,90.43,90.5,43220599.0,92.1152,463769.0,-0.0035491937914266,-0.1112638711578122,0.0270591285501837,-0.0027427088246172,98.9163,99.8015,19.0757,18.0029,38.9376,20.2544,-219.5086,100.0,83.3333,105.0181,98.9163,92.8146,2433227048.0647,1928477987.0
2022-10-31,95.78,96.35,94.38,94.66,29868714.0,94.8995,252530.0,-0.0027326729456172,-0.0884930187770828,0.0261832010208365,-0.0027427088246172,99.2936,100.45,20.5557,23.3337,41.7329,19.8446,-150.4202,93.3333,86.6667,104.588,99.2936,93.9991,2475392567.0543,1971698586.0
2022-10-28,92.53,96.86,92.3225,96.58,35696925.0,94.8757,340790.0,-0.0019992452892639,-0.0680304931004536,0.0260001364140675,-0.0008298155711298,99.5996,100.8567,14.3774,36.3744,43.1137,19.6185,-158.3578,96.6667,90.0,104.8233,99.5996,94.3758,2496770682.1507,2001567300.0
2022-10-27,94.31,95.17,91.9,92.6,54036485.0,92.987,548433.0,-0.0035185524261174,-0.1087584215591918,0.0246225778819167,-0.0022269700600513,99.8343,101.1592,35.0681,57.2392,39.0742,19.3845,-247.8994,100.0,0.0,105.1072,99.8343,94.5614,2465479328.0598,1965870375.0
2022-10-26,96.76,98.54,94.57,94.82,71671814.0,96.4557,685331.0,-0.003358383904234,-0.1043732879947108,0.0245080078246203,-0.0022269700600513,100.2105,101.7567,59.6777,65.7796,40.6298,18.9901,-171.1973,100.0,3.3333,104.9152,100.2105,95.5058,2496380926.5155,2019906860.0
2022-10-25,103.3,105.0999,103.02,104.93,29910170.0,103.3692,304798.0,3.053547033690096e-05,-0.0036083942645522,0.0174189289329701,-0.0008298155711298,100.5784,102.2425,76.972,63.5565,49.2644,18.7166,138.3984,73.3333,0.0,105.2319,100.5784,95.925,2559026063.6893,2091578674.0
2022-10-24,102.09,103.1,100.3,102.97,24680831.0,102.0649,245325.0,-0.0025586032816673,-0.0795566282291944,0.0199853933205437,-0.0022269700600513,100.5911,102.0653,60.6892,57.1379,47.16,18.9592,48.372,76.6667,0.0,105.2923,100.5911,95.8899,2534002415.0442,2061668504.0
2022-10-21,98.46,101.62,98.23,101.48,28988727.0,100.2016,265958.0,-0.0030211880522903,-0.0921452853820006,0.0197400703283916,-0.0022269700600513,100.8874,102.0109,53.0084,60.1569,45.4987,19.0171,-20.4412,80.0,3.3333,107.0235,100.8874,94.7514,2511613375.4942,2036987673.0
2022-10-20,100.82,103.0,99.97,100.53,25125082.0,101.1792,251526.0,-0.0026172429320605,-0.0812465728386032,0.0201116294098752,-0.0022269700600513,101.2304,102.0555,57.716,63.0292,44.4217,18.9268,-8.0417,83.3333,6.6667,108.4833,101.2304,93.9775,2485018997.6269,2007998946.0
2022-10-19,100.7,101.6592,99.635,100.29,21573686.0,100.5161,208543.0,-0.0030168281609648,-0.092233888486604,0.0201271938836832,-0.0031143913150952,101.5264,102.1685,69.7462,64.7563,44.1522,18.9525,-28.301,86.6667,10.0,109.3264,101.5264,93.7263,2500856920.6038,1982873864.0
2022-10-18,103.94,104.22,100.65,101.39,21610541.0,101.7697,216130.0,-0.0017247826316586,-0.0566617045031633,0.020815293640192,-0.0022269700600513,101.8657,102.3059,61.6256,54.855,45.1216,18.8407,0.6448,90.0,13.3333,110.2639,101.8657,93.4675,2508468780.3712,2004447550.0
2022-10-17,99.52,101.77,99.51,100.78,23311604.0,100.9317,212207.0,-0.0022945952396785,-0.0726904674273093,0.0208285582618858,-0.0031143913150952,102.0684,102.377,62.8973,45.507,44.468,18.7935,-30.6567,93.3333,16.6667,110.6906,102.0684,93.4463,2521120329.5841,1982837009.0
2022-10-14,100.625,101.29,97.03,97.18,22624832.0,98.095,231781.0,-0.0040932646490288,-0.1209407507914966,0.0196502760579276,-0.005158191369483,102.3315,102.495,40.0421,29.3061,40.4199,18.4824,-74.0668,96.6667,20.0,111.243,102.3315,93.4199,2518232166.2567,1959525405.0
2022-10-13,95.93,100.53,95.27,99.71,32812220.0,98.6531,320915.0,-0.0028199323457095,-0.0864864864864862,0.0194668794129435,-0.0031143913150952,102.7766,102.8691,33.5815,23.1457,42.5259,18.1072,-76.9956,100.0,23.3333,111.9236,102.7766,93.6297,2539263700.2285,1982150237.0
2022-10-12,98.27,99.6476,97.67,98.3,17343431.0,98.5998,166476.0,-0.0035285521391044,-0.1056318806296056,0.0192144822249989,-0.005158191369483,103.0909,103.0947,14.2946,26.7282,40.866,17.6348,-79.9479,73.3333,26.6667,112.4254,103.0909,93.7565,2516681906.2361,1949338017.0
2022-10-11,98.25,100.12,97.25,98.05,21617727.0,98.5129,208262.0,-0.0037434443066574,-0.1113829980061626,0.0191813232570938,-0.0052916490775227,103.4775,103.4331,21.561,45.397,40.5719,17.29,-84.6161,76.6667,30.0,112.9277,103.4775,94.0273,2522975214.3295,1931994586.0
2022-10-10,99.85,99.99,97.87,98.71,16529897.0,98.8267,169496.0,-0.0038080804489214,-0.1131176999101526,0.0191943935186168,-0.0054058969631372,103.8867,103.812,44.3289,68.0173,41.0936,16.9334,-82.7002,80.0,0.0,113.4051,103.8867,94.3683,2532541246.8348,1953612313.0
2022-10-07,100.65,101.42,99.21,99.57,24249910.0,99.9701,223159.0,-0.0053326934925991,-0.1540356839422257,0.0212263642447566,-0.0054058969631372,104.3059,104.1715,70.3009,80.8532,41.7701,16.6019,-68.4346,83.3333,0.0,113.9624,104.3059,94.6494,2535971980.1744,1970142210.0
2022-10-06,101.5,103.73,101.5,102.24,17156240.0,102.5763,179039.0,-0.0035903531286095,-0.1086312118570183,0.0215910977640648,-0.0037635877877008,104.9095,104.4967,89.422,75.0301,43.9411,16.341,-37.5245,86.6667,3.3333,115.4974,104.9095,94.3217,2552321467.007,1994392120.0
2022-10-05,100.69,102.74,99.74,102.22,18475515.0,101.2591,187053.0,-0.0036172055256246,-0.1093491330487056,0.0215868730083712,-0.0037635877877008,105.3244,104.6603,82.8368,55.8118,43.92,16.2187,-53.795,90.0,6.6667,116.407,105.3244,94.2418,2558091502.8814,1977235880.0
2022-10-04,101.04,102.72,101.04,102.41,22580931.0,102.1585,208083.0,-0.00364226623052,-0.1100199878334923,0.0215852493521992,-0.0037635877877008,105.7423,104.8365,52.8316,40.727,44.0724,15.9923,-51.3056,93.3333,10.0,117.2451,105.7423,94.2394,2546020833.0814,1995711395.0
2022-10-03,97.22,99.97,97.02,99.3,24150028.0,98.8716,218982.0,-0.0055469473446333,-0.1593294954283773,0.020927218233109,-0.0054058969631372,106.1638,105.0119,31.7669,36.7507,40.8238,15.8424,-97.2712,96.6667,0.0,118.0507,106.1638,94.2769,2531773340.9028,1973130464.0
2022-09-30,97.73,99.494,96.03,96.15,26277832.0,97.1941,233598.0,-0.007394686321212,-0.2044514314082405,0.019884445712787,-0.007100730150901,106.7904,105.4135,37.5826,37.8434,37.2554,15.4001,-122.9262,100.0,0.0,119.1142,106.7904,94.4666,2518216579.8588,1948290436.0
2022-09-29,99.3,99.3,96.52,98.09,21921520.0,97.6273,242161.0,-0.0065858267532873,-0.1847573138297866,0.0198577998318521,-0.0054058969631372,107.6131,106.0599,40.9028,30.4375,38.6427,14.8905,-122.5396,100.0,0.0,120.2482,107.6131,94.9781,2542673776.8472,1974568268.0
2022-09-28,98.02,101.4,97.8,100.74,24616999.0,99.9058,271224.0,-0.0063048517955263,-0.1776997796098277,0.0196351800594893,-0.0054058969631372,108.3533,106.6172,35.0449,23.3597,40.6409,14.3918,-107.0672,96.6667,0.0,121.2432,108.3533,95.4634,2539835018.8616,1996489788.0
2022-09-27,99.91,100.46,97.34,98.09,24224988.0,98.4784,277678.0,-0.0073057542427721,-0.2017415364583332,0.0186518311670849,-0.0054058969631372,109.0782,107.0304,15.3649,16.6482,37.5176,13.9507,-132.4552,100.0,0.0,122.5795,109.0782,95.5768,2524244252.8283,1971872789.0
2022-09-26,98.61,100.44,98.38,98.81,22437938.0,99.183,267317.0,-0.0070003553540614,-0.1943742356298409,0.0187245086151594,-0.0037635877877008,109.9036,107.6546,19.6693,15.902,38.0433,13.3966,-134.2791,96.6667,3.3333,123.6158,109.9036,96.1913,2536822611.9821,1996097777.0
2022-09-23,100.06,100.11,98.01,99.17,25656959.0,99.0387,310384.0,-0.0060920589688878,-0.1723418461024867,0.0195103720395936,-0.0034540566020369,110.6973,108.2723,14.9103,13.8808,38.3027,12.8824,-142.5456,100.0,6.6667,124.4799,110.6973,96.9148,2549893255.4773,2018535715.0
2022-09-22,99.45,101.68,99.41,100.57,21272675.0,100.6479,248751.0,-0.0058573506672378,-0.1664318276004965,0.0194570629094101,-0.0034540566020369,111.3849,108.9078,13.1262,15.2389,39.3105,12.317,-133.6158,100.0,10.0,124.8301,111.3849,97.9397,2547205383.582,2044192674.0
2022-09-21,102.24,103.49,99.99,100.01,26596757.0,101.453,293204.0,-0.0051503816478277,-0.1488510638297866,0.0202304433936799,-0.0034540566020369,112.0535,109.4906,13.6058,16.3444,38.6867,11.81,-134.1574,100.0,13.3333,125.2509,112.0535,98.8561,2546739621.5776,2023047079.0
2022-09-20,102.88,103.17,101.12,101.83,24001668.0,102.1089,239257.0,-0.0047351941825836,-0.1380565430844753,0.0200924213766154,-0.0034540566020369,112.6358,110.1523,18.9846,16.2105,39.9776,11.3181,-134.1389,100.0,16.6667,125.1608,112.6358,100.1108,2573032415.6405,2049643836.0
2022-09-19,102.54,104.02,102.37,103.85,19738603.0,103.1918,187371.0,-0.0041093799495755,-0.1215530367112156,0.0199159275699964,-0.0028090882123834,113.1788,110.7342,16.4429,12.9058,41.4619,10.873,-127.2291,96.6667,20.0,125.1638,113.1788,101.1939,2580408538.0015,2073645504.0
2022-09-16,102.97,104.03,101.855,103.63,64540115.0,103.361,339945.0,-0.0043624164784361,-0.128207285269622,0.0198833337283323,-0.0034540566020369,113.6573,111.217,13.2041,19.4612,41.2322,10.4844,-141.3962,100.0,23.3333,125.2347,113.6573,102.0799,2564737283.4984,2053906901.0
2022-09-15,105.01,106.21,103.31,103.9,26494933.0,104.3597,293207.0,-0.0042505379495165,-0.1252736150867149,0.019902376796032,-0.0034540566020369,114.1647,111.7483,9.0706,35.892,41.425,10.0823,-137.3851,100.0,26.6667,125.2428,114.1647,103.0867,2523936061.372,2118447016.0
2022-09-14,105.44,106.1,104.5,105.87,22115805.0,105.4361,273628.0,-0.0028019801421068,-0.0865401207937873,0.0203804180291324,-0.0028090882123834,114.6602,112.2977,36.109,59.5098,42.8383,9.7491,-136.9888,100.0,30.0,125.1505,114.6602,104.1698,2539650297.4961,2144941949.0
2022-09-13,108.89,109.37,105.0,105.31,33014991.0,106.4268,359959.0,-0.0028580014832485,-0.0880671977831656,0.0203603219292503,-0.0028090882123834,114.9941,112.7493,62.4964,72.7856,42.2973,9.4735,-135.7189,100.0,33.3333,124.953,114.9941,105.0352,2523892786.4336,2122826144.0
2022-09-12,111.99,112.64,110.93,111.87,19732905.0,111.7621,211434.0,-0.0012348560848382,-0.0408950617283946,0.0176029315013974,-0.0028090882123834,115.3327,113.2705,79.9241,68.6487,47.3739,9.2174,-62.6844,86.6667,36.6667,124.6023,115.3327,106.0632,2552223728.3673,2155841135.0
2022-09-09,110.05,112.0,110.0,111.78,21745034.0,111.4266,233063.0,-0.0006653655766121,-0.0245222096168943,0.0179329861643256,-0.0028090882123834,115.4916,113.3758,75.9363,54.0381,47.29,9.3337,-76.7554,90.0,40.0,124.6725,115.4916,106.3106,2550261977.5778,2136108230.0
2022-09-08,109.18,110.58,108.06,109.42,21660654.0,109.2992,210327.0,-0.0010938149206995,-0.0367957746478873,0.0175460399177054,-0.0028090882123834,115.5851,113.4946,50.0857,35.4886,45.0702,9.4027,-114.1004,93.3333,43.3333,124.6644,115.5851,106.5059,2533300851.0578,2114363196.0
2022-09-07,107.76,110.99,107.615,110.48,22987178.0,109.5904,248758.0,0.0018056677981998,0.0477996965098632,0.0224136422251253,-0.0016419065828826,115.7243,113.7842,36.0922,23.94,45.9096,9.3588,-112.3427,0.0,46.6667,124.5378,115.7243,106.9108,2531581751.534,2136023850.0
2022-09-06,108.135,108.88,106.51,107.48,20565050.0,107.5645,246916.0,2.198302356866133e-05,-0.0067461417613902,0.0223942900698947,-0.0028090882123834,115.5565,114.0207,20.2877,16.8337,43.0054,9.3134,-143.2082,3.3333,50.0,124.9454,115.5565,106.1675,2515541809.5518,2113036672.0
2022-09-02,111.34,111.675,108.13,108.68,20548080.0,109.7567,229877.0,0.0003438935351976,0.0029531192321887,0.0223021620428198,-0.001995691678261,115.5808,114.4801,15.4399,12.6165,43.9171,9.0941,-111.648,6.6667,53.3333,124.8881,115.5808,106.2734,2519266576.2353,2133566200.0
2022-09-01,109.2,111.22,108.19,110.55,22784385.0,109.5773,278582.0,-0.0010278176815512,-0.0390299026425594,0.0244806492120257,-0.001995691678261,115.5701,114.8886,14.7734,9.7176,45.366,8.968,-103.1991,10.0,56.6667,124.9103,115.5701,106.23,2533486944.5287,2154184280.0
2022-08-31,111.63,111.77,109.05,109.15,25897978.0,110.0033,225970.0,-0.001356555385904,-0.0483870967741941,0.0243583122091047,-0.001995691678261,115.7196,115.1965,7.6361,12.6701,44.0297,8.8007,-109.3291,13.3333,60.0,124.8672,115.7196,106.5721,2520778822.2019,2131399895.0
2022-08-30,111.03,111.37,108.8,109.91,20548202.0,109.8323,280083.0,-0.0011027984891705,-0.0410923050078518,0.0243387324722524,-0.0010304895447101,115.9044,115.622,6.7434,18.555,44.6022,8.6801,-116.4153,16.6667,63.3333,124.7217,115.9044,107.0872,2544772537.1137,2157297873.0
2022-08-29,110.78,111.96,109.81,110.34,20386142.0,110.779,274852.0,0.0004555444794513,0.003912291875171,0.0255751766256472,-0.0006433099662359,116.0612,116.0245,23.6307,25.2673,44.9216,8.5243,-108.6561,20.0,66.6667,124.6006,116.0612,107.5219,2547570930.3822,2177846075.0
2022-08-26,115.81,116.6,111.22,111.3,31698668.0,112.7411,338795.0,-0.000101458494447,-0.0130091250099756,0.0259461583361842,-0.0006433099662359,116.0469,116.4251,25.291,19.8673,45.6269,8.4229,-62.8212,23.3333,70.0,124.6268,116.0469,107.4671,2557886636.6427,2198193569.0
2022-08-25,115.15,117.78,115.05,117.7,14874666.0,116.7266,183730.0,0.0021079843076201,0.0561737257717154,0.0239779002845868,4.402149416543599e-05,116.0958,116.7872,26.8802,13.5161,50.763,8.4024,13.6177,26.6667,73.3333,124.5803,116.0958,107.6113,2588642593.3267,2229892237.0
2022-08-24,114.45,115.7171,113.78,114.7,16051174.0,114.8635,175571.0,0.0010141938761829,0.0224000998333138,0.0236014713184727,-0.0006433099662359,115.8873,116.7335,7.4308,9.8927,48.1166,8.627,-23.8253,30.0,76.6667,124.5229,115.8873,107.2518,2574639702.6234,2215017571.0
2022-08-23,114.32,115.93,114.3,114.77,14390691.0,115.0299,176663.0,0.0002617739667306,-0.0006922102403585,0.023997737574924,-0.0010304895447101,115.8037,116.8827,6.2372,14.5393,48.175,8.7099,-17.3352,33.3333,80.0,124.5368,115.8037,107.0706,2575444291.4393,2231068745.0
2022-08-22,116.1,116.5,114.67,115.07,19316024.0,115.3099,209771.0,-0.0001299138116209,-0.0124654036774011,0.0241368593947007,-0.0010304895447101,115.8063,117.0373,16.0103,27.6636,48.4185,8.8296,-10.018,36.6667,83.3333,124.538,115.8063,107.0746,2581536056.3412,2245459436.0
2022-08-19,119.87,120.0,117.67,118.12,20186983.0,118.5976,186000.0,-0.0002805648486501,-0.0170468966492887,0.0243102240878155,-0.0010304895447101,115.8547,117.182,21.3704,44.0882,50.9491,8.9771,49.4561,40.0,86.6667,124.5827,115.8547,107.1266,2592407916.8439,2264775460.0
2022-08-18,120.23,121.69,119.5502,120.86,15652029.0,120.9027,170229.0,0.0007161074297361,0.0130253298241491,0.0239825506946688,1.0627011069630488e-05,115.9229,117.1265,45.6101,67.5311,53.3716,9.2452,88.2563,43.3333,90.0,124.748,115.9229,107.0978,2604797352.7624,2284962443.0
2022-08-17,120.93,122.15,120.2,120.32,17589157.0,120.7922,186264.0,0.0017505400656609,0.0443220629526914,0.0247789793346591,1.0627011069630488e-05,115.8711,116.8784,65.2841,80.1864,52.9454,9.3903,95.765,46.6667,93.3333,124.6007,115.8711,107.1416,2601287752.0921,2269310414.0
2022-08-16,122.32,123.2276,121.535,122.51,15626171.0,122.4551,168530.0,0.0027346601322943,0.0757154021091075,0.0245653041770846,0.0007278308942638,115.7011,116.6505,91.6992,84.5086,54.9133,9.494,135.0667,50.0,96.6667,124.2856,115.7011,107.1167,2616712089.769,2286899571.0
2022-08-15,122.21,123.26,121.57,122.88,15524951.0,122.671,170095.0,0.0043036624567726,0.1265023239610923,0.0256284086351357,0.0013164790535548,115.414,116.2559,83.5759,72.0993,55.2487,9.5054,148.274,53.3333,100.0,123.6562,115.414,107.1718,2614335759.617,2302525742.0
2022-08-12,121.16,122.65,120.4001,122.65,16121087.0,121.7777,151889.0,0.0041523138379013,0.1213970605042407,0.0256556950245149,0.0007278308942638,114.9546,115.8087,78.2506,62.6632,55.0838,9.5147,144.7882,56.6667,100.0,123.0471,114.9546,106.862,2605792443.3862,2287000791.0
2022-08-11,122.08,122.3402,119.55,119.82,16671627.0,120.7027,170590.0,0.0025086497003889,0.0673769447648899,0.0259339431164793,1.0627011069630488e-05,114.5125,115.3464,54.4714,54.6933,53.0258,9.5596,127.8746,60.0,100.0,122.3505,114.5125,106.6745,2589671356.3862,2270879704.0
2022-08-10,119.59,121.78,119.36,120.65,20497021.0,120.6521,211089.0,0.0026446890889809,0.0717632793380205,0.0258950151640982,1.0627011069630488e-05,114.2607,115.0472,55.2676,61.4598,53.7237,9.6238,140.1218,63.3333,100.0,121.9008,114.2607,106.6205,2603116448.1629,2287551331.0
2022-08-09,117.99,118.2,116.56,117.5,15424257.0,117.4652,176341.0,0.0005932051609467,0.0075242770477397,0.0263335798962987,-0.0010304895447101,113.9917,114.6702,54.3409,71.6005,51.376,9.7214,80.5124,66.6667,96.6667,121.293,113.9917,106.6904,2601761273.2208,2267054310.0
2022-08-08,119.12,120.86,117.83,118.14,17061112.0,119.0511,197051.0,0.0002351360427454,-0.0033575730989218,0.0264854672435369,-0.0010304895447101,113.9625,114.4843,74.7709,83.2061,51.893,10.0305,116.6396,70.0,100.0,121.2163,113.9625,106.7086,2599504064.8793,2282478567.0
2022-08-05,116.93,118.86,116.71,118.22,15607663.0,117.9346,197819.0,0.001989223517811,0.0491238812791463,0.0280625897302961,-0.0003431580843087,113.9757,114.2414,85.6897,87.644,51.9562,10.2714,96.4769,73.3333,33.3333,121.2605,113.9757,106.6909,2613074124.2588,2299539679.0
2022-08-04,118.3,119.5,117.71,118.87,15757698.0,118.6541,224502.0,0.0023650379040823,0.0610171912098111,0.0280356847003792,0.0007278308942638,113.7914,113.9762,89.1579,89.1437,52.4579,10.6109,122.924,76.6667,36.6667,120.9291,113.7914,106.6537,2606755228.0681,2315155342.0
2022-08-03,116.34,119.42,116.15,118.78,25302816.0,118.6642,285669.0,0.002345435131519,0.0603936972726861,0.0280370072732421,0.0004337893058153,113.5638,113.648,88.0843,90.9225,52.3963,10.931,119.09,80.0,40.0,120.4887,113.5638,106.6389,2602089540.9508,2299397644.0
2022-08-02,114.43,117.08,114.26,115.9,17911039.0,115.709,202014.0,0.0027994416961421,0.0744862815265301,0.0285041199321636,0.0004337893058153,113.3385,113.3033,90.1889,92.8216,50.4114,11.2668,65.9216,83.3333,43.3333,120.023,113.3385,106.6541,2586691191.1527,2274094828.0
2022-08-01,115.53,117.12,114.69,115.48,22856202.0,115.8184,250736.0,0.0030625378268408,0.0829363441989579,0.0285470302131028,0.0004337893058153,113.071,113.1332,94.4944,83.7991,50.1182,11.5598,71.0348,86.6667,46.6667,119.9835,113.071,106.1586,2583769532.3087,2256183789.0
2022-07-29,113.4,116.9,113.23,116.64,31336183.0,115.6223,253752.0,0.0022603395422943,0.0566126614156112,0.029231225302259,0.0004337893058153,112.7766,112.9804,93.7817,63.7839,50.9221,11.887,71.3869,90.0,50.0,120.0204,112.7766,105.5327,2591764500.0865,2279039991.0
2022-07-28,112.8,114.7,111.851,114.59,23303844.0,113.6466,242734.0,0.0026580028024888,0.0689963990521855,0.029520858004492,0.0004337893058153,112.5685,112.7371,63.1213,35.5743,49.5394,12.213,29.1225,93.3333,53.3333,119.7298,112.5685,105.4072,2564868321.2173,2247703808.0
2022-07-27,109.6,114.4,108.42,113.6,41474618.0,112.3765,388731.0,0.002466533796063,0.0629090585863121,0.0294995734678544,0.0004337893058153,112.3222,112.6183,34.4487,26.004,48.8669,12.4243,-5.0404,96.6667,56.6667,119.7109,112.3222,104.9336,2543364001.8505,2224399964.0
2022-07-26,107.43,107.74,104.76,105.44,36614580.0,106.3192,390951.0,-0.001474555711806,-0.0537344910367729,0.0270203291996327,-0.0006073272499644,112.0984,112.5594,9.1528,33.0954,42.792,12.6256,-142.628,100.0,60.0,119.7369,112.0984,104.4599,2512986271.6097,2182925346.0
