Date,Open,High,Low,Close,Volume,Volume Weighted Average,Transactions,Mean,Cumulative Return,STDDEV,Median,SMA,EMA,SlowK,SlowD,RSI,ADX,CCI,Aroon Down,Aroon Up,Real Upper Band,Real Middle Band,Real Lower Band,Chaikin A/D,OBV
2024-12-09,496.52,497.0,481.0,482.52,2867249.0,487.4724,56973.0,0.0017069531600013,0.0157460424385316,0.0168982807122037,0.005279504638995,494.072,489.6475,52.1844,69.7708,45.4529,59.0252,-76.6006,0.0,40.0,507.4624,494.072,480.6816,90016368.3803,240428144.0
2024-12-06,495.22,499.02,487.69,498.63,1828327.0,493.9706,41316.0,0.0058598367135832,0.0593371574251115,0.0125795558225777,0.0080800477416385,493.622,493.2113,75.1977,80.8867,72.0638,68.7376,56.6847,20.0,60.0,508.593,493.622,478.651,92368003.3103,243331397.0
2024-12-05,492.6,495.06,480.66,493.51,2227383.0,489.2738,53644.0,0.0049691757879632,0.0499989361928465,0.0125436182063912,0.005279504638995,489.288,490.5019,81.9304,80.6073,67.1781,73.3998,29.9724,40.0,80.0,508.0238,489.288,470.5522,90653530.5389,241490167.0
2024-12-04,493.5,506.4729,490.2277,502.38,2476017.0,500.8079,59511.0,0.0080671562620411,0.083112347196171,0.0101752278446761,0.0080800477416385,485.634,488.9979,85.532,72.7536,88.6704,80.8948,132.405,60.0,100.0,506.6397,485.634,464.6283,88894930.3723,243731215.0
2024-12-03,477.28,494.0,477.0,493.32,2116482.0,488.521,50922.0,0.0083148705135958,0.0857469847697862,0.0104493802263522,0.0080800477416385,480.48,482.3068,74.3597,62.8397,84.6601,77.7787,166.6667,0.0,100.0,493.7385,480.48,467.2215,87660060.4442,241242108.0
2024-11-29,475.72,478.87,473.33,476.96,965642.0,476.2061,22600.0,2.2891358052368192e-05,-0.0011308900523558,0.0163855307497543,0.0025436389211201,477.046,475.0654,55.7904,67.2252,69.8843,73.0713,-34.6292,0.0,40.0,481.63,477.046,472.462,84551262.9548,237041648.0
2024-11-26,477.55,482.72,474.335,476.61,2604377.0,477.9258,48013.0,0.0135562887325676,0.1364362526526621,0.0379260947665278,0.0112720786377429,474.748,473.5571,78.6806,79.3206,70.979,70.3425,72.9501,0.0,80.0,483.0604,474.748,466.4356,85532155.3483,238106076.0
2024-11-25,483.35,485.46,466.88,481.38,24848773.0,480.2951,90293.0,0.0167900529551934,0.173553719008265,0.0371583267430606,0.0133350458129647,472.192,472.0307,85.987,72.9605,82.0369,68.8138,103.292,20.0,100.0,483.8347,472.192,460.5493,86749107.6428,240766870.0
2024-11-22,471.81,480.09,469.49,475.04,2291597.0,476.3003,48146.0,0.0178288936118299,0.1855845063392238,0.0371927253520735,0.0170831754203396,466.788,467.356,73.2942,60.6785,78.4704,66.903,97.5341,40.0,100.0,481.1264,466.788,452.4496,71221324.5901,213079134.0
2024-11-21,468.22,473.62,465.5035,470.7,2179278.0,470.8181,42550.0,0.01711694662781,0.1772208883553427,0.0374181552954503,0.0170831754203396,463.444,463.514,59.6001,54.0313,75.8439,65.5151,98.6534,60.0,0.0,476.2404,463.444,450.6476,71113012.9391,210782927.0
2024-11-20,467.78,473.0,460.6487,470.01,2377921.0,468.0102,48508.0,0.0191891820424086,0.2015799161468461,0.0370662839073065,0.0212584900332469,464.804,459.921,49.1411,56.9118,75.4632,65.1298,31.188,0.0,20.0,481.3051,464.804,448.3029,70501068.1984,208601135.0
2024-11-19,454.3,465.21,450.0,463.83,2780430.0,458.4145,49995.0,0.0200861050187698,0.2122154561848264,0.0370219952565695,0.0219324421710735,464.276,454.8764,53.3527,67.526,72.3396,64.7738,-47.1585,0.0,40.0,480.2371,464.276,448.3149,69270055.2291,206214713.0
2024-11-18,460.64,460.64,452.49,454.36,2943686.0,455.3837,55751.0,0.0192990775286878,0.2028697747068015,0.0370811573448323,0.0219324421710735,455.388,450.3996,68.2417,80.6877,67.2245,65.8428,3.0215,0.0,60.0,494.7633,455.388,416.0127,66978481.7083,203415128.0
2024-11-15,474.0,474.0,457.54,458.32,3009781.0,463.037,64872.0,0.018402374445499,0.1919895968790639,0.0378464725239655,0.0219324421710735,446.554,448.4195,80.9837,89.5219,71.6574,68.0964,44.4603,0.0,80.0,500.1422,446.554,392.9658,68574824.3304,206365285.0
2024-11-14,471.0,489.69,466.36,477.5,5038469.0,480.4788,98098.0,0.0222633246848466,0.2399376785250588,0.0333803365550728,0.0219324421710735,435.026,443.4692,92.8376,92.9241,96.2498,67.4063,101.7264,0.0,100.0,497.5792,435.026,372.4728,71312363.492,209389439.0
2024-11-13,460.26,473.0,445.0001,467.37,11967451.0,461.2133,193020.0,0.0178320325774501,0.1861580630424855,0.0360026767668569,0.017581318428943,419.494,426.4538,94.7445,90.9578,95.6137,60.4424,166.6667,0.0,100.0,469.4454,419.494,369.5426,71539204.5379,204349247.0
2024-11-12,415.81,420.0,411.4,419.39,6575760.0,423.8888,128966.0,0.0071047426934761,0.0719781202872991,0.0161229353762094,0.0100517918990741,404.252,405.9957,91.1901,87.5672,87.7258,52.0644,113.1362,20.0,100.0,423.6023,404.252,384.9017,64335781.6248,192300482.0
2024-11-11,405.11,412.95,404.79,410.19,3284153.0,409.6757,59324.0,0.0066492664548694,0.067202622541368,0.0157434697224071,0.0100517918990741,396.9,399.2986,86.9388,79.5047,83.0501,45.133,101.9633,40.0,100.0,415.5791,396.9,378.2209,58674908.0016,185703800.0
2024-11-08,399.15,405.93,397.33,400.68,2010356.0,402.1979,45380.0,0.0056472540304376,0.0567570418820551,0.0149215804666027,0.0100517918990741,390.408,393.8529,84.5726,63.6624,75.2549,38.1471,95.2875,60.0,100.0,408.6567,390.408,372.1593,57610540.5604,182413937.0
2024-11-07,399.0,403.76,391.42,399.84,2692096.0,399.3512,55872.0,0.0060448065823842,0.0609493989970013,0.014874684005937,0.0100517918990741,387.172,390.4393,67.0026,41.7132,74.4237,31.8364,162.9767,80.0,100.0,402.49,387.172,371.854,58060852.9325,180375681.0
2024-11-06,386.1,392.12,376.04,391.16,2026570.0,385.7605,46757.0,0.0030438576088044,0.0298020219039598,0.0143318953682891,0.0066038604065209,384.224,385.7389,39.412,27.0883,64.592,24.842,66.0023,100.0,0.0,392.8803,384.224,375.5677,57078248.3944,177681161.0
2024-11-05,380.27,384.07,378.38,382.63,1016393.0,381.9393,26897.0,-0.0011950984535008,-0.0128988984340736,0.0142803631616473,0.0022591644910303,384.796,383.0284,18.7249,30.764,49.2567,23.3472,-61.2071,80.0,0.0,395.3745,384.796,374.2175,55290925.2899,175651489.0
2024-11-04,380.94,383.745,377.11,377.73,1230682.0,380.1002,31603.0,-0.0010105295738204,-0.0111003481948842,0.0144729077425432,0.0022591644910303,386.516,383.2276,23.128,46.7236,36.6474,25.3994,-126.8169,100.0,20.0,397.893,386.516,375.139,54787435.021,174631966.0
2024-11-01,382.51,389.33,380.63,384.5,1541961.0,385.478,33271.0,0.0015657603000505,0.0148331925675673,0.0135530215365868,0.0066038604065209,387.842,385.9764,50.4391,63.3359,50.5244,27.3334,-68.9216,0.0,40.0,395.8649,387.842,379.8191,55791877.5033,175867272.0
2024-10-31,390.08,393.74,381.67,385.1,1760550.0,386.4694,36132.0,0.0050289941169204,0.0500340831629173,0.0164314761657848,0.0076434857557479,386.774,386.7145,66.6038,64.0025,51.9183,33.7543,-1.8109,20.0,60.0,397.3177,386.774,376.2303,55962436.9516,177412967.0
2024-10-30,391.68,395.68,389.14,394.02,1336795.0,393.3942,29807.0,0.005963774048787,0.0600769458419647,0.015037679257117,0.0076434857557479,385.128,387.5218,72.9648,55.4233,77.2727,40.2887,96.4278,40.0,80.0,398.4157,385.128,371.8403,56733580.404,179199474.0
2024-10-29,386.7,397.195,384.22,391.23,1908479.0,391.8955,41477.0,0.0050064088160595,0.0499999999999998,0.0152363095401334,0.0071159912048269,382.292,384.2727,52.4388,44.2523,74.1089,34.7641,140.5198,60.0,100.0,392.4659,382.292,372.1181,56070927.0523,177853588.0
2024-10-28,388.0,388.555,381.1,384.36,1295389.0,384.6678,30448.0,0.0032458676287916,0.0318389261744964,0.0146537807830839,0.0031724111157194,381.572,380.7941,40.8662,47.5294,64.3262,27.8584,60.2884,80.0,20.0,389.3385,381.572,373.8055,55916023.0176,175930258.0
2024-10-25,376.7,382.9999,376.0,379.16,783758.0,379.8919,24050.0,0.0015533017515089,0.0146106502542144,0.0143205626190349,-0.0010869204969973,381.094,379.0111,39.4519,60.4012,53.7428,24.9103,-57.9054,0.0,40.0,388.3956,381.094,373.7924,56079200.7728,174629199.0
2024-10-24,382.0,383.59,376.03,376.87,890356.0,379.2467,26107.0,-0.0001919009716171,-0.002989417989418,0.0147208280693137,-0.0028267146469184,381.038,378.9367,62.27,75.4682,48.3437,28.0322,-55.8612,0.0,60.0,388.4021,381.038,373.6739,56155910.4206,173839436.0
2024-10-23,387.63,388.73,378.9,379.84,1280880.0,382.6452,31287.0,0.0016649309929608,0.0156692871276538,0.0148124413088157,-0.0010869204969973,379.014,379.9701,79.4818,74.4783,55.0049,31.8797,48.301,20.0,80.0,392.6984,379.014,365.3296,56854031.3095,174737020.0
2024-10-22,381.99,389.48,381.8,387.63,1938083.0,386.194,44188.0,0.0046465540976466,0.0465737890814832,0.0130249925349233,0.0042120364649463,377.384,380.0351,84.6529,62.3493,77.3763,31.74,120.6248,0.0,100.0,392.1827,377.384,362.5853,57897136.0094,176026796.0
2024-10-21,377.43,382.55,376.06,381.97,1089710.0,380.0335,29786.0,0.0052118762614337,0.0524039123846258,0.0135656524857698,0.0042120364649463,374.378,376.2377,59.3003,45.3617,70.372,26.0825,105.9829,20.0,80.0,385.2031,374.378,363.5529,56888870.8974,174081199.0
2024-10-18,370.0,384.21,369.42,378.88,1677133.0,378.8427,41807.0,0.0021079850865775,0.0200026921523754,0.015888992798858,-0.0010869204969973,372.484,373.3715,43.0948,39.7444,65.7394,24.2948,144.0639,40.0,100.0,380.2006,372.484,364.7674,55992068.4213,172989220.0
2024-10-17,372.38,373.9899,366.65,366.75,1238652.0,369.4588,26375.0,-0.001508087018247,-0.0157004830917876,0.0120909480565301,-0.00276435856146,371.448,370.6173,33.6899,41.2532,32.6858,22.0601,-104.3816,60.0,0.0,376.3171,371.448,366.5789,55522666.9744,171308240.0
2024-10-16,375.0,376.86,368.41,371.69,994266.0,371.0753,26588.0,-0.0007527382857542,-0.0081654436290862,0.0115553498065024,-0.00276435856146,373.698,372.5509,42.4484,49.4106,47.6696,22.9171,-46.7069,80.0,20.0,378.1862,373.698,369.2098,56731431.5485,172550864.0
2024-10-15,373.61,374.2,364.2564,372.6,1072063.0,370.7068,29096.0,-0.00068165719022,-0.0074587107085776,0.0115469212532425,-0.0024089530837888,374.156,372.9813,47.6214,57.5211,51.1233,26.4263,-105.931,100.0,40.0,378.1738,374.156,370.1382,56954475.2574,173548070.0
2024-10-14,375.0,377.18,370.23,372.5,947789.0,372.8728,27216.0,0.0011556601982726,0.0107725286950859,0.0129307512332048,-0.0024089530837888,373.712,373.172,58.1621,62.9432,50.81,26.2,-15.5364,0.0,60.0,378.6944,373.712,368.7296,56218309.5489,172462576.0
2024-10-11,379.11,380.0,373.39,373.7,1102643.0,374.8004,28116.0,0.0012952999345516,0.0121885157096424,0.0128903167283772,-0.0017731104878522,371.802,373.508,66.7798,56.7443,54.1418,31.6308,55.4503,20.0,80.0,381.8873,371.802,361.7167,56547617.1504,173412239.0
2024-10-10,375.0,382.7675,375.0,378.0,1658711.0,379.1965,36136.0,-0.0001939933012338,-0.0030593944508914,0.0149620776758339,-0.0017731104878522,371.352,373.412,63.8879,44.488,66.6751,32.4812,125.2116,40.0,100.0,381.2576,371.352,361.4464,57690029.7691,174672898.0
2024-10-09,370.0,376.14,368.35,373.98,1057408.0,373.8137,25034.0,-0.0025190473158481,-0.0259922908636316,0.0148872242716594,-0.0024505771571499,370.272,371.1181,39.5651,34.4371,59.6974,30.2702,47.3696,60.0,40.0,377.9755,370.272,362.5685,58072550.9017,172991861.0
2024-10-08,366.58,371.9528,365.03,370.38,996355.0,369.6864,24392.0,-0.0025445502809128,-0.0262383005573667,0.0148664403615449,-0.0024505771571499,370.426,369.6871,30.0109,36.2916,52.5847,34.9402,-43.6467,80.0,60.0,378.4442,370.426,362.4078,57599837.1225,171930639.0
2024-10-07,369.36,371.0,362.31,362.95,1459939.0,365.0388,31830.0,-0.0015158668045866,-0.0164223191783421,0.0166699272751622,-0.0024505771571499,371.43,369.3406,33.7353,41.4853,33.0871,38.9617,-166.6667,100.0,80.0,380.3771,371.43,362.4829,57041373.7267,170907095.0
2024-10-04,376.38,379.48,368.11,371.45,1090928.0,371.2321,26801.0,0.0018240277393732,0.0171974696716601,0.0153476584678657,-0.0017731104878522,372.546,372.5359,45.1286,40.2221,53.0534,42.0014,14.4207,0.0,100.0,377.4723,372.546,367.6197,58532935.0995,172656308.0
2024-10-03,372.57,376.69,371.74,372.6,930397.0,373.4734,21637.0,0.0035068299500936,0.0343678862917109,0.0156368285204521,0.0038666156107163,372.096,373.0789,45.592,33.4006,56.7606,50.364,53.0971,20.0,0.0,377.7044,372.096,366.4876,58984668.3097,173751448.0
2024-10-02,374.46,377.3679,371.53,374.75,1499209.0,374.7218,29427.0,0.0088047949684137,0.0894845480710528,0.019979430810224,0.0099901839405076,373.408,373.3184,29.9457,28.905,63.3852,52.1612,19.3247,40.0,20.0,381.4258,373.408,365.3902,59602601.241,174698435.0
2024-10-01,370.49,375.66,367.93,375.4,1558287.0,372.8311,34535.0,0.0095098740497284,0.0971795995908229,0.0197178614688011,0.0099901839405076,375.25,372.6026,24.664,38.6105,65.2265,54.4078,-29.5744,60.0,40.0,387.0122,375.25,363.4878,59447409.422,176203159.0
2024-09-30,369.05,373.38,366.25,368.53,1470804.0,368.7794,32495.0,0.0086255534224949,0.0876545760410825,0.0194854167748091,0.0096315708121773,376.242,371.2038,32.1053,58.1469,53.9051,58.7254,-93.3105,0.0,60.0,388.7033,376.242,363.7807,57986813.5915,174637222.0
2024-09-27,376.76,377.41,365.91,369.2,2844688.0,371.0674,56003.0,0.0090822562364144,0.0926309559041134,0.0192878834046043,0.0096315708121773,376.338,372.5408,59.0621,78.5788,55.31,66.1341,-64.4396,0.0,80.0,388.5654,376.338,364.1106,58546791.3601,176190779.0
2024-09-26,386.72,389.23,373.08,379.16,1766041.0,378.7441,41097.0,0.0118246677415547,0.1234037509999701,0.0156785419811056,0.0096315708121773,375.532,374.2111,83.2732,89.7891,80.155,75.3949,58.1521,0.0,100.0,389.8822,375.532,361.1818,59789282.5983,179094976.0
2024-09-25,377.8,386.96,375.711,383.96,1661491.0,383.8499,42802.0,0.0133272782105864,0.1404978316402303,0.0138936067449738,0.0096315708121773,371.744,371.7367,93.4011,90.6389,96.9441,75.772,101.4381,0.0,100.0,389.7875,371.744,353.7005,60229320.5513,180876082.0
2024-09-24,374.83,382.6,371.0,380.36,2538193.0,378.4363,48966.0,0.015334934887361,0.1631804281345561,0.0146218701032332,0.010157037116761,363.746,365.6251,92.693,85.4504,96.5048,71.3128,113.4668,0.0,100.0,387.5668,363.746,339.9252,59451232.4768,179208581.0
2024-09-23,367.0,371.11,363.53,369.01,1596186.0,369.1863,36902.0,0.0131632631353619,0.1386737433270584,0.0137570691715956,0.009419840253542,356.104,358.2576,85.8226,79.0533,94.517,66.0215,82.3799,0.0,100.0,378.1521,356.104,334.0559,57887433.1182,176660818.0
2024-09-20,363.82,366.79,362.0,365.17,1345692.0,364.556,29694.0,0.0125144616886326,0.131362889983579,0.0140171677665191,0.0071802804586543,350.068,352.8814,77.8357,74.7212,93.5195,60.5267,102.6775,20.0,80.0,371.183,350.068,328.953,57094680.4269,174882988.0
2024-09-19,350.0,368.29,348.96,360.22,2804996.0,361.2363,58763.0,0.0093571410600736,0.0961263426954321,0.0166868241760949,0.0046734700882269,344.614,346.7371,73.5015,73.1296,92.0227,54.3123,166.6667,0.0,100.0,360.8267,344.614,328.4013,56630629.1952,173448920.0
2024-09-18,342.85,346.82,340.37,343.97,815708.0,344.0485,24589.0,0.004444585094511,0.0447076689445706,0.0111095068215409,0.0033899646778899,340.072,339.9956,72.8264,73.2993,79.7242,46.5443,100.8985,0.0,80.0,345.1582,340.072,334.9858,56166608.7917,170637160.0
2024-09-17,341.04,346.98,339.28,342.15,947423.0,342.6419,26454.0,0.0041104635408293,0.0412355447352401,0.0111284029216103,0.0026385480246587,338.61,338.0084,73.061,76.4498,76.4744,45.105,109.7519,0.0,100.0,342.4149,338.61,334.8051,56032867.8615,169486988.0
2024-09-16,343.02,344.0,337.1501,338.83,1017963.0,339.0112,23229.0,-0.0010341012098569,-0.0118117125524966,0.0174217136989357,0.002251445666587,335.58,335.9376,74.0106,76.8183,69.2919,43.306,60.6128,0.0,80.0,344.2726,335.58,326.8874,56274881.7887,168536219.0
2024-09-13,337.79,344.5182,337.53,337.9,984168.0,340.5541,22311.0,-0.0006783324166264,-0.0083056965926099,0.017531383668283,0.002251445666587,332.628,334.4914,82.2779,70.382,67.0366,44.0584,86.3874,0.0,100.0,344.3855,332.628,320.8705,56850501.9401,167406469.0
2024-09-12,338.25,342.17,337.13,337.51,907899.0,339.3632,24123.0,0.0001452077611002,-0.000148121815381,0.0177897128589644,0.0032762191245672,329.602,332.7871,74.1666,52.11,66.2039,44.0749,119.8543,20.0,100.0,342.1368,329.602,317.0672,57739638.8074,166412028.0
2024-09-11,328.11,337.23,326.0,336.66,1036669.0,333.4615,24738.0,-0.0006699142511378,-0.0082776092143637,0.0178486520107508,0.0030028623198182,327.826,330.4257,54.7015,34.5035,64.6468,46.1927,166.6667,40.0,100.0,337.5846,327.826,318.0674,58541415.2836,165467880.0
2024-09-10,326.52,328.15,324.16,327.0,735099.0,326.4196,19598.0,-0.0026123486991817,-0.0269884250304996,0.0153351001593669,0.0030028623198182,326.344,327.3086,27.4618,22.9089,39.1613,54.2659,-14.4939,60.0,0.0,331.4072,326.344,321.2808,57590066.6505,164409045.0
2024-09-09,324.5,329.04,322.35,324.07,805068.0,324.7561,22958.0,-0.0053909816359313,-0.0537825921924726,0.0154883931798045,4.7510642004866543e-05,326.664,327.4629,21.3473,20.2239,26.2631,50.159,-64.9381,80.0,0.0,332.0449,326.664,321.2831,57276017.2119,163667591.0
2024-09-06,331.26,331.92,319.07,322.77,1124790.0,323.5842,27418.0,-0.0057089994509992,-0.0567796610169493,0.0153235102051315,-0.0005178049753548,330.426,329.1593,19.9174,26.0709,20.2628,45.0254,-98.5357,100.0,0.0,343.7424,330.426,317.1096,57678370.6125,162839362.0
2024-09-05,323.38,329.6,322.62,328.63,1531038.0,328.0156,20527.0,-0.0043593692740351,-0.0438185574209315,0.0147811168007503,-0.0005178049753548,334.018,332.3539,19.4068,36.2237,28.6785,38.6083,-94.1204,100.0,20.0,346.815,334.018,321.221,58171326.7176,164001653.0
2024-09-04,327.8,336.38,327.07,329.25,821515.0,331.7005,22082.0,-0.0049190121523849,-0.0491798544530436,0.0147827103746626,-0.0017439222673565,335.804,334.2159,38.8885,47.9597,29.7234,32.3808,-95.643,80.0,40.0,347.5436,335.804,324.0644,57057488.1617,165544231.0
2024-09-03,340.05,342.4,326.095,328.6,1596208.0,331.1892,34103.0,-0.0046555369862318,-0.0466796251704429,0.0149260754440397,-0.0017439222673565,337.848,336.6988,50.3757,47.8065,27.5082,27.5642,-140.7,100.0,60.0,347.7219,337.848,327.9741,57496412.7965,164718698.0
2024-08-30,341.17,343.505,337.47,342.88,1072306.0,341.5791,24420.0,0.0016758816724463,0.0163020925958858,0.0107307865318623,0.0027301490752437,339.342,340.7482,54.6148,39.7263,61.6782,21.5435,82.1729,40.0,0.0,344.1037,339.342,334.5803,58627488.7624,166351473.0
2024-08-29,338.8,344.5,338.8,340.73,1449248.0,341.7772,25899.0,0.0015782724781803,0.0153163085908403,0.0106925612499067,0.0027301490752437,339.264,339.6824,38.429,32.8968,54.9358,26.0805,50.2054,60.0,0.0,343.7987,339.264,334.7293,57773446.7392,165274327.0
2024-08-28,338.31,339.54,334.09,337.56,973250.0,336.7136,21696.0,0.0010100490186725,0.0096007178106773,0.0104095198957212,0.0022780730635967,339.558,339.1585,26.1351,33.2675,43.1345,28.6715,-72.7912,80.0,20.0,344.5973,339.558,334.5187,58242506.3182,163821262.0
2024-08-27,333.51,343.26,333.0,339.47,1380564.0,339.5613,30607.0,0.0014561824489499,0.0141303698392782,0.0102092076341581,0.0022780730635967,340.784,339.9578,34.1263,43.6349,49.366,28.1443,-74.8036,100.0,40.0,346.2472,340.784,335.3208,57975428.3292,164798158.0
2024-08-26,342.5,343.81,333.61,336.07,1178508.0,337.003,27083.0,-0.0012067043979976,-0.0126043013280057,0.0110418016387019,-0.0001588128605757,342.146,340.2017,39.5411,55.128,36.2508,27.4854,-166.6667,100.0,60.0,348.8699,342.146,335.4221,57606357.8497,163385224.0
2024-08-23,342.41,347.9796,340.1759,342.49,1482953.0,343.0457,28256.0,0.0008031368086283,0.0076198882024125,0.0093689843255346,0.0011003984222678,343.87,342.2676,57.2374,68.7801,59.5516,27.4472,-33.1304,0.0,80.0,346.8642,343.87,340.8758,58219560.485,164569820.0
2024-08-22,345.01,350.32,340.52,342.2,1423554.0,343.7486,28721.0,0.0011854045242801,0.0114684322534879,0.0094407049305684,0.0025310138587458,342.848,342.1563,68.6055,74.032,58.5897,29.6096,38.4416,20.0,100.0,348.9274,342.848,336.7686,58826013.9649,163079478.0
2024-08-21,345.16,347.86,343.305,343.69,1742269.0,345.4533,26333.0,0.0062518289075938,0.0629368466629554,0.0162543633507222,0.0041607645117217,341.526,342.1345,80.4973,69.351,64.9369,31.4914,68.6898,0.0,80.0,349.9981,341.526,333.0539,59947572.1649,164786197.0
2024-08-20,346.55,348.8499,342.745,346.28,1550394.0,345.8927,30932.0,0.0057898793686577,0.0579896119767799,0.0166976424407738,0.0041607645117217,339.658,341.3568,72.9932,56.6073,76.4546,27.1885,120.6678,20.0,100.0,349.4185,339.658,329.8975,61407035.7576,166542566.0
2024-08-19,335.0,346.17,334.565,344.69,2001764.0,343.0805,36814.0,0.0063377611343006,0.0637595284387249,0.0167398648949289,0.0041894116418558,337.35,338.8951,54.5626,47.6794,74.2079,21.8099,166.6667,40.0,100.0,344.9808,337.35,329.7192,61160887.9108,164985517.0
2024-08-16,335.21,338.91,332.82,337.38,1511115.0,336.9173,26600.0,0.0021097077169926,0.0197370409551158,0.0176489554578519,0.0025310138587458,336.484,335.9977,42.2661,51.2914,60.2613,17.076,-31.5629,60.0,20.0,340.8859,336.484,332.0821,59638822.6165,162942305.0
2024-08-15,337.0,341.6371,333.91,335.59,2106805.0,336.3652,36587.0,-0.0001027302739454,-0.0027043090638928,0.0184735746593582,9.412793457336256e-05,336.988,335.3066,46.2095,63.4146,55.5532,18.6606,-18.2418,0.0,40.0,342.1893,336.988,331.7867,58885906.4244,161429018.0
2024-08-14,335.99,338.51,332.37,334.35,1825239.0,334.6376,29952.0,-0.0026367671183705,-0.0278827702506252,0.0194871366303317,-0.0066320375494788,337.534,335.1648,65.3986,78.6527,52.4298,18.8484,-57.5262,0.0,60.0,342.6052,337.534,332.4628,60081570.3766,159313423.0
2024-08-13,339.0,340.31,333.8,334.74,2074518.0,337.1634,36059.0,0.001593559893617,0.0132889359769936,0.0235214986962119,-0.0053728262666352,335.332,335.5723,78.6356,82.1656,53.3735,22.6664,16.9439,0.0,80.0,347.9569,335.332,322.7071,60731712.7707,161144558.0
2024-08-12,340.0,343.43,336.51,340.36,915362.0,340.6385,25635.0,0.0052865146559453,0.0513374930499783,0.0232868339472928,0.0030117370005269,333.844,335.9884,91.924,76.0838,67.3488,25.672,85.862,0.0,100.0,348.0518,333.844,319.6362,62211994.892,163225905.0
2024-08-09,337.27,343.275,333.67,339.9,1209454.0,339.7062,26242.0,0.0057290358354836,0.0559835963713182,0.0232499039432225,0.0052243428982183,330.578,333.8026,75.9373,59.2282,66.7792,26.2374,109.2274,20.0,100.0,344.8005,330.578,316.3555,62108413.2591,162306950.0
2024-08-08,328.2,339.49,324.36,338.32,1423902.0,335.3337,32615.0,0.0031127595512223,0.0284845721234228,0.0246516308415491,-0.0031602203689437,328.768,330.7539,60.3901,46.7084,65.1066,27.0457,132.4099,40.0,0.0,339.7094,328.768,317.8266,61747843.5532,161093895.0
2024-08-07,329.0,335.3633,323.16,323.34,1311897.0,328.2534,32640.0,-0.0037696294453388,-0.0391655770830859,0.0209558406000475,-0.0144447410462204,328.404,326.9709,41.357,39.0206,43.5494,30.2829,-10.1129,60.0,20.0,338.1003,328.404,318.7077,60526243.0106,159648796.0
2024-08-06,323.99,330.72,320.38,327.3,1502488.0,327.5793,33667.0,0.0016149737435129,0.0390806057335149,0.0265914833647026,-0.0037091698008601,315.8297,318.2211,38.3782,44.1749,55.4605,15.7782,61.5849,56.6667,90.0,343.6559,315.8297,288.0034,61808007.3068,160969522.0
2024-08-05,302.01,325.59,300.57,324.03,3180938.0,319.2691,57042.0,0.0009900893023504,0.0197960596714288,0.0266052067738798,-0.0059634385784439,315.4193,317.595,37.3265,51.4655,54.5603,15.955,7.1219,60.0,93.3333,342.918,315.4193,287.9206,61286636.272,159429243.0
2024-08-02,326.41,332.4,318.75,330.85,2966950.0,328.2073,51102.0,0.002086056449447,0.0540316671445404,0.0263688528190449,-0.0037091698008601,315.2097,317.1512,56.8199,56.088,56.8779,16.2279,73.9068,63.3333,96.6667,342.5379,315.2097,287.8814,58499828.0106,162613076.0
2024-08-01,345.09,359.375,335.01,336.5,2632562.0,343.1007,52717.0,0.0030749101610646,0.0858341400451752,0.0261981150181624,-0.0013868992358077,314.6443,316.2064,60.2502,49.5706,58.881,16.0959,186.2911,66.6667,100.0,341.3496,314.6443,287.939,56198294.1131,165590890.0
2024-07-31,334.05,344.34,330.14,343.94,2110357.0,340.0049,41404.0,0.0036545870704563,0.1051346314504204,0.0258349043965023,-0.0013868992358077,313.7577,314.8069,51.1941,45.1456,61.6443,15.5192,181.7266,70.0,83.3333,339.2398,313.7577,288.2755,58517625.287,168233420.0
2024-07-30,323.35,334.65,321.83,330.35,2491552.0,330.505,42312.0,0.0020916331353246,0.0553638745128108,0.0249221574299208,-0.0033090875354592,312.667,312.7977,37.2676,51.314,58.1787,15.1659,123.0505,73.3333,86.6667,335.5575,312.667,289.7765,56518946.3996,166115417.0
2024-07-29,323.74,328.07,319.73,323.74,1730892.0,323.3892,33411.0,0.0021746374365169,0.0579392830299658,0.0249871167600773,-0.0033090875354592,312.0893,311.5872,46.9751,64.415,56.3231,14.9797,92.6731,76.6667,90.0,334.0203,312.0893,290.1584,55693268.5073,163607078.0
2024-07-26,330.42,331.37,320.2,321.88,1981115.0,324.4925,42212.0,0.0009804025364114,0.02025420774034,0.0256341155132078,-0.0046414549278262,311.4983,310.7491,69.6993,71.4725,55.7896,14.919,104.0329,80.0,93.3333,333.0946,311.4983,289.9021,55759908.0085,161870286.0
2024-07-25,336.82,341.0,324.08,328.95,2708727.0,332.0207,54978.0,0.0022871460523558,0.0611290322580642,0.0254537754369291,-0.0033090875354592,311.2853,309.9814,76.5707,65.5895,58.4115,14.8428,170.0218,83.3333,96.6667,332.5919,311.2853,289.9787,57148958.1105,163856930.0
2024-07-24,333.62,346.23,328.76,336.52,5674666.0,336.3793,92894.0,0.0031448525273224,0.0890614886731382,0.0250343226380039,-0.0013868992358077,310.6537,308.6732,68.1476,49.9954,61.398,14.6535,240.5614,86.6667,100.0,330.9266,310.6537,290.3808,58301637.9415,166573273.0
2024-07-23,339.5,343.4,326.5,330.79,6637949.0,332.8672,116476.0,0.002652886503796,0.073261737127283,0.0248955152838643,-0.0013868992358077,309.7363,306.7528,52.0502,34.1854,59.8977,14.3208,236.1689,90.0,100.0,327.5908,309.7363,291.8819,58936885.7692,160882104.0
2024-07-22,298.0,300.72,290.13,295.45,3083273.0,293.7524,57897.0,-0.0025131402662282,-0.0753028074238679,0.0136118996234382,-0.0033090875354592,308.9837,305.095,29.7883,21.9666,47.803,14.028,-151.7543,93.3333,0.0,325.0375,308.9837,292.9299,62220197.0307,154212878.0
2024-07-19,292.23,298.38,290.5,295.09,1730100.0,295.3146,36737.0,-0.0030916554538069,-0.0913317936874521,0.013808338348496,-0.0046414549278262,309.7857,305.7602,20.7178,19.067,47.6475,14.2303,-177.949,96.6667,0.0,325.4542,309.7857,294.1171,62205456.2092,151090772.0
2024-07-18,296.66,298.32,288.07,290.16,1797571.0,291.4078,36242.0,-0.0038549403867143,-0.1117913554548797,0.0133007035614263,-0.0053959842377866,310.7743,306.4961,15.3937,19.6368,45.4984,14.3585,-231.7277,100.0,3.3333,326.3518,310.7743,295.1969,61911413.6965,149308422.0
2024-07-17,294.79,299.38,290.87,294.74,1917206.0,294.1399,36934.0,-0.001948878000074,-0.0602002423314838,0.015418375675152,-0.0046414549278262,311.9917,307.6227,21.0894,21.5934,47.2399,14.4891,-233.8702,100.0,6.6667,326.6136,311.9917,297.3697,62987608.7073,151125720.0
2024-07-16,303.78,304.87,294.85,298.5,1421972.0,298.9302,33733.0,0.0003624114329918,0.0057955387829364,0.0185317942490821,-0.0033090875354592,312.621,308.5112,22.4274,18.6854,48.7198,14.7011,-209.5267,0.0,10.0,325.7697,312.621,299.4723,63166949.3077,153107783.0
2024-07-15,302.27,308.12,299.4,302.15,1093070.0,303.3367,30212.0,-0.0001002792323423,-0.0083363418556565,0.0190039431696446,-0.0033090875354592,312.5637,309.2016,21.2635,15.2005,50.1954,15.0323,-147.0364,3.3333,13.3333,325.9706,312.5637,299.1567,63553704.8047,154532522.0
2024-07-12,302.13,307.44,300.39,302.27,1242825.0,303.1764,26657.0,-0.0003938011464366,-0.0170720603537983,0.0190741327479617,-0.0046414549278262,312.6483,309.6879,12.3653,15.4232,50.2438,15.5085,-146.9364,6.6667,16.6667,325.8212,312.6483,299.4755,63976698.7015,155678021.0
2024-07-11,312.73,314.02,297.11,300.98,2275176.0,302.0489,44837.0,-0.0008342388715045,-0.0300041896290569,0.0191134977245179,-0.0053959842377866,312.8233,310.1995,11.9727,28.557,49.7406,16.0305,-142.2618,10.0,20.0,325.5727,312.8233,300.074,64557482.6349,154433484.0
2024-07-10,308.0,312.31,304.85,304.99,2213323.0,307.0847,38957.0,-0.0001655733437002,-0.0102868639667711,0.0190216863476825,-0.0046414549278262,313.1337,310.8353,21.9315,44.8505,51.2996,16.5705,-95.3529,13.3333,23.3333,325.1468,313.1337,301.1206,65798430.9158,156721863.0
2024-07-09,315.26,315.43,310.64,311.55,1442133.0,312.2299,24493.0,0.0013848511176716,0.0367375461715084,0.0191509040770778,-0.0033090875354592,313.2393,311.2384,51.7669,58.4326,53.9749,16.9229,-7.1264,16.6667,26.6667,325.0175,313.2393,301.4611,67935367.3474,158942134.0
2024-07-08,321.94,322.0,309.01,313.71,1692207.0,313.9853,34481.0,0.0018096139337049,0.0500401660195461,0.0191040222914026,-0.0011087300866201,312.8713,311.2169,60.8531,56.6538,54.8859,17.0994,34.9796,20.0,30.0,325.497,312.8713,300.2456,68833636.0969,160390857.0
2024-07-05,315.0,317.09,313.53,316.85,888656.0,315.6844,23937.0,0.0014654772661926,0.0390909389040103,0.0194026924072804,-0.0011087300866201,312.373,311.045,62.6779,51.2348,56.2194,17.282,51.8721,23.3333,33.3333,325.9698,312.373,298.7762,69312691.8875,162124265.0
2024-07-03,315.3,316.08,311.01,314.8,661797.0,314.0404,19110.0,0.0008936717384594,0.0213815255832057,0.019498077273701,-0.0033090875354592,311.9757,310.6447,46.4305,44.3512,55.5377,17.5997,30.1445,26.6667,36.6667,325.7217,311.9757,298.2296,68499641.9661,161184506.0
2024-07-02,314.02,316.645,309.43,315.55,862436.0,313.8625,26827.0,0.0015662102437694,0.0420381744930982,0.0197203679218959,-0.0020410152135862,311.756,310.3581,44.5958,46.4513,55.8452,17.9553,31.145,30.0,40.0,325.5251,311.756,297.9869,68172006.7649,161846303.0
2024-07-01,313.64,314.42,306.81,313.84,1073770.0,311.6323,28466.0,0.001910104487901,0.0527304441164635,0.019874426612365,-0.0020410152135862,311.3317,310.0,42.0271,54.7498,55.2997,18.3231,7.0719,33.3333,43.3333,325.3886,311.3317,297.2748,67535919.0726,160932995.0
2024-06-28,315.39,317.99,306.21,313.79,4735346.0,313.0365,40511.0,0.0013636103979051,0.0354738648363248,0.0201387043659719,-0.0046414549278262,310.8077,309.7352,52.7308,66.6395,55.284,18.7605,22.5212,36.6667,46.6667,325.604,310.8077,296.0113,66620100.4393,159852471.0
2024-06-27,319.29,324.56,314.24,315.38,1477391.0,316.818,33051.0,0.0030161048565772,0.087067420377775,0.0215311372639648,-0.0008390926126441,310.4493,309.4556,69.4913,76.8185,55.8842,19.213,86.5011,0.0,50.0,325.4586,310.4493,295.4401,65204129.7788,164787422.0
2024-06-26,320.0,321.9999,316.19,318.96,1231098.0,319.0693,29911.0,0.0034374110645781,0.1009630319975147,0.0213714405229594,0.0019891978744485,309.6073,309.047,77.6964,79.97,57.2366,19.4486,101.7798,3.3333,53.3333,326.1695,309.6073,293.0452,66366954.5114,166280003.0
2024-06-25,317.91,322.73,312.615,321.28,939777.0,319.5995,29032.0,0.003124822315704,0.0905634758995252,0.0215924889966196,0.0019891978744485,308.6323,308.3633,83.2679,78.9271,58.1176,19.7528,104.6552,6.6667,56.6667,326.2853,308.6323,290.9794,66424819.4194,167525610.0
2024-06-24,317.74,319.5,310.67,314.99,1477114.0,315.1101,35423.0,0.0020060576043741,0.0546775597669593,0.0215602386031456,-0.0014130821753326,307.743,307.4725,78.9456,72.2177,56.357,20.0676,73.0891,10.0,60.0,325.4458,307.743,290.0402,65682382.0101,166484757.0
2024-06-21,311.71,319.04,308.4,317.74,1363614.0,316.1859,33560.0,0.0022956695732561,0.0639209777331326,0.0214732670758876,0.0007243461615722,307.1987,306.9541,74.568,65.5249,57.3764,20.468,77.8527,13.3333,63.3333,324.9807,307.1987,289.4166,65714337.0192,167969824.0
2024-06-20,311.64,317.3,310.65,313.89,1459411.0,313.6278,32363.0,0.0019539242980787,0.0531454453950688,0.0213933133931022,0.0007243461615722,306.5623,306.2102,63.1396,57.3371,56.3068,20.8927,71.8779,16.6667,66.6667,324.1552,306.5623,288.9695,64656499.7109,166569900.0
2024-06-18,310.0,312.31,305.4901,309.9,1212630.0,308.9392,31198.0,0.0013655888233548,0.0347936423133437,0.0213274757842764,-0.0021039443255204,306.0343,305.6806,58.8673,51.5586,55.18,21.272,30.698,20.0,70.0,323.6666,306.0343,288.4021,64694236.1831,165093738.0
2024-06-17,312.67,317.4519,310.88,311.22,1298311.0,313.2484,34780.0,0.001890886129641,0.0511703313405618,0.0213769212081345,0.0007243461615722,305.687,305.3896,50.0045,41.8949,55.6389,21.7755,71.3531,23.3333,73.3333,323.4112,305.687,287.9628,64336872.8589,166312390.0
2024-06-14,307.23,316.7,305.85,313.02,2032430.0,313.115,40852.0,0.0022978621832073,0.064078594010267,0.0213437660610106,0.0017141466823017,305.182,304.9875,45.8039,33.6351,56.2555,22.1538,64.1019,0.0,76.6667,323.109,305.182,287.255,65525697.4236,167638420.0
2024-06-13,313.14,314.8365,300.79,306.01,2127727.0,306.275,47445.0,0.002662407221044,0.0754551205454416,0.0217815681807558,0.0017141466823017,304.5537,304.4335,29.8762,22.3404,54.3509,22.5612,25.8272,0.0,80.0,322.6583,304.5537,286.4491,64867218.055,165591285.0
2024-06-12,311.0,316.11,309.29,315.49,1135165.0,313.7493,29752.0,0.004151353188754,0.1249821708743403,0.021007594347935,0.0022881362449902,303.838,304.3248,25.2251,22.1563,57.6311,23.0222,85.9515,0.0,83.3333,323.3021,303.838,284.3739,65415552.9185,167726925.0
2024-06-11,319.0,319.375,306.08,310.0,1799182.0,310.4216,36514.0,0.0028856067213937,0.0830072666294019,0.021294542205936,0.0017141466823017,302.6697,303.5548,11.92,31.2538,56.1496,23.2749,76.9025,3.3333,86.6667,323.3647,302.6697,281.9746,64483314.1003,166587522.0
2024-06-10,309.46,312.16,305.3656,309.0,1543023.0,309.201,34075.0,0.0023921292226289,0.0670257950896098,0.0214516559693788,0.0007243461615722,301.8777,303.1103,29.3239,55.4713,55.8779,23.5363,58.4448,6.6667,90.0,323.199,301.8777,280.5563,65225461.2086,164778751.0
2024-06-07,318.99,319.05,307.67,308.21,2131912.0,311.6994,46070.0,0.0023724290365885,0.0663967891495402,0.0214517612072729,0.0007243461615722,301.2307,302.7041,52.5176,75.6799,55.6682,23.9508,87.1151,0.0,93.3333,322.8245,301.2307,279.6368,65117377.969,163230773.0
2024-06-06,325.0,328.63,318.1,319.51,1226160.0,320.8892,36280.0,0.0044746424608673,0.1361163460512748,0.0207284002538482,0.0016936950838434,300.591,302.3244,84.5725,81.4214,59.5845,24.3199,180.5682,3.3333,96.6667,322.4552,300.591,278.7268,67052208.5314,165368479.0
2024-06-05,326.55,331.08,322.55,324.75,1815409.0,325.9078,45871.0,0.0025859318039292,0.0706867561240973,0.0247177939297898,0.0016936950838434,299.315,301.1392,89.9496,71.0961,61.5247,24.4168,234.7512,6.6667,100.0,321.0816,299.315,277.5484,67952213.0128,166597668.0
2024-06-04,312.64,326.76,310.5,326.68,3460573.0,321.7704,64523.0,0.0065871038971166,0.199970614163973,0.0317375260472869,0.0019926334543851,298.6003,299.5108,69.7422,57.4378,62.2463,24.3872,216.3715,0.0,100.0,318.2882,298.6003,278.9124,68834727.6811,168420392.0
2024-06-03,313.01,317.0,307.355,313.62,2261217.0,311.5627,47398.0,0.0047651700504562,0.1370046767936776,0.031237737753398,0.0016936950838434,296.7857,297.6371,53.5967,57.8942,59.1089,24.4337,144.5247,3.3333,6.6667,315.8109,296.7857,277.7604,65384200.6331,164935574.0
2024-05-31,301.89,304.65,292.21,296.78,1464715.0,295.574,33868.0,0.0013327250470073,0.0262102351313979,0.030994309073307,0.0007243461615722,295.526,296.5348,48.9745,66.1757,54.3839,24.6678,18.6608,6.6667,10.0,314.9265,295.526,276.1255,64702441.7814,162656349.0
2024-05-30,305.45,307.235,301.59,304.69,701296.0,304.8897,20767.0,0.0017007763869816,0.0378431773281562,0.0307324704600814,0.0007243461615722,295.2733,296.5179,71.1114,71.0835,57.3953,25.1761,77.3414,10.0,13.3333,314.799,295.2733,275.7477,65094591.6045,164134635.0
2024-05-29,307.71,309.155,304.1,307.52,1067053.0,307.015,24934.0,0.0015043108912637,0.0316693505099305,0.0308202595402605,0.0007243461615722,294.903,295.9543,78.4413,60.6633,58.5159,25.4219,103.9344,13.3333,16.6667,314.1192,294.903,275.6868,65025356.1165,164838841.0
2024-05-28,307.0,311.9999,306.0,310.29,1046666.0,309.4693,24304.0,0.0026692921417652,0.0680503923998354,0.0310635120982447,0.0016936950838434,294.5883,295.1567,63.6978,45.7801,59.6172,25.5968,134.6788,16.6667,20.0,313.2695,294.5883,275.9072,64635882.1818,165941805.0
2024-05-24,298.0,309.64,298.0,308.16,1157504.0,307.1791,27753.0,0.0013372115373343,0.0256615077383928,0.0317032690135388,0.0007243461615722,293.9293,294.113,39.8508,41.9022,59.0442,25.7176,106.1709,20.0,23.3333,311.7221,293.9293,276.1365,64171106.4019,164860991.0
2024-05-23,302.92,305.82,296.98,300.51,993609.0,301.3006,23833.0,0.0001460642375217,-0.010080047435517,0.0314449297612451,-0.002370729611778,293.6723,293.1442,33.7918,53.8417,56.9222,25.8902,68.0634,23.3333,26.6667,310.8475,293.6723,276.4972,63301899.1064,163695372.0
2024-05-22,306.0,306.69,295.71,298.76,1270078.0,299.006,25958.0,0.0003486037910894,-0.0041001366712222,0.0315005849925653,-0.002370729611778,293.7743,292.6363,52.0639,68.7477,56.4229,26.1464,59.9887,26.6667,30.0,311.1459,293.7743,276.4027,63505928.7874,162682101.0
2024-05-21,304.85,307.98,302.375,304.93,1020628.0,305.1166,23307.0,0.0009410528939589,0.0139660160276666,0.0312742268744406,-0.0012135975015069,293.8153,292.2139,75.6694,79.0503,58.7434,26.4115,106.8961,30.0,33.3333,311.2396,293.8153,276.3911,64117860.3429,164058947.0
2024-05-20,303.0,312.69,303.0,308.21,1482874.0,308.4869,34348.0,0.0003963167717666,-0.0027825411719025,0.0316117410184183,-0.0012135975015069,293.6753,291.337,78.5098,74.1127,60.0117,26.4871,137.0104,33.3333,36.6667,310.8051,293.6753,276.5456,64208728.8309,165087872.0
2024-05-17,299.95,302.87,298.12,302.82,879353.0,301.1178,19459.0,-0.0003301951197937,-0.0241371531694112,0.0314534880636199,-0.0032283415052011,293.704,290.1733,82.9716,62.8662,58.5915,26.5464,69.0775,36.6667,40.0,310.9335,293.704,276.4745,64096669.4615,163600399.0
2024-05-16,302.54,304.92,297.86,298.12,1304193.0,299.7942,24218.0,0.000760498825482,0.0072982835518315,0.0325412287953908,-0.0032283415052011,293.9537,289.3011,60.8566,41.0105,57.3136,26.7947,56.1218,40.0,43.3333,311.9063,293.9537,276.0011,63221858.5983,162706775.0
2024-05-15,298.85,303.07,295.39,303.04,1971591.0,300.5014,36538.0,0.0017803690583325,0.0386263152483123,0.0324719587993318,-0.0012135975015069,293.8817,288.6929,44.7705,30.5691,59.1611,27.0516,59.5621,43.3333,46.6667,311.7841,293.8817,275.9792,64440985.9269,164022836.0
2024-05-14,287.72,291.535,286.205,290.12,915956.0,289.9637,22218.0,0.0030397001055769,0.076192595889903,0.0347577302498296,-0.0012135975015069,293.506,287.7035,17.4045,32.2962,55.5216,27.353,-45.3928,0.0,50.0,311.0942,293.506,275.9178,62443134.0441,162009253.0
2024-05-13,294.65,295.41,287.17,289.71,853715.0,289.414,23760.0,0.0033866262587251,0.0873775475734717,0.0347917092086409,-0.0012135975015069,292.8213,287.5368,29.5325,51.5185,55.3997,27.9015,-21.4174,0.0,53.3333,312.373,292.8213,273.2697,62012600.273,161091355.0
2024-05-10,300.21,303.656,293.08,294.6,936035.0,295.6365,26363.0,0.0042594843508401,0.1163319439181513,0.0346073509851423,0.0010028329336556,292.0453,287.3869,49.9515,70.9575,57.2077,28.4426,36.2129,0.0,56.6667,313.7579,292.0453,270.3328,62357302.5837,161990199.0
2024-05-09,298.88,301.37,294.2623,298.66,817634.0,298.7473,21112.0,0.0051866138287735,0.1478093774019981,0.0344890006069387,0.0019926334543851,291.022,286.8895,75.0714,84.527,58.7465,28.8391,47.4353,0.0,60.0,314.9385,291.022,267.1055,63029882.033,162934095.0
2024-05-08,297.55,303.295,296.17,298.65,2104566.0,300.3314,30638.0,0.0048544600633115,0.1363722841596593,0.0345848794042187,0.0019926334543851,289.74,286.0777,87.8496,90.6897,58.7439,29.2951,59.2757,3.3333,63.3333,315.8993,289.74,263.5807,62829299.1599,162089346.0
2024-05-07,296.54,299.83,294.76,298.05,1322081.0,298.0407,24266.0,0.0049006233654597,0.1379428833231517,0.0345819801249378,0.0026850829866073,288.5453,285.2107,90.6599,88.2064,58.5901,29.7147,51.7112,6.6667,66.6667,316.1988,288.5453,260.8919,63470056.2062,159980619.0
2024-05-06,298.0,300.04,294.62,299.48,1392828.0,297.0691,30797.0,0.0046785841392028,0.1303264766937155,0.0346646765616902,0.0026850829866073,287.341,284.3252,93.5596,78.2047,59.0977,30.216,58.0599,10.0,70.0,316.3477,287.341,258.3343,63073269.3068,161312877.0
2024-05-03,294.81,298.82,292.04,296.07,1488811.0,296.1464,34618.0,0.0049763790629367,0.1403096595285777,0.0347603911136358,0.0026850829866073,286.19,283.28,80.3997,59.7019,58.2641,30.7346,48.2386,13.3333,73.3333,315.9102,286.19,256.4698,61966493.7348,159917825.0
2024-05-02,287.515,294.39,283.39,294.17,1618467.0,291.7596,30521.0,0.0044961698944914,0.1239874675225425,0.0348360219070373,-0.0002442485792357,284.9757,282.398,60.6549,43.8837,57.8009,31.2939,26.0514,0.0,76.6667,315.9331,284.9757,254.0182,61682567.4575,158413903.0
2024-05-01,280.66,290.88,280.66,284.54,1648039.0,285.7792,29886.0,0.004549654817488,0.1257319196075328,0.0348822408148242,-0.0002442485792357,283.894,281.5861,38.051,36.3569,55.3741,31.9555,4.121,0.0,80.0,315.7455,283.894,252.0425,60119714.3375,156785931.0
2024-04-30,287.0,288.45,280.37,280.44,1252130.0,283.9066,26903.0,0.0038800183462631,0.1034428487113907,0.0348753195997351,-0.0032283415052011,282.8347,281.3824,32.945,35.8666,54.2923,32.7068,-1.391,3.3333,83.3333,316.587,282.8347,249.0823,60522139.5274,155114067.0
2024-04-29,289.01,290.91,284.23,286.24,1814093.0,286.557,31118.0,0.0044586684612859,0.1229942328063089,0.034612971082928,-0.0026819460825845,281.9583,281.4474,38.0747,40.036,56.1538,33.5304,19.3259,6.6667,86.6667,317.2442,281.9583,246.6725,61758435.8516,156372162.0
2024-04-26,292.65,294.0,284.84,289.59,2430800.0,288.9769,37252.0,0.0045538862052795,0.1262396453155991,0.034572657286601,-0.0026819460825845,280.9133,281.1169,36.58,39.413,57.2498,34.2941,31.8307,10.0,90.0,317.4643,280.9133,244.3624,62495867.8905,158224059.0
2024-04-25,275.67,291.375,271.65,289.02,3701026.0,285.8598,63397.0,0.0044713026316891,0.123454870558967,0.034581683388048,-0.0026819460825845,279.8313,280.5325,45.4534,38.1353,57.1121,35.0702,14.1468,13.3333,93.3333,317.2034,279.8313,242.4593,62403918.3796,155746831.0
2024-04-24,301.35,305.64,278.14,281.23,8195291.0,288.7001,102608.0,0.0034407799662132,0.089658646208687,0.0343338794777158,-0.0030595727887218,278.7727,279.9472,36.2056,26.6057,55.2063,35.9194,32.869,16.6667,96.6667,316.8365,278.7727,240.7088,59578734.8017,152035426.0
2024-04-23,301.13,319.3,298.5,303.31,11375677.0,309.7301,172200.0,0.0063441857347934,0.1920220082530945,0.031314232516664,-0.0026819460825845,278.0013,279.8587,32.7468,19.6931,62.8595,36.654,103.9124,20.0,100.0,316.7661,278.0013,239.2365,65968181.4213,160276973.0
2024-04-22,280.97,280.97,267.76,272.24,5491078.0,272.5012,93443.0,0.0019038611100443,0.049498843484965,0.024396222097083,-0.0030595727887218,276.3727,278.2414,10.8647,18.2064,54.2284,36.902,-11.291,23.3333,66.6667,314.8519,276.3727,237.8934,72088256.3963,148890787.0
2024-04-19,284.8,285.0,270.45,275.83,4236834.0,276.6278,66405.0,0.0009876014908626,0.0202700203439987,0.025433475059624,-0.0030595727887218,275.9447,278.6552,15.468,23.7419,55.6735,37.9086,2.7294,26.6667,70.0,314.8812,275.9447,237.0082,73886440.7264,154479967.0
2024-04-18,294.78,296.801,288.67,289.2,1953558.0,291.891,38429.0,0.0028171591412065,0.0789836958549417,0.0238988402834001,-0.0026819460825845,275.762,278.8501,28.2864,27.5894,61.5814,38.8706,56.3101,30.0,73.3333,314.7503,275.762,236.7737,74992315.8398,158725477.0
2024-04-17,298.32,300.045,293.27,293.58,1458944.0,295.7988,32797.0,0.0034430574856273,0.0995505617977532,0.0236709288784296,-0.0014830021830912,275.0563,278.1363,27.4713,26.0422,63.7228,39.2488,75.8686,33.3333,76.6667,313.8119,275.0563,236.3008,76755220.235,160752655.0
2024-04-16,291.13,300.93,289.01,298.08,1580519.0,296.9324,31149.0,0.0035759077271732,0.1040000000000005,0.0235775040993206,-0.0014830021830912,274.1703,277.0712,27.0105,28.61,66.0022,39.4577,84.2273,36.6667,80.0,312.4032,274.1703,235.9374,78091858.2048,162223934.0
2024-04-15,302.72,304.59,290.35,290.52,1778260.0,295.2932,42851.0,0.0034983869815645,0.1014976303317538,0.0235072935742882,-0.0014830021830912,273.2343,275.6223,23.6447,35.5182,63.9054,39.6737,89.1291,40.0,83.3333,310.4411,273.2343,236.0275,77264446.8793,160638284.0
2024-04-12,301.0,303.355,299.0,300.45,1419981.0,300.9609,25832.0,0.0055542687478806,0.1717561717561722,0.0229103825112836,0.0014463293827517,272.342,274.5949,35.1749,48.8801,69.3349,39.845,123.9649,43.3333,86.6667,309.1294,272.342,235.5546,79162036.0296,162582289.0
2024-04-11,300.79,305.74,299.02,303.57,1134701.0,302.9822,26698.0,0.0064465777892837,0.2034489593657085,0.022797409164218,0.0036278310099547,270.874,272.8118,47.735,64.9818,71.1715,39.6671,150.2237,0.0,90.0,306.5559,270.874,235.1921,79636449.8883,164002270.0
2024-04-10,297.79,303.45,296.0,299.99,1511202.0,300.4419,31803.0,0.005947345495514,0.1856374990119358,0.0228357371223357,0.0014463293827517,269.1633,270.6905,63.7304,78.9977,70.2989,39.4823,160.4333,3.3333,93.3333,303.2984,269.1633,235.0283,79234576.6175,162867569.0
2024-04-09,308.6,309.585,299.11,300.73,2541840.0,302.1751,47452.0,0.0057718416903819,0.1793795835130791,0.0229197603934584,0.0014463293827517,267.5977,268.6699,83.4801,88.1736,70.7266,39.3276,206.3784,6.6667,96.6667,300.2081,267.5977,234.9872,79127068.2873,164378771.0
2024-04-08,309.2,313.1591,307.41,309.07,1721212.0,310.1237,38484.0,0.0065268394872389,0.206833268254589,0.0221897408525278,0.0014463293827517,266.073,266.4589,89.7826,86.681,75.7485,39.0387,288.7204,0.0,100.0,296.552,266.073,235.594,80881335.8019,166918640.0
2024-04-05,298.68,313.068,298.68,310.31,2988374.0,309.5677,59146.0,0.0077321015259686,0.2506448492664841,0.0225642653857982,0.0036278310099547,264.3073,263.5202,91.2581,78.6704,76.5295,38.3741,343.6867,0.0,100.0,290.4466,264.3073,238.1681,81606570.3079,168635097.0
2024-04-04,293.0,304.0,292.75,295.96,3554016.0,298.5411,62338.0,0.0065279856449696,0.2075564078501781,0.0212849129034844,0.0036278310099547,262.2343,260.2933,79.0022,62.8391,73.4695,37.6877,334.9745,0.0,100.0,282.7,262.2343,241.7687,79765975.0013,165650146.0
2024-04-03,285.04,293.0,279.0,291.77,4623249.0,287.1229,71078.0,0.0062807415344266,0.1987263763352502,0.0212355157345313,0.0036278310099547,260.5387,257.8335,65.7509,46.0678,72.4559,37.0915,291.3369,0.0,100.0,277.7106,260.5387,243.3667,81289318.7906,162101985.0
2024-04-02,261.44,270.72,261.38,269.58,1930591.0,267.9692,35330.0,0.0031511804662538,0.0947411167512695,0.0160959911591417,0.0014463293827517,258.9263,255.493,43.7641,32.8655,65.7588,36.6337,95.49,3.3333,86.6667,272.84,258.9263,245.0127,77482149.972,157483236.0
2024-04-01,262.97,267.24,260.8,266.43,1122824.0,264.6134,24937.0,0.0028575518308415,0.0852103783959921,0.0160152634064841,0.0012544042460255,258.1487,254.5215,28.6885,32.2298,64.5769,36.5887,75.272,6.6667,90.0,272.2008,258.1487,244.0966,76123104.5074,155685292.0
2024-03-28,258.53,268.545,258.0,263.9,1371668.0,265.0104,29964.0,0.0027209189950717,0.0808043576196915,0.01597470287231,0.0012544042460255,257.4513,253.7003,26.144,45.9592,63.6015,36.6264,65.9985,0.0,93.3333,271.8621,257.4513,243.0405,75312860.262,154602725.0
2024-03-27,267.0,269.72,257.56,260.2,1427218.0,260.7077,30428.0,0.0031110702900247,0.09327731092437,0.0163883521305291,0.0012544042460255,256.7937,252.9968,41.8569,64.0404,62.1271,36.6653,60.0556,0.0,96.6667,271.7575,256.7937,241.8299,75149612.9088,153231057.0
2024-03-26,273.01,278.3,262.65,262.81,1956367.0,267.4212,37148.0,0.0039136720374491,0.1198653485597409,0.0163194245956693,0.0032060589805614,256.0537,252.5,69.8767,78.7634,63.8918,36.7056,116.9132,3.3333,100.0,272.4021,256.0537,239.7052,75957117.8298,154658275.0
2024-03-25,263.01,264.95,260.89,261.92,824685.0,262.5599,21026.0,0.0029572776034915,0.0878431698301285,0.017141646371705,0.0012544042460255,255.116,251.789,80.3876,76.6307,63.5506,36.4913,73.4558,6.6667,63.3333,272.9648,255.116,237.2672,77873482.4375,152701908.0
2024-03-22,259.38,265.46,258.89,264.95,868220.0,263.7791,21331.0,0.003444032761837,0.1039123369859593,0.0169320673927436,0.0030903342857774,254.411,251.0903,86.0257,66.7652,65.5908,36.5872,82.2324,10.0,66.6667,272.792,254.411,236.03,78279731.206,153526593.0
2024-03-21,264.21,264.67,258.5,259.64,1097571.0,261.1521,26482.0,0.0026488232399917,0.0781048872648766,0.0166728660386534,0.0012544042460255,253.5797,250.1345,63.4787,47.8206,63.6118,36.6863,67.7085,0.0,70.0,272.2327,253.5797,234.9266,77546303.3521,152658373.0
2024-03-20,256.17,262.41,254.42,261.72,1587644.0,258.7516,29739.0,0.0041943514024449,0.1284925836495345,0.0177342021068349,0.0030903342857774,252.9527,249.4789,50.7911,35.3995,65.028,36.8094,59.2744,3.3333,73.3333,272.0089,252.9527,233.8964,78238288.9582,153755944.0
2024-03-19,253.95,254.78,249.58,252.76,1067565.0,252.5989,24539.0,0.0043072427157909,0.1321836506159022,0.0179423574347878,0.0030903342857774,251.9593,248.6347,29.1919,26.3514,61.4546,36.9956,5.9742,0.0,76.6667,272.1566,251.9593,231.7621,76924856.3124,152168300.0
2024-03-18,257.0,257.675,251.61,254.15,883838.0,254.4063,21004.0,0.0046064194426132,0.1424012226367601,0.0178514456030152,0.0033363127182896,250.9757,248.3502,26.2157,23.9915,62.4109,37.4032,27.1095,0.0,80.0,273.6444,250.9757,228.307,76686707.197,153235865.0
2024-03-15,256.99,256.99,252.51,254.89,1432147.0,254.7787,25577.0,0.0052375373867571,0.1640938984289373,0.0179093877135255,0.0036818843057406,249.9197,247.9502,23.6466,21.0719,62.9148,37.7215,33.7644,0.0,83.3333,274.7473,249.9197,225.0921,76830589.3059,154121799.0
2024-03-14,257.55,259.4,255.59,257.13,847131.0,257.1261,18284.0,0.0060867025565361,0.1940097515672154,0.0178316398197368,0.0046728287944529,248.722,247.4716,22.1122,16.8216,64.4369,38.005,53.5897,0.0,86.6667,275.8362,248.722,221.6078,76741080.1184,155553946.0
2024-03-13,258.27,260.49,255.38,257.26,924816.0,257.7258,22103.0,0.0057558458495936,0.1821523757007626,0.0180417274840243,0.0046728287944529,247.3293,246.8055,17.457,20.297,64.5245,38.1398,60.0364,3.3333,90.0,276.7655,247.3293,217.8932,76902177.7063,156394743.0
2024-03-12,255.5,259.736,254.955,258.09,1351010.0,257.9553,27159.0,0.0057120898438901,0.1805955811719504,0.0180650101584159,0.0046728287944529,246.008,246.0845,10.8956,33.4118,65.0703,38.2793,63.8379,6.6667,93.3333,277.057,246.008,214.959,77146082.2855,157317967.0
2024-03-11,258.5,259.0,253.25,254.45,2489454.0,255.8203,46927.0,0.0059072309204358,0.1874095851416308,0.0181879827060626,0.0046728287944529,244.692,245.2566,32.5384,57.4057,63.7711,38.4421,57.7926,0.0,96.6667,276.9059,244.692,212.4781,76726976.2803,155972268.0
2024-03-08,269.5,272.44,259.24,259.4,1968096.0,263.6348,41558.0,0.0065604337462775,0.2111308245401069,0.0176218482499594,0.0046728287944529,243.3533,244.6226,56.8013,74.4985,67.0495,38.6284,101.8447,0.0,100.0,277.1336,243.3533,209.573,78174192.0108,158456295.0
2024-03-07,268.0,271.72,266.02,270.35,921483.0,269.5111,22473.0,0.0083904697910467,0.2804300464147014,0.0153426110040821,0.0062156414454428,241.846,243.6034,82.8776,85.7783,75.331,38.5218,134.0572,0.0,96.6667,276.6478,241.846,207.0442,80094576.5926,160424391.0
2024-03-06,270.0,272.0775,267.42,268.03,1181270.0,269.127,24554.0,0.0088163112172227,0.2966474771418892,0.0155203264004944,0.0062156414454428,239.8723,241.7588,83.8165,89.5287,74.6907,38.036,140.3223,0.0,100.0,274.7,239.8723,205.0446,79616052.0873,159502908.0
2024-03-05,268.36,270.265,263.28,267.0,2482498.0,266.1881,39705.0,0.0088562767584242,0.298196139446687,0.015509045835893,0.0062156414454428,237.8283,239.947,90.6409,90.0141,74.4057,37.4513,136.8524,0.0,96.6667,273.0018,237.8283,202.6548,80487896.5586,158321638.0
2024-03-04,263.56,271.56,262.49,270.0,2793041.0,268.2143,46632.0,0.0093829658235335,0.3189389868594601,0.015084493124011,0.0062156414454428,235.784,238.0813,94.1287,85.8653,76.8426,36.8774,148.4602,0.0,100.0,271.0669,235.784,200.5011,80326187.6695,160804136.0
2024-03-01,256.15,263.82,254.54,263.75,2303948.0,260.973,39760.0,0.0085751745104505,0.2877160433551413,0.0149445715310502,0.0052723119124764,233.6077,235.88,85.2728,80.7215,75.2073,36.2837,122.2045,0.0,100.0,268.2282,233.6077,198.9871,78493928.1381,158011095.0
2024-02-29,254.36,257.36,252.765,256.41,1336493.0,255.5281,26524.0,0.0086511057621418,0.2905677471310652,0.0150516574583049,0.0052723119124764,231.6433,233.9579,78.1944,82.1363,73.0465,35.806,105.6183,0.0,100.0,265.8852,231.6433,197.4015,76224737.9743,155707147.0
2024-02-28,250.97,253.44,249.38,252.25,1657466.0,251.4869,27613.0,0.0073358755445338,0.2404720924514387,0.0160029194586995,0.0048731024904178,229.719,232.4095,78.6974,87.0453,71.695,35.4403,94.6055,3.3333,93.3333,264.6587,229.719,194.7793,75440875.3769,154370654.0
2024-02-27,255.82,255.99,250.54,253.02,1529954.0,253.122,32928.0,0.0074898541926714,0.2462197704772701,0.0159243423993257,0.0048731024904178,228.089,231.0412,89.517,88.6904,72.344,35.1468,106.7794,6.6667,96.6667,263.2341,228.089,192.9439,74755027.3769,156028120.0
2024-02-26,255.49,256.43,250.23,254.99,1754017.0,254.1153,32806.0,0.0081142099646844,0.2697440493974703,0.0156808644568068,0.0052723119124764,226.4227,229.5254,92.9215,84.0808,74.0009,34.7772,117.6399,10.0,100.0,261.4216,226.4227,191.4237,74892582.8742,157558074.0
2024-02-23,249.28,256.29,247.95,256.1,2492750.0,253.5193,38819.0,0.0089413075412067,0.3013872656130902,0.0156568182850861,0.0062156414454428,224.617,227.7693,83.6326,78.3897,74.9357,34.3948,125.6966,13.3333,100.0,259.1202,224.617,190.1138,73952906.6742,159312891.0
2024-02-22,247.96,249.22,243.99,248.12,1728492.0,247.1092,33912.0,0.0085203007940372,0.2854626463578902,0.0151896048808375,0.0062156414454428,222.64,225.8154,75.6884,78.6057,72.5236,34.002,109.8107,16.6667,100.0,256.4915,222.64,188.7885,71573735.2114,156820141.0
2024-02-21,243.29,245.64,240.73,245.09,1897482.0,243.8893,31304.0,0.0073933783800315,0.2425348542458811,0.016090132279327,0.0052723119124764,220.8033,224.2772,75.8482,84.1016,71.5176,33.7435,104.198,20.0,66.6667,254.9039,220.8033,186.7028,70572333.5364,155091649.0
2024-02-20,244.14,246.5,239.66,243.4,2222584.0,242.8969,37463.0,0.0078044180596246,0.2577511368334024,0.0162302807795255,0.0052723119124764,219.2087,222.8418,84.2805,86.6021,70.9439,33.5574,110.1523,23.3333,70.0,253.0908,219.2087,185.3265,69099949.3368,153194167.0
2024-02-16,245.46,248.5032,243.38,246.25,1548596.0,246.1854,29962.0,0.0083529078076169,0.2786893758438054,0.0158394794847936,0.0052723119124764,217.546,221.424,92.1763,80.1818,73.3521,33.3649,132.2334,0.0,73.3333,251.4119,217.546,183.6801,68891988.2608,155416751.0
2024-02-15,244.17,247.7,242.19,245.51,1808165.0,245.0794,31650.0,0.0090753943610186,0.3063211663296787,0.0160720982862777,0.0082464298391583,215.757,219.7119,83.3495,68.2777,73.1232,32.9704,139.3304,0.0,76.6667,249.0338,215.757,182.4802,68705547.362,153868155.0
2024-02-14,240.72,244.38,239.14,244.17,1623561.0,242.3061,31293.0,0.008740625546617,0.2932733050847451,0.0162469777821109,0.0080307620653506,213.838,217.9327,65.0195,60.2867,72.7127,32.5787,139.2765,0.0,80.0,246.6672,213.838,181.0088,68334725.8647,152059990.0
2024-02-13,231.34,238.52,228.07,238.0,1798271.0,236.235,41423.0,0.0080343568862073,0.2665637805332344,0.0159423101919487,0.0049688662587621,211.9923,216.1232,56.4642,63.0323,70.7226,32.2415,113.2959,3.3333,83.3333,244.0087,211.9923,179.976,66841297.6166,150436429.0
2024-02-12,238.38,239.395,233.355,234.68,2824278.0,235.7383,48554.0,0.0074144483996711,0.243337748344371,0.0160537565658347,0.0048086991572314,210.3227,214.6145,59.3765,66.361,69.5681,32.0206,126.444,6.6667,86.6667,241.9618,210.3227,178.6835,65221993.2999,148638158.0
2024-02-09,239.55,242.21,238.0401,240.77,2049368.0,240.6343,32803.0,0.0079912884393476,0.2654123088243023,0.0151538040557174,0.0048086991572314,208.7917,213.2306,73.2561,70.7189,74.798,31.5078,160.8625,10.0,90.0,240.0104,208.7917,177.573,66807142.7071,151462436.0
2024-02-08,238.0,244.29,237.6508,240.01,2745844.0,241.0242,40145.0,0.0079542015749948,0.2640088476932796,0.0151669223958479,0.0048086991572314,207.1083,211.3314,66.4506,71.1985,74.5673,30.7055,181.7931,13.3333,93.3333,236.6492,207.1083,177.5674,66173199.4991,149413068.0
2024-02-07,230.02,243.01,227.52,240.83,4757663.0,239.0931,73076.0,0.0081186851735994,0.2702674191676775,0.0150692852102973,0.0048086991572314,205.4373,209.3535,72.4501,74.631,75.286,29.8755,185.1554,16.6667,96.6667,232.9462,205.4373,177.9285,66968530.8214,152162112.0
2024-02-06,241.01,248.67,228.972,231.92,7779931.0,237.7584,123061.0,0.0062745935091038,0.2025926886180966,0.0146270956549881,0.0047129353888871,203.7293,207.1827,74.6948,70.2245,72.5025,29.0386,203.653,20.0,100.0,228.4585,203.7293,179.0001,63550016.3482,147404449.0
2024-02-05,220.55,223.83,219.36,223.25,3771188.0,222.1569,67656.0,0.0057113614323936,0.1830321657569813,0.0136555132516536,0.0047129353888871,202.427,205.4767,76.748,62.2614,69.2442,28.0906,135.3512,23.3333,96.6667,225.1111,202.427,179.7429,69001260.5183,139624518.0
2024-02-02,221.34,224.45,218.57,222.47,1725063.0,221.9588,36964.0,0.005224179596908,0.1658020227427554,0.0139823036702735,0.0047129353888871,201.2757,204.251,59.2308,57.7446,68.924,27.6252,146.2403,26.6667,100.0,223.1055,201.2757,179.4459,66178402.1783,135812380.0
2024-02-01,217.25,219.9376,216.68,218.96,1174372.0,218.657,25685.0,0.0043082219419312,0.1342726895980108,0.0141435231378153,0.0033717448196509,200.221,202.9945,50.8055,65.0717,67.4497,27.1438,137.3425,30.0,93.3333,220.8788,200.221,179.5632,65615116.3007,134087317.0
2024-01-31,214.01,219.52,213.31,215.35,1191662.0,216.7005,26116.0,0.003900349711931,0.1206223656137801,0.013953617105203,0.0032905851510263,199.357,201.8934,63.1974,79.0177,65.8384,26.7707,133.2818,33.3333,96.6667,218.9482,199.357,179.7658,65145598.2221,132912945.0
2024-01-30,222.3,224.0,217.46,217.62,1796956.0,219.6584,34941.0,0.0035716974661592,0.1094570481774159,0.0143963837463813,0.0032905851510263,198.5843,200.9654,81.2122,86.0805,67.8809,26.3966,179.757,36.6667,100.0,217.4048,198.5843,179.7638,65554332.5313,134104607.0
2024-01-29,216.0,219.2,214.8,218.61,1287023.0,217.3267,27191.0,0.0031645614237729,0.0958444032282321,0.0147871144679896,0.0032905851510263,197.8687,199.8168,92.6436,86.2151,68.7805,25.741,188.5902,40.0,100.0,215.3226,197.8687,180.4148,67263364.0787,135901563.0
2024-01-26,213.06,215.0699,211.77,214.29,1545406.0,213.9141,27753.0,0.0025746519154304,0.0768341708542714,0.0144464352684931,0.0022581201774619,197.2313,198.5207,84.3857,80.9158,66.932,25.19,176.7091,43.3333,93.3333,212.9158,197.2313,181.5468,66321497.2469,134614540.0
2024-01-25,211.43,214.19,210.34,214.18,1217990.0,212.8727,26955.0,0.0027665399099118,0.0830299352750805,0.0144560130636637,0.0034947765313532,196.7217,197.4332,81.6161,78.3807,66.8837,24.7396,192.4722,46.6667,96.6667,211.0946,196.7217,182.3487,65506575.2854,133069134.0
2024-01-24,213.0,215.32,209.18,211.14,1896879.0,212.0626,37057.0,0.0022377963618751,0.0660944206008584,0.0143102650477908,0.0022581201774619,196.1743,196.2782,76.7455,75.6019,65.54,24.3002,205.8363,50.0,100.0,209.0152,196.1743,183.3334,64294912.5062,131851144.0
2024-01-23,205.32,207.49,204.575,206.71,1147980.0,206.4912,22631.0,0.0019030303325468,0.0556122970074559,0.0139707983895597,0.0022581201774619,195.738,195.2533,76.7806,72.1505,63.4511,23.8455,155.7199,53.3333,90.0,207.3455,195.738,184.1305,64980444.1674,129955124.0
2024-01-22,206.0,208.38,204.22,205.67,1168989.0,205.9019,26398.0,0.0020836507519643,0.0613034728314156,0.0140452308660204,0.0022581201774619,195.375,194.4631,73.2796,71.2296,62.9413,23.6233,172.3516,56.6667,93.3333,206.245,195.375,184.505,64446820.5311,128807144.0
2024-01-19,205.93,206.45,202.3,204.71,1323747.0,204.1116,27515.0,0.0010025210330766,0.0270419426048564,0.0150176648982484,0.0018150252762703,194.979,193.6903,66.3912,73.6457,62.4742,23.3935,164.5817,60.0,96.6667,205.1639,194.979,184.7941,64800889.3147,127638155.0
2024-01-18,200.81,209.875,200.81,204.82,2474536.0,205.5482,47262.0,0.0019045279245834,0.0548488437966736,0.0156954679978541,0.0022581201774619,194.7993,192.9303,74.018,83.0972,62.5615,23.2211,193.486,63.3333,100.0,204.4683,194.7993,185.1303,64587175.9436,128961902.0
2024-01-17,196.64,199.79,191.88,198.68,3307775.0,196.8199,51758.0,0.0033611594207961,0.0995627870939175,0.0198081344424424,0.0022581201774619,194.4443,192.1103,80.5278,88.0555,59.5071,23.0429,48.3367,0.0,93.3333,203.369,194.4443,185.5196,64872436.8504,126487366.0
2024-01-16,201.16,203.75,198.01,203.35,2141139.0,202.3739,46167.0,0.0033307472996859,0.0985360056182802,0.0198491889234457,0.0022581201774619,193.8447,191.6572,94.7457,87.1664,63.3044,23.2371,142.4766,3.3333,96.6667,203.8967,193.8447,183.7926,62472943.7088,129823041.0
2024-01-12,200.95,204.03,198.45,203.03,1927777.0,202.2614,36589.0,0.0037901584204458,0.1136525697986949,0.0199624349892861,0.0034947765313532,193.2367,190.8508,88.8931,81.2466,63.1486,23.0371,152.0954,6.6667,100.0,203.1205,193.2367,183.3528,60630221.2942,127681902.0
2024-01-11,198.27,200.94,194.66,200.82,2041327.0,198.5652,36630.0,0.0033685675737698,0.0997207162805977,0.019939155347399,0.0022581201774619,192.546,190.0109,77.8603,77.6861,62.0739,22.7995,106.8536,10.0,20.0,202.4915,192.546,182.6005,59393403.7924,125754125.0
2024-01-10,193.25,199.64,193.25,196.79,1860773.0,196.8108,36407.0,0.002607637702216,0.0751201923076916,0.0197058908483499,0.0017917726690459,191.939,189.2654,76.9865,79.2137,60.0184,22.6727,74.6727,13.3333,23.3333,202.0125,191.939,181.8655,57430089.2892,123712798.0
2024-01-09,196.98,198.24,192.35,193.02,1130871.0,194.2619,27667.0,0.0022024089977175,0.0623004953219583,0.019477372458974,0.0017917726690459,191.4807,188.7465,78.2116,74.405,57.958,22.5934,46.4027,0.0,26.6667,201.8757,191.4807,181.0857,57229160.7493,121852025.0
2024-01-08,195.2,197.7451,193.32,197.25,1545074.0,196.5476,34176.0,0.0030092172916711,0.0885761589403979,0.0189759756086026,0.0022581201774619,191.1033,188.4518,82.4431,65.6567,61.3894,22.5676,73.6829,3.3333,30.0,202.0544,191.1033,180.1523,58102753.7969,122982896.0
2024-01-05,192.62,195.08,192.24,193.52,1395725.0,193.5642,31980.0,0.0028368483425089,0.0830535034698904,0.0188505175980695,0.0022581201774619,190.5683,187.845,62.5603,47.6454,59.3373,22.4781,42.1656,0.0,33.3333,201.8298,190.5683,179.3069,56903419.3903,121437822.0
2024-01-04,190.0,195.52,187.45,192.58,2576773.0,193.1516,49530.0,0.0024554567868877,0.0707216724118757,0.0189209150936828,0.0017917726690459,190.0737,187.4536,51.9667,32.5177,58.8039,22.4909,22.3009,0.0,36.6667,202.0538,190.0737,178.0935,57040945.7283,120042912.0
2024-01-03,187.34,189.49,185.71,187.94,977346.0,187.3424,22175.0,0.0023538850752531,0.0675376313547286,0.0188091379979602,0.0017917726690459,189.6497,187.1001,28.4091,18.7898,56.0532,22.5043,-25.5623,0.0,40.0,202.1347,189.6497,177.1646,56341672.758,117466139.0
2024-01-02,188.05,190.28,185.37,188.8,1385808.0,187.9768,31375.0,0.002652153608312,0.0771337288909177,0.0187681159165209,0.0022581201774619,189.2533,187.0421,17.1773,15.5709,56.7319,22.7721,-13.9433,0.0,43.3333,202.6518,189.2533,175.8549,56165853.9009,118443485.0
2023-12-29,189.31,189.97,187.89,187.91,1379480.0,188.747,29718.0,0.0027858665429324,0.0814341620626153,0.018796755775694,0.0022581201774619,188.8027,186.9209,10.7829,18.0793,56.2014,23.0492,-3.163,3.3333,46.6667,203.1105,188.8027,174.4949,55615482.0883,117057677.0
2023-12-28,191.67,192.44,188.72,188.75,721931.0,189.442,17829.0,0.0028099825629724,0.0822200561894388,0.0187879183787175,0.0022581201774619,188.331,186.8527,18.7523,26.4397,56.8372,23.1841,14.8864,6.6667,50.0,203.6244,188.331,173.0376,56978486.5113,118447407.0
2023-12-27,190.36,192.0312,190.03,190.27,742682.0,190.7466,16844.0,0.0037072225054696,0.1115849740024541,0.0188932288958481,0.0026108467281218,187.853,186.7218,24.7026,30.0541,57.9847,23.2728,26.0238,0.0,53.3333,203.9399,187.853,171.7661,57688773.463,119169338.0
2023-12-26,189.99,191.42,189.23,189.88,1120965.0,189.8692,16973.0,0.0036757995815927,0.1105392443560653,0.0188967361033539,0.0026108467281218,187.2163,186.4771,35.8642,30.8083,57.7732,23.2847,24.822,0.0,56.6667,204.3481,187.2163,170.0845,58252455.1415,118427792.0
2023-12-22,192.83,193.42,188.56,189.59,1328245.0,190.0168,23575.0,0.0037618415703575,0.1134014564247127,0.018892644207118,0.0034351290511771,186.5863,186.2425,29.5957,24.1297,57.6199,23.3202,31.4873,3.3333,60.0,204.645,186.5863,168.5277,58708007.1279,117306827.0
2023-12-21,195.31,195.715,192.605,192.85,1556983.0,193.3246,25411.0,0.0043861142722862,0.1346119903512392,0.0185048946944932,0.0034351290511771,185.9427,186.0116,26.9649,19.6974,59.9864,23.3569,59.5711,0.0,63.3333,204.8822,185.9427,167.0031,59473251.1608,118635072.0
2023-12-20,190.24,192.25,188.01,188.71,1133972.0,190.016,20932.0,0.0045551355858604,0.1402416918429005,0.0186867074276999,0.0034351290511771,185.18,185.54,15.8286,19.7909,57.8619,23.1538,34.1023,3.3333,66.6667,204.7768,185.18,165.5832,60784921.7267,117078089.0
2023-12-19,192.58,193.9724,190.211,190.83,1530087.0,191.6146,29270.0,0.0045786407470756,0.1410547715857453,0.0186674225210928,0.0034351290511771,184.4063,185.3213,16.2986,28.655,59.4237,23.065,53.0412,6.6667,70.0,205.1818,184.4063,163.6309,61544469.0097,118212061.0
2023-12-18,190.74,194.75,189.17,193.04,2576883.0,192.8643,39003.0,0.0044229361137441,0.1356630191787273,0.0188193174167664,0.0034351290511771,183.62,184.9414,27.2454,44.0808,61.0853,22.8366,62.7265,10.0,73.3333,205.136,183.62,162.104,62547777.7873,119707601.0
2023-12-15,195.1,195.455,191.42,192.17,2245951.0,192.901,39865.0,0.004803974749373,0.1485864562787644,0.0189329532723848,0.0034351290511771,182.8513,184.3829,42.4209,57.1297,60.6667,22.6004,72.9858,13.3333,76.6667,204.6125,182.8513,161.0902,61550274.6905,117130718.0
2023-12-14,198.35,200.82,195.52,196.15,2048754.0,197.5051,34192.0,0.0054166956746299,0.1701366103919346,0.0184008740543826,0.0034351290511771,182.0227,183.8459,62.5761,63.3878,63.6962,22.2173,110.6878,0.0,80.0,204.1908,182.0227,159.8545,62961299.6682,119376669.0
2023-12-13,199.02,202.33,196.301,199.49,2161520.0,199.1784,34899.0,0.0065554280210564,0.210791454236465,0.0180479796102158,0.0042519237249529,181.072,182.9973,66.3921,63.1781,66.3854,21.5546,134.0342,0.0,83.3333,203.1813,181.072,158.9627,64522991.3965,121425423.0
2023-12-12,197.13,199.99,195.7,199.0,1254512.0,198.2703,25706.0,0.0069016208816319,0.2233355873855047,0.0180657462625069,0.0053315988916116,179.9143,181.8599,61.1953,62.1354,66.1829,20.8166,136.2214,0.0,86.6667,201.6792,179.9143,158.1495,64397867.7475,119263903.0
2023-12-11,200.0,200.0,196.32,197.76,1593240.0,198.2378,30637.0,0.0073871013546566,0.2410417320363982,0.0182371372800738,0.0058838824309284,178.7033,180.6778,61.947,66.2722,65.6771,20.1165,146.1089,0.0,90.0,200.1258,178.7033,157.2809,63722361.2859,118009391.0
2023-12-08,192.26,198.39,191.0,198.05,1729918.0,196.8014,35945.0,0.0076400609336014,0.2504735446394743,0.0181650973669455,0.0067496521431947,177.423,179.4997,63.2638,69.8366,65.8999,19.3517,140.8572,0.0,93.3333,198.7276,177.423,156.1184,64068717.8077,119602631.0
2023-12-07,193.95,196.3,193.02,195.82,1238718.0,195.2556,26357.0,0.006551854350047,0.2101099987640589,0.0188720770307035,0.0052587409582728,176.1007,178.2204,73.606,68.1305,65.0178,18.603,147.4156,3.3333,96.6667,197.0414,176.1007,155.16,62497980.3544,117872713.0
2023-12-06,199.0,202.88,193.58,193.79,1864768.0,196.5492,38584.0,0.0044816062392543,0.1357322862333712,0.0215453556184693,0.0042519237249529,174.9673,177.0066,72.64,63.2696,64.2029,17.8842,176.4499,6.6667,100.0,195.1841,174.9673,154.7505,61621813.9641,116633995.0
2023-12-05,192.9,199.97,191.26,199.32,3133142.0,197.7061,52519.0,0.0088602688900766,0.2891792251471454,0.0271661047495998,0.0052587409582728,174.1953,175.8492,58.1455,57.746,68.3987,17.1062,201.1266,0.0,96.6667,193.2112,174.1953,155.1794,63401188.3641,118497529.0
2023-12-04,193.0,201.415,192.0,194.17,6862758.0,195.7148,108007.0,0.0090189422668575,0.2951574172892213,0.0272824603942068,0.0052587409582728,172.705,174.2305,59.0232,62.5206,66.4233,16.3779,210.1603,0.0,100.0,190.5851,172.705,154.8249,60735679.4985,115364387.0
2023-12-01,180.73,183.34,179.66,180.69,1628242.0,181.5636,34605.0,0.0065210652309747,0.2048409681936391,0.0244465450914885,0.0042519237249529,171.23,172.8554,56.0691,66.0874,60.1148,15.5805,93.8706,3.3333,96.6667,189.0845,171.23,153.3755,64434935.6695,108501629.0
2023-11-30,183.03,185.59,180.6462,185.11,1597433.0,184.1449,31218.0,0.0075520138928277,0.2430163846360464,0.0237860725017115,0.0052587409582728,170.206,172.315,72.4694,74.1886,63.9214,15.3387,122.2162,6.6667,100.0,189.2565,170.206,151.1555,65151716.1151,110129871.0
2023-11-29,183.0,184.28,180.42,182.31,1013346.0,182.3999,23844.0,0.0052582479688351,0.1587745503082698,0.026125551619652,0.0042519237249529,168.9997,171.4326,69.7236,79.3217,62.466,15.0253,117.0372,10.0,96.6667,188.6948,168.9997,149.3046,63864476.8284,108532438.0
2023-11-28,183.0,184.92,182.04,182.61,845855.0,182.9406,21226.0,0.0051464693019897,0.1548823678219073,0.0261619872545364,0.0042519237249529,168.167,170.6825,80.3728,84.621,62.7281,14.7522,132.186,13.3333,100.0,187.6518,168.167,148.6822,63885478.8181,109545784.0
2023-11-27,182.0,184.485,181.36,183.04,1204475.0,183.5128,27271.0,0.0062146175160011,0.1919770773638971,0.026486295603056,0.0052587409582728,167.3507,169.8599,87.8685,86.3335,63.0949,14.368,138.6212,16.6667,100.0,186.3937,167.3507,148.3076,64396516.2139,110391639.0
2023-11-24,179.22,182.305,178.73,181.7,499093.0,181.0283,12645.0,0.0050074958433182,0.1491272451302807,0.0272209486717694,0.0042519237249529,166.368,168.9509,85.6218,85.416,62.4332,13.9865,129.2333,20.0,96.6667,185.1114,166.368,147.6246,64305939.6939,109187164.0
2023-11-22,179.63,182.5,179.0,181.2,1231020.0,181.317,25724.0,0.0052455072921183,0.157309829469247,0.0272314657504875,0.0052587409582728,165.582,168.0716,85.5102,85.9996,62.1886,13.6723,138.2291,23.3333,100.0,183.6533,165.582,147.5107,63975770.4785,108688071.0
2023-11-21,178.54,180.18,178.01,178.68,1479568.0,179.0988,29381.0,0.0045575420217033,0.1337563451776657,0.0272596852043718,0.0042519237249529,164.761,167.1662,85.1161,84.2289,60.9502,13.3314,130.8172,26.6667,96.6667,182.1443,164.761,147.3777,63659222.4785,107457051.0
2023-11-20,175.04,180.95,175.0,179.86,1319029.0,179.3309,27942.0,0.0050212503394696,0.1496324704378402,0.0271848297811555,0.0052587409582728,164.0583,166.3722,87.3726,83.1399,61.8674,13.0637,138.5254,30.0,100.0,180.8277,164.0583,147.289,64225140.1928,108936619.0
2023-11-17,175.72,177.02,174.67,176.05,1024280.0,175.7674,25176.0,0.0034526706986097,0.0966797483336452,0.0275359251198473,0.0042519237249529,163.278,165.442,80.1979,78.7033,59.988,12.7868,123.1541,33.3333,100.0,179.1903,163.278,147.3657,63389385.6836,107617590.0
2023-11-16,171.85,176.34,170.62,175.28,1301688.0,174.7827,23918.0,0.0039885429028118,0.1142330430360436,0.027704919159196,0.0051176934372193,162.7607,164.7104,81.8494,75.7325,59.599,12.6466,115.4774,36.6667,96.6667,177.9721,162.7607,147.5493,63210681.5134,106593310.0
2023-11-15,174.43,176.65,173.68,173.76,1248130.0,174.8069,28186.0,0.0032227916301532,0.0888582529138994,0.0278797195618596,0.0029673637358851,162.1617,163.9815,74.0626,67.7646,58.8354,12.5277,132.0053,40.0,100.0,176.7567,162.1617,147.5666,62391437.3176,105291622.0
2023-11-14,174.56,175.0,171.05,174.41,1236119.0,173.3188,28006.0,0.0044408003188163,0.1287942527991719,0.0283438198483691,0.0051176934372193,161.689,163.3071,71.2855,64.8226,59.2987,12.2401,131.7029,43.3333,90.0,175.6559,161.689,147.7221,63572327.991,106539752.0
2023-11-13,170.0,173.23,169.02,171.17,1307666.0,171.6255,27037.0,0.0030508833560188,0.0826007210170136,0.0286203212717997,0.0029673637358851,161.0257,162.5414,57.9457,58.9815,57.6933,12.0023,117.7286,46.6667,93.3333,174.3901,161.0257,147.6612,62705479.9834,105303633.0
2023-11-10,169.52,171.67,167.6401,170.98,977414.0,169.8848,21604.0,0.0037618157752421,0.1056647697878945,0.0288274557113033,0.0051176934372193,160.5903,161.9463,65.2365,58.4829,57.5985,11.8211,117.2994,50.0,96.6667,173.4458,160.5903,147.7348,62677525.1283,103995967.0
2023-11-09,171.2,175.15,170.21,170.28,1450953.0,172.1723,28440.0,0.0038657818136744,0.1090991988536442,0.0288341506346954,0.0065876380911116,160.0457,161.3233,53.7622,56.4016,57.2573,11.6913,153.1776,53.3333,100.0,172.4717,160.0457,147.6197,62034817.0316,103018553.0
2023-11-08,165.87,170.3,164.83,169.97,1403286.0,168.5961,27582.0,0.0037572902944473,0.1054959349593496,0.0288477494616309,0.0065876380911116,159.4873,160.7056,56.4502,63.2812,57.1096,11.4246,123.5625,56.6667,63.3333,171.5228,159.4873,147.4518,63444649.9061,101567600.0
2023-11-07,168.45,168.77,165.28,165.5,1473976.0,166.6398,25609.0,0.0031610924939869,0.0862431084274086,0.0285442715739026,0.0065876380911116,158.9467,160.0667,58.9925,73.3795,54.9389,11.3279,110.2807,60.0,66.6667,170.4975,158.9467,147.3958,62210681.7782,100164314.0
2023-11-06,169.58,169.695,165.59,167.24,1108738.0,167.3891,23039.0,0.0028306018099236,0.0753600823045264,0.0287560315454652,0.0065876380911116,158.5087,159.6919,74.4009,79.5232,56.0055,11.2874,135.7476,63.3333,70.0,170.0288,158.5087,146.9886,63498826.9931,101638290.0
2023-11-03,167.5,170.95,167.05,169.98,1370135.0,169.6883,27681.0,0.0031909665093003,0.0871762072273756,0.0285835169670554,0.0065876380911116,158.118,159.1714,86.7452,77.2169,57.711,11.2301,181.1625,66.6667,73.3333,169.2143,158.118,147.0217,63719900.5838,102765628.0
2023-11-02,170.5,171.0,167.24,167.31,2155118.0,168.9453,37512.0,0.0031544977758204,0.0860054524211348,0.0285678978399327,0.0065876380911116,157.6637,158.426,77.4234,65.3644,56.4621,11.0996,196.2574,70.0,76.6667,167.8597,157.6637,147.4677,63031319.9171,101395493.0
2023-11-01,165.0,167.9,163.65,167.63,1366114.0,166.3535,30668.0,0.0018269085680569,0.0426696522983145,0.0296762781901087,0.0065876380911116,157.222,157.8133,67.4822,54.6869,56.6559,10.9554,183.4325,73.3333,80.0,166.8398,157.222,147.6042,65106194.1618,103550611.0
2023-10-31,163.03,165.57,161.39,164.76,1566463.0,163.8893,27998.0,0.0013711333457395,0.0286570518823749,0.0295379833065693,0.0049352652622222,156.9933,157.1363,51.1878,49.1483,55.3262,10.9166,140.7805,76.6667,83.3333,165.9112,156.9933,148.0755,63913656.9995,102184497.0
2023-10-30,161.2,164.27,159.75,162.67,1959277.0,162.4407,36813.0,0.0011375381380857,0.0215398141170564,0.0294739370484835,0.004793130499673,156.8403,156.6105,45.3906,53.5736,54.3401,10.962,115.1473,80.0,86.6667,165.369,156.8403,148.3117,62954292.0999,100618034.0
2023-10-27,158.59,162.06,158.1,159.35,1971378.0,159.8196,40699.0,0.0005817813535733,0.0048555933913485,0.0292536573925598,0.0039539785232447,156.726,156.1926,50.8664,62.0977,52.7382,11.0571,68.8977,83.3333,90.0,165.0279,156.726,148.4241,62382113.861,98658757.0
2023-10-26,162.75,165.35,155.0,158.38,2981522.0,160.25,48813.0,0.0006809505439699,0.0078269169583204,0.0292773121737731,0.0039539785232447,156.7003,155.9748,64.4637,65.7508,52.2653,11.238,67.2316,86.6667,93.3333,164.9743,156.7003,148.4263,63108935.0428,96687379.0
2023-10-25,169.94,170.5,160.05,161.82,4657773.0,163.6404,66149.0,0.0017454210713912,0.0407100135056919,0.0290398640275816,0.0050010891690125,156.6593,155.809,70.9629,56.2523,54.1221,11.4252,181.6371,90.0,96.6667,164.9118,156.6593,148.4069,64143105.4757,99668901.0
2023-10-24,163.98,173.45,163.0,170.63,7498632.0,168.2828,109440.0,0.0036475479510314,0.1033301002263173,0.027297916612931,0.0056359304660278,156.4483,155.3944,61.8259,37.5664,59.3414,11.4038,327.7631,93.3333,100.0,164.483,156.4483,148.4136,67223030.0144,104326674.0
2023-10-23,146.06,155.83,145.79,154.61,3272705.0,153.9562,56582.0,-0.0004426942206969,-0.0193454268679437,0.020311620695832,0.0047967784895995,155.9157,154.3437,35.9683,23.744,51.0425,11.2487,-113.8399,96.6667,23.3333,162.0015,155.9157,149.8299,63771506.5771,96828042.0
2023-10-20,149.3,151.45,145.76,149.92,1941871.0,148.6529,33538.0,-0.0010159286279178,-0.0356982054415643,0.0196397135056758,0.0047967784895995,156.0173,154.3253,14.9051,23.3049,48.0412,11.4657,-221.8967,100.0,26.6667,162.1144,156.0173,149.9203,61294160.1628,93555337.0
2023-10-19,152.61,154.53,149.56,149.97,1669653.0,151.5974,31361.0,-0.001968796139445,-0.0632729544034972,0.0202669278935208,0.0047967784895995,156.2023,154.6291,20.3588,30.4445,48.0715,11.4609,-176.4725,50.0,30.0,161.8698,156.2023,150.5349,60396599.4018,95497208.0
2023-10-18,156.0,156.175,148.66,148.92,1736079.0,150.8099,30859.0,-0.0022806792207395,-0.0719760702935125,0.0201976020734479,0.0039539785232447,156.54,154.9504,34.6508,36.4728,47.3965,11.6269,-199.8186,53.3333,33.3333,161.8795,156.54,151.2005,61797790.5386,93819155.0
2023-10-17,157.45,159.36,156.57,157.33,1048604.0,157.8657,21746.0,-0.0002582559009094,-0.0124905849861911,0.0178764780811188,0.0047967784895995,156.925,155.3663,36.324,36.2182,52.701,11.7988,34.5257,56.6667,36.6667,161.6404,156.925,152.2096,63413741.6504,95555234.0
2023-10-16,153.52,158.26,152.79,158.12,1396276.0,156.9094,22335.0,0.0002806292063445,0.0035542015740037,0.0179689611644045,0.0056359304660278,156.9913,155.2309,38.4436,40.6372,53.2421,12.0402,-19.5171,60.0,40.0,161.783,156.9913,152.1996,63891063.1844,96603838.0
2023-10-13,156.86,157.69,152.9,153.56,1759043.0,154.2613,28028.0,6.799578304026444e-05,-0.0026628564005972,0.0176546222185568,0.0056359304660278,156.9727,155.0317,33.8869,43.4916,50.4007,12.3449,-85.9163,63.3333,43.3333,161.751,156.9727,152.1944,62566260.1789,95207562.0
2023-10-12,159.52,162.46,156.02,158.12,1992673.0,158.827,31418.0,0.0020374319631639,0.0580127132820342,0.0176155320982869,0.0065292091993837,156.9863,155.1332,49.5811,53.3281,53.5462,12.6885,75.6378,0.0,46.6667,161.7277,156.9863,152.2449,63840556.4649,96966605.0
2023-10-11,157.42,159.7399,153.31,156.57,1531630.0,155.8783,31148.0,0.0028469239678398,0.0834544322192236,0.0184942948029779,0.0065292091993837,156.6973,154.9272,47.0067,59.173,52.5736,12.8783,1.6937,0.0,50.0,162.1332,156.6973,151.2615,64533660.1171,94973932.0
2023-10-10,156.21,160.15,155.215,157.6,1601365.0,158.1045,31263.0,0.0038316824252618,0.1156732266742175,0.0187532066573414,0.0072240173050974,156.2953,154.8139,63.3966,71.5553,53.2903,13.2064,41.9774,0.0,53.3333,163.2741,156.2953,149.3165,64512197.9073,96505562.0
2023-10-09,155.84,157.83,153.165,156.45,1411991.0,156.2754,29420.0,0.0045680551283679,0.1401399212942715,0.0193025986516838,0.0072240173050974,155.7507,154.6217,67.1156,74.6941,52.5928,13.4437,7.2336,0.0,56.6667,164.5502,155.7507,146.9511,64565738.9863,94904197.0
2023-10-06,155.64,161.38,154.83,160.53,1156457.0,159.0964,25391.0,0.0057737245408375,0.1824543311726576,0.0185052581588059,0.0081647218696527,155.1097,154.4956,84.1538,79.0478,55.4316,13.8018,68.6467,3.3333,60.0,166.1327,155.1097,144.0866,63989138.16,96316188.0
2023-10-05,158.73,159.57,154.62,157.31,1299274.0,156.6572,26907.0,0.0044934261346081,0.1379484953703704,0.0187710231082765,0.0072240173050974,154.284,154.0795,72.813,73.8013,53.5175,14.0842,44.0202,0.0,63.3333,167.1209,154.284,141.4471,63132830.305,95159731.0
2023-10-04,154.21,159.98,154.12,159.58,1433610.0,158.2713,29146.0,0.0061666282421788,0.1958932853717032,0.0192587895943965,0.0081647218696527,153.6483,153.8567,80.1765,71.4358,55.131,14.4634,55.5212,0.0,66.6667,167.6579,153.6483,139.6387,63019964.0787,96459005.0
2023-10-03,157.44,159.56,152.32,154.51,1226240.0,154.451,24655.0,0.005311859653651,0.1662012227337912,0.0186154656993638,0.0072240173050974,152.777,153.462,68.4143,60.2418,52.0069,14.8557,30.5993,0.0,70.0,168.3652,152.777,137.1888,61782068.7545,95025395.0
2023-10-02,155.29,159.61,154.69,158.11,999236.0,157.782,20936.0,0.0062275449330118,0.1989838477288243,0.0178724672694187,0.0072240173050974,152.043,153.3897,65.7167,46.8738,54.6171,15.2811,52.6198,0.0,73.3333,169.2276,152.043,134.8584,62266467.4285,96251635.0
2023-09-29,157.35,158.9,154.52,154.64,1477557.0,155.5284,24019.0,0.005555576312779,0.1753439233867906,0.0176276014800149,0.0071942648663795,151.1683,153.0641,46.5943,31.7714,52.3907,15.6048,42.288,3.3333,76.6667,169.6508,151.1683,132.6858,61876521.6724,95252399.0
2023-09-28,150.8,154.55,147.86,153.53,995393.0,152.6189,21522.0,0.0046248403405931,0.1427614439895792,0.0182410942872231,0.0065052968124366,150.3993,152.9555,28.3104,21.8282,51.6573,15.9709,14.0042,6.6667,80.0,170.1184,150.3993,130.6802,63273116.645,93774842.0
2023-09-27,153.33,155.48,152.05,153.75,703679.0,153.6896,16869.0,0.004902370188364,0.1522895900472158,0.0182101589295705,0.0070326768018087,149.76,152.9158,20.4094,17.5431,51.8103,16.4957,29.9593,10.0,83.3333,170.2599,149.76,129.2601,62581251.5553,94770235.0
2023-09-26,154.02,157.0,151.28,152.36,1327392.0,153.3896,24894.0,0.0031752974902259,0.0931267039747458,0.0200880908791969,0.0063676211348129,149.0827,152.8583,16.7646,18.6475,50.923,16.8865,31.312,13.3333,86.6667,170.3393,149.0827,127.8261,62587406.1822,94066556.0
2023-09-25,155.67,156.35,151.49,155.52,1437008.0,154.7317,26041.0,0.0040208482108554,0.1214306316700322,0.019609538437833,0.0063676211348129,148.65,152.8927,15.4553,29.1459,53.0703,17.2907,39.8386,16.6667,90.0,170.1492,148.65,127.1508,63413545.2591,95393948.0
2023-09-22,156.38,159.55,155.93,156.35,1206012.0,157.2112,26327.0,0.0047475340908699,0.1460089423147406,0.0196542345623381,0.0070326768018087,148.0887,152.7115,23.7227,49.7258,53.6446,17.7374,60.9961,20.0,93.3333,169.72,148.0887,126.4573,62467367.1521,96830956.0
2023-09-21,158.52,158.79,153.69,154.06,1610986.0,155.1952,31423.0,0.0036145792051565,0.1076281544323822,0.0200147242430843,0.0063676211348129,147.4247,152.4605,48.2597,72.8317,52.2669,17.9798,53.4633,23.3333,96.6667,169.2232,147.4247,125.6262,63393531.0637,95624944.0
2023-09-20,163.03,167.74,160.71,160.77,1709002.0,163.2605,32272.0,0.0051792486205047,0.1618848016188483,0.0181567444414552,0.0063676211348129,146.9257,152.3502,77.1949,84.1339,57.0713,18.262,105.6877,26.6667,100.0,168.779,146.9257,125.0723,64770766.1539,97235930.0
2023-09-19,158.5,160.9,156.28,160.17,1282516.0,158.7643,24788.0,0.0042045561869868,0.1280371857173043,0.0189739826615203,0.0063676211348129,146.179,151.7696,93.0405,80.3429,56.7275,18.1745,88.3341,30.0,70.0,167.616,146.179,124.742,66450596.0003,95526928.0
2023-09-18,157.36,160.2,155.54,159.24,1208843.0,159.0389,22804.0,0.0035172364640983,0.104912572855953,0.0192733853958664,0.0061633104553999,145.573,151.1902,82.1662,61.2037,56.2019,18.3686,90.4227,33.3333,73.3333,166.4132,145.573,124.7328,65573377.2643,94244412.0
2023-09-15,156.68,158.66,153.91,158.58,1497775.0,157.1403,27795.0,0.0030805177856621,0.0904964929170677,0.0194018363006209,0.0061633104553999,145.069,150.6351,65.8219,42.9472,55.8338,18.6009,89.4099,36.6667,76.6667,165.2847,145.069,124.8533,64862598.333,93035569.0
2023-09-14,155.29,158.8,154.65,157.15,1491636.0,157.1946,23859.0,0.0025292060661229,0.0726230291447682,0.0194578744849175,0.0053175299193246,144.6303,150.0871,35.6229,26.9345,55.0427,18.9102,95.662,40.0,80.0,164.2156,144.6303,125.0451,63415274.7014,91537794.0
2023-09-13,153.14,155.57,151.11,155.49,1249619.0,154.3756,24674.0,0.001216478024017,0.0308273667462211,0.020179058749645,0.0051255158148836,144.2757,149.6,27.3968,28.5202,54.1204,19.19,80.0745,43.3333,83.3333,163.3191,144.2757,125.2322,63109758.8942,90046158.0
2023-09-12,156.65,158.27,154.02,154.65,1059731.0,155.2329,18642.0,0.001354456670623,0.0350712803694532,0.020221516170495,0.0051255158148836,144.1207,149.1938,17.7837,38.2082,53.6554,19.624,95.3586,46.6667,86.6667,162.8699,144.1207,125.3714,61904969.2754,88796539.0
2023-09-11,155.99,158.07,154.815,157.66,1102246.0,156.8499,23659.0,0.0021725430434032,0.0609690444145356,0.0198712088024377,0.0053271574418988,143.946,148.8175,40.3801,60.0937,55.6078,19.9161,109.9433,50.0,90.0,162.3948,143.946,125.4972,62650521.2024,89856270.0
2023-09-08,159.83,161.19,154.4001,155.47,1713575.0,156.7888,31645.0,0.0026440453019137,0.0757680597841137,0.0203112481333621,0.0053271574418988,143.644,148.2077,56.4609,76.7778,54.4418,20.1746,119.9279,53.3333,93.3333,161.4711,143.644,125.8169,61825953.1502,88754024.0
2023-09-07,158.57,161.95,157.79,160.1,1892689.0,160.4007,31972.0,0.0025776052616379,0.0735599812244349,0.0204173693542665,0.0053271574418988,143.279,147.7069,83.4401,89.4396,57.5299,20.4419,157.145,56.6667,96.6667,160.5628,143.279,125.9952,62999504.3229,90467599.0
2023-09-06,161.9,163.65,159.055,160.47,2066498.0,161.1561,38422.0,0.0047321567043965,0.1431115543524717,0.0230314319178854,0.0061729379779741,142.9133,146.8522,90.4326,93.8363,57.7831,20.534,183.9659,60.0,100.0,159.1931,142.9133,126.6335,62790216.5969,92360288.0
2023-09-05,156.03,160.845,154.87,159.32,1710449.0,158.9898,35112.0,-0.0002604648405001,-0.0268751526997311,0.0350497526882478,0.0053271574418988,142.2437,145.913,94.446,96.1479,57.2174,20.5584,177.5866,63.3333,0.0,157.1767,142.2437,127.3106,63583985.6872,90293790.0
2023-09-01,155.56,158.51,155.2,157.56,1454548.0,157.2535,28203.0,-0.0021838745470648,-0.0824063828548136,0.0359415989293534,0.0051255158148836,142.3903,144.9884,96.6303,96.7283,56.3521,20.6911,156.5873,66.6667,0.0,158.0596,142.3903,126.721,62746652.9132,88583341.0
2023-08-31,149.95,154.92,149.82,153.97,2305376.0,153.4745,37411.0,-0.0031098917520243,-0.1073167903525049,0.0356291901363003,0.0048745958191993,142.862,144.1214,97.3672,93.3478,54.5391,20.9211,97.2726,70.0,3.3333,160.9886,142.862,124.7354,62127041.8316,87128793.0
2023-08-30,144.64,149.6,144.395,149.45,1624848.0,148.2957,31859.0,-0.0054822082767907,-0.1689835409252669,0.0356986668097103,0.0034908775556046,143.479,143.4422,96.1873,85.4285,52.1185,21.3087,37.031,73.3333,0.0,164.1566,143.479,122.8014,60680531.4002,84823417.0
2023-08-29,140.61,144.8,140.5,144.51,1045871.0,143.5409,24471.0,-0.0065734303703016,-0.1952890076845974,0.0349622177614184,0.0018639888739742,144.492,143.0278,86.4887,77.9183,49.2644,21.9522,-10.2976,76.6667,3.3333,168.8844,144.492,120.0996,59149334.5818,83198569.0
2023-08-28,138.89,142.15,138.26,141.26,1530635.0,141.1083,25228.0,-0.0072640600772445,-0.2115867611765362,0.0345735481310503,0.0018639888739742,145.661,142.9256,73.6096,72.6371,47.2653,22.5558,-34.2689,80.0,6.6667,173.1142,145.661,118.2078,58244534.5539,82152698.0
2023-08-25,138.81,138.81,133.69,137.22,1360642.0,136.5775,25973.0,-0.0068619728628109,-0.2023484275998371,0.0350647497053622,0.0018639888739742,146.9247,143.0405,73.6566,68.9805,44.6444,23.0344,-60.9747,83.3333,10.0,176.8315,146.9247,117.0178,57414292.9472,80622063.0
2023-08-24,139.18,140.32,135.26,135.76,1415814.0,136.7589,26117.0,-0.0070392680081729,-0.2065458796025715,0.0349885937973206,0.0018639888739742,148.085,143.4419,70.645,57.8829,43.6663,23.3352,-59.6163,86.6667,13.3333,179.0772,148.085,117.0928,56898737.1894,79261421.0
2023-08-23,133.22,139.01,133.11,138.24,1629303.0,137.812,27189.0,-0.0053736585226494,-0.1661740756378552,0.0356138032423742,0.0022842422849971,149.263,143.9717,62.6398,41.5179,44.9711,23.7176,-63.582,90.0,16.6667,180.97,149.263,117.556,58034746.0511,80677235.0
2023-08-22,133.0,134.03,131.045,133.44,871004.0,132.8675,18567.0,-0.005491203047249,-0.169012330302653,0.0354827273083355,0.0022842422849971,150.1813,144.367,40.364,26.6791,41.7126,24.0364,-85.8024,93.3333,20.0,182.1529,150.1813,118.2098,56830718.7494,79047932.0
2023-08-21,131.92,132.97,130.0,132.49,1234780.0,131.8272,20950.0,-0.0050546106709307,-0.1582057309867213,0.0357156490723181,0.0022842422849971,151.086,145.1206,21.5499,16.6939,41.0447,24.0555,-95.1438,96.6667,23.3333,182.6447,151.086,119.5273,56304031.2385,78176928.0
2023-08-18,129.9,132.475,129.23,131.87,1587271.0,131.4718,25791.0,-0.0051221416559432,-0.1599031662101041,0.0356990496820259,0.0022842422849971,151.916,145.9916,18.1235,19.937,40.6154,24.0052,-104.0446,100.0,26.6667,182.7768,151.916,121.0552,55468372.0466,76942148.0
2023-08-17,134.35,134.8543,131.19,131.57,1129296.0,132.3817,25062.0,-0.0051236565505961,-0.159941259098455,0.0356987364951845,0.0022615188652036,152.7527,146.9656,10.4082,25.4815,40.4125,23.9208,-104.3641,100.0,30.0,182.7429,152.7527,122.7624,54472964.8093,75354877.0
2023-08-16,132.6,136.14,132.28,134.35,1584881.0,134.5573,30581.0,-0.0052862769261092,-0.164126174329621,0.0357803051331175,0.0022615188652036,153.5877,148.0273,31.2792,34.5503,41.6887,23.9082,-103.1557,100.0,33.3333,182.5496,153.5877,124.6257,55368037.3669,76484173.0
2023-08-15,138.38,138.58,133.27,133.43,2125331.0,134.9802,37187.0,-0.005480817156241,-0.1689711011459894,0.0357293754392886,0.0018412654541807,154.467,148.9706,34.7569,31.2439,41.0936,23.9373,-106.4854,100.0,36.6667,182.6301,154.467,126.3039,55253071.9057,74899292.0
2023-08-14,137.3,139.665,135.34,139.38,1942914.0,138.001,31226.0,-0.004055772576038,-0.1318592338835256,0.0350632755667892,0.0018412654541807,155.3713,150.0423,37.6147,23.8724,43.8943,24.0055,-98.1053,93.3333,40.0,182.4975,155.3713,128.2452,57250322.6948,77024623.0
2023-08-11,136.39,139.195,135.895,138.68,1578499.0,138.0106,28324.0,-0.0039540268844372,-0.1292226547783501,0.0350939590673816,0.0018412654541807,156.077,150.7777,21.3602,15.2016,43.456,24.1564,-107.7045,96.6667,43.3333,182.5971,156.077,129.5569,55563469.037,75081709.0
2023-08-10,140.34,140.699,135.22,136.43,2643578.0,136.6242,40529.0,-0.0047757072004139,-0.1503394158311016,0.0348936299050608,0.0012533084588171,156.763,151.612,12.6423,11.1414,42.0495,24.3341,-121.0715,100.0,46.6667,182.5007,156.763,131.0253,54477653.0582,73503210.0
2023-08-09,138.47,140.18,137.42,139.09,1671193.0,139.0783,28154.0,-0.0037284458766466,-0.1231244483671673,0.0349187323758964,0.0018412654541807,157.5677,152.659,11.6023,12.0502,43.2798,24.5179,-123.7775,96.6667,50.0,182.1979,157.5677,132.9374,55953598.5048,76146788.0
2023-08-08,141.14,141.42,137.22,138.37,2483942.0,138.3335,40836.0,-0.0028527760910658,-0.1002080894784759,0.035456984722893,0.0018412654541807,158.2187,153.5948,9.1797,16.6995,42.8422,24.7913,-135.8386,100.0,53.3333,181.8741,158.2187,134.5633,55602405.7729,74475595.0
2023-08-07,145.1,145.1,141.1,141.99,1646152.0,142.0169,31024.0,-0.0027881860273898,-0.0984189472347458,0.0354174230651063,0.0018412654541807,158.7323,154.6448,15.3687,30.1766,44.5112,25.074,-120.0242,70.0,56.6667,181.285,158.7323,136.1797,56726093.8206,76959537.0
2023-08-04,145.27,146.5,143.04,144.12,1456965.0,144.7344,29283.0,-0.0026307810202446,-0.0940976805581748,0.0353742481425786,0.0018412654541807,159.249,155.5176,25.5502,46.9863,45.5198,25.5148,-116.0155,73.3333,60.0,180.9373,159.249,137.5607,57639708.1806,78605689.0
2023-08-03,144.57,147.42,143.74,145.42,1683946.0,145.1208,30277.0,-0.0016572767898384,-0.0674020393766439,0.0355884485014401,0.0022615188652036,159.748,156.3036,49.611,59.6197,46.1365,26.0482,-117.545,76.6667,63.3333,180.6973,159.748,138.7987,58187122.7759,80062654.0
2023-08-02,149.21,150.19,143.84,146.51,2164881.0,146.2112,36767.0,-0.0015984611669905,-0.0657441652850405,0.0355803005112597,0.0022615188652036,160.0983,157.0542,65.7979,56.4574,46.6489,26.6278,-114.0821,80.0,66.6667,180.4196,160.0983,139.7771,58333552.8629,81746600.0
2023-08-01,148.61,152.8,148.05,150.84,1686001.0,151.1449,34049.0,-0.0013020553272526,-0.0571910744421532,0.0353897726233257,0.0022615188652036,160.442,157.7814,63.4504,42.1964,48.7266,27.2314,-87.5656,83.3333,70.0,180.1726,160.442,140.7114,58677888.266,83911481.0
2023-07-31,149.7,151.31,148.09,149.41,1881583.0,149.6365,35857.0,8.960551027703545e-05,-0.0182021290576952,0.0365904910554155,0.0022615188652036,160.747,158.2601,40.124,25.5794,47.987,28.0229,-100.5153,86.6667,73.3333,180.1547,160.747,141.3393,58383281.7755,82225480.0
2023-07-28,146.05,149.33,142.63,148.6,2966669.0,146.8594,48392.0,2.440600082832904e-05,-0.0201121002307953,0.0365826216901115,0.0022615188652036,160.8393,158.8704,23.0147,17.2788,47.5729,28.7748,-126.4464,90.0,76.6667,180.0558,160.8393,141.6229,58722200.4525,80343897.0
2023-07-27,151.47,151.8,142.885,144.52,5155072.0,145.3802,76027.0,-0.000892444189297,-0.0463244027979414,0.0362069450855154,0.0018412654541807,160.941,159.5788,13.5995,12.8707,45.4588,29.4631,-133.7699,93.3333,80.0,179.9283,160.941,141.9537,56401999.6227,77377228.0
2023-07-26,141.69,149.21,141.1,149.13,7091364.0,145.8734,111003.0,0.0003460333585236,-0.0097609561752992,0.0357919711830624,0.0022615188652036,161.175,160.6173,15.2222,12.9747,47.5533,30.1847,-136.466,96.6667,83.3333,179.5088,161.175,142.8412,59666203.9345,82532300.0
2023-07-25,150.1,152.65,139.1532,140.38,14609941.0,143.6314,203615.0,-0.0017050789144675,-0.067118553960659,0.0338938709506185,0.0018412654541807,161.224,161.4095,9.7902,20.2614,42.7101,30.8155,-162.2166,100.0,86.6667,179.4362,161.224,143.0118,52714743.5399,75440936.0
2023-07-24,169.52,169.52,159.67,163.72,3944858.0,163.1525,66776.0,0.0032721770154663,0.0953368568943597,0.0215654134465992,0.0022615188652036,161.5607,162.8598,13.9115,39.3983,56.0582,31.4681,28.876,16.6667,90.0,178.5516,161.5607,144.5697,64668725.2579,90050877.0
2023-07-21,173.49,179.6,171.18,171.71,2560191.0,173.394,41422.0,0.0050839569639088,0.1577776279414737,0.0194882706923174,0.0024820000148697,161.0857,162.8005,37.0825,66.4586,62.5247,32.0617,127.8257,0.0,93.3333,178.5974,161.0857,143.5739,65369588.1767,93995734.0
2023-07-20,177.01,177.59,171.44,172.48,1918487.0,173.675,40626.0,0.0042046456399543,0.1270992615826962,0.0204696583783718,0.0024820000148697,160.3057,162.1861,67.2009,83.811,63.2038,31.9203,141.3944,3.3333,96.6667,177.9391,160.3057,142.6722,67607474.8465,96555925.0
2023-07-19,180.0,182.0,178.06,179.84,1583121.0,180.0272,36117.0,0.0048630943687415,0.1503134194703848,0.0192911517064811,0.0024820000148697,159.6573,161.4761,95.0924,90.0065,70.2553,31.8477,226.1381,6.6667,100.0,176.8781,159.6573,142.4366,68877107.7067,98474412.0
2023-07-18,178.5,179.815,175.79,179.58,2151627.0,178.4287,38374.0,0.005825334029542,0.1834717279557134,0.0198097744619427,0.0030852800292953,158.874,160.2097,89.1397,86.6858,70.1416,31.2216,249.0302,10.0,100.0,174.4064,158.874,143.3416,69031376.2295,96874891.0
2023-07-17,171.77,179.42,170.77,179.17,2292964.0,177.9304,44200.0,0.0052769496567869,0.164046257796258,0.0201252944679229,0.0030852800292953,157.946,158.8738,85.7873,86.6397,69.9665,30.642,271.0409,13.3333,100.0,171.6365,157.946,144.2555,67130995.1153,94723264.0
2023-07-14,176.2,179.24,170.92,172.03,3640583.0,173.7039,59511.0,0.0050172667627274,0.1553391537944926,0.0197019746703954,0.0030852800292953,157.1043,157.474,85.1302,81.0655,66.677,30.055,283.0097,0.0,100.0,168.3603,157.1043,145.8484,64970572.3869,92430300.0
2023-07-13,167.0,173.11,164.51,171.1,2410825.0,170.2926,44727.0,0.005036523074001,0.156002972772109,0.0197026562516176,0.0030852800292953,156.3333,156.4702,89.0016,67.4799,66.211,29.4532,234.6069,0.0,100.0,166.5113,156.3333,146.1554,67639749.8268,88789717.0
2023-07-12,162.0,166.12,161.375,165.79,1535681.0,165.0154,31233.0,0.0034588504223131,0.1029871598696028,0.0193702924622771,0.0024551893606225,155.5637,155.4612,69.0645,45.5428,63.3851,29.0346,164.302,3.3333,100.0,164.585,155.5637,146.5424,66355845.3501,86378892.0
2023-07-11,157.34,161.77,156.66,160.58,1160571.0,160.4683,24488.0,0.0029778734254911,0.0875719607179139,0.0188157865482209,0.0024551893606225,155.0477,154.7489,44.3735,34.4298,60.2304,28.8869,90.4361,6.6667,83.3333,163.4176,155.0477,146.6778,65029463.4987,84838211.0
2023-07-10,156.03,159.285,155.3721,157.39,846759.0,157.7224,18419.0,0.002440553666924,0.0703890097932531,0.0185425375909934,0.0024551893606225,154.6167,154.3467,23.1905,37.1611,58.0934,28.9484,53.7019,10.0,86.6667,163.133,154.6167,146.1003,64409432.4165,83677640.0
2023-07-07,156.52,158.64,156.06,156.97,800804.0,157.4116,17515.0,0.0022091556704331,0.0629782623417076,0.0185814341516211,0.0016467512155927,154.2717,154.1369,35.7255,54.7023,57.8048,29.1484,55.4744,13.3333,90.0,163.1419,154.2717,145.4014,64382836.6228,82830881.0
2023-07-06,158.78,159.08,155.37,156.62,1021846.0,156.4871,21374.0,0.0019260516686053,0.0539703903095556,0.0186434845315394,0.0009281211930491,153.9617,153.9415,52.5672,68.812,57.5694,29.2927,56.1607,16.6667,93.3333,163.0796,153.9617,144.8437,64618732.3747,82030077.0
2023-07-05,160.69,161.21,158.29,160.73,732233.0,159.9651,19795.0,0.0025932647642048,0.0756206919627917,0.0179943596283377,0.0009281211930491,153.6943,153.7567,75.8141,78.9122,61.4611,29.442,112.7917,20.0,96.6667,162.954,153.6943,144.4347,64952002.903,83051923.0
2023-07-03,160.85,162.37,159.8,160.56,550312.0,160.7783,13733.0,0.0021068669672502,0.0599419065223127,0.0182249994871796,0.0007616645606962,153.3177,153.2758,78.0548,79.6474,61.3567,29.3291,138.1737,23.3333,100.0,162.3176,153.3177,144.3178,64460504.04,82319690.0
2023-06-30,160.1,161.31,159.055,160.55,1357685.0,160.2399,25089.0,0.0033559323233535,0.0996575342465753,0.0192947593709104,0.0021461688570856,153.015,152.7735,82.8678,72.9736,61.3507,29.0657,142.2301,26.6667,93.3333,161.6225,153.015,144.4075,64685339.682,81769378.0
2023-06-29,160.53,161.215,158.8898,159.26,924777.0,159.7548,18599.0,0.0030130339983342,0.0884363039912519,0.0192988107891583,0.0007616645606962,152.53,152.2372,78.0196,61.4515,60.5933,28.8415,147.3502,0.0,96.6667,161.0235,152.53,144.0365,64242812.6421,80411693.0
2023-06-28,158.32,161.66,157.48,160.57,805556.0,160.3253,20110.0,0.003770351425038,0.113368464845375,0.0192913390296705,0.0021461688570856,152.0987,151.7528,58.0335,53.0316,61.7818,28.6138,166.255,0.0,100.0,160.495,152.0987,143.7024,64873118.2458,81336470.0
2023-06-27,156.14,159.75,155.57,158.62,1041941.0,158.1151,23123.0,0.0037558054640076,0.1128885146986604,0.0192850704386991,0.0021461688570856,151.5537,151.1448,48.3015,56.6208,60.6718,28.3783,143.7183,3.3333,86.6667,159.8009,151.5537,143.3064,64487684.753,80530914.0
2023-06-26,156.41,158.21,152.71,153.78,1720330.0,154.9129,31255.0,0.0016798958910267,0.0456956344349248,0.0195398967112892,0.0007616645606962,151.0173,150.6292,52.7599,64.6454,57.7258,28.2184,89.7933,6.6667,90.0,159.4474,151.0173,142.5873,64009089.8439,79488973.0
2023-06-23,157.05,158.31,154.65,157.49,1263792.0,157.14,24677.0,0.002311708252923,0.0659943143359962,0.0190129942959293,0.0007616645606962,150.7933,150.4119,68.8009,72.1197,61.1182,28.1226,140.7337,10.0,93.3333,159.2748,150.7933,142.3118,65060055.0802,81209303.0
2023-06-22,154.45,159.17,153.5,159.09,1280893.0,157.7033,24893.0,0.00358408581891,0.1070981210855943,0.0194156510051582,0.0021461688570856,150.4683,149.9238,72.3754,76.4924,62.6531,27.8512,165.7586,13.3333,96.6667,158.6401,150.4683,142.2966,64362552.3917,82473095.0
2023-06-21,159.3,160.8,152.8,155.93,2620542.0,156.5748,45608.0,0.0027171439481955,0.0788763578495814,0.0192312225982963,0.0007616645606962,149.9553,149.2916,75.1829,79.7131,60.7722,27.5704,161.9443,16.6667,100.0,157.8243,149.9553,142.0863,63117804.5205,81192202.0
2023-06-20,156.2,158.78,154.82,156.82,1586267.0,156.4893,31565.0,0.0035600535969831,0.1063139329805995,0.0193983552946534,0.0021461688570856,149.5753,148.8338,81.919,76.9188,61.6171,27.28,182.7368,0.0,96.6667,157.3541,149.5753,141.7966,63687772.4055,83812744.0
2023-06-16,153.31,160.63,153.2,159.99,3532881.0,158.2305,48178.0,0.0045218593023321,0.1388809794988612,0.0189251454803098,0.0038217102801357,149.073,148.283,82.0373,66.9943,64.7147,27.0616,219.2268,0.0,100.0,156.8618,149.073,141.2842,63671749.5065,85399011.0
2023-06-15,150.08,152.24,148.2,152.18,1374456.0,151.3717,29064.0,0.0033954528502742,0.1022743734608135,0.0170154875804063,0.0038217102801357,148.4227,147.4757,66.8003,52.6917,59.9155,26.8358,62.822,0.0,73.3333,155.6979,148.4227,141.1474,60747494.0354,81866130.0
2023-06-14,151.96,153.08,149.265,151.65,1750862.0,151.8792,31811.0,0.0036870998465123,0.111885035559792,0.0170895143163748,0.0050808191172272,147.952,147.1512,52.1452,40.2443,59.5546,26.9886,75.1829,0.0,76.6667,155.9818,147.952,139.9222,59413863.4611,80491674.0
2023-06-13,151.53,152.74,149.37,151.54,1917745.0,151.5277,35537.0,0.0031716808138669,0.0947049050061403,0.0174013816497211,0.0050808191172272,147.4433,146.841,39.1297,29.3972,59.4814,27.0574,74.7787,0.0,80.0,156.3565,147.4433,138.5302,58975574.2842,78740812.0
2023-06-12,150.89,151.37,149.12,150.6,1522243.0,150.0452,26351.0,0.0041687139719862,0.1272455089820356,0.0183781958673043,0.0050808191172272,147.0063,146.5169,29.4581,26.7096,58.8666,27.1456,62.6107,0.0,83.3333,156.3484,147.0063,137.6643,58423582.3999,76823067.0
2023-06-09,149.5,151.73,148.36,150.48,2033197.0,150.32,34942.0,0.0045027790084082,0.1385337065899972,0.0184049456200396,0.0063851580134636,146.4397,146.2353,19.6038,35.4221,58.7894,27.3052,62.4248,3.3333,86.6667,156.8431,146.4397,136.0362,57943230.1644,75300824.0
2023-06-08,150.27,151.69,148.4701,149.47,1219002.0,149.7508,25254.0,0.0040396581059525,0.1228215144230768,0.0185168524401892,0.0050808191172272,145.8293,145.9426,31.0671,54.1654,58.1506,27.4703,60.4705,6.6667,90.0,157.3061,145.8293,134.3526,57418339.5442,73267627.0
2023-06-07,153.0,155.68,147.54,148.31,1558223.0,149.8486,31406.0,0.0025536655614904,0.0731548480463093,0.0198914911848673,0.0009807717935736,145.2843,145.6993,55.5954,72.218,57.4178,27.6328,71.9934,10.0,93.3333,157.5439,145.2843,133.0248,57880249.6471,72048625.0
2023-06-06,154.1,154.87,152.465,153.03,1127719.0,153.6299,25399.0,0.0052934638531494,0.1641688855077969,0.0207450255633237,0.0050808191172272,144.9473,145.5192,75.8337,78.2909,61.665,27.8009,115.3043,13.3333,96.6667,157.4098,144.9473,132.4848,59143673.7011,73606848.0
2023-06-05,151.1,157.13,150.25,156.34,1987621.0,155.4767,39535.0,0.0054235327930892,0.1688098086124401,0.0205903396433266,0.0050808191172272,144.228,145.0013,85.2248,75.2298,64.9203,27.5935,134.5401,16.6667,100.0,157.2212,144.228,131.2348,59741528.8882,74734567.0
2023-06-02,154.3,155.0,148.77,151.74,1164038.0,152.0415,27605.0,0.0045205350632757,0.1380784519612985,0.0200662634627424,0.0036868058194926,143.4753,144.2193,73.8141,68.3043,62.2426,27.379,106.4395,20.0,100.0,156.1879,143.4753,130.7628,58325935.865,72896967.0
2023-06-01,150.2,154.6,149.07,153.92,1121440.0,152.9114,27251.0,0.0049352393694895,0.1524408505540577,0.0198026737434392,0.0036868058194926,142.8617,143.7006,66.6504,62.7867,64.498,27.2433,119.2375,23.3333,100.0,155.6959,142.8617,130.0274,58380120.6194,74061005.0
2023-05-31,146.08,149.95,145.4,148.9,1092156.0,148.6975,23106.0,0.0035612630535472,0.1064873300141187,0.0191783732991554,0.0007515040751131,142.183,142.9958,64.4483,57.7666,61.3831,27.1193,71.9226,26.6667,76.6667,154.7571,142.183,129.6089,57534477.7984,72939565.0
2023-05-30,151.85,151.85,144.57,148.01,2294417.0,147.7932,34732.0,0.0035576667301745,0.1063686649723425,0.0191779233032538,0.0007515040751131,141.7053,142.5886,57.2614,48.1449,60.7936,27.1916,76.9475,30.0,80.0,154.3111,141.7053,129.0995,56946510.1061,71847625.0
2023-05-26,148.0,151.01,146.82,150.31,1009976.0,150.0728,20061.0,0.0038302292897752,0.115555885408936,0.0189648739111162,0.0007515040751131,141.231,142.2147,51.59,43.3774,63.204,27.2663,96.4216,33.3333,83.3333,153.9228,141.231,128.5392,57072576.9742,74142042.0
2023-05-25,149.35,149.85,147.54,147.65,1107421.0,148.5327,23075.0,0.0031753729562785,0.0940278601066983,0.0188022333804937,-0.0016760925513763,140.712,141.6564,35.5834,45.4043,61.4973,27.1732,90.9536,36.6667,86.6667,153.1471,140.712,128.2769,56400063.1222,73132066.0
2023-05-24,145.7,148.535,144.81,147.04,1085505.0,147.4786,22850.0,0.0040657065747511,0.1231286281698744,0.01944852116162,-0.0016760925513763,140.289,141.2431,42.9587,58.992,61.0973,27.1255,79.0922,40.0,90.0,152.6141,140.289,127.9639,57402015.4555,72024645.0
2023-05-23,148.16,151.16,147.48,147.67,1445619.0,148.8663,27578.0,0.0041165078759874,0.1248476538695912,0.0194286712702336,-0.0016760925513763,139.7517,140.8433,57.6708,69.8401,61.7376,27.1315,108.2579,43.3333,93.3333,152.2569,139.7517,127.2464,57187828.5629,73110150.0
2023-05-22,148.65,150.82,148.21,148.6,973202.0,149.2647,21761.0,0.0040806351516906,0.1236294896030247,0.0194487773218351,-0.0016760925513763,139.2053,140.3725,76.3466,74.3277,62.675,26.9354,122.6278,46.6667,96.6667,151.7112,139.2053,126.6995,58484171.6879,74555769.0
2023-05-19,151.21,152.3,148.45,149.43,1221572.0,149.6588,25211.0,0.0042079127881908,0.1279438405797097,0.0193977335888006,-0.0016760925513763,138.6603,139.8051,75.5028,66.1454,63.5068,26.6758,144.3286,50.0,100.0,150.9033,138.6603,126.4174,59166531.7109,75528971.0
2023-05-18,145.46,152.07,144.76,151.48,1667130.0,148.9521,34049.0,0.004971398396852,0.1541333333333332,0.0191333841713812,0.0007974840005262,138.0953,139.1413,71.1337,53.6972,65.5851,26.389,151.3366,53.3333,100.0,149.8529,138.0953,126.3377,59766212.5109,76750543.0
2023-05-17,146.79,147.55,145.45,146.0,1226158.0,146.4818,23843.0,0.0028231631314106,0.082443653618031,0.018974024353417,-0.0016760925513763,137.421,138.2904,51.7997,44.2553,62.406,26.1005,125.587,56.6667,86.6667,148.3198,137.421,126.5222,58368195.1511,75083413.0
2023-05-16,144.22,146.84,143.04,146.32,1355173.0,145.1659,26210.0,0.0025149428060521,0.0724127821753146,0.0191273901495498,-0.0016760925513763,137.0503,137.7587,38.1582,48.0566,62.7331,25.9707,126.3465,60.0,90.0,147.5041,137.0503,126.5965,58952079.913,76309571.0
2023-05-15,141.87,144.3,141.1,144.22,1502515.0,143.1805,28839.0,0.0027330607336616,0.0793294417003442,0.0193000440809606,-0.0016760925513763,136.721,137.1682,42.8079,63.1404,61.4513,25.8642,106.0244,63.3333,93.3333,146.5922,136.721,126.8498,57967796.3657,74954398.0
2023-05-12,146.7,147.08,141.1201,142.53,1686952.0,142.656,34684.0,0.0030486684405324,0.0894290300389817,0.0195227971264545,-0.0016760925513763,136.3677,136.6819,63.2037,77.9378,60.3914,25.8555,123.2904,66.6667,96.6667,145.8927,136.3677,126.8427,56540407.1157,73451883.0
2023-05-11,148.16,149.62,146.617,147.06,1319478.0,147.9353,30535.0,0.0043218604725983,0.132363132363132,0.0184918322582121,0.0007974840005262,135.9777,136.2786,83.4097,85.3446,65.0237,25.8452,212.2283,0.0,100.0,145.4192,135.9777,126.5361,57429213.6351,75138835.0
2023-05-10,145.0,147.99,143.57,147.74,1715127.0,146.7107,29013.0,0.0049305854728213,0.1531376834217916,0.0184886050216464,0.0045651490741597,135.4047,135.535,87.1999,88.0888,65.7556,25.4362,224.4424,0.0,100.0,144.1469,135.4047,126.6624,58359395.0956,76458313.0
2023-05-09,143.58,144.84,142.92,143.7,1374035.0,143.6723,23964.0,0.0036433294953221,0.1098239110287297,0.0181712966602866,0.0007974840005262,134.7507,134.6933,85.4241,88.4174,63.389,25.071,203.5354,3.3333,96.6667,142.5931,134.7507,126.9082,56838286.987,74743186.0
2023-05-08,141.96,146.0,141.96,144.53,1851170.0,144.6553,30844.0,0.0041413277101932,0.1265003897116126,0.0181118630385637,0.0045651490741597,134.2767,134.0721,91.6425,86.5737,64.2711,24.8101,241.8272,6.6667,100.0,141.6,134.2767,126.9534,57095918.5495,76117221.0
2023-05-05,141.32,142.39,139.2904,141.75,1234203.0,141.2635,26431.0,0.0027881160414955,0.0816482258679889,0.0184193834337359,0.0007974840005262,133.7357,133.3509,88.1858,78.3074,62.5853,24.5403,199.9166,10.0,73.3333,140.3087,133.7357,127.1626,56591887.1139,74266051.0
2023-05-04,137.48,140.9499,136.59,140.48,1607934.0,139.3811,27238.0,0.0032277979226204,0.0957878315132598,0.0187183875216114,0.0007974840005262,133.379,132.7717,79.8929,65.9076,61.7891,24.4009,176.9965,13.3333,76.6667,139.303,133.379,127.455,55867356.2781,73031848.0
2023-05-03,135.91,140.99,135.91,138.06,1670083.0,138.7575,29751.0,0.0024856556586729,0.0718111947830135,0.0185775142377271,-0.0016760925513763,132.9697,132.2401,66.8435,50.1539,60.2303,24.3153,165.4051,0.0,80.0,138.5622,132.9697,127.3771,54606021.1389,71423914.0
2023-05-02,138.02,138.16,135.04,136.39,1390027.0,136.2603,25418.0,0.0027103736684205,0.0789494502017238,0.0187343099312704,-0.0016760925513763,132.6613,131.8387,50.9865,34.5149,59.1177,24.2267,123.2469,0.0,83.3333,138.1156,132.6613,127.2071,54862451.2058,69753831.0
2023-05-01,134.0,138.5,133.88,138.43,1530793.0,136.946,29083.0,0.0030232453696112,0.0892281060665671,0.0185174446386458,-0.0016760925513763,132.3287,131.5248,32.6317,26.6459,61.1373,24.2502,144.0414,3.3333,86.6667,138.0438,132.3287,126.6135,55049570.225,71143858.0
2023-04-28,131.04,133.6,128.67,133.6,1635497.0,132.1227,29738.0,0.0012712422556472,0.03397569847535,0.0177714909871199,-0.0017290917939503,131.9507,131.0486,19.9265,25.7766,57.8409,24.2744,-2.0254,0.0,90.0,137.4993,131.9507,126.4021,53565164.8917,69613065.0
2023-04-27,133.96,134.075,130.9001,132.17,1991547.0,132.079,34275.0,0.0018550179508761,0.0518901711102275,0.0183536613158839,-0.0017290917939503,131.8043,130.8726,27.3796,32.3698,56.792,24.5096,14.7607,0.0,93.3333,137.4026,131.8043,126.2061,51921167.8917,67969068.0
2023-04-26,138.53,140.09,133.03,133.12,2519160.0,135.7979,45880.0,0.0021221057182595,0.0603791620200735,0.0182790212767551,-0.0016760925513763,131.587,130.7831,30.0237,35.1153,57.7141,24.6057,101.1957,3.3333,96.6667,137.6023,131.587,125.5717,52319552.5651,69960615.0
2023-04-25,140.5,145.8797,136.71,138.2,8215926.0,139.1535,104663.0,0.0039281973145367,0.1200259340303102,0.0169787052718157,-0.0003769489368464,131.3343,130.622,39.706,39.5386,63.002,24.5594,230.6258,0.0,100.0,137.6975,131.3343,124.9711,54692397.3243,72395540.0
2023-04-24,133.1,134.219,130.205,131.45,2946809.0,131.739,51869.0,0.0026905184459061,0.0804701627486439,0.0146735587593388,-0.0003769489368464,130.8407,130.0994,35.6162,43.2884,58.0672,24.2442,31.507,3.3333,53.3333,137.294,130.8407,124.3873,60238284.0122,64179614.0
2023-04-21,134.12,134.12,131.56,133.76,1362079.0,133.177,25736.0,0.0026556166160672,0.0793189703865084,0.0147221585212573,-0.0003769489368464,130.5143,130.0062,43.2936,50.9953,60.7476,24.4493,62.6688,6.6667,56.6667,137.7537,130.5143,123.275,61357102.377,67126423.0
2023-04-20,132.24,134.77,132.24,133.33,778402.0,133.3962,19575.0,0.0017449010770944,0.0499251909599185,0.0154841013001267,-0.0016760925513763,130.1867,129.7473,50.9552,60.6482,60.4189,24.5522,73.1192,10.0,60.0,137.6936,130.1867,122.6797,60378108.0957,65764344.0
2023-04-19,132.61,135.38,131.73,133.56,1015187.0,133.7605,25423.0,0.0019764505681081,0.0572310615055806,0.0154824636600878,-0.0003769489368464,129.9753,129.5003,58.737,70.7002,60.6817,24.6034,80.3649,13.3333,63.3333,137.4734,129.9753,122.4773,60485792.1669,66542746.0
2023-04-18,136.16,136.2875,133.565,134.57,1052237.0,134.6393,23861.0,0.0022134424117869,0.0648045576831779,0.0153896469513143,0.0002402912659911,129.7343,129.2203,72.2525,74.818,61.8232,24.6564,113.309,16.6667,66.6667,137.2208,129.7343,122.2479,60483010.8326,67557933.0
2023-04-17,134.07,134.375,131.46,133.78,1076654.0,133.3308,24473.0,0.0027277704070226,0.081137869726847,0.0157578635982733,0.0002402912659911,129.4613,128.8513,81.111,68.3481,61.2723,24.5655,85.4974,20.0,70.0,136.8187,129.4613,122.1039,60758389.6618,66505696.0
2023-04-14,134.03,135.82,132.77,134.74,978833.0,134.1495,23617.0,0.0044451207939316,0.137238352464551,0.0173204791731166,0.0030503135029458,129.1267,128.5114,71.0906,52.7575,62.3287,24.5613,117.1616,0.0,73.3333,136.5806,129.1267,121.6727,60132494.5675,67563368.0
2023-04-13,132.4,135.13,132.2101,134.96,1120675.0,134.6105,23779.0,0.0048635079383465,0.1515358361774741,0.0173202709545115,0.0063082098228143,128.5847,128.0819,52.8427,41.8988,62.5677,24.4524,115.1797,3.3333,76.6667,136.6654,128.5847,120.5039,59846867.8888,68542201.0
2023-04-12,133.09,134.285,130.44,130.92,1117010.0,131.5342,23866.0,0.004092843521166,0.1257093723129831,0.0166477830299706,0.0063082098228143,127.9927,127.6075,34.3393,36.1165,59.834,24.3709,76.9517,6.6667,80.0,136.6966,127.9927,119.2887,58856686.9126,67421526.0
2023-04-11,133.36,134.89,130.86,131.28,912136.0,131.9015,22258.0,0.0040301943695581,0.1235878123930158,0.0166768979591761,0.0063082098228143,127.5053,127.3791,38.5145,40.4667,60.2128,24.3247,88.4266,10.0,83.3333,137.0915,127.5053,117.9191,59694807.5497,68538536.0
2023-04-10,130.09,132.74,129.05,132.25,782440.0,131.65,19465.0,0.0041893128861808,0.1289909509988045,0.0165902523039939,0.0063082098228143,127.024,127.11,35.4958,49.2667,61.2223,24.2453,75.2004,13.3333,86.6667,137.2336,127.024,116.8144,60416820.9095,69450672.0
2023-04-06,130.08,133.29,129.07,132.48,778906.0,132.1056,17528.0,0.0037648230568765,0.114588591620393,0.0168965260569387,0.0063082098228143,126.5203,126.7555,47.3898,66.8423,61.4584,24.2579,83.1162,16.6667,90.0,137.1319,126.5203,115.9088,59842183.4028,70233112.0
2023-04-05,133.99,134.23,130.3,131.25,1046820.0,131.3839,21861.0,0.0031165269438948,0.0931123511285088,0.0170414629454665,0.0030503135029458,126.0663,126.3608,64.9144,80.8528,60.6742,24.2695,91.5463,20.0,93.3333,136.784,126.0663,115.3487,59362288.7108,69454206.0
2023-04-04,135.99,136.66,133.68,134.88,1000236.0,134.6067,22789.0,0.0039360690711718,0.1207312006647274,0.0161452368623212,0.0030503135029458,125.6937,126.0236,88.2227,83.2911,64.4133,24.1941,142.6352,23.3333,96.6667,136.4419,125.6937,114.9454,59903012.5276,70501026.0
2023-04-03,132.37,136.725,131.77,136.44,1265908.0,135.2375,25580.0,0.0029926856660994,0.0886459746269849,0.0177616678478319,0.0030503135029458,125.2093,125.4128,89.4214,70.088,66.1057,23.866,150.751,26.6667,100.0,135.5603,125.2093,114.8584,60097689.333,71501262.0
2023-03-31,130.97,134.36,130.5201,133.62,1572510.0,133.3238,25640.0,0.0022254886794789,0.0641076690292266,0.0174572374494089,0.0002402912659911,124.839,124.6523,72.2291,52.0132,64.4747,23.5267,131.1705,30.0,100.0,134.3141,124.839,115.3639,58977405.4622,70235354.0
2023-03-30,130.9,131.62,129.86,130.83,842381.0,130.6392,18499.0,0.0008129975756252,0.0199579013019406,0.0175686390226289,-0.0011534583813871,124.5707,124.0338,48.6135,39.2472,62.7608,23.2646,105.5604,33.3333,83.3333,133.4746,124.5707,115.6667,58010982.8082,68662844.0
2023-03-29,129.59,130.25,128.57,129.87,803812.0,129.5816,17102.0,0.0011402161502665,0.0298969072164947,0.0177782933210388,-0.0011534583813871,124.4853,123.5651,35.1969,40.2639,62.1535,23.102,89.298,36.6667,86.6667,133.1946,124.4853,115.776,57924830.2059,67820463.0
2023-03-28,128.63,128.945,126.83,128.12,1148792.0,127.7452,19432.0,0.0017149988524163,0.0474166121648131,0.0184401690270936,-0.0011534583813871,124.3597,123.1303,33.9311,46.0829,61.0338,22.9897,66.9122,40.0,90.0,132.8609,124.3597,115.8585,57484647.444,67016651.0
2023-03-27,128.75,131.77,128.38,129.48,1670372.0,129.7513,26115.0,0.0013087520889285,0.0345158197507187,0.0188348980438722,-0.0011534583813871,124.1663,122.7862,51.6638,57.1575,62.4212,22.9275,106.2659,43.3333,93.3333,132.58,124.1663,115.7526,57232076.1532,68165443.0
2023-03-24,130.19,130.56,127.13,128.3,1452059.0,128.4161,28786.0,0.0021966946638273,0.0618223951005543,0.0197895722484555,-0.0011534583813871,124.0223,122.3245,52.6537,60.6381,61.6908,22.7557,89.2084,46.6667,96.6667,132.2122,124.0223,115.8324,57818430.9261,66495071.0
2023-03-23,129.0,133.505,128.78,131.05,1146332.0,131.3366,23965.0,0.0021280619794962,0.0595892626131946,0.0198732415149294,-0.0011534583813871,123.7733,121.9124,67.155,67.1649,64.5158,22.6257,143.0205,50.0,100.0,131.8817,123.7733,115.665,58279872.4159,67947130.0
2023-03-22,132.28,133.31,127.902,128.2,1793769.0,130.1186,31751.0,0.0009350729614828,0.0224916254586051,0.0197041692322108,-0.0021189160560374,123.5277,121.2823,62.1054,69.6589,62.8096,22.3779,129.6685,53.3333,100.0,131.1726,123.5277,115.8827,58324755.2561,66800798.0
2023-03-21,127.5,129.62,126.715,128.81,1475092.0,128.6281,25033.0,0.0017600287536706,0.047917344614383,0.0199658230862023,-0.0011534583813871,123.4337,120.8052,72.2343,73.6376,63.4408,22.1288,109.0745,56.6667,73.3333,130.9141,123.4337,115.9532,59920838.1755,68594567.0
2023-03-20,125.34,127.45,124.57,126.41,1525919.0,126.0165,28060.0,0.0016085847219174,0.043245027647107,0.0198514916953131,-0.0011534583813871,123.2373,120.2531,74.6369,72.0901,61.9881,22.0107,67.1746,60.0,76.6667,130.4473,123.2373,116.0274,59268344.8123,67119475.0
2023-03-17,128.75,129.69,126.235,127.09,1665426.0,127.2469,25555.0,0.0014062012033222,0.0368768866770008,0.0199521016432858,-0.0011534583813871,123.0627,119.8285,74.0416,63.6805,62.6701,21.9755,105.832,63.3333,80.0,130.2104,123.0627,115.915,58844478.4234,68645394.0
2023-03-16,125.66,130.08,124.235,129.21,1407792.0,128.4427,28610.0,0.0032030439591469,0.0937023869984758,0.0206809225253159,0.0002402912659911,122.912,119.3277,67.5918,51.0777,64.8194,21.8299,118.2423,0.0,83.3333,129.9026,122.912,115.9214,59685627.011,70310820.0
2023-03-15,123.41,125.88,121.47,125.65,1653622.0,124.3212,32719.0,0.0038614131999182,0.1147090134847408,0.0217568323508606,0.0002402912659911,122.543,118.6462,49.4081,38.6825,62.7454,21.6792,43.8701,0.0,86.6667,129.3306,122.543,115.7554,58696921.0811,68903028.0
2023-03-14,125.12,127.58,124.44,125.54,1638828.0,125.5993,27873.0,0.0080722060415092,0.2553999999999996,0.0310227684729185,0.0024143900166666,122.112,118.1632,36.2332,37.3094,62.6797,21.6877,79.1199,0.0,90.0,129.6557,122.112,114.5683,57215785.7296,67249406.0
2023-03-13,120.2,125.05,118.5454,123.39,1569476.0,123.1411,35079.0,0.0067610840484546,0.2068661971830976,0.0314283398401619,-0.0011534583813871,121.2607,117.6544,30.4063,47.2253,61.393,21.5031,19.8248,3.3333,93.3333,132.1065,121.2607,110.4148,57706390.2901,65610578.0
2023-03-10,123.68,123.7,119.81,121.66,1571122.0,121.7377,30646.0,0.0065963977469645,0.2009871668311935,0.0314017566767125,-0.0011534583813871,120.5557,117.2589,45.2887,64.4803,60.3292,21.4116,17.6467,0.0,96.6667,133.3337,120.5557,107.7776,56937987.4261,64041102.0
2023-03-09,127.0,131.3259,123.6,123.93,2346043.0,126.4436,41677.0,0.0076301638429621,0.2389283215035482,0.0310733486932985,0.0024143900166666,119.877,116.9553,65.9809,78.5211,62.5142,21.3713,79.0004,0.0,100.0,134.3929,119.877,105.3611,57014726.0328,65612224.0
2023-03-08,126.0,127.64,124.745,126.99,1271443.0,126.4398,26279.0,0.0086818072177504,0.2789807634202828,0.0305105822285994,0.0063386639775508,119.0803,116.4743,82.1714,85.9645,65.6107,21.0767,82.0265,3.3333,96.6667,135.1583,119.0803,103.0023,59160353.7569,67958267.0
2023-03-07,127.11,129.6,125.07,126.33,2110459.0,126.6121,40492.0,0.0082908633979162,0.2640584350610353,0.0306272949728467,0.0035286417405961,118.157,115.7491,87.411,82.2337,65.2519,20.916,89.2564,6.6667,100.0,135.4478,118.157,100.8662,58459025.921,66685324.0
2023-03-06,124.04,128.3199,124.04,126.38,2092609.0,126.6317,32915.0,0.0089951620227377,0.2907772444081289,0.0306623626544297,0.0075957613761056,117.2773,115.0194,88.311,68.1249,65.3018,20.7276,85.1496,10.0,63.3333,135.4767,117.2773,99.0779,59395454.7488,68795783.0
2023-03-03,119.6,123.9,119.54,123.74,1779526.0,122.6342,34930.0,0.0098263457979503,0.3222910878392808,0.0313165938879652,0.0075957613761056,116.3283,114.2359,70.9791,47.161,63.8923,20.583,53.069,0.0,66.6667,135.4746,116.3283,97.1821,59199830.3508,66703174.0
2023-03-02,115.06,119.01,114.6401,118.48,870041.0,117.4701,16706.0,0.0086520364136573,0.2776879111398678,0.0306517526789078,0.0075957613761056,115.323,113.5804,45.0845,30.549,60.8277,20.6171,16.9523,0.0,70.0,135.9194,115.323,94.7266,57550911.7636,64923648.0
2023-03-01,117.92,118.225,115.91,117.2,1314629.0,117.1376,23178.0,0.0086440263204439,0.277384196185285,0.030651189955988,0.0075957613761056,114.4647,113.2425,25.4195,22.382,60.0296,20.8798,19.1486,0.0,73.3333,136.5553,114.4647,92.3741,56891915.2864,64053607.0
2023-02-28,116.48,119.39,116.2181,116.3,1198707.0,117.1906,23463.0,0.0082738271151827,0.2633065392135556,0.0307268643503029,0.002770815579497,113.6163,112.9696,21.1428,20.2785,59.4684,21.0697,24.0359,0.0,76.6667,137.1304,113.6163,90.1022,56741428.5974,62738978.0
2023-02-27,117.76,118.5,115.48,116.84,1593663.0,116.8043,29604.0,0.0087422114304156,0.2811403508771923,0.0306336774657727,0.0083096563841167,112.8083,112.7399,20.5835,18.514,59.9567,21.2463,25.3028,0.0,80.0,137.5328,112.8083,88.0839,57878233.2024,63937685.0
2023-02-24,116.44,117.41,114.9,117.14,1612323.0,116.2411,28693.0,0.0086277610192616,0.2767302452316063,0.0306820694573412,0.0083096563841167,111.9537,112.4571,19.1091,21.2628,60.2222,21.4698,26.1626,3.3333,83.3333,137.8083,111.9537,86.099,58036544.0965,65531348.0
2023-02-23,121.05,121.7,116.5,118.86,1356733.0,118.5699,25517.0,0.0094625829437959,0.3091750192752498,0.0303814730976003,0.0092228826399904,111.1073,112.1342,15.8493,29.303,61.7377,21.7506,42.5987,0.0,86.6667,137.8737,111.1073,84.341,56771095.3674,67143671.0
2023-02-22,120.25,120.9199,118.19,120.07,1919322.0,119.8802,30032.0,0.012052339433967,0.4119238005644403,0.0318798423777411,0.0093545963873157,110.1717,111.6703,28.8299,47.7628,62.8126,21.9451,49.5239,0.0,90.0,137.7391,110.1717,82.6043,56896332.2597,68500404.0
2023-02-21,121.11,123.78,119.26,120.35,1731536.0,121.2374,30589.0,0.0127284067007308,0.4406272444338031,0.031782654103849,0.0100018381535952,109.004,111.0911,43.2299,64.1306,63.0582,22.0432,60.1228,0.0,93.3333,137.7383,109.004,80.2697,56172095.6239,70419726.0
2023-02-17,123.93,125.57,122.49,125.33,1438784.0,124.6491,27271.0,0.014853759893496,0.536283402794802,0.0303006072775077,0.0106275253279343,107.777,110.4525,71.2287,72.1495,67.6026,22.0791,80.3181,0.0,96.6667,137.5919,107.777,77.9621,57068510.2787,72151262.0
2023-02-16,125.74,128.98,125.47,125.57,1639576.0,126.8876,28402.0,0.0150199325939511,0.5439567195376849,0.0302217769761528,0.0106275253279343,106.3187,109.4265,77.9333,67.5577,67.8303,21.9119,96.7525,3.3333,100.0,136.8284,106.3187,75.809,55853952.3566,73590046.0
2023-02-15,125.37,128.68,124.89,128.27,1721719.0,127.7643,30755.0,0.0154895873296073,0.5661782661782664,0.0297636065908533,0.0106275253279343,104.844,108.3131,67.2865,55.6984,70.4097,21.539,107.9705,6.6667,100.0,135.763,104.844,73.925,57400105.2227,75229622.0
2023-02-14,121.52,126.26,120.32,126.1,1435092.0,124.4771,25894.0,0.0161614825469867,0.5972134262191249,0.0300212270712171,0.0106275253279343,103.2983,106.9368,57.4533,52.0504,69.5088,21.1636,103.674,0.0,93.3333,134.014,103.2983,72.5827,56050895.3468,73507903.0
2023-02-13,125.87,126.44,122.3,122.32,1958480.0,123.7581,34910.0,0.0151060842726088,0.5481584609543093,0.0300409849891192,0.0100018381535952,101.7267,105.6152,42.3555,54.9811,67.8613,20.8592,111.4458,3.3333,96.6667,132.4397,101.7267,71.0136,54693114.7003,72072811.0
2023-02-10,125.0,127.79,124.12,125.16,3801159.0,125.4133,55534.0,0.0169066995564026,0.6337292781621193,0.0293320502258702,0.0106275253279343,100.283,104.4631,56.3424,68.8667,70.6331,20.4128,131.6851,0.0,100.0,131.0599,100.283,69.5061,56632672.1882,74031291.0
2023-02-09,125.8,126.66,120.12,120.83,1433615.0,122.9385,27636.0,0.0157513892821116,0.5790642969158386,0.0292461873500708,0.0100018381535952,98.6647,103.0358,66.2455,80.0606,68.7521,19.8274,127.3386,0.0,100.0,129.1433,98.6647,68.186,58279495.8422,70230132.0
2023-02-08,124.4,125.27,122.86,123.68,1494764.0,123.9576,29529.0,0.0160132800307423,0.5917631917631911,0.0289310997115865,0.0100018381535952,97.1877,101.8086,84.0123,87.8144,71.6731,19.2571,145.6263,3.3333,96.6667,127.5208,97.1877,66.8545,59401836.6373,71663747.0
2023-02-07,121.77,126.04,121.36,125.38,2884809.0,124.4228,40944.0,0.0163540712871664,0.6082606464853764,0.0286394963709167,0.0100018381535952,95.655,100.3002,89.9239,90.3897,73.4731,18.4798,161.7467,6.6667,100.0,125.1128,95.655,66.1972,59879416.8364,73158511.0
2023-02-06,123.5,125.63,121.3701,122.92,3348279.0,123.2154,54083.0,0.015889147358902,0.5862691960252928,0.0286894922130062,0.0093545963873157,94.0743,98.5706,89.5069,91.9456,72.5073,17.6757,175.1737,10.0,100.0,122.0333,94.0743,66.1154,57808271.9134,70273702.0
2023-02-03,118.08,123.82,118.0008,121.17,2553256.0,121.514,54024.0,0.0158346895052461,0.5837145471180225,0.0286937367397916,0.0093545963873157,92.56,96.8913,91.7382,90.1838,71.8013,16.8551,183.1438,0.0,96.6667,118.9846,92.56,66.1354,58720109.8598,66925423.0
2023-02-02,120.78,123.98,118.85,122.57,5198385.0,121.7149,85192.0,0.0176941758021967,0.6730821730821721,0.0286746660054584,0.0100018381535952,91.0713,95.2169,94.5917,86.4665,73.2561,16.0557,207.7099,3.3333,100.0,115.8626,91.0713,66.2801,58492303.5436,69478679.0
2023-02-01,113.37,119.6,111.63,118.14,4556548.0,115.6603,73071.0,0.0157841803333761,0.580679689590579,0.0291955627317479,0.0093545963873157,89.4277,93.3305,84.2215,79.0293,71.4891,15.1744,192.1655,0.0,100.0,112.095,89.4277,66.7603,56151510.298,64280294.0
2023-01-31,109.37,113.3,106.31,112.72,9453180.0,110.5298,122850.0,0.0152777587572675,0.557766721945826,0.0287594142765872,0.0093545963873157,87.981,91.6195,80.5863,75.7221,69.0724,14.3822,169.9223,3.3333,100.0,108.5791,87.981,67.3829,53264362.569,59723746.0
2023-01-30,101.07,102.43,99.8,100.0,2322834.0,100.5731,40795.0,0.008112897436037,0.2607160867372662,0.0266835366813111,0.0092228826399904,86.6357,90.1643,72.2801,71.6459,61.709,13.7543,110.4311,6.6667,83.3333,105.8183,86.6357,67.453,45260025.2857,50126779.0
2023-01-27,100.52,103.31,100.32,102.24,1753825.0,102.1112,29123.0,0.0081679746420634,0.2628458498023709,0.0266231484076682,0.0092228826399904,85.9463,89.4859,74.2998,70.0833,64.3156,13.5147,130.3773,10.0,86.6667,104.6385,85.9463,67.2542,47229576.5481,52449613.0
2023-01-26,101.29,102.17,99.69,101.3,1505320.0,100.9692,26108.0,0.0083728979132534,0.2705380659726577,0.0266545557984798,0.0092981108140782,85.237,88.6063,68.3578,70.7601,63.6935,13.2326,137.7412,13.3333,90.0,102.9937,85.237,67.4803,46730997.5347,50695788.0
2023-01-25,97.18,100.06,94.35,100.03,2180443.0,98.0052,33433.0,0.0086149083769344,0.2796469233721366,0.0267255759916195,0.0092981108140782,84.518,87.7309,67.5923,75.7153,62.8476,12.9886,126.9819,16.6667,93.3333,101.3369,84.518,67.6991,46281829.4702,49190468.0
2023-01-24,99.0,100.51,97.95,99.29,1482218.0,99.5967,28627.0,0.0085250039889417,0.2762210796915163,0.0267338689630764,0.0092981108140782,83.7893,86.8827,76.3301,82.4989,62.3535,12.8263,152.3898,20.0,96.6667,99.728,83.7893,67.8507,44124298.3056,47010025.0
2023-01-23,102.39,104.0,99.38,99.94,4690795.0,100.8362,73375.0,0.0096574548981207,0.3198626518753309,0.0267927538571293,0.0100018381535952,83.073,86.027,83.2234,84.9097,63.0656,12.4265,193.1387,23.3333,100.0,98.0642,83.073,68.0818,44054819.3368,48492243.0
2023-01-20,96.1,98.28,95.61,97.91,2761302.0,97.5295,43692.0,0.009214703070211,0.3026875997871212,0.0267157028858441,0.0092981108140782,82.2657,85.0675,87.9432,85.3064,61.7467,11.9167,178.7986,26.6667,100.0,96.1005,82.2657,68.4308,47608451.9126,43801448.0
2023-01-19,91.37,94.52,91.145,93.58,2280827.0,92.9239,40179.0,0.0063315257891454,0.1949942536074576,0.0272235217319089,0.0083085843769102,81.5073,84.1818,83.5625,84.1997,58.7062,11.6277,151.6431,30.0,100.0,94.2824,81.5073,68.7323,45612454.5867,41040146.0
2023-01-18,92.73,93.56,90.94,92.73,2235423.0,92.2971,32937.0,0.005195862588867,0.1546507284273433,0.0277863890014921,0.0067580352176465,80.9983,83.5337,84.4135,85.33,58.0739,11.5052,162.9381,33.3333,100.0,93.0023,80.9983,68.9943,44602132.7008,38759319.0
2023-01-17,92.08,92.73,90.59,91.75,1752142.0,91.6727,29333.0,0.0052006365542934,0.1548143486469477,0.0277873433110431,0.0067580352176465,80.5843,82.8994,84.6231,87.4057,57.3459,11.4255,175.6353,36.6667,90.0,91.7702,80.5843,69.3985,43783046.4107,36523896.0
2023-01-13,90.68,92.08,90.356,92.06,2135224.0,91.4287,37207.0,0.0053254734780264,0.1591538655250557,0.0277569664195399,0.0067580352176465,80.1743,82.2891,86.9534,89.1515,57.652,11.3837,201.2273,40.0,93.3333,90.5666,80.1743,69.7821,43635669.9808,38276038.0
2023-01-12,89.14,91.67,88.41,91.2,1774620.0,90.9653,30923.0,0.0069285894014346,0.2143808255659107,0.0292939946955373,0.0067580352176465,79.753,81.6152,90.6404,90.3009,57.037,11.3718,216.5132,43.3333,96.6667,89.162,79.753,70.344,41549987.1409,36140814.0
2023-01-11,91.32,93.28,90.08,91.75,1608682.0,91.5452,34994.0,0.0064202970572237,0.1957513358529907,0.0296440223888024,0.0067580352176465,79.2163,80.9542,89.8606,87.5103,57.5537,11.379,283.8624,46.6667,100.0,87.7482,79.2163,70.6845,40287067.3863,37915434.0
2023-01-10,84.86,91.0,84.69,90.79,2044774.0,89.4138,39651.0,0.0052210594316063,0.153181760447097,0.0301747049838246,0.0054105414049611,78.7157,80.2096,90.4017,83.8555,56.8948,11.2873,272.8851,50.0,100.0,85.9037,78.7157,71.5276,40215703.1738,36284252.0
2023-01-09,84.45,86.32,83.7722,85.04,1376855.0,85.2738,27262.0,0.0031674055115256,0.086634295936621,0.027866611788589,0.0053807031731943,78.3137,79.48,82.2687,80.9181,52.6382,11.2972,212.8876,53.3333,43.3333,83.9336,78.3137,72.6938,38307031.4052,34239478.0
2023-01-06,82.65,84.25,79.85,83.54,1185283.0,82.7663,24672.0,0.0039022231637481,0.110166112956811,0.0285296313917293,0.0053807031731943,78.0877,79.0965,78.8961,82.6113,51.4286,11.5389,158.889,0.0,46.6667,83.1222,78.0877,73.0531,38313624.3995,32862623.0
2023-01-05,80.61,82.61,79.14,81.58,1557126.0,81.5174,30070.0,0.0036095582075875,0.1006475984889367,0.0283662659524101,0.0053807031731943,77.8113,78.7901,81.5895,87.6667,49.8096,11.8989,120.8539,3.3333,50.0,82.5179,77.8113,73.1048,37510864.5495,31677340.0
2023-01-04,83.0,83.37,80.87,81.33,1842924.0,81.6815,35424.0,0.0022645093747022,0.0563709572671773,0.0293010505100446,0.0053807031731943,77.5627,78.5977,87.3484,86.286,49.6025,12.2578,156.6687,6.6667,53.3333,82.2346,77.5627,72.8907,36878141.8809,30120214.0
2023-01-03,81.88,81.99,79.24,81.9,1286955.0,81.1619,24269.0,0.0014644039490461,0.0308370044052859,0.0298643122160568,0.0053807031731943,77.418,78.4092,94.0622,79.534,50.0578,12.6387,142.0478,10.0,56.6667,81.8784,77.418,72.9576,38042869.8489,31963138.0
2022-12-30,76.77,79.05,76.53,78.95,1255839.0,78.2982,24441.0,-0.0010134333216979,-0.0430303030303035,0.0298666040225061,0.0029659735781563,77.3363,78.1685,77.4475,68.7936,47.6539,13.0427,36.0791,13.3333,60.0,81.5483,77.3363,73.1244,36840151.9035,30676183.0
2022-12-29,78.0,79.44,77.6933,79.01,979175.0,78.9583,22321.0,-0.0020103266264322,-0.0716719539419578,0.0303369021865482,0.0029659735781563,77.4547,78.1146,67.0923,67.1763,47.699,13.2985,46.7527,16.6667,63.3333,82.0255,77.4547,72.8839,35683982.6654,31932022.0
2022-12-28,76.09,78.24,76.07,76.61,1616280.0,77.0155,30867.0,-0.0020000312697851,-0.0713939393939396,0.0303482644940903,0.0029659735781563,77.658,78.0528,61.841,70.6926,45.7106,13.6222,-21.7297,20.0,66.6667,82.9701,77.658,72.3459,35186911.3466,30952847.0
2022-12-27,76.65,76.92,73.93,76.52,1178634.0,76.1429,24674.0,-0.0025210588700919,-0.0858917692032016,0.0304233464792393,0.002566761333291,77.8543,78.1523,72.5955,73.0098,45.6356,13.891,-61.7403,23.3333,70.0,83.426,77.8543,72.2827,35998775.4941,29336567.0
2022-12-23,77.6,78.18,76.19,77.7,943999.0,77.5582,21327.0,0.0002246652907265,-0.0094339622641509,0.0327819889096229,0.0053807031731943,78.094,78.2649,77.6414,63.7943,46.4481,14.0962,-19.7659,26.6667,73.3333,84.0226,78.094,72.1654,35135495.0727,30515201.0
2022-12-22,75.92,78.06,75.74,77.96,1646041.0,76.9123,32392.0,0.0036224814036605,0.0918767507002804,0.0372193202533029,0.0060354605164587,78.1187,78.3039,68.7926,46.6727,46.6249,14.417,-23.0399,0.0,76.6667,84.0467,78.1187,72.1907,34646892.5752,31459200.0
2022-12-21,76.93,79.395,76.5,77.49,1509179.0,78.1161,29473.0,0.002569570053275,0.0575951958509621,0.0375803633157165,0.0053807031731943,77.9,78.3276,44.9489,26.986,46.2675,14.7425,-1.2505,3.3333,80.0,84.3004,77.9,71.4996,33142751.6614,29813159.0
2022-12-20,72.2,77.35,72.2,76.51,2010342.0,75.9459,35735.0,0.0020654501205945,0.0418028322440089,0.0375410454620103,0.002566761333291,77.7593,78.3854,26.2766,18.2004,45.5324,15.1149,-59.2986,6.6667,83.3333,84.3716,77.7593,71.1471,33619746.0604,28303980.0
2022-12-19,74.54,74.8,72.84,73.26,1292796.0,73.4814,26794.0,0.0017079747384886,0.0311048557353974,0.0371859600567747,0.002566761333291,77.657,78.5147,9.7326,19.4014,43.034,15.3958,-97.6776,0.0,86.6667,84.4363,77.657,70.8777,32265204.9458,26293638.0
2022-12-16,72.12,75.26,71.72,74.74,3499942.0,74.4542,45941.0,0.0020566445747974,0.0421081985499167,0.0370313573799071,0.002566761333291,77.5833,78.8771,18.5919,36.7302,43.9208,15.552,-86.4088,3.3333,90.0,84.5962,77.5833,70.5705,33003945.5172,27586434.0
2022-12-15,77.31,78.27,72.32,72.36,3263979.0,73.5515,50892.0,-0.000497503204823,-0.0351999999999994,0.0374565931835759,-0.0009685381049647,77.4827,79.1624,29.8797,53.3787,42.0648,15.7137,-74.0353,6.6667,93.3333,84.7384,77.4827,70.2269,30532235.0653,24086492.0
2022-12-14,80.24,81.32,78.21,79.32,1186692.0,79.7366,23103.0,0.0002777593471255,-0.010602469751777,0.0358489269814014,-0.0009685381049647,77.5707,79.6315,61.7189,66.1736,46.4066,15.9058,49.9873,10.0,96.6667,84.6373,77.5707,70.504,33752328.6333,27350471.0
2022-12-13,83.95,87.48,80.05,80.96,3864976.0,82.4805,58605.0,0.0007833862071989,0.0047158103747833,0.0356622194345922,-0.0009685381049647,77.599,79.653,68.5376,60.4051,47.5239,16.3612,123.0316,13.3333,100.0,84.7002,77.599,70.4978,34091928.5947,28537163.0
2022-12-12,77.91,79.82,77.06,79.73,1413885.0,78.9484,27920.0,-0.0008424936115976,-0.0435460652591166,0.036067121278808,-0.0037014630043297,77.5863,79.5629,68.2644,46.9732,46.5916,16.9186,31.1107,16.6667,40.0,84.6648,77.5863,70.5078,37010167.5396,24672187.0
2022-12-09,78.16,80.0,77.635,78.17,1529561.0,78.8585,25767.0,-0.0008470791768205,-0.0436750672865179,0.0360644852563459,-0.0037014630043297,77.7073,79.5513,44.4135,33.2172,45.4024,17.097,20.9566,20.0,43.3333,85.0475,77.7073,70.3671,35688492.4309,23258302.0
2022-12-08,76.0,78.17,74.66,77.8,1314780.0,77.252,24019.0,-0.0020638063704115,-0.0784174366263913,0.0364684125171597,-0.0072149981513004,77.8263,79.6466,28.2419,32.9394,45.1223,17.3073,-20.5474,23.3333,0.0,85.3071,77.8263,70.3456,36526032.175,21728741.0
2022-12-07,74.52,75.97,73.6,75.72,1279715.0,75.2829,18797.0,-0.0073174306533727,-0.219783616692426,0.0426620027998111,-0.0118982750116711,78.047,79.774,26.9963,44.132,43.5482,17.4229,-61.5734,26.6667,0.0,85.8933,78.047,70.2007,35488442.2605,20413961.0
2022-12-06,78.31,78.48,74.55,75.16,1647156.0,75.286,33121.0,-0.0067241811456249,-0.2060004225649688,0.0429857574645779,-0.0118982750116711,78.758,80.0536,43.5799,60.8256,43.1236,17.417,-48.5363,30.0,3.3333,89.1005,78.758,68.4155,34478709.328,19134246.0
2022-12-05,79.5,81.645,77.93,78.31,1171979.0,79.0192,21218.0,-0.003143596730137,-0.1171364148816226,0.0444934724315231,-0.0072149981513004,79.408,80.391,61.8197,69.7167,44.9624,17.4493,-1.556,33.3333,6.6667,91.1242,79.408,67.6918,35614534.4578,20781402.0
2022-12-02,77.86,80.42,76.695,80.31,1154054.0,79.2685,24218.0,-0.0019487661712372,-0.084682015044449,0.0443742186257155,-0.0037014630043297,79.7543,80.5346,77.0772,73.4416,46.1707,17.623,-7.7206,36.6667,10.0,91.9256,79.7543,67.583,36546754.6314,21953381.0
2022-12-01,80.25,82.35,78.95,79.45,1021692.0,79.9124,23543.0,-0.0026889228233378,-0.1047887323943653,0.0443401633802256,-0.0072149981513004,80.002,80.55,70.2531,70.4962,45.5626,17.7354,3.849,40.0,13.3333,92.5063,80.002,67.4977,35460859.5254,20799327.0
2022-11-30,75.39,79.72,74.51,79.42,1514815.0,78.0109,23786.0,-0.0024326969058662,-0.0979100408905037,0.0443793364615096,-0.0072149981513004,80.312,80.6259,72.9945,72.2785,45.5419,17.9458,-30.8681,43.3333,16.6667,93.2013,80.312,67.4227,36182053.8783,19777635.0
2022-11-29,77.0,77.6689,74.895,75.1,1007113.0,75.8106,20891.0,-0.0038427602408538,-0.1339944649446489,0.0431057081154287,-0.0072149981513004,80.5993,80.7091,68.241,69.2473,42.4912,18.02,-59.0934,46.6667,20.0,93.7774,80.5993,67.4213,34841689.742,18262820.0
2022-11-28,77.75,79.375,76.44,76.73,1136995.0,77.1251,19588.0,-0.0011254389697451,-0.0618657537596276,0.0444709732031417,-0.0037014630043297,80.9867,81.0959,75.6001,59.2279,43.3775,17.9812,-42.9609,50.0,23.3333,94.1785,80.9867,67.7948,35699945.0579,19269933.0
2022-11-25,77.85,79.285,77.1854,78.73,602181.0,78.7113,11143.0,-0.000625507190786,-0.0474289171203863,0.0442791254862278,-0.0037014630043297,81.1553,81.397,63.9009,39.353,44.4779,18.001,-34.6618,53.3333,26.6667,94.2542,81.1553,68.0565,36612252.8007,20406928.0
2022-11-23,75.5,78.6,74.78,78.26,905648.0,77.5883,19619.0,-0.001038085399346,-0.0591488338542912,0.0442730802785715,-0.0057299175829766,81.286,81.5809,38.1826,21.5192,44.1561,18.0504,-52.052,56.6667,30.0,94.3637,81.286,68.2083,36328428.1114,19804747.0
2022-11-22,72.97,75.35,70.18,75.25,1614297.0,73.4786,31049.0,-0.0019452650738458,-0.0837696335078527,0.0436979871085206,-0.0057299175829766,81.45,81.81,15.9756,18.745,42.0777,18.065,-103.7891,60.0,33.3333,94.4951,81.45,68.4049,35583994.9386,18899099.0
2022-11-21,75.89,75.89,73.75,74.12,1392719.0,74.399,24780.0,-0.003942341472962,-0.137838780970105,0.044232481891976,-0.0078568045404324,81.6793,82.2624,10.3994,32.3452,41.2847,17.9036,-100.6354,63.3333,36.6667,94.5207,81.6793,68.8379,34032146.5653,17284802.0
2022-11-18,80.87,80.87,76.02,76.99,1601585.0,77.2906,26679.0,-0.0034723953285695,-0.125213043972275,0.0439498073199663,-0.0078568045404324,82.0743,82.8239,29.8599,55.7041,42.7207,17.8657,-60.6578,66.6667,40.0,94.6883,82.0743,69.4603,34943271.1448,18677521.0
2022-11-17,80.0,80.1,77.67,79.45,1941441.0,79.0326,32986.0,-0.003972368324943,-0.1387533875338747,0.0443432494309332,-0.0078568045404324,82.4417,83.2263,56.7764,76.8299,43.9885,17.9122,-49.2973,70.0,43.3333,95.0838,82.4417,69.7995,35904222.1448,20279106.0
2022-11-16,83.54,84.21,82.26,82.5,953361.0,82.8996,19435.0,-0.0024300523865658,-0.0973741794310717,0.0439718384135575,-0.0057299175829766,82.8683,83.4867,80.4761,89.9357,45.6107,18.0236,0.8278,73.3333,46.6667,95.9347,82.8683,69.802,35001412.1324,22220547.0
2022-11-15,85.99,86.8414,83.71,85.11,1326154.0,85.2075,24503.0,-0.0025456104574888,-0.1006023459790755,0.0440503763725596,-0.0057299175829766,83.165,83.5547,93.2374,89.3893,47.0459,18.3242,26.1181,76.6667,50.0,96.5838,83.165,69.7462,35720099.6555,23173908.0
2022-11-14,82.21,83.81,81.46,82.5,1338631.0,82.7236,27055.0,-0.0014915416798245,-0.0730337078651677,0.04521854409996,-0.0057299175829766,83.4823,83.4475,96.0937,77.7215,45.3847,18.6964,-11.0772,80.0,53.3333,97.5067,83.4823,69.4579,35860448.2011,21847754.0
2022-11-11,79.6,83.78,78.11,83.71,1987087.0,82.2593,37313.0,3.315418040289453e-05,-0.0300115874855149,0.0455258532745555,-0.0037014630043297,83.699,83.5128,78.8368,57.1899,46.0318,18.9285,-21.6614,83.3333,56.6667,97.8562,83.699,69.5418,36014248.3585,23186385.0
2022-11-10,75.93,78.6,75.65,78.44,2078813.0,77.5526,38646.0,-0.002413627226383,-0.0967296176877011,0.0437904834709086,-0.0056532218797413,83.7853,83.4992,58.2339,39.3846,42.5849,19.167,-74.2945,86.6667,60.0,97.9733,83.7853,69.5973,34076225.235,21199298.0
2022-11-09,71.93,72.33,70.01,71.4,1680854.0,71.035,37711.0,-0.0078679467664298,-0.2312661498708005,0.0409686441076313,-0.0062950282688733,84.0653,83.8481,34.4989,24.4875,37.4238,19.1413,-155.5072,90.0,63.3333,98.1515,84.0653,69.9792,32222910.5944,19120485.0
2022-11-08,73.2,74.745,71.29,73.27,1321620.0,73.0943,26423.0,-0.0057583666033688,-0.1813407821229046,0.0416293630539819,-0.0056532218797413,84.7813,84.7066,25.4209,14.6639,38.308,18.7428,-148.6926,93.3333,66.6667,98.3953,84.7813,71.1673,31889622.353,20801417.0
2022-11-07,72.65,73.63,71.285,73.44,1520863.0,72.8123,31285.0,-0.0055465864101923,-0.1761274399820502,0.0416624902647772,-0.0056532218797413,85.3223,85.4954,13.5426,6.7276,38.3877,18.3736,-170.5154,96.6667,70.0,98.3404,85.3223,72.3042,31696447.7944,22123037.0
2022-11-04,73.23,73.49,69.285,71.05,2055042.0,71.1513,38459.0,-0.006742483803756,-0.2047235280949177,0.0410306699386669,-0.0056532218797413,85.8457,86.3268,5.0281,2.8574,36.5949,17.9227,-217.1905,100.0,73.3333,98.1539,85.8457,73.5374,30422035.9415,20602174.0
2022-11-03,73.67,74.2499,71.45,71.72,3530774.0,72.1577,60844.0,-0.0075524144768028,-0.2242293131422384,0.0413128332176807,-0.0056532218797413,86.4553,87.3803,1.6122,3.6479,36.8857,17.4478,-236.2548,100.0,76.6667,97.5209,86.4553,75.3898,30751917.8321,22657216.0
2022-11-02,79.8,79.86,74.85,75.0,3245404.0,77.0933,58033.0,-0.007121998057658,-0.2137540622706779,0.0409997189737067,-0.0056532218797413,87.1463,88.4604,1.9318,6.4642,38.3273,17.0246,-199.3578,100.0,0.0,96.9635,87.1463,77.3291,33601732.5264,26187990.0
2022-11-01,81.6,84.63,80.13,80.17,2690246.0,81.7973,36404.0,-0.0056132931124901,-0.1757145794776882,0.0396722806684485,-0.0056532218797413,87.826,89.3887,7.3998,9.1584,40.7543,16.698,-123.0012,56.6667,3.3333,96.9867,87.826,78.6653,36652800.9576,29433394.0
2022-10-31,83.0,83.66,80.3201,80.58,1994672.0,81.4021,35534.0,-0.0062594700813881,-0.1917753259779334,0.0398160762518662,-0.0062950282688733,88.3957,90.0244,10.0609,17.9347,40.9531,16.5477,-131.7291,60.0,0.0,97.7055,88.3957,79.0858,39295220.362,32123640.0
2022-10-28,81.42,83.36,80.53,83.36,2460712.0,82.3756,39359.0,-0.0053604362653326,-0.1692246362367944,0.039497469834103,-0.0062950282688733,89.033,90.6758,10.0146,33.8473,42.3057,16.3367,-120.132,63.3333,0.0,98.7254,89.033,79.3406,40979454.7724,34118312.0
2022-10-27,84.23,84.52,80.02,81.74,3597243.0,82.2479,59350.0,-0.0071817703696362,-0.213736052327818,0.0395541463877208,-0.0063750188527077,89.599,91.1803,33.7286,57.261,41.2119,16.1015,-129.7651,66.6667,0.0,99.8662,89.599,79.3318,38518742.7724,31657600.0
2022-10-26,91.53,91.98,84.0,84.42,8016928.0,87.0862,108578.0,-0.0056322727440039,-0.175988286969253,0.0394719306719134,-0.0062950282688733,90.3397,91.8314,57.7986,70.3957,42.5004,15.8582,-58.2289,70.0,3.3333,101.4069,90.3397,79.2724,39366093.3457,35254843.0
2022-10-25,95.57,98.64,95.08,97.05,3226157.0,96.7476,55992.0,-0.0011341090855579,-0.0481561396626124,0.0320109343889189,-0.004228485736591,90.9407,92.3425,80.2558,75.8613,49.559,15.7446,87.6238,73.3333,0.0,102.5992,90.9407,79.2821,46539134.1878,43271771.0
2022-10-24,88.96,97.07,84.08,94.66,6219435.0,92.326,85425.0,-0.0047839327264828,-0.1498113885396083,0.0349060613624603,-0.0062950282688733,91.1043,92.0178,73.1327,75.0503,47.9785,16.0821,10.4602,76.6667,0.0,103.2299,91.1043,78.9788,46194769.1148,40045614.0
2022-10-21,85.55,89.2699,84.52,88.7,1737778.0,87.7473,28112.0,-0.0067032956490807,-0.1956837141820813,0.0323877893867146,-0.0062950282688733,91.6603,91.8356,74.1954,79.4104,43.7283,16.3478,-52.2823,80.0,3.3333,105.7566,91.6603,77.5641,42283084.4381,33826179.0
2022-10-20,87.25,90.43,86.62,87.74,1314250.0,88.3368,25831.0,-0.0054517327178754,-0.1658109906826387,0.0337425802709753,-0.0062950282688733,92.3797,92.0519,77.8227,77.6715,43.0032,16.1615,-46.5617,83.3333,6.6667,107.9261,92.3797,76.8332,40962308.7675,32088401.0
2022-10-19,89.36,90.6108,87.58,88.75,1308061.0,88.9946,23838.0,-0.0052865092719033,-0.1616285660306058,0.0337252771313662,-0.0062950282688733,92.961,92.3492,86.213,69.621,43.5743,16.0583,-42.2158,86.6667,10.0,109.0643,92.961,76.8577,41503876.3528,33402651.0
2022-10-18,89.41,90.26,86.5187,88.04,1810893.0,87.8106,30142.0,-0.0044928447528395,-0.1418266887610877,0.0343053055020785,-0.0062950282688733,93.5313,92.5975,68.9789,51.1133,43.0605,15.9931,-52.1635,90.0,13.3333,110.1997,93.5313,76.863,41802018.2753,32094590.0
2022-10-17,84.5,87.35,84.19,86.72,1189281.0,86.3688,27075.0,-0.005584404102641,-0.1695077571346482,0.0341814130339725,-0.0063750188527077,94.0163,92.9118,53.6712,36.0577,42.1132,15.904,-75.7769,93.3333,16.6667,110.8631,94.0163,77.1695,42140208.4603,30283697.0
2022-10-14,84.36,85.88,81.72,81.79,1644632.0,83.099,32857.0,-0.0082507682687625,-0.2321629740893728,0.0319894842033186,-0.0064009460221417,94.6063,93.3388,30.6897,22.2519,38.4142,15.6311,-106.813,96.6667,20.0,111.6285,94.6063,77.5841,41425134.4413,29094416.0
2022-10-13,79.86,84.43,78.5,82.65,2378241.0,82.0518,36736.0,-0.0084063128046922,-0.2357836338418862,0.0320109198119406,-0.0064009460221417,95.4307,94.1352,23.8123,15.5409,38.8327,15.2545,-125.051,100.0,23.3333,112.2848,95.4307,78.5766,43014418.249,30739048.0
2022-10-12,82.15,84.825,80.0,83.18,4097041.0,82.486,56717.0,-0.0079079323882885,-0.2242842488109667,0.0321547833737046,-0.0064009460221417,96.2807,94.9273,12.2539,17.0965,39.0863,14.771,-126.146,100.0,26.6667,113.0426,96.2807,79.5187,42063923.9539,33117289.0
2022-10-11,85.0,85.78,80.51,82.13,1973691.0,82.7616,37012.0,-0.0087424623674365,-0.2434598378776709,0.0319310157771915,-0.0093374339602046,97.0823,95.7375,10.5567,28.8296,38.3147,14.3244,-134.202,100.0,30.0,113.5594,97.0823,80.6053,40760512.9829,29020248.0
2022-10-10,88.01,88.49,85.92,85.97,1305244.0,86.6586,26611.0,-0.0074822782397465,-0.2135211783002469,0.0312266105435236,-0.0066423993466877,97.9633,96.6759,28.479,49.179,40.1109,13.8806,-107.2169,76.6667,0.0,113.9678,97.9633,81.9588,41520777.2581,30993939.0
2022-10-07,90.06,90.29,87.38,88.01,1276464.0,88.2455,32184.0,-0.0079486651623321,-0.2247864000704655,0.0315602733739215,-0.0066423993466877,98.7413,97.4143,47.4531,60.8577,41.1004,13.6239,-98.1508,80.0,3.3333,114.6067,98.7413,82.876,42775233.5538,32299183.0
2022-10-06,91.93,93.285,90.37,92.25,1425152.0,92.0426,25922.0,-0.0053625301748274,-0.1617446615174915,0.031518090799829,-0.0064009460221417,99.592,98.0629,71.6049,60.4029,43.2437,13.4167,-73.1496,83.3333,6.6667,115.7976,99.592,83.3864,43499001.8012,33575647.0
2022-10-05,92.28,93.68,89.11,91.4,1681851.0,91.1351,30226.0,-0.0050492392251068,-0.1539387207257245,0.0317084148440492,-0.0064009460221417,100.1853,98.4637,63.515,43.1412,42.6643,13.3254,-84.1729,86.6667,10.0,116.5746,100.1853,83.7961,43085878.8372,32150495.0
2022-10-04,91.93,95.46,91.325,94.63,2057097.0,93.9847,40930.0,-0.0043889685152374,-0.1365875912408756,0.0312995224703915,-0.0064009460221417,100.7397,98.9509,46.0888,30.8228,44.3266,13.2309,-68.0842,90.0,13.3333,117.0275,100.7397,84.4518,43082198.6381,33832346.0
2022-10-03,87.5,89.45,86.28,89.0,3551172.0,87.8278,52699.0,-0.007045011626564,-0.2012922911244725,0.028720962633698,-0.0066423993466877,101.2387,99.2489,19.8198,24.7972,40.4149,13.225,-127.4365,93.3333,16.6667,117.6639,101.2387,84.8134,41850925.3431,31775249.0
2022-09-30,86.49,89.42,86.0,86.3,1859038.0,87.1681,32666.0,-0.0089504315828431,-0.2455634233761693,0.028001922666458,-0.0095562549959156,101.9863,99.9557,26.5599,26.6054,38.4088,12.864,-150.2312,96.6667,0.0,118.1551,101.9863,85.8176,39307972.5229,28224077.0
2022-09-29,90.95,91.21,85.9191,86.84,1525105.0,87.5181,32293.0,-0.0086730706068269,-0.2392466053438459,0.0280687401309312,-0.0095562549959156,102.9227,100.8975,28.0119,19.8903,38.6604,12.4886,-158.9995,100.0,0.0,118.5952,102.9227,87.2502,40840863.5053,30083115.0
2022-09-28,90.05,93.29,89.395,92.88,1016926.0,92.0863,21750.0,-0.00815680066908,-0.2266444629475437,0.0271549765107386,-0.0095562549959156,103.833,101.867,25.2444,11.6444,41.608,12.1004,-133.0374,96.6667,0.0,118.8208,103.833,88.8452,41835068.5849,31608220.0
2022-09-27,91.01,92.695,88.455,89.5,1268388.0,89.9564,26808.0,-0.0100953633443256,-0.2699836867862968,0.0258520694726669,-0.0132880535638403,104.7403,102.4868,6.4147,4.1454,39.0961,11.8296,-162.7045,100.0,0.0,120.2525,104.7403,89.2282,41032232.2691,30591294.0
2022-09-26,89.0,91.6899,88.895,89.14,1578429.0,89.8245,27268.0,-0.0105076934160225,-0.2789775944350074,0.025721668953863,-0.0132880535638403,105.8437,103.3824,3.274,2.7197,38.8252,11.5152,-176.8963,96.6667,0.0,121.57,105.8437,90.1174,41675400.7125,29322906.0
2022-09-23,90.51,92.37,88.69,89.34,1782094.0,89.6563,28188.0,-0.010188633106638,-0.2720606208750915,0.0258811339183857,-0.0132880535638403,106.9933,104.3646,2.7475,4.5306,38.9182,11.1325,-187.6821,100.0,0.0,122.7098,106.9933,91.2768,42977100.5952,30901335.0
2022-09-22,94.9,95.59,92.44,92.45,1005262.0,93.2338,22188.0,-0.008334522517775,-0.2301607127987343,0.0261259452599742,-0.0102913003899302,108.1063,105.4008,2.1375,7.553,40.3715,10.7367,-167.5198,100.0,3.3333,123.3877,108.1063,92.825,44129650.5191,32683429.0
2022-09-21,96.96,99.4274,95.12,95.39,873541.0,96.4793,19635.0,-0.0060004806468541,-0.1745413637937002,0.0271216111492778,-0.0075962657764132,109.0277,106.294,8.7069,14.4524,41.7979,10.4616,-145.1187,100.0,6.6667,123.7447,109.0277,94.3107,45126278.2905,33686425.0
2022-09-20,98.02,99.25,96.945,97.26,1323399.0,97.7334,19728.0,-0.0065124690282538,-0.1874686716791982,0.0275086728335268,-0.0075962657764132,109.7,107.046,11.8146,19.8948,42.726,10.2781,-141.9193,100.0,10.0,123.6883,109.7,95.7117,45890307.2554,34559966.0
2022-09-19,99.78,100.4455,98.03,99.7,1714790.0,99.3271,28184.0,-0.0054243617856129,-0.1602796260422812,0.0274221724630542,-0.0066423993466877,110.448,107.7209,22.8357,23.2554,43.9572,10.1589,-131.1925,100.0,13.3333,124.0911,110.448,96.8049,46851996.3335,35883365.0
2022-09-16,102.26,102.26,99.7,100.34,1348243.0,100.5012,25779.0,-0.0062112066655266,-0.1802287581699344,0.0277746536988545,-0.0075962657764132,111.0823,108.274,25.0343,28.3408,44.2807,10.0778,-123.2981,93.3333,16.6667,124.434,111.0823,97.7306,46195683.6219,37598155.0
2022-09-15,100.48,105.46,100.33,103.96,1336610.0,103.6545,28445.0,-0.0045136727945211,-0.1369749294371575,0.0275293648491414,-0.0066423993466877,111.8177,108.8212,21.8961,40.5358,46.1374,10.0588,-100.2373,96.6667,20.0,125.1517,111.8177,98.4836,46869805.1219,38946398.0
2022-09-14,101.74,102.87,98.6,102.45,1210352.0,101.1937,27687.0,-0.0037233601665501,-0.1168103448275864,0.0283973635138967,-0.0066423993466877,112.3677,109.1564,38.092,60.1027,45.2111,10.0635,-128.401,100.0,23.3333,125.7211,112.3677,99.0142,46314838.3967,37609788.0
2022-09-13,106.0,106.46,101.67,101.96,1728997.0,102.8589,37722.0,-0.0036957195784842,-0.1160814911140006,0.0284060541601544,-0.0066423993466877,112.8193,109.619,61.6193,70.9422,44.9139,9.9453,-114.3598,83.3333,26.6667,125.709,112.8193,99.9297,45342588.4295,36399436.0
2022-09-12,111.54,113.18,109.84,111.34,1407939.0,111.1695,26057.0,-0.0002003104945823,-0.0148646257299593,0.0244562270680373,-0.0021605407980639,113.2657,110.1472,80.5969,65.1729,49.9248,9.9383,-22.304,86.6667,30.0,125.5325,113.2657,100.9988,46862228.799,38128433.0
2022-09-09,106.31,110.58,106.11,110.28,1567703.0,109.1688,31954.0,-0.0009774077619485,-0.0376123570992232,0.0245024384068912,-0.0066423993466877,113.3217,110.0649,70.6105,49.1394,49.307,10.2732,-54.4862,90.0,33.3333,125.5682,113.3217,101.0751,47005551.9308,36720494.0
2022-09-08,104.36,106.55,103.72,105.18,857910.0,105.1308,20713.0,-0.0031711079405651,-0.098019037818369,0.0228670263137976,-0.0075962657764132,113.4653,110.0501,44.3112,34.2954,46.221,10.4981,-107.9003,93.3333,36.6667,125.6668,113.4653,101.2639,45604990.273,35102791.0
2022-09-07,102.35,106.28,102.35,105.86,652327.0,104.7063,17375.0,0.0010954623640074,0.0181783206694243,0.0319851863866706,-0.0075962657764132,113.8463,110.3859,32.4966,29.3484,46.5865,10.5318,-121.3223,96.6667,40.0,125.6979,113.8463,101.9947,45577706.9162,35960701.0
2022-09-06,104.06,104.37,100.62,102.59,962848.0,102.4616,26169.0,-0.0019141303899678,-0.0709110668357183,0.033173174545443,-0.0102913003899302,113.7833,110.6981,26.0784,27.5987,44.548,10.5531,-152.4011,100.0,43.3333,125.8227,113.7833,101.744,45064808.5879,35308374.0
2022-09-02,107.55,108.29,103.36,104.42,1405435.0,105.2645,31556.0,-0.0016971701018757,-0.0647559337214506,0.0330915479990689,-0.0096739404038435,114.0443,111.2572,29.4704,26.5385,45.4872,10.4789,-124.1201,96.6667,46.6667,125.4231,114.0443,102.6656,45016111.4359,36269502.0
2022-09-01,106.06,107.09,102.18,106.52,1570662.0,104.8458,36795.0,-0.0021845705144261,-0.0787061062099984,0.0334589775337253,-0.0096739404038435,114.2853,111.7288,27.2474,24.3089,46.5764,10.5119,-135.2087,100.0,50.0,125.1324,114.2853,103.4383,45817180.8781,37674937.0
2022-08-31,109.5,110.08,107.35,108.15,1048790.0,108.5083,20825.0,-0.0009846101127683,-0.0450331125827816,0.0336204168340623,-0.0075962657764132,114.5887,112.088,22.8977,31.8788,47.4285,10.4869,-96.9202,13.3333,53.3333,125.0523,114.5887,104.125,44611193.9657,39245599.0
2022-08-30,110.32,111.51,105.77,107.23,951661.0,107.1966,24242.0,0.0001310687768298,-0.0133419212366581,0.0344640572540299,-0.0075962657764132,114.7587,112.3596,22.7815,41.9771,46.8985,10.6746,-107.179,0.0,56.6667,124.9608,114.7587,104.5565,45046012.1708,38195109.0
2022-08-29,107.45,110.7,106.87,108.56,966140.0,109.2851,19703.0,0.0021840654827127,0.0481799748962052,0.0354846224329575,-0.0023793618337749,114.807,112.7134,49.9573,49.6363,47.5687,10.8688,-96.7004,3.3333,60.0,124.8789,114.807,104.7351,45513552.9408,39146770.0
2022-08-26,113.91,114.19,109.03,109.31,908633.0,110.231,21981.0,0.0028166947806478,0.0682106909019837,0.0354869015066995,0.0038687602776671,114.6407,112.9998,53.1925,38.7826,47.9422,11.1158,-58.7429,0.0,63.3333,125.2692,114.6407,104.0122,45626815.2385,40110758.0
2022-08-25,111.64,113.6,110.67,113.53,860506.0,112.4731,21605.0,0.0061355938227537,0.1786752491694345,0.0362398806706321,0.0064840971072385,114.408,113.2543,45.7591,24.2418,50.081,11.4624,-24.2323,0.0,66.6667,125.7732,114.408,103.0428,46436836.9052,41019391.0
2022-08-24,108.09,112.105,108.05,110.05,701995.0,110.6854,16046.0,0.0041105232222259,0.1092631791150082,0.0364558893041425,0.0038687602776671,113.8343,113.2352,17.3961,13.6418,48.2403,11.8242,-47.8751,0.0,70.0,126.9252,113.8343,100.7435,45617447.2328,40158885.0
2022-08-23,109.63,110.92,107.42,108.03,895886.0,108.4919,20928.0,0.0033633860483419,0.0848563968668405,0.0363788622108765,-0.0008065544142164,113.473,113.4549,9.5701,11.2945,47.1468,12.2024,-54.5169,3.3333,73.3333,127.5249,113.473,99.4211,45626968.7433,39456890.0
2022-08-22,108.68,110.91,107.66,109.6,1213752.0,109.147,26976.0,0.003985442076896,0.1053958648512354,0.0362303348840349,0.0032196800266125,113.1913,113.829,13.9593,14.4981,47.9072,12.5437,-41.3086,6.6667,76.6667,127.9874,113.1913,98.3953,46210574.4804,40352776.0
2022-08-19,113.0,113.44,110.07,111.43,963375.0,111.2219,22649.0,0.0029052168245215,0.0689754412893322,0.0372903206929388,0.0032196800266125,112.843,114.1207,10.354,22.0339,48.794,12.9063,-11.7154,10.0,80.0,128.4317,112.843,97.2543,45975293.3235,41566528.0
2022-08-18,113.63,115.44,112.01,114.39,1102399.0,114.2388,21969.0,0.0032669599094896,0.0808844373051118,0.0370612979834322,0.0032196800266125,112.6033,114.3063,19.181,39.231,50.2483,13.3264,14.7417,13.3333,83.3333,128.4898,112.6033,96.7169,46161107.4926,42529903.0
2022-08-17,117.97,118.28,113.78,114.15,1411550.0,114.9221,31756.0,0.0041560160524997,0.1096529600466609,0.0373415514653722,0.0049859435894308,112.318,114.3005,36.5669,57.5053,50.1318,13.6834,31.3236,16.6667,86.6667,128.3724,112.318,96.2636,45733646.6559,41427504.0
2022-08-16,121.48,121.7401,117.86,120.1,872731.0,119.7542,21475.0,0.0051841863989541,0.1456644090432128,0.0362577832275401,0.0049859435894308,111.942,114.3109,61.9452,68.6229,53.1123,13.9812,76.0336,0.0,90.0,128.332,111.942,95.552,46913075.1004,42839054.0
2022-08-15,122.83,124.67,121.45,122.6,981651.0,122.4365,19433.0,0.0083625363956754,0.257178014766201,0.0380132229951071,0.0064840971072385,111.433,113.9116,74.0037,64.4336,54.4265,14.1195,107.594,0.0,93.3333,127.7262,111.433,95.1398,46778142.669,43711785.0
2022-08-12,124.17,124.68,121.85,123.63,910242.0,123.6138,19290.0,0.0099511281492444,0.3175956517105402,0.0382772882313226,0.0077514836962183,110.597,113.3124,69.9197,54.4527,54.9682,14.1049,117.3723,0.0,96.6667,127.085,110.597,94.109,47070042.9547,44733436.0
2022-08-11,122.6,126.27,120.94,122.73,1985606.0,123.0296,40284.0,0.008301353625685,0.2528583095140875,0.0394045656974603,0.0069024104294652,109.6037,112.6009,49.3774,45.8801,54.5864,14.0721,122.7589,3.3333,100.0,126.4187,109.6037,92.7887,46835245.5484,43823194.0
2022-08-10,119.55,120.9,116.66,120.09,1370217.0,119.7327,30482.0,0.0072184015299925,0.2130303030303031,0.0394600598687913,0.0049859435894308,108.778,111.9023,44.0609,51.6078,53.4678,14.0381,95.1898,6.6667,86.6667,125.3648,108.778,92.1912,47487179.9761,41837588.0
2022-08-09,118.23,118.755,113.64,115.56,1090952.0,115.4048,22448.0,0.0036313659472864,0.0874188388068126,0.0412406714959072,0.0003106288975472,108.075,111.3376,44.202,63.887,51.4855,14.178,73.5448,10.0,90.0,124.471,108.075,91.679,46640489.2827,40467371.0
2022-08-08,119.86,123.415,118.73,119.7,998019.0,121.0747,22137.0,0.0045568338225821,0.118691588785047,0.0406803695475319,0.0003106288975472,107.7653,111.0464,66.5606,75.1842,53.4989,14.3961,122.5711,13.3333,93.3333,123.9335,107.7653,91.5971,46912427.4645,41558323.0
2022-08-05,118.46,120.56,116.8294,118.73,1304139.0,118.5226,27439.0,0.0058534800836922,0.1618553674527838,0.0413886384316967,0.0003106288975472,107.342,110.4496,80.8983,76.9149,53.0834,14.4087,117.1867,16.6667,96.6667,122.8913,107.342,91.7927,47497179.2586,40560304.0
2022-08-04,120.58,124.6299,120.1,122.4,1459387.0,122.1788,27543.0,0.0078126991718442,0.2322561159770464,0.0410354897193881,0.0049859435894308,106.7907,109.8786,78.0936,68.7242,54.8769,14.5167,167.8899,20.0,100.0,121.8509,106.7907,91.7304,47472498.9891,41864443.0
2022-08-03,117.6,120.56,116.57,120.46,1698544.0,119.2612,33740.0,0.0065953947624811,0.1879684418145955,0.0413121791517171,0.0003106288975472,106.0217,109.015,71.753,62.6528,54.0842,14.4872,153.7126,23.3333,83.3333,120.1419,106.0217,91.9014,47449915.0405,40405056.0
2022-08-02,113.79,117.1797,113.42,116.0,1116301.0,115.7536,24063.0,0.006029006681212,0.1685302709781413,0.040986790922751,0.0003106288975472,105.3863,108.2257,56.3261,59.4623,52.2187,14.5918,128.581,26.6667,86.6667,118.5324,105.3863,92.2403,45836511.0906,38706512.0
2022-08-01,111.44,115.835,110.2,115.35,1683985.0,114.068,31653.0,0.0063249061590551,0.178845171180378,0.0410149120447704,0.0003106288975472,104.8287,107.6896,59.8794,56.0453,51.9436,14.8181,119.3826,30.0,90.0,117.5386,104.8287,92.1187,45420744.8618,37590211.0
2022-07-29,112.9,115.3499,110.36,113.02,1708138.0,112.8464,33308.0,0.0032646699119429,0.0728049359278597,0.0432011827897968,-0.0052690177249118,104.2453,107.1613,62.1814,50.9442,50.9655,15.1,118.6954,33.3333,93.3333,116.5708,104.2453,91.9199,44026638.38,35906226.0
2022-07-28,115.53,117.2465,110.76,114.59,2637397.0,113.8266,52733.0,0.0062030976230219,0.1686894441611421,0.0449113977360944,0.0003106288975472,103.9897,106.7572,46.075,44.3385,51.6502,15.4086,148.8924,36.6667,96.6667,115.8872,103.9897,92.0921,43913638.8502,37614364.0
2022-07-27,118.04,121.64,114.2351,116.61,7373255.0,117.6578,103327.0,0.006591223035338,0.1825372680255552,0.0447564556891228,0.0003106288975472,103.4383,106.217,44.5762,53.6159,52.528,15.7123,215.3305,40.0,100.0,114.8426,103.4383,92.0341,43436496.2649,40251761.0
2022-07-26,105.94,107.3499,103.395,103.97,2752557.0,104.5709,46371.0,0.0013584270340461,0.0170204440966452,0.0399232372277187,-0.0046972713853717,102.8383,105.5003,42.3643,67.6983,47.0888,15.8911,37.4591,43.3333,93.3333,113.2591,102.8383,92.4175,46080249.6378,32878506.0
