Date,Open,High,Low,Close,Volume,Volume Weighted Average,Transactions,Mean,Cumulative Return,STDDEV,Median,SMA,EMA,SlowK,SlowD,RSI,ADX,CCI,Aroon Down,Aroon Up,Real Upper Band,Real Middle Band,Real Lower Band,Chaikin A/D,OBV
2024-12-09,623.925,626.4,606.1701,613.57,10662201.0,614.5403,256977.0,0.009470013060213,0.0973459240977214,0.0166547995872823,0.0098360960466067,614.74,610.424,75.371,84.1792,65.9036,64.5731,36.3369,0.0,80.0,624.4878,614.74,604.9922,1398228810.5079,5603211267.0
2024-12-06,610.1,629.7899,608.53,623.77,16713573.0,622.1746,279507.0,0.0104037447285633,0.1077625246408209,0.015395033026782,0.0098360960466067,610.592,608.8511,86.9159,90.9521,84.0683,62.3806,99.9298,0.0,100.0,630.8192,610.592,590.3648,1401295775.9428,5614637282.0
2024-12-05,617.075,619.9,607.05,608.93,7926913.0,610.9205,184313.0,0.0075369899714421,0.0767612109209225,0.0151951436515005,0.0046034639796583,600.702,601.3916,90.2508,92.7775,76.5433,56.2618,63.8545,0.0,100.0,631.2223,600.702,570.1817,1393951102.1104,5597701779.0
2024-12-04,612.96,617.78,605.1,613.78,12862732.0,611.9273,271458.0,0.009116710035654,0.0939065034129997,0.0143029341910777,0.0084452136863862,592.756,597.6224,95.6895,90.3716,87.3277,49.7761,95.8284,20.0,100.0,630.4213,592.756,555.0907,1399667694.8793,5605782991.0
2024-12-03,595.0,614.2,591.2501,613.65,14637296.0,605.736,295771.0,0.0103022352779502,0.1068722943722941,0.0140039022383489,0.0098360960466067,584.708,589.5436,92.3921,85.0932,87.2893,41.9563,134.5062,0.0,100.0,617.8952,584.708,551.5208,1394243247.8698,5591085985.0
2024-12-02,577.5,594.5,575.57,592.83,11574680.0,589.6253,244917.0,0.0068480206531492,0.0699357493502745,0.0114910445008344,0.0084452136863862,575.0,577.4904,83.0333,79.31,79.222,32.6343,166.6667,0.0,100.0,594.0148,575.0,555.9852,1380050591.5757,5576178821.0
2024-11-29,569.0,578.46,566.9,574.32,6731412.0,574.359,129975.0,-0.0003738123828122,-0.0049206459214082,0.0153244089981834,0.0042364402438558,568.262,569.8206,79.8543,74.1281,62.1245,24.7532,79.3209,0.0,100.0,579.5255,568.262,556.9985,1369737661.6291,5563656450.0
2024-11-27,574.89,574.98,564.1001,569.2,6829965.0,568.5521,143918.0,-0.0017629756367439,-0.0186206896551722,0.0150391368680836,-0.0018596981643791,566.016,567.5709,75.0423,67.074,53.6924,22.9579,63.3516,20.0,80.0,575.9522,566.016,556.0798,1367714469.3869,5556525931.0
2024-11-26,566.0,577.5,565.2,573.54,10239385.0,572.9366,191587.0,-0.0018304568773293,-0.0192879860469888,0.0150665175835744,-0.0018596981643791,565.28,566.7563,67.4877,59.6339,63.2396,23.86,149.5068,40.0,100.0,574.6953,565.28,555.8647,1368164553.9522,5563726159.0
2024-11-25,562.1,572.5915,556.39,565.11,12918074.0,564.2104,212266.0,-0.0030392654822958,-0.0309686712279437,0.0141301411569483,-0.0018596981643791,562.79,563.3645,58.692,52.7987,49.2045,23.5243,127.9866,60.0,100.0,567.6181,562.79,557.9619,1364476611.7571,5553369609.0
2024-11-22,563.55,563.8273,554.59,559.14,8946665.0,558.753,194623.0,-0.0051539104683135,-0.0512437642108121,0.0134868775178752,-0.0045967409915073,560.648,562.4917,52.722,43.2287,35.1843,27.0738,9.5125,80.0,0.0,568.1955,560.648,553.1005,1363436992.6197,5539769779.0
2024-11-21,569.52,570.0,549.05,563.09,10775747.0,559.5675,228050.0,-0.0048512747963956,-0.0483522055095487,0.0134756735727382,-0.0041427189742921,559.636,564.1676,46.982,30.6541,41.2041,26.31,55.7634,100.0,0.0,568.8859,559.636,550.3861,1363573203.1736,5548933783.0
2024-11-20,562.93,566.3499,554.2001,565.52,9491676.0,562.5183,184645.0,-0.0009865673486916,-0.0114150860938727,0.0178969888548752,-0.0017054868797946,562.45,564.7064,29.9823,18.285,44.9927,25.3552,-1.7343,60.0,0.0,579.4798,562.45,545.4202,1359776861.3898,5560088532.0
2024-11-19,551.86,561.43,550.6,561.09,8924616.0,556.6674,166639.0,-0.0018424856670822,-0.0198102824799539,0.0176547781054258,-0.00232617215801,565.346,564.2996,14.9981,12.8078,36.474,27.5795,-52.8784,80.0,0.0,587.602,565.346,543.09,1351317949.6291,5550291193.0
2024-11-18,557.04,559.9,550.09,554.4,14115317.0,555.0573,247109.0,-0.0009535260796672,-0.0112006848826424,0.0185346580919671,-0.00232617215801,570.092,565.9045,9.8747,19.1351,21.853,25.2408,-96.2005,100.0,20.0,596.4383,570.092,543.7457,1342393405.1462,5540768748.0
2024-11-15,571.22,572.57,551.5,554.08,17394190.0,558.4934,339313.0,-0.0021538142071455,-0.0230622751957113,0.0187836191555942,-0.0044425297069227,575.846,571.6567,13.5506,33.2906,21.1587,20.7514,-162.594,100.0,40.0,598.2409,575.846,553.4511,1344133730.4112,5526422033.0
2024-11-14,577.0,580.76,573.01,577.16,10483769.0,576.3992,189075.0,0.0017710785358172,0.0168786778956273,0.0139452501082831,-0.0023642457402694,582.898,580.445,33.9801,53.6098,43.4194,15.6352,-100.4392,100.0,60.0,591.221,582.898,574.575,1357508750.1663,5544134897.0
2024-11-13,582.605,585.64,575.17,580.0,9830173.0,580.7611,207451.0,-0.0018318651427321,-0.0199391686380533,0.0189564506575408,-0.0023642457402694,585.806,582.0876,52.3411,69.9561,48.4358,18.9429,-102.9644,0.0,80.0,594.2373,585.806,577.3747,1356724290.9857,5555188640.0
2024-11-12,588.545,599.66,580.38,584.82,15984655.0,587.5268,317052.0,-0.0012571405490226,-0.0142597087378638,0.0188401656667889,-0.0016172950237867,584.216,583.1313,74.5082,77.7322,57.4472,21.4547,56.7395,20.0,100.0,597.8318,584.216,570.6002,1357556539.5272,5565946223.0
2024-11-11,586.36,587.0,576.51,583.17,9790283.0,581.8641,218765.0,0.0010751161120899,0.0086654213366546,0.020566190357752,-0.0016172950237867,581.738,582.287,83.019,72.2691,55.1627,20.8002,24.1495,40.0,60.0,598.2202,581.738,565.2558,1366342448.7388,5549658499.0
2024-11-08,591.54,593.1,584.52,589.34,9161815.0,588.1982,206137.0,0.0029785698133046,0.0280680331443525,0.0202886110843699,-0.0007019102085718,577.24,581.8455,75.6695,54.4429,65.7171,24.9647,89.0021,60.0,80.0,600.5605,577.24,553.9195,1363588243.369,5559867550.0
2024-11-07,576.89,594.7999,575.21,591.7,14285763.0,589.2527,311875.0,0.0043408218996871,0.0421289936242914,0.0202323375991398,0.0039506809018459,572.804,578.0983,58.1189,34.9884,69.8039,26.6897,166.6667,80.0,100.0,593.5233,572.804,552.0847,1362424998.5042,5569283249.0
2024-11-06,562.75,573.0,555.1679,572.05,17833354.0,566.0851,386359.0,0.0016313835924018,0.0148308467420039,0.0176861576738344,0.0032959622594989,567.98,571.2974,29.5402,18.9836,48.45,28.846,-32.4162,100.0,0.0,576.4883,567.98,559.4717,1352408887.3708,5554629541.0
2024-11-05,567.305,573.48,566.67,572.43,9503482.0,570.7239,187548.0,-0.0014499449835882,-0.0164601982783799,0.0203075380265279,0.0032578886772395,571.93,570.9212,17.3062,20.2682,48.986,26.7164,-23.5448,80.0,20.0,593.1584,571.93,550.7016,1336053891.3036,5572934970.0
2024-11-04,564.1,568.69,557.89,560.68,11715801.0,562.5984,244728.0,-0.0023546415810548,-0.0251756033103828,0.0194735708434295,0.0032578886772395,576.1,570.1667,10.1044,35.2843,29.7688,30.3128,-88.8427,100.0,40.0,603.4047,576.1,548.7953,1329292946.3564,5563159591.0
2024-11-01,567.605,573.67,562.56,567.16,14746571.0,568.9846,288040.0,-0.0014393519764303,-0.0161500164796083,0.0192394155720228,0.0032578886772395,579.596,574.9101,33.3939,59.2458,35.7025,30.4947,-99.5066,100.0,60.0,602.1755,579.596,557.0165,1335124170.1731,5575224192.0
2024-10-31,585.0,589.9,563.01,567.58,26329908.0,572.5293,516195.0,-0.001445085973892,-0.016206472189,0.0192392148257337,0.003229218689931,580.814,578.7852,62.3546,72.5159,36.0754,33.1181,-77.5916,0.0,80.0,601.1214,580.814,560.5066,1337755059.3585,5590527427.0
2024-10-30,600.98,601.2,589.38,591.8,26379352.0,592.7873,549195.0,0.0026717851425403,0.0260233360495159,0.0140573632881289,0.0037492419000013,580.854,584.3878,81.9887,68.1185,69.6149,36.6094,109.9792,20.0,100.0,601.0575,580.854,560.6505,1355470995.0688,5617365822.0
2024-10-29,580.145,593.67,575.398,593.28,12206890.0,588.6521,260587.0,0.0013042433631793,0.0119569481638157,0.0151185815952825,0.0037492419000013,575.232,580.6817,73.2044,49.8897,72.9294,30.5698,132.3157,40.0,100.0,595.7645,575.232,554.6995,1371335392.4039,5644230747.0
2024-10-28,582.0,583.7499,574.12,578.16,9888525.0,577.8369,205606.0,-0.0020138391314865,-0.0207648792385076,0.0127579466437686,-0.0002773005553778,572.978,574.3825,49.1624,38.0757,55.6846,25.8814,68.7173,60.0,40.0,586.2984,572.978,559.6576,1358872062.8688,5631211655.0
2024-10-25,573.935,581.29,571.72,573.25,11027861.0,575.6534,211196.0,-0.002790691206032,-0.0283074836850576,0.0123190908887019,-0.0002773005553778,572.378,572.4938,27.3024,34.4399,46.8963,25.6444,42.6155,80.0,60.0,584.9605,572.378,559.7955,1360630425.9398,5620286524.0
2024-10-24,567.125,568.8799,561.52,567.78,6999863.0,566.522,163274.0,-0.0027058421765961,-0.0274908791942857,0.0124069836285711,-0.0002773005553778,573.022,572.1156,37.7622,38.543,35.4955,27.1144,-116.8773,100.0,80.0,586.0392,573.022,560.0048,1368343023.6138,5608948650.0
2024-10-23,579.97,585.0,562.5,563.69,13985986.0,570.1199,276843.0,-0.0045626438419222,-0.0454183671741372,0.012164259587167,-0.0015348875319339,574.852,574.2834,38.255,31.3582,25.9912,26.0252,-118.3506,100.0,100.0,586.9469,574.852,562.7571,1363305792.4523,5601763999.0
2024-10-22,574.29,583.53,572.12,582.01,7816817.0,579.295,169539.0,-0.001816355138864,-0.0183507901971696,0.0082473189170246,-0.0015348875319339,577.472,579.5802,39.6119,22.0587,55.0646,25.3838,67.7548,80.0,0.0,582.1796,577.472,572.7644,1376047045.3536,5616012418.0
2024-10-21,576.03,577.2399,569.11,575.16,8111555.0,573.1671,180512.0,-0.0016204817501483,-0.0164506310065322,0.0085872414773144,-0.0015348875319339,578.324,578.3652,16.2076,14.6783,32.4686,30.0799,-125.0657,100.0,0.0,586.3681,578.324,570.2799,1369779108.8672,5607467955.0
2024-10-18,581.1,583.9675,575.25,576.47,7585395.0,579.1763,153937.0,-0.0032659083657841,-0.0326710742692214,0.0100126475525363,-0.0024057795605395,581.376,579.9679,10.3567,19.1575,35.1747,31.1403,-53.6566,60.0,20.0,593.0589,581.376,569.6931,1365788509.1283,5615639834.0
2024-10-17,583.33,584.97,575.2,576.93,8476452.0,578.3394,173482.0,-0.0009262792889973,-0.0100211060967445,0.0126912975531556,-0.0018857563504692,584.072,581.7168,17.4706,28.753,36.018,38.4855,-74.254,80.0,40.0,596.1952,584.072,571.9488,1371329180.7698,5623334108.0
2024-10-16,581.395,582.08,574.03,576.79,10329014.0,576.7778,233743.0,0.0007882449050924,0.006948202719925,0.0138395786324076,-0.0016087788355406,585.452,584.1102,29.6451,33.8052,35.6423,47.667,-150.373,100.0,60.0,595.3815,585.452,575.5225,1376948864.1864,5614632950.0
2024-10-15,590.16,590.61,580.143,586.27,9365211.0,585.3945,215221.0,0.0017703487030882,0.0170000173469568,0.0129191767096739,-0.0016087788355406,588.196,587.7703,39.1433,36.5769,52.2665,56.9228,-76.2345,100.0,80.0,593.5736,588.196,582.8184,1380490356.3006,5625901334.0
2024-10-14,594.22,600.1,589.96,590.42,7806114.0,593.8924,190686.0,0.003177242084676,0.0314094053525257,0.0126475322956071,0.003918358407644,589.52,588.5204,32.6271,39.6849,62.4708,67.7453,122.9457,40.0,0.0,595.567,589.52,583.473,1378857482.5324,5635465570.0
2024-10-11,584.83,591.21,582.71,589.95,8444719.0,587.6947,175499.0,0.003992949386723,0.0398159898477157,0.0127304670481325,0.0079968949178791,588.392,587.5706,37.9603,48.9371,61.795,66.0404,-32.7505,0.0,20.0,595.3779,588.392,581.4061,1386360753.994,5627213599.0
2024-10-10,587.57,590.23,582.52,583.83,7597988.0,585.6698,172203.0,0.0028601681861138,0.0281593406593405,0.0126059922565175,0.0030973652965611,589.59,586.3809,48.4671,60.1353,52.9737,67.9486,-144.5843,0.0,40.0,598.9012,589.59,580.2788,1380319511.0551,5618626548.0
2024-10-09,593.99,594.39,581.61,590.51,9440379.0,588.0623,216165.0,0.0039086923943318,0.0390631873449349,0.0117934477250571,0.0031065128524837,589.378,587.6564,60.3838,70.75,66.3513,70.9509,14.6297,20.0,60.0,599.2363,589.378,579.5197,1385429612.9241,5626366997.0
2024-10-08,589.69,593.56,585.97,592.89,7644223.0,590.5939,165501.0,0.0051941448294742,0.0524736832762324,0.0115580191802697,0.0079401640632656,585.838,586.2296,71.555,77.7983,71.4977,74.7038,54.4056,40.0,80.0,602.1363,585.838,569.5397,1381686332.0838,5635896704.0
2024-10-07,598.22,602.95,584.04,584.78,11797893.0,591.2327,260058.0,0.0036159482345371,0.0360907850675924,0.0113412780534263,0.0031065128524837,582.554,582.8994,80.311,77.91,63.8553,71.4681,79.5903,0.0,100.0,598.4574,582.554,566.6506,1375216159.9823,5628039327.0
2024-10-04,583.73,596.85,581.43,595.94,14084571.0,589.7648,262823.0,0.0060337344362364,0.0616193105905407,0.0085554790230394,0.0062455918464773,580.086,581.959,81.5288,73.0765,90.5979,67.4235,162.225,0.0,100.0,597.591,580.086,562.581,1386290061.1531,5640053525.0
2024-10-03,570.15,583.36,568.73,582.77,11372699.0,579.0057,219841.0,0.0041762702167671,0.0423358969772844,0.0065352220846273,0.0047377346849714,574.37,574.9686,71.8903,68.5244,84.4494,63.0552,100.4432,0.0,100.0,584.5786,574.37,564.1614,1373766253.3191,5625853737.0
2024-10-02,574.86,576.0,569.34,572.81,6374508.0,572.9905,160927.0,0.0063690659126129,0.0648015614834087,0.011996891160059,0.0047377346849714,571.384,571.0678,65.8103,66.1369,74.2694,60.0477,35.0229,20.0,80.0,578.1821,571.384,564.5859,1363119350.9951,5614272757.0
2024-10-01,577.98,583.04,570.1,576.47,15153060.0,576.8123,275091.0,0.0073088226720441,0.0748720434819085,0.0113123795804736,0.0047377346849714,570.484,570.1967,67.8727,65.0141,91.9687,58.7534,166.6667,0.0,100.0,577.4774,570.484,563.4906,1362845041.3855,5620797407.0
2024-09-30,567.7,574.68,564.8,572.44,12364338.0,571.0542,198157.0,0.0071739381709114,0.0734323432343233,0.0113228170389834,0.0047377346849714,567.856,567.0601,64.7278,65.0576,89.8348,55.7393,77.4987,20.0,60.0,573.6491,567.856,562.0629,1363080887.9698,5605538133.0
2024-09-27,570.1,570.8399,564.51,567.36,8744699.0,567.5761,185252.0,0.0080245887951981,0.0824824695881201,0.0117365515099705,0.0047377346849714,566.25,564.3702,62.4419,68.2765,86.1142,55.0612,17.1903,40.0,80.0,570.2416,566.25,562.2584,1356080998.0507,5592730927.0
2024-09-26,575.73,577.4,562.3501,567.84,14264821.0,569.0452,274136.0,0.0079226660720951,0.0813782405637821,0.0118172849546399,0.0047377346849714,565.048,562.8753,68.0032,74.6507,88.5645,56.1271,67.0363,0.0,100.0,570.3749,565.048,559.7211,1357016246.8498,5602129294.0
2024-09-25,564.05,576.88,563.72,568.31,15975201.0,570.5742,294942.0,0.0106957138187517,0.1113901957864738,0.0126621408109073,0.005571169340814,563.3,560.3929,74.3844,81.3975,90.5835,57.4594,104.597,0.0,100.0,569.4823,563.3,557.1177,1360910800.5126,5616530081.0
2024-09-24,566.68,567.745,554.19,563.33,11745347.0,561.515,210760.0,0.0112063242741518,0.1170153424047015,0.0126799652453031,0.005571169340814,557.228,556.4344,81.5644,86.1098,88.328,57.4696,43.4589,0.0,80.0,576.8433,557.228,537.6127,1365914032.5034,5599986731.0
2024-09-23,569.5,573.9799,562.41,564.41,11992261.0,566.3959,232778.0,0.0113976745337148,0.1191568519458179,0.0124936018971591,0.005571169340814,551.825,552.9865,88.2437,87.8031,92.1578,60.7384,89.2928,0.0,100.0,576.0755,551.825,527.5745,1361384949.7222,5612979687.0
2024-09-20,560.0,564.5,556.3001,561.35,20432918.0,561.1563,236906.0,0.0117560721809574,0.1231461375993481,0.0123686573048392,0.0073631575770266,545.599,547.2748,88.5211,87.7623,91.3031,54.6315,97.3488,0.0,100.0,569.7125,545.599,521.4855,1369779739.7604,5600149018.0
2024-09-19,550.0,562.07,546.52,559.1,15356439.0,556.4213,309759.0,0.0081438730322282,0.0827384759332647,0.0180630216269266,0.0073631575770266,538.1547,540.2372,86.6444,88.9574,90.7073,48.3043,148.9265,0.0,100.0,561.1786,538.1547,515.1308,1364666903.5528,5578082201.0
2024-09-18,537.065,544.2,533.9026,537.95,9834856.0,538.615,193687.0,0.0050158070304295,0.050150911890737,0.0148094386161073,0.0068632278277366,531.3562,530.8058,88.1214,91.7502,80.8335,40.7858,95.7197,0.0,100.0,542.7773,531.3562,519.9352,1354996987.2114,5562435250.0
2024-09-17,537.6,542.1,530.57,536.315,11026777.0,536.0473,206536.0,0.0049024448917942,0.0489640565832807,0.0148283899556131,0.0068632278277366,526.0364,527.2337,92.1063,89.3951,79.4854,35.9574,119.9758,20.0,100.0,543.4328,526.0364,508.6399,1357205177.8805,5552111713.0
2024-09-16,524.54,534.1,517.4,533.28,9207455.0,527.5692,196310.0,0.0025014020561704,0.0239205079511233,0.0163700509344987,0.0049751108368129,519.6368,522.693,95.023,78.3886,77.0929,30.7831,85.8211,40.0,100.0,540.4136,519.6368,498.8599,1357245735.6567,5540420934.0
2024-09-13,520.34,527.581,517.11,524.62,10259913.0,524.3663,193157.0,0.0013516482150347,0.0123499671953999,0.0156677366238221,0.0039388393370467,513.8442,517.3995,81.056,58.3629,68.1255,28.1849,85.8486,60.0,100.0,532.1828,513.8442,495.5056,1348653738.725,5530893288.0
2024-09-12,517.05,526.71,515.22,525.6,11847600.0,522.3439,238736.0,0.0018167503464098,0.0170672239637759,0.0156343577672872,0.0043746020408176,508.9788,514.035,59.0869,37.5952,70.4872,29.8506,166.6667,80.0,100.0,526.7203,508.9788,491.2373,1344169721.0879,5541214710.0
2024-09-11,507.01,513.12,495.6,511.83,10298148.0,506.0463,199344.0,-0.0013205234319712,-0.0140050086688494,0.0132517072681937,0.0023507228413354,507.2324,508.4987,34.9458,27.5351,51.6435,32.6058,-39.282,100.0,40.0,518.9893,507.2324,495.4756,1334493630.5448,5529221368.0
2024-09-10,508.16,514.18,500.0278,504.79,9315730.0,505.6543,180410.0,-0.0031027894372422,-0.0313363524715994,0.0122383242423141,0.0009574800687822,507.4143,507.0727,18.7528,27.0194,34.5518,30.2705,-62.7085,60.0,0.0,519.4452,507.4143,495.3833,1325298937.1612,5518438836.0
2024-09-09,506.16,511.33,502.08,504.79,9969811.0,505.4542,189253.0,-0.0044058197402725,-0.0439583333333329,0.0125288273463342,-0.0009806531826761,508.8069,508.4505,28.9068,32.9563,34.5518,30.8708,-96.2866,80.0,20.0,520.6926,508.8069,496.9212,1328535938.759,5518438836.0
2024-09-06,521.88,524.5849,498.25,500.27,14445219.0,505.2689,278031.0,-0.0060481508612766,-0.0595191096572854,0.0117088781534779,-0.0041727701229667,512.1079,510.5172,33.3985,35.6953,23.4313,27.0599,-113.6274,100.0,0.0,526.145,512.1079,498.0707,1333110336.7309,5507391008.0
2024-09-05,511.72,521.6295,511.15,516.86,8488948.0,516.4087,177654.0,-0.0034419420078054,-0.0341953808206889,0.0079023914985069,-0.0041727701229667,515.6945,515.8751,36.5635,35.1104,46.7611,22.2964,-2.9323,80.0,20.0,522.7482,515.6945,508.6407,1345592921.4851,5522135529.0
2024-09-04,506.07,516.59,504.07,512.74,8059461.0,512.3463,174476.0,-0.0026450277080484,-0.0265600972035008,0.0092981792979459,-0.0041727701229667,515.6785,515.6248,37.124,33.1054,33.6328,25.833,-132.7491,100.0,40.0,522.7264,515.6785,508.6306,1344817430.7494,5513494641.0
2024-09-03,519.64,525.49,508.6176,511.76,12397460.0,514.3294,258203.0,-0.0033183102997976,-0.0331015719467956,0.0091867079207867,-0.0046435697614721,516.9493,517.3073,31.6437,26.1576,30.3653,22.6196,-109.5847,100.0,0.0,523.3332,516.9493,510.5654,1341639178.5721,5505239098.0
2024-08-30,521.35,523.54,515.2,521.31,8771143.0,519.7671,157422.0,-0.0011337267570447,-0.011584695309241,0.0078616605498713,-0.0041727701229667,518.8196,520.3207,30.5485,21.0397,49.2804,22.5272,23.7233,60.0,0.0,522.2699,518.8196,515.3692,1349457396.7746,5517698211.0
2024-08-29,519.05,527.2,515.6789,518.22,7951247.0,521.3703,181005.0,-0.0035743028557612,-0.0355647367539502,0.0089874680697818,-0.0046435697614721,520.1563,520.0702,16.2805,17.4849,39.5302,25.7935,-25.8066,80.0,0.0,528.0243,520.1563,512.2883,1345197053.9592,5508540670.0
2024-08-28,517.675,521.085,512.45,516.78,8949907.0,516.3319,176524.0,-0.0018463449860938,-0.0189460095679248,0.011385494132825,-0.0046435697614721,522.8957,521.238,16.2903,21.8569,34.8617,29.1883,-80.0967,100.0,20.0,534.2493,522.8957,511.5421,1349845486.9555,5500223246.0
2024-08-27,518.98,524.01,515.31,519.1,5800788.0,519.9343,140974.0,-0.0017361943931143,-0.0178605214364098,0.0113648951033856,-0.0043470661414221,526.5683,523.709,19.884,31.9841,38.714,31.9543,-93.5298,80.0,40.0,538.8484,526.5683,514.2882,1349819123.0962,5509329323.0
2024-08-26,527.6,528.0,514.95,521.12,8983346.0,520.4958,202880.0,0.0010915911873062,0.0100203508091867,0.0137486309210827,-0.0040928167965744,528.0929,526.2566,29.3964,40.7948,41.9423,38.4517,-136.0885,100.0,60.0,537.6308,528.0929,518.5549,1350627933.0272,5515612043.0
2024-08-23,536.92,539.87,525.06,528.0,11034529.0,530.5292,208385.0,0.0020431140642593,0.0197578075207136,0.0130498583687526,-0.0034414210369967,529.7233,529.069,46.6717,47.409,54.274,46.5735,-3.2713,20.0,80.0,535.739,529.7233,523.7077,1351149361.4885,5525196045.0
2024-08-22,537.0,544.23,528.59,531.93,14669457.0,535.7535,242813.0,0.0043791702931094,0.0437572356415438,0.0132419453915645,7.941668874023033e-05,529.6074,529.8508,46.3161,46.802,62.6981,47.8125,95.3937,40.0,100.0,535.809,529.6074,523.4059,1357977366.1124,5536519981.0
2024-08-21,527.15,539.4,526.935,535.16,13260265.0,534.1182,234208.0,0.0092185949160706,0.0945757997218366,0.0168916137127225,0.0097494866519017,530.6864,529.0604,49.2392,54.0356,69.8239,43.5333,74.5708,60.0,20.0,539.2207,530.6864,522.1522,1366976489.9181,5552228273.0
2024-08-20,528.35,531.09,525.88,526.73,7644125.0,528.0537,163248.0,0.006571786392113,0.0660608391183796,0.0176764106822301,7.941668874023033e-05,529.008,526.2612,44.8507,63.638,60.4352,40.1114,-47.6099,0.0,40.0,537.0436,529.008,520.9724,1362685128.6168,5538804981.0
2024-08-19,526.87,531.66,522.76,529.28,9765619.0,527.3712,194622.0,0.0109129049441246,0.1125638492422174,0.0195748723229661,0.0097494866519017,529.3697,526.2736,68.017,78.4407,65.3559,40.4724,-33.5004,0.0,60.0,537.0276,529.3697,521.7117,1368037299.9047,5546749372.0
2024-08-16,531.9,533.66,524.66,527.42,14427353.0,529.1954,258707.0,0.008017941387516,0.0804687179907406,0.0223912731387845,0.0063023021499402,526.7062,525.0182,78.0464,85.6479,63.6278,40.9237,30.961,0.0,80.0,540.2939,526.7062,513.1184,1363441568.2396,5536869659.0
2024-08-15,531.79,539.77,526.7,537.33,13010503.0,536.4342,238494.0,0.0079335278281033,0.0795395186241818,0.0224922336658555,0.0063023021499402,524.778,524.0644,89.2586,91.4662,80.8088,39.1386,101.1837,0.0,100.0,540.2932,524.778,509.2627,1369155219.3862,5551646343.0
2024-08-14,528.06,534.0,523.13,526.76,11312468.0,528.2373,204518.0,0.0107518060995006,0.1093654571109663,0.0254120155540231,0.0063023021499402,519.2432,517.6832,89.6386,94.1864,75.0633,34.6194,91.584,0.0,100.0,533.2921,519.2432,505.1943,1360706961.1774,5538164202.0
2024-08-13,520.01,531.4999,518.15,528.54,13648064.0,526.3498,249669.0,0.0136015905018853,0.1410868110278722,0.0252663114001432,0.0201869807071953,511.6822,513.3915,95.5013,91.884,78.2181,30.7095,116.5877,0.0,100.0,537.8972,511.6822,485.4673,1364507653.2004,5549608391.0
2024-08-12,516.86,518.02,509.1,515.95,9547483.0,514.7937,199815.0,0.0106203222977447,0.107878293358528,0.0255730863734385,0.0062286489261648,504.7987,506.0649,97.4194,82.9083,71.4217,26.5648,82.0543,0.0,80.0,528.1287,504.7987,481.4687,1356858300.16,5535864552.0
2024-08-09,507.71,518.34,505.7,517.77,13446650.0,513.3654,240293.0,0.010973977028954,0.1118101782263261,0.0253990214760851,0.0079969225822111,496.7622,501.364,82.7314,65.9064,74.0954,25.9566,109.6488,20.0,100.0,526.6249,496.7622,466.8995,1351624188.3707,5545631974.0
2024-08-08,497.5,509.96,494.72,509.63,15916540.0,503.8719,283159.0,0.0120873108240178,0.1239937363534111,0.0258340021199239,0.0125757746309734,490.8418,493.4034,68.574,53.2117,70.089,25.1963,113.1991,40.0,0.0,512.7638,490.8418,468.9197,1339162846.5986,5531935334.0
2024-08-07,503.13,510.15,486.86,488.92,19577751.0,497.4291,348541.0,0.0061474528606868,0.0599432002948385,0.0250063542760846,-0.0026948098443982,488.466,485.5288,46.4138,45.4086,56.3478,27.0891,38.3486,60.0,20.0,503.3947,488.466,473.5373,1323705709.3978,5515778491.0
2024-08-06,479.0,502.56,478.65,494.09,20633958.0,494.4558,369464.0,5.2690726587852525e-05,-0.0096610611132261,0.0273984493131138,0.0010984836532526,494.4537,486.7636,44.6471,51.9281,51.4029,12.035,-10.6083,73.3333,30.0,541.2801,494.4537,447.6272,1340254388.4527,5535883798.0
2024-08-05,451.345,483.48,450.8,475.73,21253546.0,471.2114,450088.0,-0.0009555151252419,-0.0385019604672778,0.0265035684673609,0.0010984836532526,494.6143,486.2583,45.1648,60.8617,47.8863,12.2924,-85.8062,76.6667,33.3333,541.4677,494.6143,447.7609,1334145811.9479,5514928839.0
2024-08-02,489.0,501.145,476.15,488.14,23351778.0,487.3302,415852.0,-0.000567850761005,-0.0270281044448866,0.0262264560517551,0.0010984836532526,495.2493,486.9844,65.9725,68.0259,50.2628,12.315,-27.0733,80.0,36.6667,541.5752,495.2493,448.9235,1322897753.1542,5536325030.0
2024-08-01,521.0,527.1709,492.1,497.74,42772862.0,507.9424,692537.0,0.0002225389405958,-0.0035035736451176,0.0260067804726804,0.0016300397699794,495.7013,486.9047,71.4478,62.563,52.2,12.6281,33.2786,83.3333,40.0,542.0055,495.7013,449.3972,1323874161.5507,5560369688.0
2024-07-31,471.02,476.5,466.75,474.83,23955287.0,480.732,403504.0,-0.0018555267966083,-0.0627677002940997,0.0245353080121054,0.0010984836532526,495.7597,486.1575,66.6573,50.767,47.5353,12.9704,-85.8327,86.6667,43.3333,542.0783,495.7597,449.441,1353100252.0004,5517286606.0
2024-07-30,467.0,472.73,456.7,463.19,10983176.0,463.5858,221053.0,-0.0025298880590613,-0.0812638844811164,0.0240577093440227,0.0010984836532526,496.8197,486.9387,49.5839,35.9153,44.8941,12.7316,-125.8367,90.0,46.6667,542.6266,496.8197,451.0127,1337133910.4035,5493000829.0
2024-07-29,469.88,473.96,465.02,465.71,11206624.0,468.3756,207950.0,-0.0023124886111811,-0.0752393031851599,0.0240601589218757,0.0011977789081845,498.1853,488.5765,36.0599,30.9841,45.3721,12.4143,-124.3452,93.3333,50.0,542.3125,498.1853,454.0582,1339301149.265,5504391268.0
2024-07-26,464.195,469.77,459.42,465.7,13855970.0,465.0138,253142.0,-0.0026237145595757,-0.0838734035318089,0.0240883261066377,0.0011977789081845,499.4484,490.1535,22.1021,35.296,45.3699,12.1874,-153.4299,96.6667,53.3333,541.9232,499.4484,456.9735,1348890366.5804,5493051638.0
2024-07-25,463.26,463.548,442.65,453.41,17719896.0,455.0501,355466.0,-0.0034372493291874,-0.1056423655468287,0.0234748575973559,0.0011977789081845,500.8695,491.84,34.7904,48.1672,42.5837,11.8761,-228.2735,100.0,56.6667,541.5476,500.8695,460.1915,1345853508.8529,5478829250.0
2024-07-24,472.305,476.3,460.58,461.27,17502039.0,466.8472,344892.0,-0.002546265143997,-0.0813221967760654,0.0234489052434817,0.0016300397699794,502.6548,494.4903,48.9954,51.5037,43.9701,11.4391,-198.5096,83.3333,60.0,539.3508,502.6548,465.9588,1345310605.9838,5497069739.0
2024-07-23,489.84,495.22,487.72,488.69,9152972.0,490.6197,218020.0,-2.411417564489963e-05,-0.0076788022387902,0.0215439019648116,0.0023110545890948,504.0159,496.7814,60.7158,43.5137,49.3929,11.2029,-80.3599,86.6667,63.3333,537.3455,504.0159,470.6862,1361410939.5029,5514719477.0
2024-07-22,486.575,492.06,483.9,487.4,11824136.0,487.9166,247712.0,-0.0001663447459207,-0.0119017775992268,0.0215398845508385,0.0016300397699794,504.1419,497.3394,44.7999,28.326,49.1075,11.3479,-98.0831,90.0,66.6667,537.2667,504.1419,471.0171,1368420636.8522,5505263950.0
2024-07-19,476.06,486.71,475.71,476.79,14822476.0,480.047,275755.0,-0.0009956423400461,-0.0359494690756345,0.0211359016133759,0.0011977789081845,504.3376,498.0249,25.0255,15.3287,46.7181,11.4397,-150.8092,93.3333,70.0,537.1322,504.3376,471.543,1370129801.3228,5493240862.0
2024-07-18,475.0,479.2393,464.54,475.85,18854435.0,472.0505,371077.0,0.0002012903720191,-0.0014006088268427,0.022257255712968,0.0011977789081845,504.9303,499.4893,15.1525,9.5665,46.503,11.4351,-198.6334,96.6667,73.3333,536.3248,504.9303,473.5357,1382304422.9083,5478091446.0
2024-07-17,479.17,479.17,459.12,461.99,27900017.0,466.5826,594250.0,-0.000833636018422,-0.0315018577156003,0.0215584380734839,0.0010115954413585,504.9525,501.1196,5.8081,7.6541,43.2367,11.2874,-241.3154,100.0,76.6667,536.2655,504.9525,473.6395,1371922337.0802,5458824286.0
2024-07-16,501.5,503.9499,485.79,489.79,13907708.0,491.3549,311364.0,0.0018194934519649,0.0502233116378174,0.0192910723239676,0.0011977789081845,505.4534,503.8182,7.7387,16.834,49.0424,11.1332,-77.5565,0.0,80.0,534.3921,505.4534,476.5147,1391961044.0353,5486900881.0
2024-07-15,498.63,506.6799,493.37,496.16,12223862.0,498.6963,307845.0,0.0022317454122017,0.063380935683097,0.0191046699579279,0.0011977789081845,504.6726,504.7857,9.4153,32.1378,50.5458,11.385,-32.5748,3.3333,83.3333,536.39,504.6726,472.9553,1399836035.4008,5500976714.0
2024-07-12,497.755,508.09,494.23,498.87,19510651.0,501.4804,430957.0,0.0018991467453703,0.0527126099368315,0.0193208316529402,0.0011977789081845,503.6869,505.3806,33.3481,53.5782,51.1911,11.7755,-14.9783,6.6667,86.6667,538.1229,503.6869,469.2508,1407118319.721,5513515877.0
2024-07-11,530.89,535.46,508.3733,512.7,16117778.0,517.2363,372741.0,0.0024121325745864,0.0693625386178564,0.018743055353901,0.0011977789081845,502.8542,505.8296,53.6499,69.2698,54.6321,12.1642,83.7764,10.0,90.0,538.8869,502.8542,466.8215,1413644834.2607,5533266421.0
2024-07-10,530.79,538.88,528.36,534.69,10606896.0,534.2761,220214.0,0.0039015153531537,0.1191925851832256,0.0169097580150602,0.0019921670477331,501.7457,505.3558,73.7366,76.6448,60.9268,12.3018,163.7579,13.3333,93.3333,538.5368,501.7457,464.9546,1424845161.9132,5549724674.0
2024-07-09,533.75,537.48,528.1901,530.0,8678524.0,532.1558,209934.0,0.0044968097278294,0.1390047378271888,0.0173812338302243,0.0019921670477331,499.8476,503.3327,80.4228,75.3399,59.9761,12.0104,162.308,16.6667,96.6667,535.5023,499.8476,464.1929,1422610921.358,5538741398.0
2024-07-08,542.35,542.81,526.65,529.32,14604978.0,531.4075,346236.0,0.0043114703528077,0.1326797904913959,0.0174440285571254,0.0019052788358391,497.6915,501.4936,75.775,65.2233,59.8391,11.7306,172.8151,20.0,100.0,533.6138,497.6915,461.7693,1427963143.2193,5529972310.0
2024-07-05,511.6,540.87,511.6,539.91,21136609.0,531.4149,399717.0,0.005191269293934,0.1631738265163278,0.0168713246519149,0.0031272581039792,495.6247,499.5745,69.8218,54.2359,63.0893,11.4411,170.2991,23.3333,100.0,531.1629,495.6247,460.0866,1437951218.4606,5544889805.0
2024-07-03,506.37,511.28,506.02,509.96,5924259.0,509.2671,137522.0,0.0029342791030502,0.0887845579348549,0.0138092185466273,0.0019052788358391,493.1001,496.7928,50.0731,49.027,56.6526,11.1703,76.7716,26.6667,86.6667,526.3851,493.1001,459.815,1417997872.2512,5523535712.0
2024-07-02,500.76,510.5,499.45,509.5,7515705.0,506.8472,177179.0,0.0026873349808243,0.0807257653743251,0.013909215593229,0.0019052788358391,491.7139,495.8847,42.8129,56.8496,56.54,11.3933,68.4909,30.0,90.0,525.5343,491.7139,457.8936,1415006482.2702,5517530097.0
2024-07-01,504.95,506.58,493.17,504.68,10181217.0,500.8179,243648.0,0.0022760033921616,0.0675158288977855,0.0138826054617772,0.0010115954413585,490.4453,494.9457,54.1951,74.2775,55.3665,11.6393,50.0837,33.3333,93.3333,524.3569,490.4453,456.5338,1408667813.9489,5509790618.0
2024-06-28,517.15,521.88,503.84,504.22,15171137.0,510.367,253473.0,0.0016703556071543,0.0481373499707589,0.0143183815427697,0.0003199245259634,489.3814,494.2744,73.5409,81.9559,55.255,11.9696,89.4554,36.6667,96.6667,523.4423,489.3814,455.3205,1401266358.2069,5499462468.0
2024-06-27,514.25,522.8799,513.9,519.56,9563747.0,518.9182,218782.0,0.0033390612746651,0.1022046687066418,0.0134780248534971,0.0019052788358391,488.6095,493.5885,95.0966,73.8788,60.0929,12.0846,133.8136,40.0,100.0,522.3382,488.6095,454.8807,1416453540.4331,5515317605.0
2024-06-26,506.645,513.81,504.6765,513.12,8284754.0,511.3198,191525.0,0.0031942040239032,0.0974741695004703,0.0134013783721265,0.0019052788358391,487.0036,491.7973,77.2301,52.2906,58.6227,11.9699,107.8666,43.3333,100.0,519.2395,487.0036,454.7676,1413816025.786,5505196406.0
2024-06-25,497.05,510.71,495.5,510.6,11582457.0,507.6624,232467.0,0.0024564031512485,0.0733019463698321,0.0138857419030203,0.0003199245259634,485.4844,490.3268,49.3097,35.3996,58.0379,12.019,94.0732,46.6667,73.3333,516.9401,485.4844,454.0287,1406275740.0325,5496314069.0
2024-06-24,499.2,507.8,494.29,498.91,13196920.0,500.391,267647.0,0.0017300556454233,0.0504496935753255,0.0133283104856929,0.0003199245259634,484.322,488.9286,30.332,33.1155,55.1987,12.1294,77.4513,50.0,76.6667,514.532,484.322,454.1121,1394341128.7695,5484204300.0
2024-06-21,503.45,503.45,492.39,494.78,22170815.0,496.8049,231338.0,0.0016507172096799,0.0479701595379853,0.0132957295598765,0.0003199245259634,483.5233,488.2403,26.5571,38.5067,54.1389,12.2999,67.3045,53.3333,80.0,513.4136,483.5233,453.633,1398615957.5674,5470679022.0
2024-06-20,502.0,503.67,496.77,501.7,10360617.0,500.9307,218618.0,0.0024208694648354,0.0725216989114942,0.0130456559168561,0.0013757726376997,482.7684,487.7893,42.4573,48.961,56.2958,12.5612,91.8834,56.6667,83.3333,512.6274,482.7684,452.9094,1411749863.26,5493809754.0
2024-06-18,504.56,506.0,495.02,499.49,12509322.0,499.6685,244347.0,0.0024566302723027,0.073667257631419,0.0130525678832862,0.0013757726376997,481.6376,486.8299,46.5056,56.0704,55.7515,12.7358,98.35,0.0,86.6667,511.11,481.6376,452.1652,1406687327.2136,5482008572.0
2024-06-17,501.67,510.75,496.01,506.63,10692609.0,504.5466,222621.0,0.0039382900687067,0.1220737446215787,0.0136011569593944,0.0021701607772484,480.4952,485.9568,57.9202,66.8125,58.0074,12.9164,131.9135,0.0,90.0,509.7673,480.4952,451.2231,1409113854.2628,5495068997.0
2024-06-14,502.65,507.15,500.75,504.16,8924745.0,503.4964,169618.0,0.0045508077595913,0.142591921753306,0.0140374080937539,0.0021701607772484,478.658,484.531,63.7855,78.286,57.4314,13.0824,146.7647,0.0,93.3333,508.0567,478.658,449.2592,1404145543.1027,5483802396.0
2024-06-13,505.71,509.36,501.36,504.1,9011558.0,504.5551,185851.0,0.0047027623362055,0.1477948040711316,0.014024015805609,0.0031272581039792,476.5607,483.1773,78.732,87.0457,57.3032,13.1543,167.1814,0.0,96.6667,507.3281,476.5607,445.7933,1403473323.4558,5473559049.0
2024-06-12,513.99,514.01,504.47,508.84,11149394.0,508.0749,245717.0,0.0057122209939565,0.1828811865076607,0.0140685072520847,0.0045260932299256,474.3992,481.7688,92.3405,88.8026,58.7512,13.2264,207.7963,3.3333,100.0,506.3527,474.3992,442.4457,1406609029.0708,5483513670.0
2024-06-11,500.16,507.6,498.27,507.47,8897158.0,504.0662,192268.0,0.0054334598080895,0.1730155794923957,0.0142076032013496,0.0045260932299256,471.7794,479.9366,90.0647,85.6873,58.4579,13.2371,195.9937,6.6667,100.0,505.0345,471.7794,438.5244,1407613911.8381,5471530443.0
2024-06-10,493.86,502.66,493.41,502.6,10981591.0,499.4192,196010.0,0.0043081386117895,0.1337950325971715,0.0151327787834074,0.0025977519058398,469.2869,478.0724,84.0028,85.2471,57.4175,13.3513,178.854,10.0,93.3333,502.8267,469.2869,435.7471,1398209775.1768,5461856728.0
2024-06-07,495.91,498.91,490.1701,492.96,8992606.0,494.5489,165749.0,0.0038005385388876,0.116860754905071,0.0148658706660042,0.0025977519058398,467.3119,476.4152,82.9944,87.4908,55.2741,13.5511,153.9827,0.0,96.6667,499.8529,467.3119,434.7708,1387118632.4233,5450619809.0
2024-06-06,492.98,502.82,490.89,493.76,10547636.0,496.4078,232864.0,0.0003341135974968,0.0005268490374876,0.024638229900708,0.0025977519058398,465.5942,475.3079,88.7442,84.5845,55.4982,13.8204,162.7651,3.3333,0.0,498.0816,465.5942,433.1069,1390510443.8026,5460000554.0
2024-06-05,484.45,496.65,483.91,495.06,15453576.0,490.1954,305744.0,0.0002469491133272,-0.002096351542027,0.0246531687264859,0.0025977519058398,465.5856,474.0691,90.7339,73.0709,55.8539,14.0856,141.8752,6.6667,3.3333,498.0436,465.5856,433.1276,1396045299.495,5470667893.0
2024-06-04,477.0,478.89,473.2322,476.99,6902022.0,475.8863,157117.0,-2.149775431826706e-05,-0.0098395366699179,0.0242829529669919,0.0025977519058398,465.6202,472.6552,74.2754,58.5743,51.6936,14.4613,59.4958,10.0,6.6667,498.2038,465.6202,433.0367,1384271278.5343,5454977409.0
2024-06-03,470.86,479.6,468.24,477.49,10760395.0,475.2862,241671.0,5.9138381074904287e-05,-0.0074417444446751,0.024283429744746,0.0025977519058398,465.7781,472.3889,54.2034,54.928,51.8243,14.7518,51.3492,13.3333,10.0,498.6161,465.7781,432.94,1381943621.0878,5462066127.0
2024-05-31,465.8,469.12,454.4601,466.83,16098031.0,462.2422,267561.0,-0.0020790664300687,-0.069689119170984,0.0249974458410021,0.0015062981461866,465.8973,472.0697,47.2439,64.9257,49.1774,15.0523,-10.899,16.6667,0.0,498.9231,465.8973,432.8714,1374854286.1759,5450786737.0
2024-05-30,471.67,471.73,464.71,467.05,10358363.0,467.9121,218515.0,-0.0015486973499684,-0.0548798996296816,0.025193956443942,0.0025977519058398,467.0618,472.463,63.3368,73.5456,49.2314,15.1603,4.1874,20.0,3.3333,502.451,467.0618,431.6726,1363220513.6113,5467706542.0
2024-05-29,474.66,479.85,473.7,474.36,8933909.0,476.004,178114.0,-0.0014078684175107,-0.0508243957099404,0.0251278009485336,0.0025977519058398,467.9649,472.8682,84.1963,70.201,51.0299,15.4402,37.6163,23.3333,6.6667,504.6197,467.9649,431.3101,1366798922.278,5478441768.0
2024-05-28,476.575,480.86,474.84,479.92,9753254.0,477.6279,205114.0,-0.0010530118704477,-0.0406013233912395,0.0250566382691574,0.0025977519058398,468.8107,472.7977,73.1037,51.0775,52.4384,15.8876,43.6844,26.6667,0.0,507.1077,468.8107,430.5138,1374044878.8536,5487667986.0
2024-05-24,467.62,479.8499,466.3,478.22,11898302.0,475.3737,235597.0,-0.0019314208905788,-0.065794100410236,0.0253400161332107,0.0015062981461866,469.4871,472.3393,53.3031,36.3175,52.0472,16.3708,21.9158,30.0,0.0,509.2017,469.4871,429.7724,1367046924.0695,5477492216.0
2024-05-23,472.88,474.3581,461.54,465.78,11456150.0,467.111,230114.0,-0.003539118892751,-0.10967963911614,0.0249997158359519,0.0002161869572258,470.6086,471.9664,26.8256,30.0502,49.0848,16.8524,-14.1912,33.3333,0.0,513.0029,470.6086,428.2144,1357915434.0891,5465467962.0
2024-05-22,467.87,473.7199,465.65,467.78,9716782.0,469.4826,189999.0,-0.0031830704082787,-0.1001288882904023,0.0250626764779243,0.0015062981461866,472.5194,472.4249,28.8237,37.8296,49.5607,17.2507,-12.8715,36.6667,3.3333,518.7787,472.5194,426.26,1361891344.8236,5477215875.0
2024-05-21,467.12,470.7,462.27,464.63,11433014.0,465.4193,235641.0,-0.0032201097497284,-0.101122073902108,0.0250487428245667,0.0015062981461866,474.2527,472.7772,34.5013,51.237,48.8051,17.7309,-27.6174,40.0,0.0,523.4083,474.2527,425.097,1366649582.2303,5467137264.0
2024-05-20,469.95,473.2,467.04,468.84,11411012.0,470.0463,222634.0,-0.0030716480516247,-0.0970823302840628,0.025027356479221,0.0015062981461866,475.9933,473.3708,50.1638,64.3963,49.7683,18.1741,-19.3154,43.3333,0.0,527.2507,475.9933,424.7359,1371817259.7143,5478879453.0
2024-05-17,470.83,472.8,468.42,471.91,10104962.0,470.9357,201323.0,-0.0033661703312992,-0.1051124511700227,0.0251178583652514,0.0015062981461866,477.6719,473.7153,69.0458,70.4159,50.4704,18.7097,-19.325,46.6667,3.3333,531.0751,477.6719,424.2688,1376698331.9221,5490624533.0
2024-05-16,475.0,477.69,472.75,473.23,16532505.0,475.2744,259925.0,-0.0022019221597055,-0.0737688874970636,0.0259144495101071,0.0029839957838224,479.5178,473.8721,73.9793,70.0194,50.7681,19.286,-13.4692,50.0,6.6667,535.6884,479.5178,423.3472,1370283046.2144,5501431822.0
2024-05-15,474.98,482.4999,471.2,481.54,12859647.0,478.1749,238201.0,-0.0013517241777839,-0.0497296443935743,0.0258248162566764,0.0049123371079082,480.7729,473.9487,68.2227,71.3547,52.6583,19.9507,-6.536,53.3333,10.0,537.957,480.7729,423.5888,1383663724.8419,5518040001.0
2024-05-14,463.37,472.54,460.08,471.85,10426080.0,468.4337,208196.0,-0.0014082939682895,-0.0513098900215123,0.0257786258292919,0.0049123371079082,481.612,473.4581,67.8563,80.357,50.5845,20.6383,-34.6852,56.6667,13.3333,539.5228,481.612,423.7013,1372788963.2381,5504939531.0
2024-05-13,472.75,473.35,462.85,468.01,14603043.0,467.702,261927.0,-0.0012733937681844,-0.0475017808079779,0.025839097340093,0.0049123371079082,482.4619,473.6012,77.985,89.2564,49.7411,21.1915,-37.2715,60.0,16.6667,540.4953,482.4619,424.4284,1363470956.2365,5494460978.0
2024-05-10,477.09,477.5,469.6,476.2,10685207.0,474.3611,211500.0,-0.0003040153345908,-0.0193171053173518,0.0257688742800879,0.0055828725215528,483.2391,474.0188,95.2297,94.8705,51.5552,21.805,-23.1468,63.3333,20.0,541.0769,483.2391,425.4012,1363722421.345,5509129776.0
2024-05-09,470.0,476.08,467.63,475.42,9363506.0,473.7485,202447.0,-0.0009175666561825,-0.0373385169886204,0.0259338675012876,0.0055828725215528,483.5514,473.9009,94.5545,94.5936,51.392,22.5411,-28.177,66.6667,23.3333,541.3248,483.5514,425.778,1356510396.6995,5498379777.0
2024-05-08,463.5,475.58,463.002,472.6,11575623.0,472.0127,222982.0,-0.0012529213533278,-0.0469660610215977,0.0259077086292293,0.0049123371079082,484.1655,473.8286,94.8273,91.3385,50.8128,23.281,-37.2447,70.0,26.6667,541.9517,484.1655,426.3793,1348547029.6427,5488942126.0
2024-05-07,466.29,471.53,461.31,468.24,13093855.0,467.1428,252710.0,-0.002035783050351,-0.0691423800246509,0.0259314820530139,0.0028496393509001,484.9411,473.9456,94.3991,84.7543,49.9211,24.039,-49.3132,73.3333,30.0,542.685,484.9411,427.1972,1342399451.1626,5477258197.0
2024-05-06,455.58,466.16,453.34,465.68,14925092.0,460.4948,293438.0,-0.0026481391805156,-0.0861493779190706,0.0259632485944572,0.0002161869572258,486.0992,474.3711,84.7891,69.9324,49.4004,24.764,-68.0475,76.6667,33.3333,543.8133,486.0992,428.3851,1337624420.8064,5463851381.0
2024-05-03,445.93,454.17,443.85,451.96,16309193.0,450.3697,298591.0,-0.0035405491192813,-0.1098944383173152,0.025264166517562,0.0002161869572258,487.5611,475.0023,75.0748,53.3371,46.5196,25.4353,-107.3428,80.0,36.6667,545.3073,487.5611,429.8149,1323660124.6894,5448756754.0
2024-05-02,438.84,443.96,432.28,441.68,15079806.0,439.147,261943.0,-0.0041686720591597,-0.1262858047159359,0.0248200139251767,0.0002161869572258,489.4193,476.6223,49.9333,35.5932,44.2195,25.9473,-151.5442,83.3333,40.0,545.9813,489.4193,432.8573,1314233241.327,5432267697.0
2024-05-01,428.6,449.96,427.11,439.19,20213634.0,439.2018,349516.0,-0.0037343020347158,-0.114964533290344,0.0251008281111931,0.0002161869572258,491.5452,479.0623,35.0033,27.534,43.652,26.3125,-176.1936,86.6667,43.3333,545.4355,491.5452,437.6549,1304954490.2448,5417046375.0
2024-04-30,431.05,439.6199,429.72,430.17,18134079.0,433.2298,309878.0,-0.0044828836298116,-0.134431969093324,0.0246843750593387,-0.0012142806598393,493.445,481.8421,21.8429,28.0978,41.5706,26.6902,-226.9709,90.0,46.6667,543.6496,493.445,443.2403,1303788105.9748,5396701428.0
2024-04-29,439.56,439.76,428.56,432.62,21383265.0,432.8786,436604.0,-0.0034072422389447,-0.1063416649452596,0.0253047895265995,0.0002161869572258,495.6698,485.4351,25.7557,36.1976,41.9778,26.9117,-268.0778,93.3333,50.0,539.9518,495.6698,451.3877,1320542176.3241,5415130924.0
2024-04-26,441.46,446.44,431.96,443.29,31988164.0,440.2976,565013.0,-0.0031288019335448,-0.098692637700019,0.0251211865313645,0.0002161869572258,497.3841,489.1071,36.6947,42.2506,43.783,27.1408,-279.1268,96.6667,53.3333,535.2157,497.3841,459.5524,1326455403.9741,5436633570.0
2024-04-25,421.4,445.77,414.5,441.38,82876704.0,432.672,1379115.0,-0.0035246086740261,-0.1093488306394664,0.0250941200075926,-0.0012142806598393,499.0005,492.2972,46.1425,40.2891,43.3615,27.4142,-371.6878,100.0,56.6667,531.0806,499.0005,466.9203,1307987447.9147,5403942127.0
2024-04-24,508.06,510.0,484.58,493.5,37265801.0,471.8902,760764.0,-0.0002829824573378,-0.0125062531265638,0.0165101885644209,-0.0012142806598393,500.805,495.8389,43.9148,33.608,54.0508,27.6867,-38.8224,93.3333,60.0,524.6531,500.805,476.9569,1248370794.0902,5486832868.0
2024-04-23,491.25,498.76,488.97,496.1,14827338.0,494.3623,269904.0,0.0010056047484578,0.0258690212783552,0.0175488522508583,0.0002161869572258,501.0131,496.0339,30.8101,27.4118,54.701,28.3598,-48.3368,96.6667,63.3333,524.6939,501.0131,477.3324,1259634243.8015,5524605545.0
2024-04-22,489.715,492.01,473.4,481.73,17043208.0,482.1327,343629.0,-0.0014618645207956,-0.0478703429192615,0.0185007943081871,-0.0012142806598393,500.5965,496.0632,26.0991,25.2983,51.5894,29.2345,-126.1325,100.0,66.6667,525.0694,500.5965,476.1237,1252749258.4981,5509526349.0
2024-04-19,502.8,502.8,475.73,481.07,24381920.0,485.5922,402579.0,-0.001913695210326,-0.0607587028251244,0.0185913680769445,-0.0027913216611166,501.4031,497.0847,25.3262,20.973,51.4413,30.2328,-108.4883,100.0,70.0,524.8459,501.4031,477.9602,1254558967.9957,5492255224.0
2024-04-18,499.82,512.21,499.04,501.8,14722121.0,505.4243,264183.0,0.000545140390382,0.0115100082646284,0.0180893588790232,-0.0012142806598393,502.4394,498.222,24.4695,17.4164,56.7083,31.2459,8.6799,10.0,73.3333,524.8363,502.4394,480.0424,1269826046.5313,5517470588.0
2024-04-17,503.1,503.16,487.14,494.17,12073070.0,495.0672,255433.0,0.0004296132203697,0.008057606788788,0.018004733401904,-0.0012142806598393,502.2492,498.0095,13.1232,20.5531,55.0716,31.8628,-56.463,13.3333,76.6667,524.778,502.2492,479.7205,1278427893.5701,5502661918.0
2024-04-16,498.11,504.7699,497.11,499.76,9663310.0,501.1088,196971.0,0.0002691951048385,0.0031514080973114,0.0181285194422396,-0.0012142806598393,502.1177,498.3081,14.6565,32.3934,56.5867,32.6467,-15.4471,16.6667,80.0,524.8898,502.1177,479.3456,1279919762.2517,5514855661.0
2024-04-15,516.72,518.53,497.28,500.23,12453064.0,505.4183,252629.0,2.7768660173625265e-05,-0.0041210432012749,0.0181911293477213,-0.0027913216611166,502.0654,498.2421,33.8794,47.244,56.7135,33.2514,17.8186,20.0,83.3333,524.8707,502.0654,479.2602,1282953759.8506,5524703586.0
2024-04-12,517.75,520.1899,509.33,511.9,11880935.0,513.3462,213857.0,0.0016153542760133,0.0444167873829384,0.0182081222189657,0.0010476885239532,502.1343,498.1392,48.6443,56.3863,59.9376,33.8733,77.2824,23.3333,86.6667,524.9235,502.1343,479.3452,1292714837.8529,5538216479.0
2024-04-11,521.11,523.86,517.29,523.16,10333219.0,521.0425,200574.0,0.0027535708604565,0.0808644270897893,0.0177885708114927,0.0040077257179992,501.4094,497.2251,59.2083,64.8868,63.2936,34.2542,135.711,26.6667,90.0,524.3575,501.4094,478.4613,1299027082.1412,5550201014.0
2024-04-10,509.29,522.5599,505.8,519.83,11413841.0,517.7627,233324.0,0.0023326686071922,0.067303151627142,0.0178464638758454,0.0010476885239532,500.106,495.4723,61.3062,70.4208,62.6965,34.4617,111.1204,30.0,93.3333,522.5177,500.106,477.6943,1290867241.2386,5539831545.0
2024-04-09,522.23,525.87,506.74,516.9,10875520.0,515.1837,219224.0,0.0025111397893517,0.072985427824137,0.0179056037718563,0.0010476885239532,499.0144,493.828,74.1457,77.9409,62.1731,34.6936,124.3715,33.3333,96.6667,520.7574,499.0144,477.2714,1283168502.5738,5528413054.0
2024-04-08,529.28,531.4899,518.89,519.25,13185179.0,523.1094,248701.0,0.0025042946759282,0.072764084870772,0.0179083316357969,0.0010476885239532,497.8436,492.2721,75.8105,76.9714,62.8569,34.9119,184.8641,36.6667,100.0,519.5011,497.8436,476.1861,1282506371.3333,5539057231.0
2024-04-05,516.855,530.7,514.4099,527.34,19263265.0,524.7423,323041.0,0.0028716718087937,0.0847715631621168,0.0176496555489554,0.0010476885239532,496.6708,490.447,83.8664,72.5004,65.2446,34.8478,216.4676,40.0,100.0,517.4695,496.6708,475.872,1294882316.7233,5552183240.0
2024-04-04,516.42,530.0,510.58,510.92,26476253.0,520.4068,403717.0,0.0030894928368281,0.0916394248231939,0.0180453862141027,0.0010476885239532,495.2985,487.9387,71.2373,54.6435,62.4456,34.7906,187.6207,0.0,100.0,513.1891,495.2985,477.4078,1283615243.9664,5533004575.0
2024-04-03,498.93,507.24,498.75,506.74,12099171.0,504.911,230137.0,0.0025870109944133,0.0753181858753511,0.0181045075384805,-0.0027913216611166,493.8702,486.3887,62.3976,37.2434,61.6863,34.7391,88.6183,3.3333,43.3333,513.466,493.8702,474.2744,1308904624.0354,5506797544.0
2024-04-02,485.1,497.53,484.65,497.37,11081026.0,492.5131,211493.0,0.0018484747118322,0.0519338801331148,0.0178769496055505,-0.0037053223231462,492.6883,485.0198,30.2957,19.4244,59.9308,34.9621,1.4895,6.6667,46.6667,513.4031,492.6883,471.9734,1298316993.8222,5494796345.0
2024-04-01,487.2,497.43,481.78,491.35,9234757.0,491.4894,196856.0,0.0007025184928007,0.0162074931986264,0.0182708704345807,-0.0042067409725162,491.8706,484.202,19.0369,19.269,58.7572,35.3279,-16.601,10.0,50.0,513.7626,491.8706,469.9785,1287600972.4744,5483807304.0
2024-03-28,492.84,492.89,485.15,485.58,15207564.0,487.5024,253619.0,0.0010635561571055,0.027084915479534,0.0185924106868722,-0.0042067409725162,491.6096,483.7427,8.9407,29.7951,57.6067,35.7078,-31.0016,13.3333,53.3333,513.7289,491.6096,469.4903,1285590942.3204,5474793845.0
2024-03-27,499.3,499.89,488.07,493.86,9989676.0,492.5827,205829.0,0.0025757934747462,0.074475342052019,0.0189227913332544,-0.0037053223231462,491.1832,483.6491,29.8292,51.9992,59.9256,36.1647,17.2999,0.0,56.6667,514.2606,491.1832,468.1058,1299113399.2093,5490006609.0
2024-03-26,505.13,510.0,495.2137,495.89,11205382.0,503.0505,199810.0,0.0020880926424337,0.0586900470236235,0.0192736900688176,-0.0038184134942952,490.0433,482.9787,50.6154,70.0903,60.5027,36.5721,63.3768,3.3333,60.0,515.7988,490.0433,464.2878,1299316235.2702,5499996285.0
2024-03-25,505.79,507.22,500.2411,503.02,8380617.0,504.2628,168962.0,0.0026168267832804,0.075724466647739,0.0190364205337342,-0.0024029941828956,489.1279,482.1221,75.5529,80.2208,62.5482,36.8308,86.7902,6.6667,63.3333,515.9856,489.1279,462.2701,1309496587.3646,5511201667.0
2024-03-22,507.0,509.97,504.34,509.58,8120593.0,507.783,153406.0,0.0029118957860108,0.0853710386813713,0.0188618364016204,-0.0024029941828956,487.9487,480.7153,84.1026,81.6159,64.4872,36.9805,119.9064,10.0,66.6667,515.4492,487.9487,460.4482,1311203116.3045,5519582284.0
2024-03-21,514.71,515.04,506.01,507.76,9708589.0,509.069,190236.0,0.0028215201693105,0.0824388165430187,0.0188648929656599,-0.0024029941828956,486.614,478.7594,81.0067,73.5769,64.1895,37.0379,138.9524,13.3333,70.0,513.7681,486.614,459.4599,1304207578.8179,5511461691.0
2024-03-20,499.5,508.1999,495.17,505.52,11711100.0,501.8557,198307.0,0.0037638655619371,0.112904756446694,0.0196130094873939,-0.0024029941828956,485.3262,476.7941,79.7383,61.9852,63.8287,37.0578,107.9919,0.0,73.3333,512.1039,485.3262,458.5485,1310155573.9419,5501749142.0
2024-03-19,488.17,496.6296,481.28,496.24,10903092.0,491.5704,197787.0,0.0028002197376591,0.0813219933328235,0.0195655929429938,-0.0036691357203349,483.6184,474.8475,59.9856,47.095,62.3079,37.1544,43.9281,3.3333,76.6667,511.6598,483.6184,455.577,1303261790.5583,5490038042.0
2024-03-18,491.91,497.42,486.81,496.98,11755183.0,493.3952,219266.0,0.0017564965036595,0.0474134771356176,0.0205756486596282,-0.0041705543697049,482.3756,473.4061,46.2317,40.9157,62.5105,37.3908,60.287,6.6667,80.0,511.4425,482.3756,453.3087,1292912178.0813,5500941134.0
2024-03-15,489.01,491.83,481.3001,484.1,29073576.0,484.8014,239987.0,0.0076421758230745,0.2275626113352373,0.0414785005355858,-0.0041705543697049,481.6265,471.8142,35.0678,37.3964,60.3409,37.5068,19.5696,0.0,83.3333,510.3564,481.6265,452.8965,1282131914.9116,5489185883.0
2024-03-14,500.255,501.35,488.16,491.83,12520014.0,494.169,231029.0,0.0085625084655891,0.2619967850529898,0.0412557060343137,-0.0036691357203349,478.6381,471.0,41.4477,38.6514,62.4372,37.6922,64.193,0.0,86.6667,521.2255,478.6381,436.0506,1295781621.4651,5518339459.0
2024-03-13,495.39,500.98,491.0318,495.57,12090656.0,495.7539,234797.0,0.0079875279545219,0.2400625435958334,0.0415950226262833,-0.0036691357203349,475.2379,469.5971,35.6737,40.6805,63.4684,37.7232,75.1391,3.3333,90.0,528.2398,475.2379,422.236,1301357143.3681,5530910593.0
2024-03-12,493.26,502.31,484.73,499.75,15448232.0,496.0547,297006.0,0.0081865375053466,0.2475285190680354,0.0415305448263868,-0.0028554452056155,472.0432,467.8397,38.8328,49.7287,64.6216,37.6869,77.8314,6.6667,93.3333,531.0858,472.0432,413.0005,1302403309.2396,5542848500.0
2024-03-11,497.01,497.318,476.0,483.59,20427774.0,484.8228,399013.0,0.0076545038077744,0.2282605745827768,0.0413055475255717,-0.0028554452056155,468.7412,465.6731,47.5349,55.9768,62.0444,37.6493,49.7223,10.0,96.6667,532.239,468.7412,405.2433,1291515227.5433,5527486343.0
2024-03-08,514.19,523.57,499.35,505.95,18597059.0,510.2396,344927.0,0.0092090278115415,0.2881899135858987,0.0401874145669419,-0.0007603967492723,465.7484,464.4705,62.8185,59.1619,68.7422,37.6613,117.0409,0.0,100.0,534.5008,465.7484,396.9961,1297270021.7413,5547468788.0
2024-03-07,503.28,519.85,501.38,512.19,18586437.0,511.1997,341225.0,0.0098267131527763,0.3123551995470881,0.0399958216792379,0.0012803697944283,461.9792,461.6444,57.5771,60.6056,70.8041,37.0946,119.1983,3.3333,100.0,533.9361,461.9792,390.0223,1305731606.8024,5566065847.0
2024-03-06,497.63,502.97,494.292,496.09,11756575.0,497.5363,236856.0,0.0092208634314935,0.2892522759888225,0.0397855890960142,0.0012803697944283,457.9197,458.1935,57.0901,67.7758,68.4433,36.5388,88.2459,0.0,93.3333,531.9148,457.9197,383.9245,1302561748.8408,5547479410.0
2024-03-05,495.0,495.58,487.89,490.22,15324999.0,491.0,290949.0,0.0091203241982512,0.2854096750624917,0.0397823151143651,0.0012803697944283,454.2133,455.6139,67.1496,71.6552,67.5176,36.1121,74.8149,0.0,96.6667,531.3598,454.2133,377.0668,1309447410.8424,5535721485.0
2024-03-04,503.0,504.42,496.42,498.19,12324141.0,500.2935,272883.0,0.0095084147381986,0.3006186469078824,0.0395917176890072,0.0012803697944283,450.5886,453.2608,79.0878,70.5781,70.2213,35.7421,92.145,0.0,100.0,530.8731,450.5886,370.3042,1315485857.6526,5551046784.0
2024-03-01,492.11,504.25,491.85,502.3,15884882.0,500.4154,319523.0,0.010429871991021,0.3368691965570691,0.0394908209927431,0.0020646336544893,446.7541,450.1962,68.728,64.4711,71.6515,35.1197,93.8483,0.0,100.0,528.645,446.7541,364.8633,1322356566.2601,5563370925.0
2024-02-29,488.44,491.7,482.61,490.13,17730225.0,489.095,233415.0,0.0103043929628123,0.3319586546072564,0.0394508261286855,0.0020646336544893,442.5393,446.6372,63.9184,64.5721,69.8965,34.4773,77.3002,0.0,86.6667,525.6698,442.5393,359.4087,1311467735.8568,5547486043.0
2024-02-28,485.0,491.05,482.75,484.02,12713406.0,485.9823,224437.0,0.009966160119835,0.3186117733585096,0.0394729852573058,0.0020646336544893,438.4715,443.6712,60.767,67.2492,68.9639,33.9238,76.7751,3.3333,90.0,523.8951,438.4715,353.0479,1299860951.7259,5529753998.0
2024-02-27,479.975,487.27,479.92,487.05,10809595.0,484.7694,200534.0,0.0095477911311665,0.3019581810203391,0.0397081481421511,0.0020646336544893,434.577,440.9216,69.031,66.8063,70.0035,33.3572,78.7374,6.6667,93.3333,522.0552,434.577,347.0988,1308685192.6127,5542469484.0
2024-02-26,483.47,486.14,480.6,481.74,12079815.0,483.0712,217806.0,0.009614994891769,0.3045544580220729,0.0397122930674817,0.0020646336544893,430.8154,437.7736,71.9496,61.5423,69.2174,32.8055,80.3495,10.0,96.6667,518.7316,430.8154,342.8993,1298522702.6195,5531659889.0
2024-02-23,488.05,494.3599,482.3482,484.03,18374286.0,487.0397,299145.0,0.0097007179781588,0.3079253189769586,0.0396839985458296,0.0020646336544893,427.0703,434.7743,59.4382,51.7563,69.9819,32.2448,91.8436,13.3333,100.0,515.6412,427.0703,338.4994,1305643751.8794,5543761304.0
2024-02-22,480.24,489.99,476.0618,486.13,21624805.0,485.5276,385783.0,0.0110608013141137,0.3615234769530449,0.0398788976924351,0.0024590449053715,423.2756,431.4104,53.2391,53.0954,70.6739,31.6197,94.1264,0.0,100.0,511.5965,423.2756,334.9546,1318872742.1769,5562135590.0
2024-02-21,466.5,469.0,461.79,468.03,12977050.0,466.5231,229873.0,0.0096573957665275,0.3063346902358781,0.0396224919345779,0.0020646336544893,418.9771,427.6699,42.5915,59.3822,68.041,31.0101,73.7261,0.0,90.0,507.2892,418.9771,330.665,1309233497.8667,5540509785.0
2024-02-20,469.715,476.18,466.56,471.75,18015523.0,470.7077,281914.0,0.0105204243433523,0.3403892598380449,0.0395359446690264,0.0024590449053715,415.3223,424.9184,63.4556,65.5005,69.1069,30.5757,87.2822,0.0,93.3333,504.3607,415.3223,326.2839,1299748192.2495,5553486835.0
2024-02-16,478.11,478.96,469.21,473.32,22799620.0,474.0558,364855.0,0.0110948073857747,0.3635630329569026,0.0394558300319521,0.0044120206436284,411.3372,421.7556,72.0995,61.8313,69.6209,30.0145,99.028,0.0,96.6667,500.7912,411.3372,321.8832,1298324928.4782,5571502358.0
2024-02-15,475.28,488.62,472.22,484.03,24200326.0,482.9462,365752.0,0.01208879756244,0.4051441344674422,0.0389791128959555,0.0070202794410934,407.1392,418.2666,60.9465,55.0326,73.2118,29.3646,122.0861,0.0,100.0,496.5673,407.1392,317.7111,1301985099.6167,5594826978.0
2024-02-14,467.93,474.11,466.0901,473.28,16808401.0,469.9188,266636.0,0.0111564796477163,0.366715758468336,0.0390482613681383,0.0044120206436284,402.4967,413.7998,52.4478,55.359,71.8005,28.6138,118.7905,0.0,73.3333,490.1251,402.4967,314.8684,1291325770.7313,5570614652.0
2024-02-13,456.87,467.89,455.09,460.12,20116602.0,461.9853,305225.0,0.009480801327222,0.2999208950163852,0.0393412272071095,0.0024590449053715,398.2724,409.7649,51.7034,60.9146,69.9256,27.9663,114.7208,3.3333,76.6667,484.2349,398.2724,312.31,1277956807.9612,5553756251.0
2024-02-12,468.19,479.145,466.58,468.9,19381963.0,473.0294,320857.0,0.0096993606656022,0.3086068318821164,0.0392018914737476,0.0024590449053715,394.7411,406.3574,61.9258,66.1644,73.0584,27.356,148.8353,6.6667,80.0,479.0951,394.7411,310.387,1282434268.0768,5574672853.0
2024-02-09,472.95,473.59,467.465,468.11,18295937.0,469.7014,291818.0,0.0096887515929351,0.3081910404381973,0.0392041012273691,0.0024590449053715,391.0626,402.1106,69.1145,70.4029,72.953,26.4121,165.5282,10.0,83.3333,471.8789,391.0626,310.2464,1294658864.7163,5555290890.0
2024-02-08,468.32,470.59,465.03,470.0,18815097.0,468.4779,292513.0,0.01010461924547,0.324577966913733,0.0391225493775149,0.0044120206436284,387.3942,397.6253,67.4527,72.97,73.619,25.4823,184.0591,13.3333,86.6667,463.9411,387.3942,310.8473,1309193969.5971,5573704027.0
2024-02-07,458.0,471.52,456.1773,469.59,23065994.0,467.8721,348014.0,0.0102113431161958,0.3288151900166949,0.0391015822295881,0.0052111997269663,383.5631,392.7006,74.6415,72.9216,73.5684,24.5461,203.9227,16.6667,90.0,454.6958,383.5631,312.4304,1294372004.6943,5554888930.0
2024-02-06,464.0,467.12,453.0,454.72,21653114.0,457.6028,345658.0,0.0090553984103742,0.2841932841932844,0.0389318525967108,0.0032756391061976,379.6977,387.4645,76.8157,64.7546,71.6627,23.5776,213.4113,20.0,93.3333,444.2167,379.6977,315.1788,1277109079.0486,5531822936.0
2024-02-05,469.88,471.9,459.22,459.41,40827196.0,463.4458,621254.0,0.0098547294917403,0.3153057718735685,0.0387739766208827,0.0052111997269663,376.3503,382.8907,67.3076,53.7141,73.2734,22.612,263.1966,23.3333,96.6667,435.3291,376.3503,317.3715,1293488518.533,5553478150.0
2024-02-02,459.6,485.96,453.01,474.99,84699996.0,473.7256,1202621.0,0.0108453343874565,0.3557198310309393,0.0380443106245022,0.0052111997269663,372.6868,377.6787,50.1405,51.506,78.9732,21.4492,343.5774,26.6667,100.0,423.958,372.6868,321.4157,1333097211.3406,5594310526.0
2024-02-01,393.94,400.5,393.05,394.78,29707351.0,411.4533,498975.0,0.0046279868614689,0.1455516220764898,0.0132965282341873,0.0052111997269663,368.5411,371.035,43.6944,61.8427,65.6915,20.2463,113.7144,0.0,93.3333,404.0639,368.5411,333.0182,1304792774.8471,5509602880.0
2024-01-31,389.0,398.0,387.1,390.14,20164317.0,392.7782,335045.0,0.0051969526500353,0.1648751940761974,0.0139446362612383,0.0052111997269663,366.8725,369.4534,60.6831,75.8946,64.4353,20.0171,104.7793,0.0,96.6667,402.163,366.8725,331.582,1320713705.5169,5479875829.0
2024-01-30,403.59,406.36,399.57,400.06,18614727.0,402.3054,302238.0,0.0061985811273373,0.2007683765044869,0.0127852749690056,0.00580007751277,365.0356,368.082,81.1507,82.8982,69.7104,19.829,156.8387,0.0,100.0,401.1838,365.0356,328.8874,1329637699.8233,5500056646.0
2024-01-29,394.985,402.93,393.1,401.02,18742433.0,399.7678,278755.0,0.0061220374020446,0.198004421341936,0.0128432303451622,0.00580007751277,362.8105,365.9334,85.8501,83.1596,70.2484,19.1871,158.5063,3.3333,100.0,398.4784,362.8105,327.1426,1345565765.1945,5518671373.0
2024-01-26,394.35,396.79,391.5908,394.14,13159290.0,394.7271,214391.0,0.0055920419026118,0.1792831069355509,0.0126917657967336,0.0046636959753392,360.6057,363.5705,81.6939,80.6689,68.5679,18.583,153.5125,0.0,100.0,394.9086,360.6057,326.3029,1334106759.871,5499928940.0
2024-01-25,390.17,395.49,385.66,393.18,15091080.0,392.6941,244036.0,0.0064267880354406,0.2087432365961623,0.0132675756060357,0.00580007751277,358.6125,361.5182,81.9347,81.574,68.3265,18.0703,157.6124,0.0,96.6667,392.0153,358.6125,325.2098,1334361886.8967,5486769650.0
2024-01-24,390.0,396.15,387.81,390.7,15599785.0,392.2264,264914.0,0.0054668924515961,0.1741547708489861,0.0142443395545735,0.0046636959753392,356.3538,359.3904,78.3782,83.6423,67.7074,17.5644,174.303,3.3333,100.0,389.4829,356.3538,323.2248,1326363460.976,5471678570.0
2024-01-23,384.615,388.38,382.075,385.2,15502496.0,385.2311,227458.0,0.0056196682037114,0.179460485624177,0.0143621175228183,0.0046636959753392,354.4262,357.2866,84.4092,84.6635,66.295,16.9618,158.5902,0.0,96.6667,386.2272,354.4262,322.6251,1331182172.9185,5455980110.0
2024-01-22,387.95,390.3525,381.1601,381.78,17680454.0,384.1798,265063.0,0.0062807981062749,0.202646085997795,0.0149452434742092,0.0046636959753392,352.4765,355.4161,88.1397,79.1515,65.3849,16.4825,165.1996,0.0,100.0,383.855,352.4765,321.098,1331317436.246,5440474014.0
2024-01-19,379.0,384.36,377.97,383.45,21600806.0,382.1319,270981.0,0.0063380012242596,0.2047189669797982,0.0149076615244787,0.0046636959753392,350.3366,353.6521,81.4417,71.8143,66.229,15.9868,162.4255,0.0,100.0,382.3927,350.3366,318.2805,1346613287.001,5458154468.0
2024-01-18,371.49,376.85,370.95,376.13,16104332.0,374.7186,221386.0,0.0055090922717128,0.1753327917005191,0.0148461392410223,0.0032756391061976,348.169,351.6515,67.8731,70.5813,64.2749,15.5899,133.2142,0.0,90.0,379.982,348.169,316.3561,1331114760.6442,5436483662.0
2024-01-17,366.3,368.54,358.61,368.37,12474779.0,365.3637,203951.0,0.0043143192236675,0.1340742565112984,0.0149877094090805,0.0020161607157563,346.3026,350.0166,66.1281,77.8576,62.0229,15.3358,92.994,3.3333,93.3333,378.0866,346.3026,314.5185,1318751994.4205,5420129330.0
2024-01-16,373.65,375.61,367.23,367.46,15306885.0,369.5988,253891.0,0.0039943667149835,0.1232156503133117,0.0151253498234399,0.0014626133748684,344.8539,348.8031,77.7427,84.8153,61.7496,15.2635,121.5833,6.6667,96.6667,376.5825,344.8539,313.1253,1306462907.7528,5407404551.0
2024-01-12,370.155,377.06,369.54,374.49,18748146.0,374.3037,244161.0,0.0041133837524136,0.1273028296207103,0.0149588694755056,0.0014626133748684,343.513,347.5686,89.7022,89.0757,65.2569,14.8749,146.633,10.0,100.0,374.832,343.513,312.194,1320929558.0153,5422711436.0
2024-01-11,372.13,372.78,362.93,369.67,17205385.0,367.968,274760.0,0.0030110922363519,0.0905041446650338,0.0154702172906076,-0.0003037665937694,342.1062,345.7651,87.0009,85.8043,63.8978,14.3833,132.8625,13.3333,96.6667,371.6103,342.1062,312.6021,1314818133.8823,5403401390.0
2024-01-10,360.17,372.94,359.08,370.47,22117206.0,368.959,346109.0,0.0035103211556041,0.1068718255153873,0.0155368188935264,0.0014626133748684,341.0856,344.1689,90.5241,77.9733,64.3014,13.968,139.9971,16.6667,100.0,368.8791,341.0856,313.2922,1308477469.1564,5420606775.0
2024-01-09,356.4,360.64,355.36,357.43,13463871.0,358.1433,196368.0,0.0019463427212401,0.0567661059042658,0.0144634536157559,-0.0003037665937694,339.8958,342.4076,79.8878,60.308,60.3561,13.5383,99.3901,20.0,76.6667,365.6689,339.8958,314.1226,1294243307.7192,5398489569.0
2024-01-08,354.7,358.98,352.05,358.66,13858022.0,356.1468,219789.0,0.0017424437936427,0.0502796567981491,0.0145804454051242,-0.0003037665937694,339.2571,341.4222,63.5079,42.7392,60.9705,13.3831,100.8836,23.3333,80.0,364.2718,339.2571,314.2423,1297150279.8669,5411953440.0
2024-01-05,346.99,353.5,346.2601,351.95,13746187.0,351.0893,215310.0,0.0015530563092864,0.044424001424417,0.0143898616967446,-0.0003037665937694,338.6859,340.2843,37.5283,29.872,58.7566,13.2652,71.7994,26.6667,83.3333,362.7337,338.6859,314.6382,1284542848.9319,5398063218.0
2024-01-04,344.5,348.1499,343.3987,347.12,12099895.0,346.4744,172395.0,0.0007960766394586,0.0210312674647761,0.0143168058703031,-0.0023080006168514,338.188,339.5297,27.1814,31.3774,57.0617,13.2884,48.9533,30.0,86.6667,361.791,338.188,314.585,1276583396.417,5384143645.0
2024-01-03,344.98,347.95,343.175,344.47,15451133.0,345.1354,218247.0,0.0010301327500658,0.0281458930276981,0.0144840650229442,-0.0023080006168514,337.9501,339.0555,24.9063,43.0955,56.1051,13.4637,45.1094,33.3333,90.0,361.3601,337.9501,314.5401,1269729200.1291,5372043750.0
2024-01-02,351.32,353.16,340.01,346.29,19042152.0,344.8294,304920.0,0.0012901052110977,0.0362069481432716,0.0144388307015499,-0.0003037665937694,337.6364,338.7309,42.0444,61.6526,56.9474,13.6508,56.9639,36.6667,93.3333,360.9786,337.6364,314.2942,1276799509.1563,5387494883.0
2023-12-29,358.99,360.0,351.82,353.96,14987092.0,354.5359,215677.0,0.0021606863280837,0.0638694358450293,0.0138015773577788,0.0014626133748684,337.2339,338.2587,62.3357,75.5339,60.6574,13.8443,121.5118,40.0,96.6667,360.4305,337.2339,314.0374,1277653871.8696,5406537035.0
2023-12-28,359.7,361.9,357.81,358.32,11794957.0,359.6395,196528.0,0.0022094691613257,0.065445571050519,0.0137533477085618,0.0014626133748684,336.527,337.2261,80.5777,82.7897,62.9095,13.6295,164.2223,43.3333,100.0,359.012,336.527,314.0421,1284799306.9307,5421524127.0
2023-12-27,356.07,359.0,355.31,357.83,13207928.0,357.4562,172298.0,0.0028847852020487,0.0870014277468937,0.0141860989321277,0.0020496623539868,335.7949,335.8222,83.6882,83.7472,62.7593,13.1682,171.7935,46.6667,100.0,356.8763,335.7949,314.7135,1293655624.1655,5409725320.0
2023-12-26,354.99,356.98,353.45,354.83,9898614.0,355.0389,150679.0,0.0026455430634378,0.0792651397633605,0.0141506228884568,0.0014166751153129,334.8422,334.3551,84.1033,84.3234,61.8448,12.7609,173.5855,50.0,96.6667,354.5241,334.8422,315.1603,1289006239.5313,5397017002.0
2023-12-22,355.58,357.1999,351.22,353.39,11772779.0,353.8921,177592.0,0.0033644966358752,0.102448915925752,0.0147405978843268,0.0014166751153129,333.9753,332.9934,83.4501,84.3623,61.405,12.3888,182.0669,53.3333,100.0,352.4413,333.9753,315.5093,1291165427.2877,5387118388.0
2023-12-21,352.98,356.405,349.21,354.09,15289556.0,352.6445,213125.0,0.0035106567679955,0.1072925136031022,0.0147086147778756,0.0019818834218198,332.8829,331.6369,85.4169,84.7901,61.7394,12.0039,191.9876,56.6667,100.0,350.6623,332.8829,315.1035,1294393939.5173,5398891167.0
2023-12-20,348.65,354.96,347.79,349.28,16369850.0,351.2067,242195.0,0.0031519873347712,0.0955398030236496,0.0145847091526342,0.0019818834218198,331.7416,330.1386,84.22,82.8601,60.3035,11.6244,183.1991,60.0,100.0,348.4815,331.7416,315.0016,1288943249.9913,5383601611.0
2023-12-19,345.58,353.6,345.12,350.36,17729362.0,350.5553,259146.0,0.0035735059426229,0.1094363521215959,0.0145811679770235,0.0024756843671536,330.7283,328.8681,84.7335,80.7914,60.7987,11.2651,186.7204,63.3333,100.0,346.9449,330.7283,314.5118,1298509452.432,5399971461.0
2023-12-18,337.48,347.56,337.02,344.62,18971752.0,344.1376,274949.0,0.0031454506267069,0.0954227590591236,0.0143779026119348,0.0024756843671536,329.5787,327.4356,79.6269,80.6186,59.0718,10.9245,133.5924,0.0,100.0,345.1467,329.5787,314.0107,1294344029.0829,5382310066.0
2023-12-15,331.99,338.66,331.22,334.92,31776852.0,335.0784,247520.0,0.0025799987735328,0.0773635281628977,0.0136674881280157,0.0024756843671536,328.5801,326.2993,78.0139,80.3617,55.8982,10.7142,60.5685,0.0,46.6667,344.1859,328.5801,312.9743,1285946367.7623,5363316214.0
2023-12-14,333.85,334.7,328.6371,333.17,19602759.0,332.0784,287018.0,0.0023001617656323,0.0683662016995354,0.0136958174174576,0.0019818834218198,327.7801,325.7523,84.215,82.3612,55.2936,10.7266,38.7479,0.0,50.0,344.5615,327.7801,310.9986,1286117211.0526,5331539362.0
2023-12-13,333.93,338.37,332.64,334.74,16347321.0,335.1831,240673.0,0.0036271020252919,0.1110963587479674,0.0148353009240824,0.0024756843671536,327.0709,325.288,78.8562,81.1956,55.9589,10.8501,69.2682,0.0,53.3333,344.7703,327.0709,309.3715,1276405873.8589,5351146697.0
2023-12-12,324.6,334.47,324.56,334.22,18471061.0,331.2347,245443.0,0.0034221529059344,0.1042754245688226,0.0149048069928139,0.0024756843671536,325.9575,324.6836,84.0124,77.7583,55.7886,10.8439,40.1796,3.3333,56.6667,345.8292,325.9575,306.0858,1280772467.4244,5334793376.0
2023-12-11,329.4,329.89,319.995,325.28,25777662.0,323.9737,348362.0,0.0031721690365595,0.0962154146867515,0.0145580006676337,0.0024756843671536,324.9077,324.0733,80.7182,63.691,52.752,10.946,-0.5153,0.0,60.0,346.3346,324.9077,303.4807,1263219673.4778,5316307915.0
2023-12-08,323.09,333.17,323.0,332.75,14087351.0,330.6575,186509.0,0.0048892087094638,0.1539795387549849,0.014472311665313,0.002777283371635,323.958,324.0363,68.5444,43.561,55.8504,11.1844,36.8873,0.0,63.3333,347.7486,323.958,300.1673,1261459525.7416,5342110377.0
2023-12-07,317.77,328.24,317.77,326.59,15905079.0,325.3226,227810.0,0.0030163183002758,0.0903415350716119,0.0160883261953017,0.0024756843671536,322.481,323.4825,41.8103,27.7234,53.6818,11.3333,8.681,3.3333,66.6667,349.3741,322.481,295.5879,1248535731.7564,5328023026.0
2023-12-06,321.93,322.25,317.04,317.45,11294337.0,319.0872,172199.0,0.0006680092814645,0.0156774916013437,0.0172539303396373,0.0018426971284797,321.5809,323.3145,20.3285,21.5478,50.1712,11.6324,-18.0449,6.6667,70.0,349.7319,321.5809,293.4298,1237643714.9054,5312117947.0
2023-12-05,318.98,321.88,315.39,318.29,16952128.0,318.2314,232596.0,0.0006009949231556,0.0136301391675417,0.0172705413042757,0.0018426971284797,321.4179,323.764,21.0316,21.1393,50.5114,11.9373,-19.054,10.0,73.3333,349.7339,321.4179,293.1018,1247135291.7748,5323382438.0
2023-12-04,317.29,320.86,313.66,320.02,19034440.0,317.5141,290706.0,0.0013600569436833,0.0368378422161015,0.0174888949425453,0.0024756843671536,321.2755,324.1867,23.2834,24.6639,51.2024,12.2408,-19.5998,13.3333,76.6667,349.7089,321.2755,292.8421,1248937598.1416,5340334566.0
2023-12-01,325.48,326.86,320.76,324.82,15276375.0,323.7025,235714.0,0.0014093438637138,0.038393913238067,0.0174453764800017,0.0024756843671536,320.8973,324.5195,19.1031,25.3758,53.1527,12.5227,14.7473,16.6667,80.0,349.7216,320.8973,292.0729,1234342503.4749,5359371646.0
2023-11-30,331.89,333.5,322.4037,327.15,23143356.0,326.4798,276766.0,0.0012092720237795,0.0321166040950242,0.017576000781218,0.0024756843671536,320.4978,324.5448,31.6052,33.4524,54.12,12.8809,35.3041,20.0,83.3333,349.4625,320.4978,291.533,1229283769.4585,5374648021.0
2023-11-29,339.69,339.9,330.78,332.2,16018777.0,333.728,241287.0,0.0009927438526892,0.0253086419753083,0.0178152272457005,0.0024756843671536,320.1591,324.4115,25.4191,40.9879,56.2654,13.1998,73.5462,23.3333,86.6667,349.0738,320.1591,291.2444,1232629016.1472,5397794408.0
2023-11-28,333.4,339.375,333.4,338.99,12637245.0,336.5304,191192.0,0.0019562254246861,0.0555503658726446,0.01742965009505,0.002777283371635,319.8863,323.9215,43.333,57.5397,59.3217,13.2512,95.5016,26.6667,90.0,348.5203,319.8863,291.2523,1243663428.5551,5413818905.0
2023-11-27,336.18,339.9,334.2,334.7,15684454.0,336.7722,220976.0,0.0022132484360847,0.0635863866026882,0.0176434587018484,0.002777283371635,319.2929,322.9304,54.2116,70.5976,57.9259,13.2114,98.3355,30.0,93.3333,347.1025,319.2929,291.4833,1232654749.0195,5401181660.0
2023-11-24,340.13,341.8556,336.77,338.23,5467488.0,338.5242,110116.0,0.0015873389922607,0.0434044916090812,0.0183980481848181,0.002777283371635,318.6273,322.1662,75.0747,78.0502,59.5513,13.1419,124.4321,33.3333,96.6667,345.9474,318.6273,291.3071,1245587544.423,5416866114.0
2023-11-22,339.21,342.92,338.58,341.49,10715177.0,341.2081,177659.0,0.0015333968611566,0.0416997132572751,0.0184329518807068,0.002777283371635,318.1592,321.1063,82.5065,79.5864,61.0814,12.9795,146.5998,36.6667,100.0,344.6358,318.1592,291.6827,1247915763.7114,5422333602.0
2023-11-21,338.33,339.9015,335.9,336.98,12027863.0,337.797,179097.0,0.0017066327812448,0.0470420084514042,0.0185674387268944,0.002777283371635,317.7045,319.749,76.5695,76.7825,59.6965,12.7475,133.8211,40.0,96.6667,343.0556,317.7045,292.3535,1244261740.2183,5411618425.0
2023-11-20,334.89,341.87,334.19,339.97,16965929.0,339.1645,253206.0,0.0023641632863181,0.067879130544038,0.0185331507705977,0.0034127354473403,317.2009,318.6085,79.6831,78.0407,61.0897,12.5796,153.008,43.3333,100.0,341.6392,317.2009,292.7626,1249796991.9275,5423646288.0
2023-11-17,330.26,335.5,329.35,335.04,14519213.0,333.7311,199826.0,0.0021833048286524,0.062169102495007,0.0184379737835431,0.0034127354473403,316.482,317.1835,74.0949,78.7315,59.5864,12.406,127.9928,46.6667,93.3333,339.5092,316.482,293.4548,1241220510.089,5406670159.0
2023-11-16,329.37,334.58,326.38,334.19,18922572.0,331.0926,254879.0,0.0032621654453612,0.0964598576068769,0.0193517509673014,0.0041313429030278,315.8297,315.9995,80.3441,84.2603,59.3245,12.3803,125.9004,50.0,96.6667,337.8834,315.8297,293.776,1228873276.9199,5392150946.0
2023-11-15,337.93,338.4,330.02,332.71,14531180.0,333.8064,244791.0,0.0030277132426625,0.0887819883500233,0.0193785484595893,0.0034127354473403,314.8517,314.7924,81.7554,85.4986,58.876,12.3765,150.3145,53.3333,100.0,336.277,314.8517,293.4265,1211741608.1101,5373218374.0
2023-11-14,334.54,338.1,333.33,336.31,17179403.0,335.6648,283459.0,0.0038984720906795,0.1175317339004458,0.0193287819998621,0.0063443626137354,313.9492,313.6039,90.6814,86.9411,60.4433,12.2561,179.9951,56.6667,100.0,334.6743,313.9492,293.2242,1216943701.1889,5387749554.0
2023-11-13,326.2,332.33,325.7,329.19,16878448.0,329.7894,240274.0,0.002538699509319,0.0729091975751259,0.0194680179316475,0.0034127354473403,312.7727,312.0857,84.059,84.3936,58.3221,12.0232,136.4505,60.0,100.0,332.4233,312.7727,293.122,1212657854.3189,5370570151.0
2023-11-10,319.94,329.1,319.46,328.77,19116921.0,326.0307,259531.0,0.0032300472415459,0.0951334066153697,0.0197767727602013,0.0063443626137354,312.0285,310.9528,86.0827,85.5896,58.1943,11.9161,117.3664,63.3333,30.0,330.9145,312.0285,293.1426,1211765225.0881,5353661203.0
2023-11-09,319.418,324.1799,318.8,320.55,16103071.0,320.8701,210880.0,0.0019640280752923,0.0545795499407821,0.019515392376156,0.0034127354473403,311.0785,309.7706,83.039,85.3006,55.6189,11.883,83.8832,66.6667,33.3333,329.4979,311.0785,292.6591,1193957138.9283,5334544282.0
2023-11-08,318.14,321.33,314.88,319.78,13609704.0,318.4136,200444.0,0.0025801215613078,0.0740243165177667,0.0198092161333287,0.0063443626137354,310.5266,309.0727,87.6469,83.8738,55.37,11.9712,66.8337,70.0,36.6667,328.8487,310.5266,292.2045,1199584039.6464,5318441211.0
2023-11-07,317.06,321.0,315.12,318.82,14055614.0,319.012,211554.0,0.0023437243302843,0.0664302916778161,0.0198449465568393,0.0063443626137354,309.7935,308.3796,85.2157,82.1426,55.0662,12.1355,67.8139,73.3333,40.0,328.4385,309.7935,291.1485,1192515433.6929,5304831507.0
2023-11-06,315.98,318.33,314.45,315.8,12887699.0,316.1743,202161.0,0.0018177526661169,0.0497623242362799,0.0198557386968742,0.0006145598625473,309.1328,307.7048,78.7589,79.9646,54.1165,12.3139,54.3604,76.6667,43.3333,327.9483,309.1328,290.3173,1188882009.6657,5290775893.0
2023-11-03,312.55,315.55,311.0167,314.6,16014315.0,313.5598,214672.0,0.0018856496594337,0.0518924702420762,0.0198659300695755,0.0016330147622988,308.6349,307.1913,82.4531,78.8799,53.7409,12.5655,38.0346,80.0,46.6667,327.5773,308.6349,289.6924,1192801464.5162,5277888194.0
2023-11-02,317.3,318.82,308.33,310.87,21631820.0,310.9582,286079.0,0.0018632935205127,0.0511953471071588,0.019854911213176,0.0016330147622988,308.1186,306.725,78.6819,70.6926,52.5746,12.8963,32.5767,83.3333,50.0,327.2959,308.1186,288.9413,1183063421.4373,5261123879.0
2023-11-01,301.85,312.74,301.85,311.85,20434580.0,308.0879,283351.0,0.0015297848727473,0.0406447091800976,0.02001954262702,0.0016330147622988,307.615,306.4832,75.5048,58.5959,52.9134,13.2385,5.7325,86.6667,53.3333,327.33,307.615,287.8999,1194219584.0874,5282755699.0
2023-10-31,303.31,303.68,296.86,301.27,19434168.0,300.3657,227193.0,-0.0002308436607877,-0.0124561576031728,0.0192977697579661,-0.0033330306061952,307.2098,306.1574,57.891,41.2559,49.518,13.6436,-55.8878,90.0,56.6667,327.1115,307.2098,287.3081,1177125091.5438,5262321119.0
2023-10-30,299.09,309.3967,299.05,302.66,28435055.0,303.899,328764.0,0.000199883471109,0.0003635762683855,0.0193397699973953,0.0016330147622988,307.3362,306.5372,42.3918,28.3137,49.9757,13.8144,-33.1716,93.3333,60.0,327.1174,307.3362,287.555,1171425922.0424,5281755287.0
2023-10-27,294.48,299.31,292.97,296.73,29596256.0,296.238,388846.0,-0.0002176344827536,-0.0119210149512171,0.0190410387392537,0.0016330147622988,307.3326,306.8475,23.4848,22.2883,47.9934,14.0442,-89.1055,96.6667,63.3333,327.1177,307.3326,287.5474,1180018795.1531,5253320234.0
2023-10-26,295.0,295.0,279.403,288.35,66684141.0,287.4941,814791.0,-0.0024064766803443,-0.0749711279353264,0.0193216058506454,-0.0033330306061952,307.4516,307.5873,19.0644,23.4768,45.017,13.982,-162.4953,100.0,66.6667,327.0071,307.4516,287.8962,1174510343.7209,5223723978.0
2023-10-25,310.0,310.88,298.84,299.53,42158224.0,303.4808,584191.0,-0.000434579562918,-0.0181275814593847,0.0186648168441929,0.0016330147622988,308.229,308.9549,24.3158,23.4987,48.6044,13.7792,-49.1821,33.3333,70.0,326.3959,308.229,290.0622,1164689642.8248,5290408119.0
2023-10-24,316.78,318.35,310.63,312.55,19441488.0,313.8584,270022.0,0.0013296971751026,0.0361002453092886,0.0171226806105678,0.0066551181629279,308.413,309.6474,27.0502,20.2802,53.3944,14.0616,41.9905,36.6667,73.3333,326.3086,308.413,290.5174,1202046102.363,5332600593.0
2023-10-23,309.5,317.36,307.26,314.01,17716785.0,313.7505,256233.0,0.0008452399970148,0.0209715177526339,0.0174867326179564,0.0066551181629279,308.0507,309.4916,19.1301,22.0179,53.971,14.3596,36.8158,40.0,76.6667,326.0882,308.0507,290.0133,1211859430.5288,5352126081.0
2023-10-20,314.14,315.3,306.47,308.65,22279075.0,310.2677,262190.0,0.0013484299447251,0.0361207157004264,0.0181591500382996,0.0066551181629279,307.8362,309.2245,14.6602,30.9351,52.1368,14.699,15.5424,43.3333,80.0,325.7685,307.8362,289.9039,1205868433.5981,5334329296.0
2023-10-19,319.875,321.89,311.7504,312.81,18709160.0,316.0353,265995.0,0.0017046709309616,0.0473432216158293,0.0179721773582528,0.0066551181629279,307.4783,309.3079,32.2635,40.2327,53.7435,15.1147,63.8125,46.6667,83.3333,325.8063,307.4783,289.1502,1217163549.0285,5356641571.0
2023-10-18,321.39,325.94,315.56,316.97,16651003.0,319.863,234928.0,0.0020864369264653,0.0594979443125982,0.0177736715637105,0.0066551181629279,307.0079,309.1108,45.8815,45.269,55.3937,15.364,104.4893,50.0,86.6667,325.5535,307.0079,288.4623,1231962451.0428,5375350731.0
2023-10-17,318.18,324.4,317.3,324.0,16387799.0,322.2188,230269.0,0.0027008534836188,0.0794602698650674,0.0172517998223171,0.0066551181629279,306.4158,308.6137,42.5531,51.1235,58.3189,15.4846,138.477,53.3333,90.0,324.8686,306.4158,287.9629,1244235435.8867,5392201734.0
2023-10-16,318.64,321.82,315.52,321.15,16533314.0,319.8122,222797.0,0.0028290467762532,0.0835751400229436,0.0173113827547707,0.0066551181629279,305.6224,307.5986,47.3723,66.2974,57.4381,15.5455,134.5301,56.6667,93.3333,323.1194,305.6224,288.1254,1229694149.4501,5375813935.0
2023-10-13,323.53,325.0502,312.37,314.69,21360790.0,316.9539,323805.0,0.0021999761767626,0.0635371252830445,0.0169968285504557,0.0037536490343907,304.7984,306.7095,63.4451,81.2551,55.3717,15.6808,130.6176,60.0,96.6667,321.7366,304.7984,287.8603,1216675240.6501,5359277821.0
2023-10-12,328.0,330.54,322.69,324.16,20467518.0,326.7835,287646.0,0.0032630104112578,0.0984750931887494,0.015964811161652,0.0042641679372146,304.1731,306.2038,88.0748,90.6906,59.4627,15.8208,247.4303,63.3333,100.0,321.0851,304.1731,287.261,1230219587.2501,5380638611.0
2023-10-11,323.005,328.835,322.95,327.82,22036297.0,326.4548,279810.0,0.0033118887949569,0.1001040303365883,0.0159227534194485,0.0042641679372146,303.2064,305.0114,92.2453,87.7597,61.1506,15.5807,316.383,66.6667,100.0,318.859,303.2064,287.5537,1243060968.5724,5401169129.0
2023-10-10,319.12,324.66,318.16,321.84,19037973.0,321.6491,262126.0,0.0035802432909991,0.1087990077861229,0.0162424559052582,0.0042641679372146,302.2141,303.4849,91.7516,80.4083,59.3271,15.3755,302.9467,0.0,100.0,315.2212,302.2141,289.207,1228625977.0796,5379132832.0
2023-10-09,312.5,320.33,311.82,318.36,22503582.0,317.5284,305499.0,0.0037716260541049,0.1150963222416803,0.0163613322139793,0.0042641679372146,301.1636,302.2647,79.2823,69.2514,58.224,15.2713,258.8081,0.0,100.0,312.9035,301.1636,289.4237,1226107106.8058,5360094859.0
2023-10-06,301.44,316.31,300.9148,315.43,21803856.0,310.3187,302133.0,0.0033166892169841,0.1000174367916297,0.0163913154197574,0.0021665397213712,300.0705,301.1998,70.1909,65.8255,57.2811,15.281,172.0495,3.3333,100.0,311.5498,300.0705,288.5912,1214022296.5426,5337591197.0
2023-10-05,304.625,306.208,299.5,304.79,19129957.0,302.5251,256757.0,0.0013045328053243,0.0358550842849372,0.0160919599508082,-7.634876015572e-06,299.1165,300.2632,58.281,64.6042,53.605,15.4051,62.0982,6.6667,50.0,310.3004,299.1165,287.9326,1194711086.7284,5315787341.0
2023-10-04,298.725,306.9,298.5,305.58,16798384.0,303.6542,229625.0,0.0021602951194055,0.0625173852573013,0.016538780634901,0.0021665397213712,298.7655,299.9942,69.0046,70.5242,53.9382,15.8514,68.8344,10.0,53.3333,309.9547,298.7655,287.5764,1183668869.4499,5334917298.0
2023-10-03,304.26,306.77,299.64,300.94,17362250.0,301.6725,252951.0,0.0013818909166041,0.0380820972749222,0.0164457436601804,-7.634876015572e-06,298.1674,299.6524,66.5269,70.0829,52.2535,16.313,54.0961,13.3333,56.6667,309.8762,298.1674,286.4587,1172093680.4214,5318036814.0
2023-10-02,302.74,307.18,301.63,306.82,16265571.0,304.8494,226361.0,0.0028032850585522,0.0832127096204768,0.0164512736235341,0.0021665397213712,297.8002,299.6062,76.041,68.4902,54.7045,16.7512,96.9861,0.0,60.0,309.9003,297.8002,285.7001,1183124675.1619,5335399064.0
2023-09-29,307.38,310.64,299.36,300.21,25373695.0,303.8427,291279.0,0.0018542176251483,0.05303588340524,0.016133616290377,-7.634876015572e-06,297.0161,299.1523,67.6808,59.6421,52.2717,17.1362,75.3608,3.3333,63.3333,309.8654,297.0161,284.1669,1168969232.2916,5319133493.0
2023-09-28,298.935,306.3299,296.7,303.96,22167075.0,302.8707,275641.0,0.0012233999241422,0.0328587447755615,0.0170216892262778,-7.634876015572e-06,296.5132,299.1219,61.7487,51.4008,53.858,17.5344,65.3329,6.6667,66.6667,310.0809,296.5132,282.9455,1190518877.5132,5344507188.0
2023-09-27,300.45,301.2997,286.79,297.74,36429835.0,296.1078,441922.0,-0.0003185716924792,-0.0139427057459845,0.0172637670793868,-0.0021414342831799,296.1915,298.8314,49.4967,42.3216,51.4979,18.0775,-20.9374,10.0,70.0,309.5531,296.1915,282.83,1179262352.1643,5322340113.0
2023-09-26,297.66,300.2999,296.0101,298.96,19417161.0,298.4791,252147.0,-0.0006441316082712,-0.0236127894444628,0.0174230023968067,-0.0021414342831799,296.3316,298.9489,42.957,33.0255,52.0022,18.6011,15.7529,13.3333,73.3333,309.8169,296.3316,282.8462,1160707357.2574,5358769948.0
2023-09-25,295.64,300.95,293.7,300.83,18987014.0,298.6689,222991.0,6.587978164619053e-05,-0.002685320249304,0.0176144261701754,-7.634876015572e-06,296.5721,298.9905,34.511,26.9048,52.7679,19.0337,14.1203,16.6667,76.6667,310.4443,296.5721,282.6998,1153419924.461,5378187109.0
2023-09-22,299.3,305.38,298.27,299.08,25369592.0,301.5116,291200.0,-0.0005761656934292,-0.0217832144959775,0.0177424204138556,-0.0021414342831799,296.599,298.9063,21.6087,25.6423,52.1303,19.4813,41.4505,20.0,80.0,310.5025,296.599,282.6955,1135061446.0969,5359200095.0
2023-09-21,295.7,300.2566,293.27,295.73,21319582.0,296.5963,277316.0,-0.0008958787321308,-0.031060581239147,0.0176109621602366,-0.0021414342831799,296.8206,298.9368,24.5948,28.5293,50.9038,19.7812,-14.6752,23.3333,0.0,311.044,296.8206,282.5971,1154650624.7298,5333830503.0
2023-09-20,305.05,308.06,299.43,299.67,19379515.0,303.1839,203723.0,-0.0012497973058964,-0.041485414534289,0.0179569162905067,-0.0021414342831799,297.1359,299.1999,30.7233,35.3777,52.4311,20.2476,48.6474,26.6667,0.0,311.612,297.1359,282.6598,1160956846.3771,5355150085.0
2023-09-19,302.48,306.17,299.81,305.07,15931618.0,303.3864,214669.0,-0.0010725394053225,-0.0362964366944654,0.0178193679211793,-0.0021414342831799,297.5673,299.2099,30.2698,45.1631,54.6015,20.5004,55.9673,30.0,3.3333,312.9871,297.5673,282.1476,1179258474.1002,5374529600.0
2023-09-18,298.19,303.6,297.8,302.55,13761058.0,301.6688,177467.0,-0.0007247704816696,-0.0263251053969684,0.0180990743808124,-0.0021414342831799,297.9496,298.8491,45.1401,60.1081,53.7376,20.8187,25.6417,33.3333,0.0,314.5549,297.9496,281.3442,1168837793.1442,5358597982.0
2023-09-15,311.61,312.0,298.75,300.31,28131140.0,303.338,308108.0,-0.0012352243481078,-0.0411251955681852,0.0180770017424479,-0.0029383060726865,298.2217,298.6368,60.0795,69.9128,52.9686,21.2263,43.3125,36.6667,3.3333,315.3385,298.2217,281.1048,1159757382.0063,5344363824.0
2023-09-14,306.74,312.87,305.03,311.72,19340902.0,310.1168,236196.0,-0.0001338909821572,-0.0082402723425917,0.0168537500914698,-0.0029383060726865,298.6501,298.564,75.1047,70.5038,57.6905,21.6132,95.4422,40.0,6.6667,316.5197,298.6501,280.7806,1181264434.7006,5372494964.0
2023-09-13,302.36,307.18,301.3206,305.06,13210915.0,304.842,182470.0,-0.0017292687469828,-0.0546930680796999,0.0169638884550961,-0.0034141975813022,298.7363,297.7009,74.5541,64.6831,55.4496,21.7762,43.8813,43.3333,0.0,316.8677,298.7363,280.6049,1167595967.2159,5353151862.0
2023-09-12,306.33,308.6599,300.23,301.66,13460900.0,302.9669,204333.0,-0.001674961379992,-0.0531701192718145,0.0170079704289371,-0.0034141975813022,299.3234,297.2366,61.8527,55.3743,54.254,22.1109,27.8922,46.6667,0.0,319.2103,299.3234,279.4365,1163944781.8128,5339940947.0
2023-09-11,301.41,309.04,301.28,307.56,19473930.0,305.5908,261522.0,-0.0017401201384982,-0.0550571463684406,0.0170785192246111,-0.0034141975813022,299.8869,296.9744,57.6426,55.8593,56.8117,22.4572,40.2514,50.0,0.0,320.8645,299.8869,278.9093,1172851705.9709,5353421347.0
2023-09-08,299.22,305.25,296.78,297.89,17272203.0,300.3884,210417.0,-0.0013496524987463,-0.044336081614321,0.0179668213597524,-0.0034141975813022,300.483,296.2879,46.6276,60.2901,53.3255,22.7764,-9.3641,53.3333,3.3333,323.1734,300.483,277.7926,1160796450.3008,5333932017.0
2023-09-07,298.0,307.0499,292.22,298.67,33748737.0,299.6722,391029.0,0.0002043927661496,0.0003349298322001,0.0197210835138855,-0.0034141975813022,300.9427,296.2197,63.3079,70.7327,53.6632,23.2159,-17.0164,56.6667,6.6667,323.9119,300.9427,277.9736,1173762951.9242,5351504220.0
2023-09-06,301.71,303.3,295.66,299.17,15418092.0,298.8651,217235.0,0.000724213113929,0.0159608788671172,0.0198697579466334,-0.0034141975813022,300.9394,296.0931,70.9348,74.8505,53.8747,23.6706,-16.0501,60.0,10.0,323.9102,300.9394,277.9686,1178154868.7635,5385252957.0
2023-09-05,297.02,301.39,295.51,300.15,14205989.0,299.4789,194070.0,0.001159968244453,0.0292856897911595,0.0199207731881407,-0.0009536700972325,300.7831,295.9233,77.9555,79.4651,54.2799,24.2494,-17.2347,63.3333,13.3333,323.8802,300.7831,277.6859,1179406075.1824,5400671049.0
2023-09-01,299.37,301.74,294.47,296.38,12842257.0,296.8001,177578.0,0.0004357749836063,0.0072045130157003,0.019882223315505,-0.0039612794602987,300.499,295.6744,75.6612,79.6856,52.9643,24.9043,-25.2417,66.6667,16.6667,323.8588,300.499,277.1392,1170758054.332,5385715060.0
2023-08-31,295.8,301.1,295.66,295.89,17229865.0,297.9235,211238.0,-0.0005295583737503,-0.0219159063863546,0.0204931964852793,-0.0054066500604605,300.4284,295.6678,84.7785,76.1184,52.7936,25.5819,-24.9451,70.0,20.0,323.8576,300.4284,276.9993,1176852385.3706,5372872803.0
2023-08-30,297.17,298.29,293.43,295.1,17690624.0,295.8574,239294.0,-0.0020417444117272,-0.0661687921268313,0.0218308861722907,-0.007154379565431,300.649,295.6944,78.6172,64.5783,52.5251,26.2454,-39.5264,73.3333,23.3333,324.0046,300.649,277.2933,1192625313.2566,5355642938.0
2023-08-29,288.585,299.15,288.18,297.99,20844522.0,295.0867,292752.0,-0.0012954582111123,-0.0450568819099505,0.0219388003150824,-0.0054066500604605,301.3446,295.7773,64.9595,57.9296,53.6032,27.0095,-46.1035,76.6667,26.6667,325.1637,301.3446,277.5254,1198166440.1043,5373359962.0
2023-08-28,288.0,291.45,285.8,290.26,14218285.0,288.9145,196266.0,-0.0020297115526203,-0.0655463267014357,0.0213526355532633,-0.0054066500604605,301.8123,295.667,50.1582,56.844,51.003,27.8,-87.4049,80.0,30.0,325.8515,301.8123,277.7731,1181730239.9858,5352515440.0
2023-08-25,286.13,288.386,276.03,285.5,23701443.0,282.4213,326258.0,-0.0023966012286782,-0.0756629002492953,0.0211214435628608,-0.0054066500604605,302.4895,296.081,58.6711,60.4614,49.312,28.6823,-133.0795,83.3333,33.3333,326.2648,302.4895,278.7142,1173489096.2779,5338276155.0
2023-08-24,298.5,299.46,286.64,286.75,18360882.0,290.5212,250622.0,-0.0027341552084261,-0.0850642927794261,0.0212307484749453,-0.007154379565431,303.2669,296.8513,61.7027,54.6554,49.7479,29.5036,-93.3341,86.6667,36.6667,326.2028,303.2669,280.331,1160859580.1956,5361977598.0
2023-08-23,288.5,297.4,287.67,294.24,18287001.0,294.5702,247239.0,-0.0014470733891449,-0.0488136031551041,0.0209832614281443,-0.0050087316131743,304.1538,297.5886,61.0103,42.4073,52.432,30.377,-85.8071,90.0,40.0,326.423,304.1538,281.8845,1178905376.8571,5380338480.0
2023-08-22,292.55,292.9,286.75,287.6,12999913.0,289.3042,199419.0,-0.0009818445487479,-0.035837607697207,0.0216656976346179,-0.0050087316131743,304.6561,297.8613,41.2532,25.1467,50.126,31.3405,-123.5316,93.3333,43.3333,326.6315,304.6561,282.6807,1172496469.0041,5362051479.0
2023-08-21,283.45,290.5,281.85,289.9,20181475.0,288.0032,240129.0,-0.000242490379518,-0.0142808568514106,0.0217939275145162,-0.000913425862163,305.0117,298.6097,24.9583,14.1446,50.9531,32.371,-142.8721,96.6667,46.6667,326.1631,305.0117,283.8602,1181902910.1179,5375051392.0
2023-08-18,279.03,285.69,274.38,283.25,35347925.0,279.8749,408828.0,-0.0006154772370782,-0.0250576532543966,0.0214782505987211,-0.000913425862163,305.1514,299.2515,9.2284,12.9963,48.5818,33.3637,-198.4982,100.0,50.0,325.9382,305.1514,284.3646,1164521177.3144,5354869917.0
2023-08-17,293.05,296.05,284.95,285.09,23950089.0,289.9367,311835.0,-0.0005670128712584,-0.0236309462652828,0.0214666586434841,-0.000913425862163,305.3935,300.3952,8.247,17.8964,49.2182,34.2392,-148.3642,100.0,53.3333,325.2766,305.3935,285.5105,1144425053.7291,5390217842.0
2023-08-16,300.195,301.08,294.28,294.29,18547741.0,297.3013,261408.0,0.0002055410500483,-0.0002717668240647,0.0207532939234969,-0.000913425862163,305.6231,301.4912,21.5134,22.5144,52.5454,35.3809,-86.0342,0.0,56.6667,324.6779,305.6231,286.5682,1167770996.3399,5414167931.0
2023-08-15,306.14,307.23,300.03,301.95,11623613.0,302.9223,171652.0,0.0020242810886194,0.0556954059156702,0.020823088439009,0.0031701025614123,305.6257,302.0296,23.9289,19.9035,55.5689,36.2404,-28.476,0.0,60.0,324.6739,305.6257,286.5775,1186264185.1605,5432715672.0
2023-08-14,300.98,306.21,298.25,306.19,15641921.0,303.0529,206053.0,0.0023743620923419,0.0669384626106346,0.0206407911889436,0.0031701025614123,305.0958,302.0779,22.1009,19.227,57.3341,36.9082,-18.3367,0.0,63.3333,325.4335,305.0958,284.7581,1191688537.8938,5444339285.0
2023-08-11,302.57,304.72,300.36,301.64,14046250.0,302.149,222402.0,0.0025168387247281,0.0714311085852308,0.0207425326479392,0.0031701025614123,304.4568,301.8378,13.6807,22.2802,55.8803,37.6279,-22.4502,0.0,66.6667,325.8721,304.4568,283.0415,1176125219.5119,5428697364.0
2023-08-10,307.94,312.339,303.87,305.74,14358897.0,307.8609,211327.0,0.0025245225693317,0.0716814469487194,0.0207366731374345,0.0031701025614123,303.7879,301.8942,21.8993,27.0201,57.5896,38.2902,17.5023,3.3333,70.0,326.7861,303.7879,280.7896,1181924130.0624,5442743614.0
2023-08-09,312.88,313.63,302.85,305.21,19955783.0,306.8729,283451.0,0.0022622610595694,0.063264239679498,0.0207946530579322,0.0006292574926493,303.1076,301.6723,31.2606,27.6958,57.4269,38.8358,20.3432,0.0,73.3333,327.0951,303.1076,279.1201,1189941986.2335,5428384717.0
2023-08-08,314.4,317.89,310.11,312.64,15183532.0,312.8984,233055.0,0.0040814801117508,0.1227062161094556,0.0208253430567514,0.0051347549653418,302.5035,301.4717,27.9002,23.1029,60.5768,39.4002,61.4064,0.0,76.6667,327.2139,302.5035,277.7931,1201160172.2242,5448340500.0
2023-08-07,313.23,317.07,310.46,316.56,16128004.0,314.2082,230360.0,0.0033097531016806,0.0963876285803344,0.021826098578308,0.0051347549653418,301.3668,300.7458,23.9267,29.0456,62.3202,39.6856,72.1943,3.3333,80.0,327.3312,301.3668,275.4025,1206468553.5918,5463524032.0
2023-08-04,314.96,318.41,310.2,310.73,16912762.0,313.4235,245093.0,0.0031348261928571,0.0907399606852008,0.0217223350627241,0.0051347549653418,300.4411,299.7001,17.4818,42.7385,60.6939,39.9992,68.2049,6.6667,83.3333,326.2454,300.4411,274.6367,1192737531.2983,5447287528.0
2023-08-03,309.93,315.9499,309.93,313.19,15215422.0,313.7742,230799.0,0.0037801163474578,0.112022439994319,0.0216737770633502,0.0077367169313358,299.5812,298.9834,45.7282,66.4438,61.7815,40.3237,72.9641,10.0,86.6667,325.7586,299.5812,273.4038,1208076294.794,5464900290.0
2023-08-02,318.0,318.39,310.65,314.31,20461094.0,314.6342,316366.0,0.0035835337892601,0.1054408609714061,0.021766040239015,0.0077367169313358,298.5317,298.0481,65.0054,77.7737,62.2727,40.7127,87.1933,0.0,90.0,325.0679,298.5317,271.9954,1206812281.6805,5480115712.0
2023-08-01,317.535,324.14,314.66,322.71,22889870.0,320.8726,317717.0,0.0048462036543737,0.1484341637010677,0.0211000734701767,0.0106558337433101,297.5344,296.9712,88.5979,78.2149,66.0812,41.0869,130.4471,3.3333,93.3333,323.9696,297.5344,271.0993,1207922573.603,5500576806.0
2023-07-31,323.69,325.6599,317.59,318.6,25792603.0,321.1176,355466.0,0.0043180294506186,0.1304687222793885,0.0210901720776035,0.0077367169313358,296.1469,295.2419,79.7178,62.1484,65.0708,41.3155,146.2313,0.0,96.6667,321.643,296.1469,270.6508,1191938297.295,5477686936.0
2023-07-28,316.875,326.2,314.2481,325.48,39217970.0,322.7944,489886.0,0.0060567131232953,0.1907078836656297,0.0210699539399877,0.0106558337433101,294.9238,293.6762,66.3289,43.232,68.3663,41.4332,170.6881,0.0,100.0,319.6281,294.9238,270.2195,1211279927.0784,5503486539.0
2023-07-27,325.12,325.35,309.84,311.71,64228125.0,318.5104,814488.0,0.0048335885911378,0.1488648090815276,0.0198514346209553,0.0086447799553024,293.1897,291.529,40.3985,25.8268,64.93,41.5549,147.3572,3.3333,100.0,316.5245,293.1897,269.8549,1176785030.3496,5464266269.0
2023-07-26,301.19,301.77,291.9,298.57,47243310.0,302.7657,673457.0,0.0033998001319672,0.1015310828260467,0.0184758070308604,0.0065738771205121,291.8461,290.1814,22.9686,15.0109,61.0246,41.6958,34.8492,0.0,83.3333,315.5471,291.8461,268.1451,1225526317.6617,5400037096.0
2023-07-25,295.19,298.3,291.86,294.47,19575584.0,294.8628,269669.0,0.003703129867433,0.11141724853746,0.0187191852728145,0.0065738771205121,290.9307,289.6452,14.1132,17.782,59.6699,42.3397,22.5119,0.0,86.6667,315.7138,290.9307,266.1475,1208912179.1511,5352780166.0
2023-07-24,295.78,297.52,288.3001,291.61,26578041.0,291.9009,334873.0,0.003422823969063,0.1021619170005294,0.0186886120065358,0.0051347549653418,289.9487,289.3542,7.951,30.4942,58.702,43.0959,12.5383,0.0,90.0,316.4631,289.9487,263.4343,1212622491.648,5333194582.0
2023-07-21,304.57,305.46,291.2,294.26,42139259.0,296.0847,470643.0,0.0038469371504835,0.1163125948406675,0.0185455750677813,0.0051347549653418,289.0496,289.24,31.2819,53.6035,59.9916,43.8986,43.0467,3.3333,93.3333,317.1416,289.0496,260.9576,1219658462.5306,5358143987.0
2023-07-20,313.5,315.54,302.22,302.52,23836876.0,306.7389,373288.0,0.003832509963392,0.115815874889348,0.0185699550613238,0.0051347549653418,288.0297,288.9356,52.2497,68.2542,64.244,44.6155,102.2131,6.6667,96.6667,317.5635,288.0297,258.4958,1243712709.9541,5400283246.0
2023-07-19,313.03,318.68,310.52,316.01,21763688.0,315.1179,327361.0,0.0052222981065778,0.1644128376137663,0.0164787224532145,0.0051347549653418,286.9852,288.0416,77.279,77.7228,72.3392,44.8809,160.1248,10.0,100.0,316.6992,286.9852,257.2711,1266475852.801,5424120122.0
2023-07-18,310.875,314.2,307.6188,312.05,20739580.0,310.9623,292646.0,0.0046501137169547,0.1446755438171743,0.0165074719304876,0.0041607250035637,285.5009,286.1576,75.2337,81.3593,71.3134,44.7353,156.724,13.3333,90.0,313.8126,285.5009,257.1892,1258954578.2716,5402356434.0
2023-07-17,307.54,311.71,304.71,310.62,25302726.0,308.2293,336095.0,0.0044966571891501,0.1394299548805981,0.0165285750765738,0.0025580984940084,284.1889,284.4162,80.6557,86.9634,70.9372,44.6702,158.2117,16.6667,93.3333,311.1945,284.1889,257.1834,1251757082.39,5381591854.0
2023-07-14,311.79,314.88,307.3612,308.87,23048608.0,311.3388,328630.0,0.0053012992880171,0.166779993955878,0.0171420919991839,0.0025580984940084,282.9245,282.6531,88.1885,88.4656,70.4793,44.6522,184.6698,0.0,96.6667,308.4951,282.9245,257.3539,1234320301.3442,5356268728.0
2023-07-13,313.62,316.24,310.2901,313.41,30280972.0,313.6521,401687.0,0.0060635036607127,0.1938518969983236,0.0167491902551298,0.005599847158734,281.4559,280.8888,92.046,81.358,73.3791,44.4913,222.3152,3.3333,100.0,306.0869,281.4559,256.8249,1248121858.8972,5379322836.0
2023-07-12,301.745,309.45,300.1004,309.34,36667427.0,306.5162,455957.0,0.0056859949066526,0.1805067928560524,0.0167126449119258,0.002774767790204,279.763,278.6905,85.1623,70.5763,72.3948,44.1637,189.9552,0.0,100.0,302.4587,279.763,257.0674,1246646463.717,5349041864.0
2023-07-11,293.9,300.18,291.9,298.29,27584868.0,296.7681,339164.0,0.005684574009247,0.1804582690252869,0.0167099803740697,0.002774767790204,278.1896,276.6206,66.8656,63.0706,69.4282,43.9445,132.8403,0.0,100.0,299.1176,278.1896,257.2616,1210832364.8615,5312364737.0
2023-07-10,295.55,298.13,287.05,294.1,37058306.0,292.593,420546.0,0.0056751497368768,0.1801292082982217,0.0167052277224646,0.002774767790204,276.6727,275.1684,59.7011,63.4077,68.1745,43.9064,112.3013,0.0,100.0,298.3156,276.6727,255.0299,1195840018.1224,5284778819.0
2023-07-07,292.18,296.2,288.66,290.53,25585975.0,291.9935,349869.0,0.0055992380620168,0.1774742644078788,0.016680161274013,0.002774767790204,275.1795,273.9045,62.645,67.4794,67.0621,43.9128,108.7766,3.3333,93.3333,298.1166,275.1795,252.2424,1185739288.5087,5247720513.0
2023-07-06,295.885,298.12,291.31,291.99,47704329.0,294.3938,542158.0,0.0055538185122428,0.1758617912371129,0.0167107883133397,0.002774767790204,273.7228,272.7992,67.877,65.4313,68.0018,43.9633,128.4627,6.6667,96.6667,298.2244,273.7228,249.2212,1198634076.9702,5273306488.0
2023-07-05,287.65,298.12,286.36,294.37,33865457.0,294.6773,422618.0,0.0061869964527565,0.1983797427129128,0.0165410181985769,0.005599847158734,272.2702,271.5171,71.9162,61.9471,69.5372,43.864,132.5032,0.0,100.0,297.5646,272.2702,246.9757,1236835158.9159,5321040317.0
2023-07-03,286.7,289.4,284.8499,286.02,8629269.0,286.6523,138918.0,0.005050478956833,0.158679359935183,0.0160862856779721,0.002774767790204,270.6492,269.9828,56.5009,57.1802,67.011,43.7613,99.2851,0.0,83.3333,296.4537,270.6492,244.8446,1224567569.9006,5287174860.0
2023-06-30,284.76,289.05,284.415,286.98,19694872.0,287.1507,259034.0,0.0057620221008255,0.1834958863434843,0.0161710653419127,0.005599847158734,269.3462,268.9173,57.4241,55.8119,67.6344,43.847,103.3986,0.0,86.6667,295.968,269.3462,242.7243,1228758647.3633,5295804129.0
2023-06-29,284.5,286.57,280.69,281.53,15395690.0,282.8196,216273.0,0.0056282814540067,0.1788376182899249,0.0160743665390695,0.005599847158734,267.8661,267.7123,57.6155,57.461,65.8933,43.9439,84.8814,0.0,90.0,295.453,267.8661,240.2791,1226655311.5187,5276109257.0
2023-06-28,284.82,289.55,284.06,285.29,16722117.0,286.1356,248379.0,0.0060620184390808,0.1943816461525576,0.0157329476581027,0.005599847158734,266.4453,266.7993,52.3959,59.5353,68.3452,44.1026,107.0316,0.0,93.3333,295.5394,266.4453,237.3513,1237652232.9472,5291504947.0
2023-06-27,282.01,289.345,280.655,287.05,26108265.0,285.5897,327214.0,0.0069863541063801,0.227706257217398,0.0158038486935983,0.0079311270126629,264.9008,265.5646,62.3715,69.0861,69.5157,44.0783,108.8444,0.0,96.6667,294.8605,264.9008,234.9412,1246881379.4882,5308227064.0
2023-06-26,288.7,289.79,277.6,278.47,24232651.0,282.4339,321385.0,0.0056794034021057,0.1810085245345423,0.0153954951605722,0.005599847158734,263.1298,264.1236,63.8384,74.0862,66.8395,44.0574,94.306,3.3333,100.0,294.0486,263.1298,232.2111,1234563328.1648,5282118804.0
2023-06-23,281.51,289.67,278.95,288.73,51092038.0,287.173,344834.0,0.007251464670171,0.2387592243006682,0.0133831342649796,0.0079311270126629,261.7101,263.1737,81.0485,77.2261,74.3885,44.0359,116.4172,0.0,100.0,293.6797,261.7101,229.7404,1255337011.7539,5306351455.0
2023-06-22,279.08,285.26,277.79,284.88,17563061.0,281.9525,225260.0,0.0067595605336,0.2207224578994726,0.0134150592487854,0.005599847158734,259.8589,261.4521,77.3718,77.0848,73.2944,43.9416,106.7454,3.3333,90.0,291.9248,259.8589,227.793,1213205144.5971,5255259417.0
2023-06-21,283.53,284.0,278.36,281.64,20556170.0,281.1046,232811.0,0.0063903818691397,0.2073562824195141,0.0134317974026002,0.002774767790204,258.1454,259.8768,73.2582,78.6074,72.3329,43.9317,106.1699,0.0,93.3333,290.2989,258.1454,225.992,1197428954.5958,5237696356.0
2023-06-20,278.73,284.8,276.22,284.33,20688389.0,281.869,256050.0,0.006775909522364,0.2214537331385857,0.0131339761697363,0.002911373005388,256.5364,258.4158,80.6244,81.9777,74.4851,43.9473,114.2177,0.0,96.6667,288.7729,256.5364,224.2999,1194075820.4823,5258252526.0
2023-06-16,284.75,287.85,280.13,281.0,42957731.0,282.9099,372248.0,0.0062752619468809,0.2033230558410406,0.0132169938029593,0.0019683866226026,254.8216,256.669,81.9395,80.5022,73.5431,43.9633,127.4516,3.3333,100.0,286.5554,254.8216,223.0878,1175642237.7364,5237550937.0
2023-06-15,272.3,283.99,271.42,281.83,25948455.0,279.4515,329383.0,0.0058798214691726,0.1890056111040789,0.0136570826541575,0.0019683866226026,253.2422,255.0308,83.3692,72.8536,74.2032,43.7803,119.8553,6.6667,100.0,284.434,253.2422,222.0504,1209049469.7804,5280678668.0
2023-06-14,271.89,274.99,268.315,273.35,19175041.0,272.5225,242319.0,0.0045378186586345,0.1425764922253793,0.0130866724021125,0.0016151121112231,251.7519,253.2226,76.198,60.1006,71.694,43.6611,97.4384,10.0,80.0,281.6959,251.7519,221.808,1192002452.7757,5254705213.0
2023-06-13,274.88,275.72,269.0923,271.32,16164024.0,272.0187,237409.0,0.0037483543106434,0.1157167530224512,0.0135899522224133,0.0011972844955049,250.6173,251.8733,58.9936,42.7396,71.0422,43.7181,104.9848,13.3333,83.3333,279.8583,250.6173,221.3763,1182249741.3045,5235530147.0
2023-06-12,267.17,271.75,265.33,271.05,15471689.0,269.2851,215019.0,0.0041118434026024,0.1278711717709717,0.0136571445359429,0.0016151121112231,249.6812,250.5706,45.1102,35.0699,70.9563,43.7363,101.1391,16.6667,86.6667,278.0682,249.6812,221.2942,1187547674.1221,5219366123.0
2023-06-09,262.48,267.949,261.7,264.95,16949794.0,265.0749,239879.0,0.003590322969273,0.110622065727699,0.0132166482123683,0.0016151121112231,248.659,249.1967,24.1148,36.8461,68.9422,43.8393,86.5308,20.0,90.0,276.1698,248.659,221.1482,1175449863.524,5203894421.0
2023-06-08,260.62,267.65,258.88,264.58,20899359.0,264.3179,264912.0,0.0081855420196603,0.2635148042024831,0.0276929694434855,0.0019683866226026,247.7811,248.1479,35.9847,54.7417,68.8154,44.0306,87.878,0.0,93.3333,274.9041,247.7811,220.6581,1174769050.8669,5186944627.0
2023-06-07,271.67,274.25,262.8,263.6,26160827.0,267.6766,331859.0,0.0083587340410842,0.2700554083353401,0.0276807307525139,0.0019683866226026,245.9456,247.0521,50.4389,71.4005,68.486,44.2352,112.4427,0.0,96.6667,275.7415,245.9456,216.1496,1168501626.2181,5166045268.0
2023-06-06,270.14,276.57,269.69,271.12,19419010.0,273.4327,263796.0,0.008462453313233,0.2741200244372381,0.0275508116726435,0.0019683866226026,244.0811,245.9483,77.8015,84.1115,74.3085,44.248,151.3428,3.3333,100.0,276.2651,244.0811,211.8971,1191009200.5369,5192208895.0
2023-06-05,270.3,275.57,269.56,271.39,20742946.0,272.5153,277380.0,0.008479958382229,0.2747897975480289,0.0275449633823544,0.0019683866226026,242.1408,244.2508,85.9612,86.1723,74.5284,43.8827,164.1479,6.6667,100.0,274.7211,242.1408,209.5604,1202355773.2404,5211627905.0
2023-06-02,272.66,275.35,271.12,272.61,19416930.0,273.216,270948.0,0.008600973878997,0.2794386821232457,0.0274957113324985,0.0019683866226026,240.1948,242.4176,88.5719,85.9618,75.5044,43.5216,185.363,10.0,100.0,272.6616,240.1948,207.7279,1210466575.7529,5232370851.0
2023-06-01,265.9,274.0,265.89,272.61,25609508.0,271.0201,340902.0,0.0081945451971859,0.2638386648122388,0.0277091293721134,0.0019683866226026,238.2142,240.374,83.9837,84.0575,75.5044,43.0597,190.8226,13.3333,100.0,269.9065,238.2142,206.5218,1216204439.228,5232370851.0
2023-05-31,260.0,265.0,258.45,264.72,25473690.0,263.4503,258027.0,0.0068660111905525,0.2149249621368576,0.0275963815234537,0.0011302345970518,236.3211,238.1895,85.3299,82.6436,73.3992,42.6029,156.7165,16.6667,96.6667,266.4492,236.3211,206.193,1199373529.5314,5206761343.0
2023-05-30,265.25,268.65,261.29,262.52,23776483.0,264.5721,336172.0,0.0064389321604324,0.1994882573334551,0.0276686884000767,0.0001306128374938,234.7633,236.3974,82.8589,76.0359,72.7683,42.2806,176.4145,20.0,100.0,263.7817,234.7633,205.7448,1176180580.5817,5181400105.0
2023-05-26,252.93,262.3107,252.71,262.04,25768663.0,259.2104,323959.0,0.0059820686054293,0.1830782428100583,0.0278535276267166,-0.000318594130676,233.311,234.6331,79.7419,69.6865,72.6315,41.7827,157.4688,23.3333,100.0,261.0693,233.311,205.5526,1192036663.0138,5157583622.0
2023-05-25,253.4,255.62,249.17,252.69,22364823.0,252.8637,280067.0,0.0049211261883602,0.1467665078284543,0.0272514392632812,-0.000318594130676,231.9621,232.7801,65.5069,65.7525,69.7701,41.376,125.3392,26.6667,100.0,257.9887,231.9621,205.9355,1167721139.2795,5131814959.0
2023-05-24,245.28,249.5892,244.952,249.21,17717345.0,247.5062,215114.0,0.0054447518735629,0.1645327102803739,0.0275692322784651,-0.000318594130676,230.8863,231.4429,63.8105,71.3127,68.5885,41.0835,102.3794,30.0,93.3333,256.1393,230.8863,205.6333,1165674759.9539,5109443524.0
2023-05-23,246.81,251.61,246.65,246.74,17748115.0,248.5781,233824.0,0.0051344481677477,0.1537993920972646,0.027568485112297,-0.000318594130676,229.715,230.2529,67.9401,79.4531,67.7229,40.9106,108.7642,33.3333,96.6667,254.814,229.715,204.6161,1150849183.6936,5091719186.0
2023-05-22,245.41,253.57,245.12,248.32,27738479.0,250.055,321435.0,0.0052068427696783,0.1563213038416753,0.0275410364451188,-0.000318594130676,228.621,229.1509,82.1874,87.0814,68.8969,40.6268,118.007,36.6667,100.0,253.6057,228.621,203.6362,1167953213.8751,5109467301.0
2023-05-19,247.47,248.69,243.41,245.64,21733581.0,245.443,262469.0,0.0046349300023472,0.1366959740860707,0.0275947531065707,-0.0006572594703781,227.5043,227.8641,88.2318,88.5041,67.987,40.3331,106.6928,40.0,100.0,251.9475,227.5043,203.061,1174682667.3603,5081728822.0
2023-05-18,241.3,247.0881,241.19,246.85,22943297.0,244.1261,279543.0,0.0055265233241511,0.167249858142614,0.0277041137331538,-0.000318594130676,226.5216,226.673,90.825,82.9718,68.8663,40.1333,108.4905,43.3333,100.0,250.4148,226.5216,202.6284,1178057958.3489,5103462403.0
2023-05-17,238.45,243.8423,238.14,242.485,21193080.0,241.5261,249594.0,0.0044235055825218,0.1293079359165425,0.0278438741063224,-0.0006572594703781,225.345,225.3165,86.4557,75.0309,67.3958,39.9622,94.9272,46.6667,63.3333,248.6882,225.345,202.0019,1156967054.1587,5080519106.0
2023-05-16,235.79,239.635,235.52,238.82,17113772.0,238.0527,221864.0,0.0041700938496127,0.120852302060356,0.0277778276968136,-0.0006572594703781,224.4214,224.1669,71.6348,63.359,66.0961,39.8591,80.8875,50.0,66.6667,247.2446,224.4214,201.5983,1145863014.5403,5059326026.0
2023-05-15,236.92,240.255,235.33,238.86,20653229.0,238.2714,246663.0,0.0043533991750119,0.1270170803057477,0.0277667416483693,-0.0006572594703781,223.5649,223.1902,67.0022,54.9602,66.1239,39.8535,88.1908,0.0,70.0,246.1637,223.5649,200.9661,1134894126.7104,5077489798.0
2023-05-12,236.74,236.9599,231.45,233.81,16161447.0,233.7782,211733.0,0.0042909984697201,0.1249518860662055,0.0277299949737807,-0.0006572594703781,222.6694,222.1434,51.4399,42.7324,64.2903,39.8477,70.0592,0.0,73.3333,244.978,222.6694,200.3608,1125940899.5195,5056836569.0
2023-05-11,233.05,238.21,232.3,235.79,20398991.0,236.5484,227954.0,0.004975096530962,0.1482347212076953,0.0276616024729248,-2.05191814848793e-05,221.8055,221.3719,46.4384,33.5542,65.6368,39.9225,84.9786,0.0,76.6667,244.4014,221.8055,199.2096,1128257806.7203,5072998016.0
2023-05-10,236.17,236.75,230.72,233.08,19098007.0,233.5231,228572.0,0.0053632288574834,0.1614510663743276,0.0278333715675948,-2.05191814848793e-05,220.7929,220.411,30.3189,23.4596,64.6574,39.9531,80.9366,0.0,80.0,243.5998,220.7929,197.986,1124555535.9301,5052549025.0
2023-05-09,231.46,235.88,231.08,233.37,16865587.0,233.7876,192449.0,0.0050496913456823,0.1505127193847371,0.027958716516856,-2.05191814848793e-05,219.7151,219.5704,23.9055,20.1243,64.8486,40.0198,88.8262,3.3333,83.3333,243.2331,219.7151,196.1972,1128709084.7145,5071668032.0
2023-05-08,231.415,235.62,230.27,233.27,16400526.0,232.8964,200705.0,0.0045224816680072,0.1323236736080777,0.0281890556093399,-0.0006572594703781,218.6996,218.6518,16.1546,26.1263,64.8139,40.1094,95.5071,6.6667,86.6667,242.4839,218.6996,194.9152,1129482090.7853,5054802445.0
2023-05-05,232.24,234.68,229.85,232.78,27000377.0,231.9033,313323.0,0.0047346075519862,0.1395143920109656,0.0281940092243179,-0.0006572594703781,217.7928,217.6767,20.3127,44.873,64.6487,40.2081,100.79,10.0,90.0,241.433,217.7928,194.1525,1127489503.5143,5038401919.0
2023-05-04,236.06,238.2,232.9264,233.52,17889391.0,235.613,234868.0,0.0055859457568769,0.1687102747610234,0.0283277880684832,0.0001158500418431,216.8447,216.6681,41.9117,68.9983,65.0949,40.3316,128.9759,13.3333,93.3333,240.3624,216.8447,193.327,1121731637.1789,5065402399.0
2023-05-03,239.47,241.75,232.75,237.03,34413859.0,237.9918,380619.0,0.0056920722983252,0.1724871388998821,0.0282570604968302,0.0001158500418431,215.7234,215.5391,72.3947,86.6702,67.2222,40.3074,162.9258,16.6667,96.6667,239.2534,215.7234,192.1933,1135593744.1613,5083291790.0
2023-05-02,243.18,244.92,238.99,239.24,24350149.0,240.7257,266262.0,0.0067330184629859,0.2094434052879028,0.0282631036175136,0.0029375068539068,214.5634,214.0906,92.6885,85.939,68.5864,40.2824,220.6612,0.0,100.0,237.2911,214.5634,191.8358,1137278643.9346,5117755649.0
2023-05-01,238.615,244.0,236.46,243.18,29143912.0,240.3948,314425.0,0.0076479804318107,0.243187976074843,0.0279483668804615,0.0052526425623754,213.1853,212.3901,94.9274,68.2284,71.072,39.9398,253.8696,3.3333,100.0,234.87,213.1853,191.5006,1159575660.6412,5142105798.0
2023-04-28,239.01,240.43,235.75,240.32,39515086.0,238.4755,451289.0,0.0057353223329966,0.1726931147221009,0.0295115639176546,0.0029375068539068,211.6029,210.3011,70.201,42.9496,70.3172,39.6014,264.5493,6.6667,96.6667,231.2831,211.6029,191.9226,1136770742.7632,5112961886.0
2023-04-27,239.89,241.685,236.77,238.56,71196531.0,239.3858,856607.0,0.0066996847117925,0.2063716814159291,0.0300178239305041,0.0029375068539068,210.4256,208.2649,39.5569,26.5174,69.8491,39.3145,300.5053,0.0,100.0,227.2267,210.4256,193.6245,1099076084.5239,5073407850.0
2023-04-26,212.5,214.11,208.88,209.4,41954726.0,216.7858,509867.0,0.0026986783070136,0.0792701783321307,0.017452616515895,0.0029375068539068,209.0681,206.2095,19.0908,20.1993,59.6631,38.9659,17.8958,0.0,73.3333,223.0622,209.0681,195.074,1118414308.1017,5002211319.0
2023-04-25,210.815,211.26,207.13,207.55,19198175.0,209.1913,226883.0,0.0048191030665195,0.1473189607517966,0.0214788231365353,0.0029375068539068,208.5565,206.0191,20.9044,20.7716,58.8097,39.2358,1.0732,0.0,76.6667,223.6098,208.5565,193.5032,1146602855.1629,4967026092.0
2023-04-24,213.675,213.92,210.71,212.79,15695920.0,212.5049,168363.0,0.0058980536851624,0.1853935713887811,0.0207740657204698,0.0052526425623754,207.67,205.943,20.6025,23.702,62.4259,39.604,42.7906,3.3333,80.0,225.7788,207.67,189.5611,1161896316.6036,4986224267.0
2023-04-21,210.21,213.41,209.58,212.89,17717166.0,211.9607,204177.0,0.0055137625930331,0.1717210633496615,0.0209937771340444,0.0052526425623754,206.5629,205.501,20.808,33.6964,62.4968,39.7735,43.3615,6.6667,83.3333,227.2662,206.5629,185.8596,1157234829.3762,5001975187.0
2023-04-20,213.48,216.75,212.77,213.07,16475443.0,214.44,200685.0,0.004950835509825,0.15191652700438,0.0213795978576494,0.0052526425623754,205.5251,205.0216,29.6955,50.7791,62.6206,39.9638,64.3598,10.0,86.6667,227.9901,205.5251,183.06,1144328590.9584,5019692353.0
2023-04-19,213.472,217.33,212.93,215.7,15898078.0,215.4893,211081.0,0.0054403671851505,0.1690423283290885,0.0211483341356916,0.0052526425623754,204.5903,204.4967,50.5858,69.1104,64.4222,39.9679,76.4574,13.3333,90.0,228.1039,204.5903,181.0767,1158320298.8328,5036167796.0
2023-04-18,219.91,220.44,216.21,217.89,12280984.0,217.9734,179976.0,0.0057050903482889,0.1784207679826939,0.0210019639942514,0.0052526425623754,203.5528,203.7547,72.0561,80.3285,65.9494,39.9624,100.3427,16.6667,93.3333,227.8269,203.5528,179.2787,1154201251.351,5052065874.0
2023-04-17,219.79,220.979,217.13,218.86,15481874.0,219.0231,207208.0,0.0057898476246659,0.181430499325236,0.0209659826312552,0.0052526425623754,202.4554,202.8108,84.6893,80.8501,66.6257,39.7551,111.5823,20.0,96.6667,227.0926,202.4554,177.8181,1156727127.4928,5064346858.0
2023-04-14,217.88,222.11,217.55,221.49,21579807.0,220.1715,245329.0,0.0082330553021624,0.2690654901736093,0.0229427018537683,0.0065374994295623,201.3374,201.735,84.2402,75.0875,68.4658,39.4829,126.2647,0.0,100.0,226.0212,201.3374,176.6535,1158284716.6422,5079758582.0
2023-04-13,215.73,221.15,215.69,220.35,23290357.0,219.2075,261108.0,0.0082739572473777,0.2706146926536739,0.0229383043855578,0.0070719735198885,199.7752,200.404,73.6206,72.4973,68.0966,39.1755,121.8635,3.3333,100.0,225.1958,199.7752,174.3547,1142564802.7738,5058167375.0
2023-04-12,214.835,216.84,212.584,214.0,18972172.0,214.9023,223608.0,0.0069952375652935,0.2232765519606725,0.02277845283251,0.0058661717406045,198.2141,199.0596,67.4015,73.6475,65.95,38.8777,98.5527,6.6667,90.0,224.245,198.2141,172.1832,1126085319.6199,5034857018.0
2023-04-11,215.48,216.02,213.41,213.85,16710101.0,214.7228,202172.0,0.0080335530456913,0.2613542526837327,0.0231744010070967,0.0070719735198885,196.9148,198.0596,76.4698,78.4225,65.8976,38.6629,102.7791,0.0,93.3333,223.6343,196.9148,170.1953,1132433151.6049,5015884846.0
2023-04-10,214.71,215.66,210.66,214.75,16106074.0,213.3652,210349.0,0.0080069651792789,0.2603439168965318,0.0231888638759548,0.0070719735198885,195.4408,197.001,77.0713,80.7959,66.4911,38.3922,102.6019,0.0,96.6667,223.2157,195.4408,167.666,1143509195.5628,5032594947.0
2023-04-06,209.25,216.94,208.65,216.1,26104411.0,214.0167,289176.0,0.0078955090119982,0.2561032318065568,0.0232650181256423,0.0070719735198885,193.9652,195.8074,81.7266,86.7307,67.3708,38.1196,107.9548,3.3333,100.0,222.2724,193.9652,165.658,1133265732.4988,5048701021.0
2023-04-05,214.15,215.19,209.94,211.48,19396630.0,211.9432,238379.0,0.0073465192331873,0.2358578775128572,0.0231232345679202,0.005888494958476,192.4996,194.4385,83.5899,92.0736,65.8773,37.8377,104.8715,6.6667,96.6667,220.7158,192.4996,164.2833,1112451479.5784,5022596610.0
2023-04-04,213.39,216.24,212.54,214.72,20994867.0,214.2122,240302.0,0.0076635398405227,0.2477917247791727,0.0228773518439741,0.005888494958476,191.157,193.2932,94.8758,94.2752,67.9869,37.5812,123.6603,10.0,100.0,219.5481,191.157,162.7659,1120468753.3117,5041993240.0
2023-04-03,208.84,213.4861,208.2,213.07,17924613.0,211.1485,223355.0,0.0072511591340947,0.2324733919481718,0.0229834418445909,0.0053540208681499,189.7386,191.846,97.7551,84.8779,67.4741,37.1756,117.181,13.3333,100.0,217.6146,189.7386,161.8626,1116718104.063,5020966873.0
2023-03-31,207.24,212.17,206.77,211.94,25190273.0,210.2614,279843.0,0.0071584896175838,0.2290651820923217,0.0229965952196938,0.0039639781204869,188.4017,190.4125,90.1947,69.1539,67.1255,36.8075,119.3711,16.6667,100.0,215.5964,188.4017,161.207,1101615394.345,5003042260.0
2023-03-30,203.38,208.09,202.82,207.84,22558303.0,206.6721,258401.0,0.0056128464231877,0.1731767893429674,0.0236489489812381,0.0025223509801914,187.0877,188.9579,66.6839,57.3077,65.8415,36.4516,107.2349,20.0,100.0,213.4881,187.0877,160.6873,1078342255.7116,4977601987.0
2023-03-29,203.56,205.72,202.5355,205.35,18851137.0,204.3752,205245.0,0.0047777840735999,0.1441386226877643,0.0238457156869397,0.0003018755369932,186.0672,187.6852,50.5832,58.5055,65.0399,36.1622,107.3979,23.3333,86.6667,211.5987,186.0672,160.5356,1057878952.9963,4954993684.0
2023-03-28,200.15,201.03,197.9,200.68,19127295.0,199.5885,220760.0,0.0040113767799462,0.1184305857437437,0.0236073229102858,-0.000805339264847,185.2066,186.496,54.6561,64.5917,63.4864,35.9102,88.5708,26.6667,90.0,209.8626,185.2066,160.5506,1043408359.686,4936142547.0
2023-03-27,204.81,205.86,201.36,202.84,18527184.0,203.3286,231616.0,0.0053769593801216,0.1647430376112548,0.0239028455322289,0.0013858750035902,184.4997,185.5463,70.2773,68.0993,64.7733,35.7469,118.7892,30.0,93.3333,208.5977,184.4997,160.4017,1028558734.4943,4955269842.0
2023-03-24,205.18,207.58,203.55,206.01,27733042.0,205.4877,297286.0,0.0051835695128687,0.1578799460431661,0.0240927774627064,0.0013858750035902,183.5454,184.3824,68.8417,64.6081,66.6912,35.3988,147.7598,33.3333,96.6667,206.9874,183.5454,160.1034,1034899148.5743,4973797026.0
2023-03-23,202.84,207.88,202.15,204.28,27389669.0,205.2498,302618.0,0.0038999870055084,0.1136673390394154,0.0248959477801283,-0.000805339264847,182.611,182.9201,65.1788,64.0683,66.1627,34.9223,160.1733,36.6667,100.0,204.6574,182.611,160.5645,1028774481.7307,4946063984.0
2023-03-22,202.5,207.37,199.67,199.81,28477759.0,203.3685,295935.0,0.0017295838742297,0.0427408412483036,0.0260045548495969,-0.0019992934868685,181.9174,181.476,59.8037,67.1316,64.7662,34.4293,159.3234,40.0,100.0,202.5074,181.9174,161.3274,1035801150.7411,4918674315.0
2023-03-21,203.2,203.55,197.95,202.16,31816202.0,200.6503,335799.0,0.0031131601865999,0.0865312264860795,0.0263590293017571,-0.000805339264847,181.6449,180.2399,67.2225,76.5727,66.1537,33.9283,163.2668,43.3333,90.0,201.5058,181.6449,161.784,1063243354.8684,4947152074.0
2023-03-20,198.48,199.36,193.64,197.81,24767015.0,196.6546,280102.0,0.0022961434807189,0.0604728461909611,0.0261401932930138,-0.0019992934868685,181.1094,178.7568,74.3686,87.015,64.8045,33.4769,140.0423,46.6667,93.3333,199.5921,181.1094,162.6266,1047216211.1827,4915325122.0
2023-03-17,200.56,201.9,195.4304,195.61,50141098.0,197.7534,417879.0,0.001525704777956,0.0362345711712663,0.0262055611098546,-0.0023144750834582,180.7342,177.4709,88.1271,88.6095,64.105,33.0867,155.609,50.0,96.6667,198.3135,180.7342,163.1548,1035679822.1442,4890138807.0
2023-03-16,198.26,205.76,196.0886,204.93,50819659.0,200.5713,503317.0,0.0108024672104322,0.3383620689655171,0.0480657968652468,-0.0019992934868685,180.5066,176.2476,98.5494,75.2036,69.7849,32.5948,212.5907,0.0,100.0,197.4976,180.5066,163.5156,1083037025.8692,4940279905.0
2023-03-15,192.95,197.78,190.8351,197.75,42123552.0,194.4848,441147.0,0.010520783466677,0.3274484795596428,0.0479400938842714,-0.0019992934868685,178.7832,174.2986,79.1519,51.2569,67.6504,32.0539,157.3117,3.3333,100.0,196.1705,178.7832,161.3959,1040940057.8902,4889460246.0
2023-03-14,187.58,194.32,186.56,194.02,41642627.0,191.5222,444588.0,0.0103128859304621,0.3193254453964365,0.0479154142777198,-0.0019992934868685,177.1605,172.7093,47.9094,37.3762,66.4605,31.6369,125.6501,0.0,10.0,196.3129,177.1605,158.0081,999180429.5061,4847336694.0
2023-03-13,177.96,183.78,174.82,180.9,24727969.0,180.9034,300957.0,0.0068672696727497,0.1921708185053383,0.0470261202537806,-0.0023144750834582,175.5984,171.2672,26.7092,40.9046,61.6665,31.2723,29.6717,3.3333,13.3333,196.6738,175.5984,154.523,960757593.2535,4805694067.0
2023-03-10,181.01,184.77,178.8,179.51,25665032.0,181.3559,283822.0,0.0076139118388364,0.2186693822131702,0.0472115548514509,-0.0023144750834582,174.6284,170.6285,37.5099,55.8363,61.097,31.1216,43.7673,0.0,16.6667,197.3234,174.6284,151.9334,951926175.7535,4780966098.0
2023-03-09,186.35,188.93,180.3,181.69,26529500.0,184.2267,274791.0,0.0093801737790637,0.2840282685512363,0.0474354350613532,-0.0019992934868685,173.5569,170.0414,58.4948,69.4645,62.5048,30.7633,66.2165,0.0,20.0,198.2461,173.5569,148.8677,971486627.2778,4806631130.0
2023-03-08,182.87,185.26,181.34,184.97,19432405.0,183.4331,217708.0,0.0095893501380667,0.292231381863909,0.0473291314347785,-0.0019992934868685,172.22,169.2639,71.5042,75.9114,64.6721,30.3144,69.8656,3.3333,23.3333,199.3106,172.22,145.1295,989506220.2673,4833213880.0
2023-03-07,189.0,190.36,184.01,184.51,36701495.0,186.3391,358005.0,0.0094760012219353,0.287848118936274,0.0473500578725303,-0.0019992934868685,170.8286,168.2069,78.3947,76.0926,64.5053,29.9263,86.1107,0.0,26.6667,199.4782,170.8286,142.1789,972949018.0479,4813781475.0
2023-03-06,188.0,189.66,184.64,184.9,33181394.0,186.9669,313787.0,0.0104790783852484,0.3266843653583979,0.0474127085523018,-0.0013983582049765,169.4567,167.1087,77.8355,71.9116,64.7559,29.3859,87.6211,0.0,30.0,199.3419,169.4567,139.5716,1003870750.0558,4850482970.0
2023-03-03,178.92,186.62,177.05,185.25,45812692.0,183.4706,424647.0,0.011330402529767,0.3606316562614764,0.0474122737188995,-0.0003143587383795,167.9422,165.908,72.0477,62.4135,64.975,28.8404,71.474,0.0,33.3333,199.1944,167.9422,136.69,1033640127.1475,4883692364.0
2023-03-02,172.38,175.01,171.43,174.53,17360708.0,173.3187,192218.0,0.0100673422335617,0.3120583370921661,0.0465580319162316,-0.0003143587383795,166.3089,164.6003,65.8516,51.4501,61.0769,28.3356,31.1724,3.3333,36.6667,198.9429,166.3089,133.6749,1000897740.9029,4837814672.0
2023-03-01,174.59,177.85,173.05,173.42,30998380.0,175.4683,304332.0,0.0092777462377789,0.2811761229314418,0.0468136854644826,-0.0017135398015662,164.9281,163.9403,49.3411,37.7356,60.6384,28.0699,38.9465,6.6667,40.0,199.559,164.9281,130.2971,988192418.2884,4820453964.0
2023-02-28,171.9,177.55,171.87,174.94,46050817.0,175.2962,405129.0,0.0091731512126201,0.2771207475543873,0.0468571959320096,-0.0017135398015662,163.662,163.3111,39.1576,29.4064,61.5563,27.7102,41.9714,10.0,43.3333,199.7569,163.662,127.5671,1014411881.3717,4851452344.0
2023-02-27,171.875,173.12,169.06,169.54,19277002.0,170.301,208265.0,0.0081772876425044,0.2401433691756271,0.0466817900766653,-0.0017135398015662,162.3993,162.5339,24.7082,23.8254,59.4482,27.345,29.1667,0.0,46.6667,199.5141,162.3993,125.2845,1010682389.502,4805401227.0
2023-02-24,168.64,170.72,167.66,170.39,19791334.0,169.3909,219784.0,0.0093017587997296,0.2821882760177585,0.046757340907696,-0.0003143587383795,161.3072,162.0748,24.3535,22.6912,59.9484,27.0706,28.6895,0.0,50.0,199.4715,161.3072,123.1429,1025401282.6547,4824678229.0
2023-02-23,172.0,173.69,169.38,172.04,20017779.0,171.7911,211272.0,0.0095963873531652,0.2936311000827127,0.0466651232934085,-0.0002366380170286,160.0598,161.5255,22.4146,20.5492,60.9101,26.8449,39.304,0.0,53.3333,199.4282,160.0598,120.6913,1009878667.7528,4844469563.0
2023-02-22,171.07,172.755,169.69,171.12,22433158.0,171.3108,220309.0,0.0103234347338152,0.321696145825288,0.0467635192013967,-0.0002366380170286,158.7608,160.8248,21.3055,19.9967,60.5692,26.5267,41.1221,3.3333,56.6667,199.0695,158.7608,118.4521,1005187726.5022,4824451784.0
2023-02-21,174.31,178.17,171.88,172.08,34559482.0,173.8489,333935.0,0.0103683908043006,0.3234886940470693,0.0467488559697243,-0.0002366380170286,157.3753,160.139,17.9276,20.7176,61.1068,26.2189,54.3903,0.0,60.0,198.7803,157.3753,115.9703,1006688149.7942,4846884942.0
2023-02-17,170.22,173.18,169.7,172.88,24171260.0,171.7157,244920.0,0.0113314214315297,0.3619032613833308,0.046727593201603,0.0011268218717769,155.9762,159.3399,20.757,25.1279,61.5469,25.7949,52.0351,0.0,63.3333,198.1759,155.9762,113.7764,1039080885.5621,4881477524.0
2023-02-16,172.75,175.85,171.79,172.44,25827473.0,173.8899,296821.0,0.0111338346528072,0.3538509853183635,0.0467768071847434,-0.0002366380170286,154.448,158.4307,23.4683,25.8473,61.3991,25.4675,61.6188,3.3333,66.6667,197.4528,154.448,111.4432,1019077084.1828,4857306264.0
2023-02-15,176.415,178.19,175.33,177.16,25323291.0,176.7111,267643.0,0.0127247158992415,0.4202340869007535,0.046273861874068,0.0011268218717769,152.9488,157.489,31.1585,22.1366,63.9479,25.0275,79.2163,0.0,70.0,196.5217,152.9488,109.3758,1036634676.6655,4883133737.0
2023-02-14,177.16,181.5064,175.88,179.48,24034631.0,179.4498,243815.0,0.0143743593203401,0.4914409174006979,0.0462121070621871,0.0074814398193175,151.205,156.1575,22.9149,14.6932,65.2345,24.3969,94.4579,0.0,73.3333,195.0075,151.205,107.4026,1029547133.7285,4908471703.0
2023-02-13,178.215,181.0,175.82,179.43,31463223.0,179.0958,300170.0,0.0143872448251179,0.4920172958589726,0.0462082286371284,0.0074814398193175,149.2377,154.5745,12.3365,19.445,65.22,23.717,103.5811,0.0,76.6667,193.1514,149.2377,105.3241,1022825092.0426,4884437072.0
2023-02-10,176.3534,178.89,173.35,174.15,33409567.0,175.6674,333026.0,0.0147143373038057,0.5062272963155157,0.0463543439310207,0.0074814398193175,147.2695,152.8858,8.8282,36.0019,63.6645,23.0232,102.2985,0.0,80.0,190.9525,147.2695,103.5865,1010434170.2433,4852973849.0
2023-02-09,186.13,186.65,177.27,177.92,37118811.0,181.0152,374960.0,0.0150613043400329,0.5222450376454488,0.0461226803495447,0.0074814398193175,145.3225,151.444,37.1702,60.3498,65.6923,22.3452,132.0373,3.3333,83.3333,189.3091,145.3225,101.3359,1034211833.4166,4886407416.0
2023-02-08,190.0,190.83,182.92,183.43,36131074.0,185.5726,370852.0,0.0157350219945528,0.5539647577092508,0.0456036759916861,0.0074814398193175,143.292,149.6433,62.0072,74.6223,68.7878,21.4562,168.033,6.6667,86.6667,186.7605,143.292,99.8235,1066186246.3036,4923526227.0
2023-02-07,185.575,193.7799,184.4,191.62,47007162.0,189.5603,418649.0,0.0174215564113906,0.636099726775956,0.0443276404060052,0.0104215436768309,141.1168,147.3392,81.8718,82.5803,73.7833,20.2499,208.971,0.0,90.0,182.9075,141.1168,99.3261,1097665161.583,4959665301.0
2023-02-06,186.53,190.7,185.5156,186.06,42462811.0,187.63,401070.0,0.0156906590223598,0.5536072144288577,0.0448183610521271,0.0049150873993172,138.6386,144.3125,79.9878,82.6288,72.4714,18.9244,230.3657,3.3333,93.3333,176.9196,138.6386,100.3576,1072266931.5607,4912584639.0
2023-02-03,183.465,196.77,182.89,186.53,76671301.0,190.5943,731461.0,0.0165347481556061,0.593048082671449,0.0447057631553719,0.0104215436768309,136.4331,141.4597,85.8815,79.8738,72.7689,17.5957,279.2007,0.0,96.6667,171.0702,136.4331,101.7961,1105828519.4651,4955068450.0
2023-02-02,183.38,197.16,180.16,188.77,150457887.0,188.3075,1363514.0,0.0176902493039981,0.6489343116701611,0.0444037238727048,0.0170358752570095,134.1232,138.3779,82.0172,74.5426,74.172,16.2212,328.3603,3.3333,100.0,164.1232,134.1232,104.1232,1142351864.321,5031878151.0
2023-02-01,148.03,153.58,147.06,153.12,55661017.0,159.8726,582465.0,0.0085478892510087,0.2820899271539812,0.0214925859072787,0.0104215436768309,131.652,134.9294,71.7227,73.959,63.279,14.7992,134.4983,6.6667,100.0,154.7978,131.652,108.5061,1140404531.901,4881402464.0
2023-01-31,147.95,149.88,147.52,148.97,29842109.0,148.369,277702.0,0.0085606021741948,0.2825656478691341,0.0215041138100762,0.0104215436768309,130.5313,133.6966,69.8878,79.0711,61.4494,14.2333,128.7163,10.0,93.3333,152.7072,130.5313,108.3554,1092597523.4348,4825741447.0
2023-01-30,149.405,151.1233,146.95,147.06,28040100.0,148.3383,290553.0,0.0066363215901517,0.209474463360473,0.023511082844139,0.0049150873993172,129.4395,132.6644,80.2665,84.2965,60.5755,13.7744,135.4091,13.3333,96.6667,151.1574,129.4395,107.7217,1085769244.2568,4795899338.0
2023-01-27,148.237,153.19,147.39,151.74,35771865.0,150.9056,373164.0,0.0080638965520543,0.2629213483146069,0.0224692071577558,0.0099201049917111,128.5923,131.6924,87.0589,85.7747,64.0126,13.2996,166.1858,16.6667,100.0,149.5101,128.5923,107.6745,1112331180.214,4823939438.0
2023-01-26,144.4,147.51,143.3,147.3,25382084.0,145.7905,266225.0,0.0086399422999343,0.2841077499782061,0.0232362852072625,0.0099201049917111,127.5415,130.3314,85.5642,87.2009,62.0372,12.7822,147.4438,20.0,100.0,146.8721,127.5415,108.2108,1094445247.714,4788167573.0
2023-01-25,141.22,143.17,140.31,141.5,26622021.0,141.8509,240989.0,0.0069313799248719,0.220880069025021,0.0226724325202007,0.0049150873993172,126.4574,129.182,84.7012,87.8633,59.2097,12.4457,124.6528,23.3333,96.6667,144.9309,126.4574,107.9838,1071505319.3624,4762685489.0
2023-01-24,141.69,145.0,141.36,143.14,21970190.0,143.5741,242488.0,0.0074780350545794,0.2411341368247639,0.0224187593587704,0.0063987653154004,125.6058,128.3525,91.3373,82.2289,60.4402,12.2662,147.8534,26.6667,100.0,143.6307,125.6058,107.5809,1075973350.8589,4789307510.0
2023-01-23,139.29,143.76,138.66,143.27,27089093.0,142.237,257222.0,0.0079178892161736,0.257526551391205,0.022379337180365,0.0099201049917111,124.6807,127.353,87.5516,72.7478,60.5365,12.0197,152.1872,30.0,100.0,141.9023,124.6807,107.4591,1076456212.1776,4811277700.0
2023-01-20,135.89,139.94,134.61,139.37,28688630.0,138.1651,255699.0,0.0069296231900875,0.2212583245706274,0.0221246172554266,0.0063987653154004,123.7047,126.2756,67.7977,66.661,58.6228,11.8131,132.06,33.3333,100.0,139.96,123.7047,107.4494,1054264686.0678,4783807607.0
2023-01-19,132.49,137.45,132.14,136.15,28625232.0,135.5037,239619.0,0.0038787596464268,0.1120640365923384,0.0256397824143634,0.003458661457887,122.8648,125.3923,62.8942,73.2876,56.9568,11.7538,119.6618,36.6667,86.6667,138.4448,122.8648,107.2848,1031712085.7488,4755118977.0
2023-01-18,135.81,137.25,132.8,133.02,20215486.0,134.3035,207611.0,0.0028082934069873,0.0771722406672608,0.0254667797438256,0.0013201044434447,122.4084,124.6697,69.2909,82.85,55.2643,11.7988,124.0506,40.0,90.0,137.221,122.4084,107.5957,1017102974.8788,4726493745.0
2023-01-17,136.176,136.75,134.25,135.36,21147587.0,135.5244,219982.0,0.0042286616312995,0.1238791099302549,0.0254946406942071,0.003458661457887,122.0914,124.1127,87.6775,90.4553,56.8807,11.8103,151.4295,43.3333,93.3333,136.4041,122.0914,107.7786,1035319626.308,4746709231.0
2023-01-13,134.97,137.39,134.835,136.98,22423839.0,136.4689,219818.0,0.0052833370049611,0.159864521591871,0.0254630812796881,0.0063987653154004,121.595,123.3563,91.5817,89.232,58.0162,11.7454,184.9651,0.0,96.6667,135.0802,121.595,108.1099,1037688156.052,4767856818.0
2023-01-12,133.44,137.6781,131.76,136.71,30748732.0,135.472,293576.0,0.0078486023382683,0.2489493879042565,0.0286745863097454,0.0099201049917111,120.967,122.4361,92.1066,87.5789,57.8808,11.6474,198.4327,0.0,100.0,133.2845,120.967,108.6495,1022461009.0207,4745432979.0
2023-01-11,130.96,133.8494,130.34,132.89,25423046.0,132.5097,241805.0,0.0070987880068666,0.2216400073542928,0.0284112410712267,0.0070531701825612,120.0605,121.4711,84.0078,84.5473,55.9362,11.5461,180.6193,0.0,100.0,131.6757,120.0605,108.4454,1001766155.4273,4714675247.0
2023-01-10,127.27,133.44,127.15,132.99,28684431.0,131.6576,276106.0,0.0063369692640941,0.1936989498249703,0.0289135079687769,0.0070531701825612,119.2585,120.7025,86.6222,86.4607,56.0016,11.5898,182.9451,3.3333,100.0,130.6148,119.2585,107.9023,990243417.3617,4740098293.0
2023-01-09,131.16,132.95,129.28,129.47,26628145.0,130.865,275764.0,0.0051842148092533,0.1535103349964357,0.0287481423523931,0.0055967442411311,118.5407,119.8739,83.0119,86.1085,54.1778,11.6513,194.4851,6.6667,100.0,129.0978,118.5407,107.9835,965663276.9658,4711413862.0
2023-01-06,128.97,130.33,126.04,130.02,27584498.0,128.9406,267162.0,0.005564510453942,0.1667264895908109,0.0286965040970144,0.0067149500028178,117.9675,119.2305,89.748,87.3362,54.5192,11.6124,187.6837,0.0,100.0,128.0009,117.9675,107.9342,989553109.9495,4738063007.0
2023-01-05,126.125,128.52,124.54,126.94,25447099.0,126.56,255490.0,0.0052351274242512,0.1554705989441098,0.0285362477396205,0.0067149500028178,117.3495,118.5048,85.5657,86.4104,52.9133,11.6721,171.3707,3.3333,96.6667,126.6612,117.3495,108.0377,965955182.756,4710478509.0
2023-01-04,127.38,129.0498,125.85,127.37,32397094.0,127.4234,301929.0,0.0046961655961129,0.1367246764837124,0.028844817199106,0.0067149500028178,116.7813,117.9411,86.6948,79.747,53.1666,11.8046,205.6098,6.6667,100.0,125.8228,116.7813,107.7398,960712313.1128,4735925608.0
2023-01-03,122.82,126.37,122.28,124.74,35528531.0,124.2507,333901.0,0.0041728231182318,0.1192462987886937,0.0286847252911126,0.0058173645945228,116.2717,117.3089,86.9706,69.2173,51.8022,11.8815,171.5009,10.0,100.0,124.6248,116.2717,107.9186,962330244.1151,4703528514.0
2022-12-30,118.16,120.42,117.74,120.34,19583825.0,119.1785,206872.0,0.0024300468919457,0.0627925461450142,0.0282488292910795,0.005162959727362,115.8296,116.8141,65.5755,56.6392,49.419,12.064,78.4348,13.3333,40.0,123.7922,115.8296,107.867,955120297.7263,4667999983.0
2022-12-29,116.4,121.03,115.77,120.26,22360192.0,119.6071,230683.0,0.0013117560983565,0.0271609156132555,0.0289518596702298,0.005162959727362,115.5931,116.588,55.1059,53.6533,49.375,12.4618,73.4648,16.6667,43.3333,123.4561,115.5931,107.7301,936705656.3084,4648416158.0
2022-12-28,116.25,118.15,115.51,115.62,19612473.0,116.488,199776.0,0.0008086871819969,0.012257047802487,0.0283987934979969,0.005162959727362,115.4873,116.3518,49.2363,55.4005,46.7797,12.8733,16.9731,20.0,46.6667,123.1934,115.4873,107.7812,920887741.0537,4626049966.0
2022-12-27,117.93,118.6,116.0501,116.88,21392311.0,117.2744,215816.0,0.0015219497580451,0.0341532472128822,0.028367464988556,0.0058173645945228,115.4407,116.4187,56.6176,55.6407,47.4178,13.1752,35.8918,23.3333,50.0,123.1657,115.4407,107.7158,938865841.3037,4645662439.0
2022-12-23,116.03,118.175,115.535,118.04,17779225.0,117.3069,202559.0,0.0021921819670087,0.055153302940913,0.0283289091597537,0.0067149500028178,115.3123,116.4034,60.3475,49.1638,48.0005,13.5091,40.4072,0.0,53.3333,123.0812,115.3123,107.5434,946333309.0558,4667054750.0
2022-12-22,117.2,118.62,114.38,117.12,22418121.0,116.3403,226013.0,0.0053467871846985,0.1542327781610322,0.0335685969291741,0.0067149500028178,115.1071,116.3073,49.9569,40.3215,47.5059,13.8367,32.4355,0.0,56.6667,122.9277,115.1071,107.2864,930356793.4308,4649258125.0
2022-12-21,116.7,120.34,115.62,119.76,20392799.0,119.1541,213045.0,0.0078092429348014,0.2414222037939248,0.034173089179093,0.0087292699690973,114.5865,116.2679,37.1871,33.5787,48.7933,14.1756,73.6869,0.0,60.0,123.818,114.5865,105.355,923449607.1006,4672876246.0
2022-12-20,113.26,117.33,112.46,117.09,28742501.0,115.736,267692.0,0.0069629845053563,0.2106079404466501,0.0341055909089903,0.0067149500028178,113.8118,116.044,33.8206,39.1123,47.3997,14.5718,27.7028,0.0,63.3333,124.9611,113.8118,102.6624,908068597.6853,4652483447.0
2022-12-19,116.83,117.8,114.331,114.48,29769875.0,115.6207,265821.0,0.0083802118803454,0.2609318206850974,0.0355854540400137,0.0067149500028178,113.1342,115.9885,29.7284,47.1667,46.0114,14.8635,32.2631,0.0,66.6667,125.8268,113.1342,100.4415,882159033.1289,4623740946.0
2022-12-16,120.23,123.31,118.8214,119.43,67064001.0,120.2566,395640.0,0.0104666069041045,0.3432684737374869,0.0344186702022214,0.0087292699690973,112.3461,116.1088,53.7879,56.1958,48.3511,15.2315,100.1054,3.3333,70.0,127.3841,112.3461,97.3081,909371565.1626,4653510821.0
2022-12-15,118.33,118.625,114.01,116.15,34530970.0,116.1778,305279.0,0.0089251922964554,0.2828584051248064,0.0346230754116683,0.0067149500028178,111.3309,115.8967,57.9838,51.5158,46.6122,15.7366,53.4838,6.6667,73.3333,128.3651,111.3309,94.2967,958249427.4964,4586446820.0
2022-12-14,119.39,124.14,119.39,121.59,36922037.0,121.8685,345857.0,0.0087848903495396,0.2772058823529417,0.0348480560957186,0.0067149500028178,110.479,115.8957,56.8157,39.9939,49.2717,16.1179,110.0026,10.0,76.6667,129.0029,110.479,91.955,960756009.284,4620977790.0
2022-12-13,122.13,123.3,118.64,120.15,44701054.0,120.8091,403939.0,0.0091153167326192,0.2897166165736362,0.0349237468434417,0.0067149500028178,109.6011,115.5202,39.7479,27.1999,48.5201,16.6299,102.4214,13.3333,80.0,128.4758,109.6011,90.7264,963476580.4314,4584055753.0
2022-12-12,115.18,115.72,113.14,114.71,24747064.0,114.3243,213233.0,0.0055049488858846,0.156350806451613,0.0363463833657718,0.0058173645945228,108.7033,115.218,23.4181,20.6936,45.5754,17.1919,49.184,16.6667,83.3333,128.088,108.7033,89.3186,979208281.8391,4539354699.0
2022-12-09,115.3,117.54,113.87,115.9,26033353.0,116.1099,225861.0,0.0062760319311585,0.1833775781090463,0.0362488398986508,0.0067149500028178,108.1873,115.2693,18.4337,26.8893,46.1334,17.4852,61.755,20.0,86.6667,127.7533,108.1873,88.6214,973836826.0872,4564101763.0
2022-12-08,116.39,117.34,114.59,115.33,30619418.0,115.5962,251557.0,-0.0020744057254759,-0.1116160838083498,0.0579518480271744,0.0067149500028178,107.5899,115.2422,20.2289,44.4779,45.8263,17.8154,64.2507,23.3333,0.0,127.3005,107.5899,87.8794,971070338.9836,4538068410.0
2022-12-07,113.76,115.88,112.88,113.93,29461137.0,113.974,258992.0,-0.004348120817288,-0.171478437931787,0.0586773138249981,0.0058173645945228,108.0719,115.2525,42.0054,68.476,45.0828,18.183,45.8334,26.6667,0.0,129.1524,108.0719,86.9914,985210942.9327,4507448992.0
2022-12-06,119.91,120.55,113.74,114.12,43689183.0,115.4845,396026.0,-0.0022908763264982,-0.1202590194264572,0.0598063756972257,0.0067149500028178,108.8563,115.3599,71.1994,86.6904,45.1641,18.5031,52.2557,30.0,3.3333,132.3307,108.8563,85.3819,994049284.0327,4536910129.0
2022-12-05,121.75,124.67,121.35,122.43,35474884.0,122.7441,298476.0,-0.0001027122245191,-0.0583032074455809,0.0585545595754328,0.0067149500028178,109.3752,115.4616,92.2231,87.3219,48.8923,18.8636,95.0956,33.3333,6.6667,133.9346,109.3752,84.8159,1032862728.5482,4580599312.0
2022-12-02,117.83,124.04,117.61,123.49,39950464.0,122.0064,359062.0,-0.0002017991563885,-0.0611267391469624,0.0585713401228326,0.0067149500028178,109.6274,114.9984,96.6487,71.6485,49.3951,19.512,84.7279,36.6667,10.0,134.8536,109.6274,84.4012,1045257567.5361,4616074196.0
2022-12-01,119.198,121.2,118.4,120.44,36551374.0,119.9685,334504.0,-0.0014712558764126,-0.0959993995346388,0.0584168524945224,0.0058173645945228,109.8948,114.4303,73.0939,49.1776,47.9051,20.1587,67.7951,40.0,13.3333,135.852,109.8948,83.9376,1012141553.054,4576123732.0
2022-11-30,109.505,118.16,109.38,118.1,43348557.0,114.6127,374670.0,-0.0020237813891324,-0.1106927710843372,0.058291173627562,0.0043107659439913,110.3203,114.0329,45.2028,38.9474,46.7421,20.7183,30.6686,43.3333,16.6667,137.3355,110.3203,83.305,995432353.5111,4539572358.0
2022-11-29,109.54,110.94,108.5437,109.46,23899238.0,109.6168,223338.0,-0.0049632451691578,-0.1833780960907193,0.0563249072225034,0.000503677080447,110.8093,113.7691,29.2363,41.3277,42.131,21.1765,-9.1549,46.6667,20.0,138.8636,110.8093,82.755,952676259.7048,4496223801.0
2022-11-28,110.78,112.04,108.38,108.78,23332816.0,109.4876,227168.0,-0.00325723792738,-0.1418428526349007,0.0574035034634954,0.000503677080447,111.6269,114.0818,42.4032,44.0889,41.7473,21.3403,-12.6109,50.0,23.3333,140.8553,111.6269,82.3986,958298260.4812,4472324563.0
2022-11-25,111.3,112.73,111.02,111.41,12007566.0,111.532,115714.0,-0.0033734682105845,-0.1449075140072143,0.0574481016693323,0.000503677080447,112.225,114.4629,52.3436,37.9993,42.8085,21.5097,-4.505,53.3333,26.6667,141.9084,112.225,82.5417,976531007.4102,4495657379.0
2022-11-23,111.72,112.67,110.73,112.24,21343083.0,111.955,196118.0,-0.0023975608412219,-0.1196862745098039,0.057619916854953,0.0043107659439913,112.8531,114.6893,37.5199,27.0814,43.1431,21.7698,-6.32,56.6667,30.0,143.2111,112.8531,82.4951,983061438.0417,4507664945.0
2022-11-22,109.86,111.62,108.3216,111.44,29028963.0,110.3557,236543.0,-0.0029065480930099,-0.1330325190602147,0.0576005151872406,0.000503677080447,113.3607,114.8741,24.1344,27.1035,42.726,22.0364,-15.9844,60.0,33.3333,144.1515,113.3607,82.5699,971179721.7325,4486321862.0
2022-11-21,111.52,112.3699,109.19,109.86,24351074.0,110.2423,226749.0,-0.0046939661461269,-0.1788623962926971,0.0578676668930954,-0.002407689228461,113.9295,115.1268,19.5899,38.8775,41.9125,22.2686,-18.4625,63.3333,36.6667,145.1677,113.9295,82.6914,945319090.8571,4457292899.0
2022-11-18,113.8,114.32,110.62,112.05,33357707.0,112.2559,259579.0,-0.0039575455877434,-0.1603596852753835,0.0578145399275291,0.000158586527151,114.7255,115.5056,37.5863,59.263,42.7256,22.5348,-12.6532,66.6667,40.0,146.6938,114.7255,82.7573,959408697.7795,4481643973.0
2022-11-17,110.41,112.33,109.8,111.45,35093822.0,111.3019,284093.0,-0.0054840417124361,-0.1986050190551515,0.0581513384618768,-0.002407689228461,115.4374,115.7598,59.4563,77.0242,42.4298,22.8528,-20.6756,70.0,0.0,148.0596,115.4374,82.8152,966981798.8282,4448286266.0
2022-11-16,114.5,116.075,112.66,113.23,33287773.0,113.6085,274745.0,-0.0049384486897271,-0.1852784573319899,0.0581295198291624,-0.0007915112278299,116.3562,116.0728,80.7463,88.1237,43.0677,23.1044,-11.7927,73.3333,3.3333,149.9885,116.3562,82.7239,956301070.3934,4483380088.0
2022-11-15,116.07,118.74,114.4116,117.08,50653499.0,116.9988,421760.0,-0.0041512380718362,-0.1653835186769319,0.0579052252557772,-0.0007915112278299,117.2127,116.2849,90.8701,90.9197,44.4653,23.4471,-3.1651,76.6667,0.0,151.7558,117.2127,82.6697,978476673.1972,4516667861.0
2022-11-14,110.99,116.27,110.8,114.22,53394974.0,114.3773,385311.0,-0.0045842782345884,-0.1759613303513455,0.0577336285567227,-0.0007915112278299,117.9845,116.2467,92.7546,89.7774,43.1403,23.8525,-18.2881,80.0,3.3333,153.4811,117.9845,82.4879,966671818.9343,4465997362.0
2022-11-11,109.23,114.9,108.81,113.02,59926142.0,112.7038,496469.0,-0.0042183669199828,-0.1670106132075471,0.0578634580627477,-0.0007915112278299,118.7958,116.4027,89.1344,87.4933,42.5847,24.1804,-27.1268,83.3333,6.6667,154.9953,118.7958,82.5963,953298671.8813,4412602388.0
2022-11-10,107.12,112.75,104.61,111.87,80570961.0,109.4353,678830.0,-0.0047394103486323,-0.179898834396305,0.0578009043404957,-0.002407689228461,119.5496,116.652,87.4432,80.2434,42.0602,24.4687,-39.9484,86.6667,10.0,156.1567,119.5496,82.9425,930357644.1539,4352640646.0
2022-11-09,101.72,104.9,100.74,101.47,107677235.0,102.7223,843144.0,-0.0093798742942555,-0.2834545582939053,0.0544996175218344,-0.003968147314611,120.3659,116.9977,85.9023,64.4146,37.0314,24.6872,-72.702,90.0,13.3333,157.3217,120.3659,83.4102,867129053.0998,4271969685.0
2022-11-08,95.92,97.8,94.79,96.47,52088320.0,96.1836,422585.0,-0.0093193326607022,-0.2822172619047617,0.0545685444614964,-0.003968147314611,121.7012,118.0829,67.3847,38.954,34.3847,24.6044,-104.2388,93.3333,16.6667,158.694,121.7012,84.7084,937015751.8498,4164292401.0
2022-11-07,94.78,96.88,93.1,96.72,81987295.0,95.4604,596421.0,-0.009714706384361,-0.2907530981887508,0.0545612866969011,-0.0067211902374643,122.9629,119.5872,39.9568,17.6671,34.4547,24.2075,-120.1574,96.6667,20.0,158.9692,122.9629,86.9566,930958970.4545,4216380721.0
2022-11-04,90.35,91.39,88.09,90.79,55605061.0,89.7507,437599.0,-0.012850987811447,-0.3533936329321269,0.0528351539925383,-0.0086709182580185,124.2818,121.1779,9.5204,5.2122,31.2455,23.7549,-162.4699,100.0,0.0,159.1995,124.2818,89.3641,855912398.8407,4134393426.0
2022-11-03,90.08,90.4576,88.41,88.91,60664012.0,89.357,503016.0,-0.0141182999917276,-0.3774681417168462,0.052459153813643,-0.0092590748928029,125.9324,123.2865,3.524,3.5939,30.1981,23.0281,-196.918,100.0,0.0,158.9562,125.9324,92.9087,820506360.0225,4078755365.0
2022-11-02,94.205,95.2,90.48,90.54,71794472.0,92.9141,587097.0,-0.0133540164017972,-0.3629327329017729,0.052563907818947,-0.0086709182580185,127.7257,125.6699,2.5923,3.7148,30.5887,22.231,-224.0747,100.0,0.0,158.2192,127.7257,97.2323,851543485.912,4139419377.0
2022-11-01,94.33,97.49,93.55,95.2,110094417.0,95.463,735796.0,-0.012628198043788,-0.3483469094393864,0.0522165695423596,-0.0086709182580185,129.4415,128.1055,4.6656,8.2435,31.7225,21.4433,-246.3142,96.6667,3.3333,156.9801,129.4415,101.903,921538584.8103,4211240435.0
2022-10-31,98.22,99.32,92.6,93.16,121136644.0,94.2319,951643.0,-0.0137927510025353,-0.3706255911363328,0.0518216627371014,-0.0092590748928029,131.1344,130.3884,3.8867,21.7683,30.6344,20.6837,-301.4992,100.0,6.6667,156.1227,131.1344,106.146,939437405.8458,4101050818.0
2022-10-28,99.58,100.85,97.51,99.2,95928306.0,99.3071,761635.0,-0.0113689869295531,-0.3218948663613368,0.0512597102835833,-0.0086709182580185,132.9593,132.9691,16.1782,39.4519,32.0984,19.8979,-337.8609,96.6667,10.0,154.2556,132.9593,111.6629,1040571942.5125,4222412262.0
2022-10-27,97.975,102.5,96.38,97.94,232316571.0,99.6124,1849372.0,-0.0125244452269375,-0.3451019725844196,0.0510908266071893,-0.0092590748928029,134.5257,135.312,45.2399,52.9002,31.4377,19.174,-417.8707,100.0,0.0,152.205,134.5257,116.8465,1039423100.5244,4126483956.0
2022-10-26,131.68,135.55,128.53,129.82,89294679.0,123.3074,867982.0,-0.004761278128824,-0.1429325939129857,0.0271965671474697,-0.0092590748928029,136.2425,137.9033,56.9375,51.145,41.2562,18.4251,-73.4341,70.0,3.3333,148.4574,136.2425,124.0276,1153303772.5833,4358800527.0
2022-10-25,130.875,138.35,130.59,137.51,38433219.0,135.5028,325937.0,-0.003258520021064,-0.1020048324952651,0.0255220578716256,-0.0092590748928029,136.9627,138.4792,56.523,48.9439,44.4966,18.4399,-25.1207,73.3333,0.0,150.0328,136.9627,123.8926,1209780749.0448,4448095206.0
2022-10-24,127.25,133.48,124.57,129.72,63537797.0,129.4538,550882.0,-0.0083832945208024,-0.232244318181818,0.0276424120952616,-0.0100538211390561,137.4823,138.5655,39.9744,50.2393,39.872,18.5248,-101.532,76.6667,0.0,151.7387,137.4823,123.2259,1179668123.8489,4409661987.0
2022-10-21,126.31,130.12,125.44,130.01,46348647.0,128.3255,388930.0,-0.008346383378448,-0.2313922553946197,0.0276513410728147,-0.0100538211390561,138.7876,139.194,50.3342,62.5648,39.9919,18.3746,-107.5995,80.0,3.3333,156.5934,138.7876,120.9819,1169751940.7591,4473225434.0
2022-10-20,132.93,136.77,131.31,131.53,26356276.0,132.9425,269032.0,-0.0065028657909832,-0.18838701715414,0.0291773841749526,-0.0092590748928029,140.0896,139.8458,60.4094,67.1324,40.6107,18.044,-66.1944,83.3333,6.6667,160.5706,140.0896,119.6086,1125582076.3104,4519574081.0
2022-10-19,132.89,137.0,132.22,133.23,30691047.0,133.9765,265353.0,-0.00573046547864,-0.1693372404763388,0.0293079402056256,-0.0086709182580185,141.1052,140.438,76.9508,66.3592,41.3016,17.8885,-60.7064,86.6667,10.0,162.7239,141.1052,119.4864,1149814403.3287,4545930357.0
2022-10-18,137.085,137.8399,131.4,132.8,25444979.0,133.7791,246946.0,-0.0054494312243021,-0.1623565030907026,0.0294327479406325,-0.0086709182580185,142.0086,140.954,64.0371,50.5545,41.0564,17.758,-64.6246,90.0,13.3333,164.4398,142.0086,119.5775,1167535593.6467,4515239310.0
2022-10-17,130.3,134.79,130.18,134.04,29612245.0,133.0556,273868.0,-0.0055111587093499,-0.1639221556886226,0.0294425961553199,-0.0086790232910781,142.8649,141.5351,58.0897,36.7845,41.5402,17.6229,-75.0234,93.3333,16.6667,165.7396,142.8649,119.9902,1181917366.51,4540684289.0
2022-10-14,131.0,131.79,126.52,126.76,23559407.0,128.0841,223147.0,-0.0084415027549794,-0.2334300919206577,0.0273313104661108,-0.0100538211390561,143.7391,142.0711,29.5367,21.5539,37.351,17.3282,-110.6753,96.6667,20.0,167.1539,143.7391,120.3242,1161940342.2258,4511072044.0
2022-10-13,123.53,131.14,122.5301,130.29,34325715.0,127.8506,329065.0,-0.0070412431741833,-0.20033143067575,0.0274158092426425,-0.0086790232910781,145.0231,143.145,22.7271,16.0551,38.6492,16.865,-118.1177,100.0,23.3333,168.7384,145.0231,121.3078,1183353920.8843,4534631451.0
2022-10-12,128.32,129.67,126.25,127.5,34605245.0,127.6546,282885.0,-0.0065468490510466,-0.188724866378213,0.0280591206068286,-0.0086790232910781,146.1089,144.05,12.3979,17.8987,36.9756,16.3511,-125.585,100.0,26.6667,169.9598,146.1089,122.258,1155805719.6185,4500305736.0
2022-10-11,131.62,132.66,126.99,128.54,38481403.0,129.1724,358250.0,-0.0066980870888506,-0.1924357605076332,0.0280792555633647,-0.0100538211390561,147.0955,145.2095,13.0402,27.2897,37.3426,15.924,-122.7202,100.0,30.0,170.1787,147.0955,124.0123,1165114732.8933,4534910981.0
2022-10-10,133.55,136.11,131.87,133.79,24023982.0,133.8076,235882.0,-0.0059278343958188,-0.1730127333415747,0.0274866888192963,-0.0100538211390561,148.1144,146.3773,28.258,43.5625,39.2437,15.5033,-99.9454,100.0,33.3333,170.4718,148.1144,125.7569,1182556920.8492,4573392384.0
2022-10-07,136.76,138.29,132.44,133.45,33214773.0,134.4316,305232.0,-0.0073952303627291,-0.2093257494963859,0.028161821701817,-0.0109716283817136,149.0455,147.2644,40.571,54.8062,39.0494,15.2121,-100.4009,100.0,36.6667,171.2191,149.0455,126.8718,1184823334.2454,4549368402.0
2022-10-06,137.715,141.45,136.6,139.07,36231056.0,139.3535,281296.0,-0.0049211502787045,-0.1481685654783778,0.0284118017445692,-0.0100538211390561,150.2207,148.236,61.8587,57.9478,41.1517,14.9281,-78.3022,76.6667,40.0,172.6413,150.2207,127.8002,1206569074.5172,4582583175.0
2022-10-05,138.24,140.21,134.78,138.98,27968548.0,137.4273,270881.0,-0.0044979054643891,-0.1373595679970203,0.0285856484225865,-0.0100538211390561,151.0254,148.8879,61.9889,48.7632,41.1026,14.7633,-90.2194,80.0,43.3333,173.4791,151.0254,128.5717,1205896745.643,4546352119.0
2022-10-04,140.49,142.3901,139.34,140.28,34670729.0,140.6403,298427.0,-0.0045856058248283,-0.1396504139834401,0.0286041759042582,-0.0109716283817136,151.7615,149.5909,49.9959,41.1843,41.587,14.5338,-78.7497,83.3333,46.6667,173.9969,151.7615,129.5262,1190593124.3612,4574331467.0
2022-10-03,137.14,139.62,136.1,138.61,27723063.0,138.0316,261454.0,-0.0059616506088703,-0.1747439866634911,0.0287633908597599,-0.0115004925751073,152.519,150.253,34.3047,35.6695,40.7195,14.4413,-101.6052,86.6667,0.0,174.6468,152.519,130.3912,1203893744.014,4539660738.0
2022-09-30,136.05,140.99,135.5,135.68,33150993.0,137.8116,281881.0,-0.0079601563422917,-0.2231764571166835,0.0288620064776571,-0.0122630992647249,153.4953,151.0756,39.2523,32.5408,39.1879,14.2146,-114.6812,90.0,0.0,175.6165,153.4953,131.3741,1192079938.7583,4511937675.0
2022-09-29,139.36,139.84,135.2,136.41,38985414.0,136.9509,304759.0,-0.0078179940715476,-0.219845581927366,0.0288849997789724,-0.0122630992647249,154.792,152.1566,33.4514,21.3837,39.4333,13.9801,-126.5228,93.3333,0.0,177.0783,154.792,132.5056,1223071486.3157,4545104068.0
2022-09-28,134.62,142.03,134.27,141.61,32658478.0,139.2052,289794.0,-0.0074520571828933,-0.2109544770713767,0.0285844985748404,-0.0122630992647249,156.0707,153.2619,24.9188,14.4412,41.2101,13.6844,-123.2969,96.6667,0.0,178.3292,156.0707,133.8122,1241723990.4278,4584089482.0
2022-09-27,137.92,139.42,134.1201,134.4,30826471.0,136.0143,302933.0,-0.0095019207817042,-0.2570070208413952,0.0262382384650061,-0.0122630992647249,157.3301,154.0856,5.7809,10.303,37.4313,13.3785,-159.2779,100.0,0.0,180.3691,157.3301,134.291,1212600708.4999,4551431004.0
2022-09-26,140.12,142.24,136.19,136.37,30357021.0,138.322,302991.0,-0.0089483655370277,-0.2444875346260386,0.0263031899761781,-0.0115004925751073,158.8765,155.4623,12.6238,12.9825,38.0778,12.9447,-159.712,100.0,0.0,181.7045,158.8765,136.0485,1240171144.7699,4582257475.0
2022-09-23,141.42,142.62,138.89,140.41,31696685.0,140.2186,320005.0,-0.0074239794929197,-0.2089131782072226,0.0264349429704866,-0.0109716283817136,160.3445,156.7983,12.5043,13.2875,39.4276,12.5515,-156.6229,100.0,0.0,182.783,160.3445,137.906,1268853466.9996,4612754496.0
2022-09-22,141.55,144.58,140.87,142.82,34348521.0,142.8064,319519.0,-0.0070203724804076,-0.1991701244813274,0.0263799501154165,-0.0093452684916204,161.578,157.9485,13.8193,14.3417,40.2504,12.2183,-154.6397,100.0,3.3333,183.4963,161.578,139.6596,1274719518.6484,4644465181.0
2022-09-21,146.39,149.6,142.0,142.12,38298614.0,144.9932,332177.0,-0.0052442456214713,-0.1567080045095829,0.0288066035578471,-0.0093452684916204,162.7595,159.0121,13.5388,13.3585,39.8983,11.9282,-152.8759,100.0,6.6667,184.2601,162.7595,141.259,1272969955.0662,4610302650.0
2022-09-20,145.775,148.84,145.22,146.09,23217350.0,146.9029,215233.0,-0.0046751709855722,-0.1419089574155656,0.0285350913017271,-0.0089764323228377,163.6381,160.1972,15.6669,11.2841,41.2305,11.6593,-150.6959,93.3333,10.0,183.755,163.6381,143.5212,1310097875.9925,4648641264.0
2022-09-19,145.235,148.58,145.1,148.02,22081977.0,146.9652,211787.0,-0.0036142110824357,-0.1142361318891743,0.0287949296341353,-0.0063081257981691,164.4417,161.1908,10.8698,7.9547,41.8879,11.4707,-158.9592,96.6667,13.3333,183.543,164.4417,145.3405,1322155505.2743,4671858614.0
2022-09-16,148.05,148.58,144.2935,146.29,40122824.0,146.1869,366102.0,-0.0046845694965927,-0.1423462508061204,0.028797909187688,-0.0089764323228377,165.0768,162.1202,7.3156,15.0673,41.0739,11.2653,-183.635,100.0,16.6667,183.1506,165.0768,147.0029,1307121032.3663,4649689137.0
2022-09-15,149.8,154.1984,148.7,149.55,34594348.0,150.7398,335866.0,-0.0036084191128454,-0.1140402843601896,0.0287414273067567,-0.0063081257981691,165.8844,163.2327,5.6787,32.9318,42.1493,11.0528,-160.821,100.0,20.0,182.5878,165.8844,149.1811,1309868273.4357,4689811961.0
2022-09-14,153.33,153.54,149.05,151.47,43064195.0,150.8774,445304.0,-0.0013942707517808,-0.0544353580123598,0.0304645339158301,-0.0029447201705245,166.5248,164.1975,32.2077,56.3147,42.7872,10.9519,-174.8316,100.0,23.3333,182.059,166.5248,150.9905,1333775001.2552,4724418309.0
2022-09-13,161.54,161.63,152.67,153.13,44444061.0,156.0803,514431.0,-0.0009787316317501,-0.0425186018883265,0.0304178370773821,-0.0011049545360065,166.8148,165.0968,60.909,65.1724,43.3352,10.8237,-134.6947,100.0,26.6667,181.4919,166.8148,152.1378,1330418104.0949,4767482504.0
2022-09-12,167.39,171.39,167.28,168.96,23220405.0,168.9274,240516.0,0.0023181903397721,0.0619736015084855,0.0250826024806147,0.00026953277618,167.041,165.9438,75.8273,56.1235,49.1374,10.7892,19.8237,0.0,30.0,181.0416,167.041,153.0405,1370298712.4029,4811926565.0
2022-09-09,163.248,169.54,163.02,169.15,22129802.0,167.8011,227145.0,0.0020196443985374,0.0524514683922356,0.0251749195027461,0.00026953277618,166.7131,165.7597,58.7809,40.9325,49.2139,11.1146,0.7381,0.0,33.3333,181.0089,166.7131,152.4172,1374536012.5854,4835146970.0
2022-09-08,158.71,162.23,157.74,162.06,22530785.0,160.623,211698.0,-0.0011802207977669,-0.0443448519872621,0.0257614724759499,-0.0029264113308291,166.4326,165.5499,33.7622,34.8419,46.1941,11.4811,-68.7235,3.3333,36.6667,180.8828,166.4326,151.9825,1355053640.886,4813017168.0
2022-09-07,157.76,160.955,156.81,160.39,16831182.0,159.1955,188303.0,0.0006572304598235,0.0077913917687724,0.0283577991874803,-0.0029264113308291,166.6828,165.8136,30.2544,39.8562,45.4556,11.5947,-88.0147,6.6667,40.0,181.058,166.6828,152.3075,1334228973.2357,4790486383.0
2022-09-06,160.1,161.69,157.69,158.54,19339781.0,159.114,222182.0,-0.0012318855364234,-0.048664866486648,0.0294287928846599,-0.0063081257981691,166.6415,166.2104,40.509,42.8886,44.642,11.6633,-90.3201,10.0,43.3333,181.0994,166.6415,152.1836,1321986267.8726,4773655201.0
2022-09-02,167.45,167.93,159.22,160.32,22634191.0,162.8664,260404.0,-0.0013777333909399,-0.0528741064571393,0.0294881336933109,-0.0063081257981691,166.9113,166.7619,48.8052,35.6567,45.2701,11.7619,-59.2765,13.3333,46.6667,181.0281,166.9113,152.7945,1333073761.7226,4792937799.0
2022-09-01,163.58,167.3599,160.345,165.36,30145683.0,163.6376,309574.0,-0.0028912945292851,-0.097232079488999,0.0320012208706791,-0.0063081257981691,167.209,167.2289,39.3515,22.4659,47.0831,11.911,-40.4709,16.6667,0.0,181.1044,167.209,153.3136,1349990935.4781,4815571990.0
2022-08-31,167.07,167.84,162.14,162.93,40949225.0,164.5198,376773.0,-0.0033738757569219,-0.1101097820743893,0.0318378143544706,-0.0063081257981691,167.8015,167.3812,18.8133,19.4779,46.0766,12.0998,-44.7607,20.0,3.3333,182.7488,167.8015,152.8542,1337033908.4622,4785426307.0
2022-08-30,160.355,161.66,155.91,157.16,19567948.0,157.7263,242080.0,-0.0032114791947322,-0.1059278643759242,0.032053573175473,-0.0063081257981691,168.4721,167.7113,9.2327,25.6119,43.6149,12.3497,-111.6403,23.3333,6.6667,184.2092,168.4721,152.735,1366635006.1815,4744473332.0
2022-08-29,160.655,163.05,159.01,159.17,19982661.0,160.4675,215220.0,-0.0010863059318028,-0.0481970938228786,0.0334422266639011,-0.0029264113308291,169.0915,168.4613,30.3877,33.1977,44.2958,12.3923,-96.3937,26.6667,10.0,184.4051,169.0915,153.7779,1377695150.7033,4764041280.0
2022-08-26,168.48,170.92,161.6726,161.78,24023633.0,164.3721,256217.0,-3.649649670051843e-05,-0.0177292046144498,0.0334477361682636,-0.0003248510583254,169.3596,169.1246,37.2153,26.2234,45.1813,12.5278,-54.1852,30.0,13.3333,184.221,169.3596,154.4982,1395900925.5448,4783813143.0
2022-08-25,165.18,168.88,164.02,168.78,15500514.0,167.1443,178204.0,0.0027484835344856,0.0678899082568813,0.0333597438744546,0.0010313274141657,169.4567,169.6541,31.99,15.2508,47.6508,12.7481,-26.3002,33.3333,16.6667,184.1471,169.4567,154.7664,1419366533.9792,4807836776.0
2022-08-24,160.6,165.46,159.77,163.26,20891481.0,163.2267,202871.0,0.0005123066933459,-0.0014068138724072,0.0334509137156875,-0.0003248510583254,169.0998,169.7383,9.465,9.0005,45.3749,13.0476,-69.2622,36.6667,20.0,184.3808,169.0998,153.8188,1404455958.8269,4792286262.0
2022-08-23,162.48,165.05,160.7,161.11,18111777.0,162.2867,195713.0,0.000112391414691,-0.0132296196484357,0.0333667161575475,-0.0003248510583254,169.1074,170.2083,4.2975,10.6359,44.4658,13.242,-74.9417,40.0,23.3333,184.3763,169.1074,153.8386,1399719577.37,4771394781.0
2022-08-22,165.49,165.49,162.26,163.05,19499711.0,163.2704,246950.0,0.0005888111321874,0.0010437131630649,0.0332937815138865,0.0008922024200744,169.1793,170.8586,13.2389,19.9943,45.1208,13.4704,-61.9343,43.3333,26.6667,184.3104,169.1793,154.0482,1414417180.3148,4789506558.0
2022-08-19,170.2,172.32,167.05,167.96,26240799.0,168.6366,263721.0,2.700177168457607e-06,-0.0170880149812731,0.0339616857666024,0.0008922024200744,169.1736,171.4202,14.3713,32.7534,46.8075,13.7518,-3.195,46.6667,30.0,184.3145,169.1736,154.0328,1424378332.9928,4809006269.0
2022-08-18,174.34,175.76,171.86,174.66,18844451.0,174.3985,202551.0,0.0010277791016877,0.0143446193158722,0.0332448316100913,0.0008922024200744,169.2708,171.6827,32.3726,53.6492,49.2354,14.1846,49.5006,50.0,33.3333,184.4078,169.2708,154.1338,1441556844.6722,4835247068.0
2022-08-17,176.76,178.14,174.17,174.85,20118133.0,175.6687,230141.0,0.0015391532824151,0.0299228367791721,0.0333262645268634,0.0014865862545799,169.1886,171.5021,51.5162,69.3495,49.3055,14.5652,69.2519,53.3333,36.6667,184.242,169.1886,154.1352,1433342596.8004,4854091519.0
2022-08-16,179.44,180.99,177.035,179.47,21156710.0,179.0325,237592.0,0.0027103733325499,0.067067007550984,0.0329623313639221,0.0018931880343079,169.0196,171.2961,77.0588,78.5371,51.0129,14.8847,113.3751,56.6667,40.0,183.9445,169.0196,154.0948,1446568875.6744,4874209652.0
2022-08-15,178.96,181.44,178.2,180.89,15878671.0,180.3433,190435.0,0.0046717237966707,0.1303505592701372,0.0340095542982538,0.0022775328028995,168.6444,170.7578,79.4736,74.7018,51.5432,15.1222,136.2616,60.0,43.3333,183.095,168.6444,154.1938,1441674213.3103,4895366362.0
2022-08-12,180.81,181.4572,178.911,180.5,21244646.0,180.0954,203524.0,0.0043475052535769,0.1193798449612402,0.0340782402652906,0.0020100560172628,167.9505,170.0847,79.079,69.5279,51.4091,15.33,149.7196,63.3333,46.6667,182.0488,167.9505,153.8522,1431186449.1313,4879487691.0
2022-08-11,179.71,183.1,176.37,177.49,24046762.0,179.2601,259468.0,0.0032352671198547,0.0826521898255459,0.0341928104761044,0.0014865862545799,167.3102,169.392,65.5528,62.7955,50.3846,15.5221,147.6006,66.6667,50.0,180.8726,167.3102,153.7477,1425907624.898,4858213645.0
2022-08-10,175.99,180.48,173.95,178.34,30262132.0,177.924,322538.0,0.0040704321092315,0.1099078914612894,0.0342930131739821,0.0020100560172628,166.8594,168.8587,63.9518,65.7975,50.6763,15.721,143.6726,70.0,53.3333,179.9788,166.8594,153.7401,1441972259.1298,4882292707.0
2022-08-09,168.95,169.53,166.6,168.53,18655056.0,167.8525,201938.0,0.0003974758183837,-0.0056640509764589,0.0341985317266665,0.0014865862545799,166.272,168.2301,58.8819,72.9103,47.271,15.9927,26.6375,73.3333,56.6667,178.9178,166.272,153.6261,1431545031.4116,4852030575.0
2022-08-08,168.0,177.51,167.13,170.25,27299113.0,172.4019,286640.0,0.0006029864650101,0.0005289139633282,0.034153309408724,0.0014865862545799,166.3039,168.2333,74.5589,77.6153,47.8307,16.5161,73.1453,76.6667,60.0,178.9737,166.3039,153.6341,1425623802.0328,4870685631.0
2022-08-05,166.99,171.612,165.8,167.11,25742701.0,167.8066,262112.0,0.002372453038256,0.0526614173228345,0.0363539623825716,0.0014865862545799,166.3009,168.1184,85.29,70.5408,46.7174,17.0726,27.896,0.0,63.3333,178.9674,166.3009,153.6344,1436511887.5645,4843386518.0
2022-08-04,168.295,172.15,166.8,170.57,23638212.0,169.4886,256435.0,0.0036688717901373,0.0944497914661532,0.0362160740834152,0.0020100560172628,166.0228,168.2116,72.9969,52.2856,47.804,17.4757,54.5565,3.3333,66.6667,178.9988,166.0228,153.0468,1450699427.4118,4869219219.0
2022-08-03,162.69,169.54,161.57,168.8,31717527.0,167.3004,329313.0,0.0030646497670849,0.0748169372811204,0.0362484980490508,0.0014865862545799,165.5332,168.0732,53.3354,37.5676,47.1967,17.9196,15.8426,6.6667,70.0,178.9402,165.5332,152.1261,1440900421.0043,4845281007.0
2022-08-02,158.31,162.24,158.01,160.19,27374516.0,160.0829,277048.0,-8.888791272215017e-05,-0.0216807133260046,0.0358145899174429,0.0008922024200744,165.1423,168.047,30.5243,30.8695,44.1403,18.3023,-67.6842,10.0,73.3333,178.8661,165.1423,151.4185,1415072723.3594,4813563480.0
2022-08-01,157.25,165.19,155.2301,159.93,40596702.0,160.7622,386947.0,0.0004516047897552,-0.0058432274507369,0.035958450273961,0.0008922024200744,165.2604,168.6116,28.8432,29.3421,44.0458,18.474,-70.5574,13.3333,76.6667,178.8607,165.2604,151.66,1414231426.1773,4786188964.0
2022-07-29,157.69,160.14,155.17,159.1,42065395.0,157.8361,434911.0,-0.0013914170897261,-0.0605255388249186,0.0370668372387273,-0.0017502635181153,165.2916,169.233,33.2409,26.3082,43.752,18.6516,-98.948,16.6667,80.0,178.8441,165.2916,151.7392,1416514402.1902,4745592262.0
2022-07-28,161.06,161.51,154.85,160.72,73214326.0,158.6379,724898.0,8.873106501121978e-05,-0.0183839247541682,0.0375734616735021,0.0008922024200744,165.6326,169.9544,25.9422,19.034,44.1897,18.6752,-93.3197,20.0,83.3333,179.0256,165.6326,152.2396,1392053840.5101,4787657657.0
2022-07-27,162.59,170.87,162.02,169.58,43846557.0,166.8182,441953.0,0.0017227355723474,0.0323876780713505,0.0363064928611326,0.0008922024200744,165.7327,170.6141,19.7414,24.4746,46.6577,18.6997,22.4457,23.3333,86.6667,179.0119,165.7327,152.4536,1336208678.9365,4860871983.0
2022-07-26,165.94,166.0,157.95,159.15,28468424.0,160.9253,302869.0,-0.0026090780456554,-0.0935239505610299,0.0361867892598871,-0.0013948242043254,165.5558,170.7094,11.4183,41.8015,43.0375,18.8876,-69.8768,26.6667,90.0,178.7851,165.5558,152.3265,1305144508.045,4817025426.0
