Date,Sentiment (Avg),Open,High,Low,Close,Volume,Volume Weighted Average,Transactions,Mean,Cumulative Return,STDDEV,Median,SMA,EMA,SlowK,SlowD,RSI,ADX,CCI,Aroon Down,Aroon Up,Real Upper Band,Real Middle Band,Real Lower Band,Chaikin A/D,OBV
2024-12-23,0.1910425238095238,254.77,255.65,253.45,255.27,38465273.0,254.7388,422514.0,0.003453793742120059,0.03452887537993865,0.010315345086834057,0.005048734690988543,252.2160,252.5296,78.2870,63.1681,74.6522,64.9470,136.6506,80.0000,100.0000,257.8258,252.2160,246.6062,80959857594.7015,96937405752.0000
2024-12-20,0.08032729999999999,248.04,255.0,245.69,254.49,139662529.0,253.1175,550815.0,0.004757412053573151,0.04797397463350328,0.010985778620208803,0.006489222777700143,251.3700,251.1593,55.4115,61.2541,72.8898,66.4260,62.8011,100.0000,100.0000,256.0871,251.3700,246.6529,80933113669.9015,96896546978.0000
2024-12-19,0.21039517647058825,247.5,252.0,247.0949,249.79,52851291.0,249.8476,532743.0,0.0027935405450214335,0.027773206056615818,0.010009030812140038,0.005048734690988543,250.0980,249.4940,55.8060,71.7362,59.2228,69.2045,-24.2165,0.0000,80.0000,254.1465,250.0980,246.0495,80801777927.3204,96749051711.0000
2024-12-18,0.10142033333333333,252.16,254.28,247.74,248.05,54566547.0,250.6309,564238.0,0.002104414238477359,0.020739887247438027,0.009931611600470479,0.002409666526270726,249.7320,249.3460,72.5448,79.0772,52.0659,78.3089,20.9439,20.0000,100.0000,254.1405,249.7320,245.3235,80795756850.0200,96688169447.0000
2024-12-17,0.08071776470588235,250.08,253.83,249.78,253.48,48667525.0,252.9545,487548.0,0.004394956919185722,0.04463218627652954,0.006170943742333382,0.0028086784911034446,249.4200,249.9940,86.8579,76.1725,92.6732,86.5376,130.2840,0.0000,100.0000,254.4391,249.4200,244.4009,80847148696.7967,96744943548.0000
2024-12-16,0.11036405263157895,247.99,251.38,247.65,251.04,47492968.0,250.4112,448109.0,0.004700182111223606,0.04778997453983869,0.006493798461473137,0.0028086784911034446,248.2780,248.2511,77.8290,71.0724,89.8187,85.3330,166.6667,0.0000,100.0000,251.2722,248.2780,245.2838,80804668744.6980,96693587188.0000
2024-12-13,0.19044325,247.815,249.2902,246.24,248.13,31374086.0,247.7396,349747.0,0.004479670339599617,0.04550625711035261,0.006285517980598564,0.0028086784911034446,247.4200,246.8566,63.8306,71.8159,83.7950,84.7699,69.3479,20.0000,60.0000,248.7563,247.4200,246.0837,80762398236.2127,96641892435.0000
2024-12-12,0.18486986956521742,246.89,248.74,245.68,247.96,30928444.0,247.7304,352924.0,0.005432691790965083,0.055463329502404735,0.006360056119631868,0.005048734690988543,246.3620,246.2199,71.5575,79.8546,83.3342,85.3813,55.0339,40.0000,80.0000,250.0615,246.3620,242.6625,80754465402.0897,96608737145.0000
2024-12-11,0.2223271818181818,247.96,250.8,246.2601,246.49,39942729.0,248.2768,455514.0,0.004781013684446378,0.0486258827533399,0.0066015407345244225,0.0028086784911034446,245.3780,245.3499,80.0595,84.4433,79.2528,86.5788,97.7151,0.0000,100.0000,249.4521,245.3780,241.3039,80738397984.4426,96575959613.0000
2024-12-10,0.13087915384615384,246.89,248.21,245.34,247.77,35651201.0,247.2604,423276.0,0.006238060700570003,0.063984197191566,0.005805208314526147,0.006769063658278562,244.6820,244.7798,87.9468,85.6642,95.5535,84.0067,124.9106,0.0000,100.0000,248.9432,244.6820,240.4208,80779025364.2751,96621165427.0000
2024-12-09,0.0748656428571428,241.83,247.24,241.75,246.75,40927114.0,245.9999,500703.0,0.0071297723234867,0.0734328098490446,0.0060912965116977,0.0094634971846536,243.658,243.2847,85.3237,86.7889,94.8825,81.1635,161.7647,0.0,100.0,246.7625,243.658,240.5535,80753429383.8082,96584250621.0
2024-12-06,0.1586214285714285,242.905,244.63,242.08,242.84,34194099.0,243.2142,366463.0,0.0061104165889373,0.0626640994223699,0.0053071315295301,0.0076559839600273,242.226,241.552,83.7222,89.1582,90.474,77.801,61.2553,0.0,100.0,244.8767,242.226,239.5753,80716750324.3692,96539601389.0
2024-12-05,0.1872625833333333,243.99,244.54,242.13,243.04,35946469.0,243.0041,401171.0,0.0059831005829462,0.0613100436681222,0.0054842480077604,0.0076559839600273,241.124,240.908,91.3209,92.7008,93.7799,74.3452,77.6258,0.0,100.0,245.7113,241.124,236.5367,80731643162.632,96576472008.0
2024-12-04,0.1652884999999999,242.87,244.11,241.25,243.01,39533068.0,242.9068,406580.0,0.0062861575496912,0.0645260206763618,0.0052299094742728,0.0076559839600273,239.502,239.842,92.4314,92.9941,93.7525,70.0581,96.9914,0.0,100.0,245.6887,239.502,233.3153,80741443987.5365,96536438130.0
2024-12-03,0.169511619047619,239.81,242.76,238.9,242.65,36257276.0,241.5718,419286.0,0.0062518207971717,0.0641610385053936,0.0052623541709101,0.0076559839600273,237.912,238.258,94.3502,93.549,93.4767,64.8336,114.4856,0.0,100.0,243.7518,237.912,232.0722,80731201540.9981,96492054195.0
2024-12-02,0.1840762,237.27,240.79,237.16,239.59,40549156.0,239.4822,469551.0,0.0063168611670629,0.0648444444444447,0.0053458927968236,0.0076559839600273,235.956,236.062,92.2006,93.4584,90.6785,58.7295,132.4868,0.0,100.0,240.558,235.956,231.354,80694555400.6146,96453193178.0
2024-11-29,0.2265604,234.805,237.81,233.97,237.33,25317735.0,236.5349,268866.0,0.0039536813131996,0.0399176233458939,0.0079805162371516,0.0045308002912886,234.012,234.298,94.0963,93.229,87.5141,51.8584,89.0649,0.0,100.0,239.0248,234.012,228.9992,80678244481.4163,96405056075.0
2024-11-27,0.1381869999999999,234.465,235.69,233.8101,234.93,31604402.0,234.7888,339772.0,0.0043091437714176,0.0435767590618334,0.0083233240968608,0.0045308002912886,232.25,232.782,94.0783,89.8486,82.4534,45.059,83.665,20.0,100.0,237.5445,232.25,226.9555,80656883448.6663,96376574698.0
2024-11-26,0.1099994117647059,233.33,235.57,233.33,235.06,44049660.0,234.7366,449908.0,0.0047613626829875,0.0482986219506755,0.0081682733370717,0.0049383590179929,231.064,231.7079,91.5122,84.8389,83.9275,38.7562,123.6641,40.0,100.0,236.075,231.064,226.053,80650470294.6708,96410073137.0
2024-11-25,0.182771,231.46,233.245,229.74,232.87,79840237.0,232.2878,510511.0,0.0038209238115141,0.038531864603309,0.0081208098379956,0.0035615801039604,229.708,230.0319,83.9551,79.5633,78.826,31.0215,150.1897,0.0,100.0,233.0518,229.708,226.3642,80625424245.3047,96364086948.0
2024-11-22,0.1158184285714285,228.06,230.7199,228.06,229.87,35459680.0,229.6738,380543.0,0.001312983199758,0.0128216425801901,0.0087326519304757,0.002147136116222,228.738,228.6129,79.0493,77.1625,67.5327,24.6022,166.6667,0.0,100.0,230.0412,228.738,227.4348,80554562318.8682,96273934116.0
2024-11-21,0.1270124166666666,228.88,230.155,225.7103,228.52,38582294.0,228.4642,431589.0,0.0006035335261047,0.005678382119173,0.0086179933871192,0.000570125427594,227.764,227.9843,75.6855,72.7508,59.8173,23.0065,43.6291,20.0,60.0,230.6024,227.764,224.9256,80540785357.8,96235765864.0
2024-11-20,0.1404543846153846,228.06,229.93,225.89,229.0,33560741.0,228.0359,358379.0,0.0029503531566824,0.0293294140265738,0.0105435718303535,0.002147136116222,227.704,227.7164,76.7528,71.3033,64.1537,23.0637,70.0475,0.0,80.0,230.4881,227.704,224.9199,80529656451.0736,96277874191.0
2024-11-19,0.0604163636363636,226.98,230.16,226.66,228.28,34221103.0,228.6862,364844.0,0.0023082560088874,0.0227408995332507,0.0107058841811234,0.000570125427594,226.928,227.0746,65.8142,66.7444,60.7382,23.8955,85.4825,20.0,100.0,229.9842,226.928,223.8718,80510678813.9746,96242704625.0
2024-11-18,0.1917502307692307,225.25,229.74,225.17,228.02,41049409.0,228.0885,437675.0,0.0028428503549258,0.0282021873187097,0.0107675093791624,0.0019845694153324,226.118,226.472,71.3428,65.2849,59.6269,21.3175,90.7376,0.0,100.0,229.4462,226.118,222.7898,80513368831.4718,96206492851.0
2024-11-15,0.1236520769230769,226.4,226.92,224.27,225.0,45374616.0,225.0903,451195.0,0.0010968777401685,0.0104878248138542,0.0103166106086459,-0.0005934587656057,225.36,225.6979,63.0763,56.622,45.218,19.0107,16.1107,20.0,80.0,228.3158,225.36,222.4042,80502319553.0035,96161806831.0
2024-11-14,0.1406521578947368,225.02,228.87,225.0,228.22,41725049.0,227.3879,491961.0,0.0011798345656467,0.0113380899905441,0.0101966414211004,-0.0005934587656057,225.752,226.0469,61.4355,54.1532,65.0078,23.5354,83.8342,40.0,100.0,228.9247,225.752,222.5793,80523840005.1695,96209730527.0
2024-11-13,0.1786504285714285,224.01,226.65,222.76,225.12,43061316.0,224.8974,467151.0,-0.0020181562031763,-0.0205650881741045,0.0107464674315802,-0.0022269338159526,225.5539,224.9604,45.3543,58.0751,47.2155,26.7462,-28.2591,0.0,40.0,228.1584,225.5539,222.9495,80494006793.7044,96164806586.0
2024-11-12,0.1163433157894737,224.55,225.59,223.355,224.23,37632672.0,224.3829,462513.0,-0.0039428656954352,-0.0393418373681756,0.0112151466666808,-0.0036522270130223,225.0249,224.8805,55.6697,65.8916,40.2361,29.2171,-27.3298,0.0,60.0,228.644,225.0249,221.4059,80483644336.0926,96116240369.0
2024-11-11,0.1657521333333333,225.0,225.7,221.5,224.23,39502207.0,223.4111,555026.0,-0.0038271844615021,-0.0382305361517637,0.0112610916532937,-0.0036522270130223,224.8198,225.2058,73.2014,64.2334,40.2361,28.4024,-31.3128,0.0,80.0,228.7025,224.8198,220.937,80492410857.3521,96116240369.0
2024-11-08,0.1520878333333333,227.17,228.66,226.405,226.96,36726907.0,227.2234,541011.0,-0.0017643837816588,-0.0181496045978998,0.0114574401548491,-0.0022269338159526,224.3269,225.6937,68.8035,47.9063,54.342,27.3841,97.812,20.0,100.0,228.9407,224.3269,219.7131,80479809176.7521,96158245971.0
2024-11-07,0.1368854999999999,224.625,227.875,224.57,227.48,40121817.0,226.7564,623113.0,-0.0012813775036645,-0.0134015700221191,0.011572831552035,-0.001055068880681,223.4678,225.0605,50.6952,31.769,55.8905,31.297,166.6667,40.0,0.0,227.3407,223.4678,219.5949,80499271040.823,96196574795.0
2024-11-06,0.1488345833333333,222.61,226.065,221.19,222.72,51811157.0,223.8587,796494.0,-0.0035009267741411,-0.0348413936557461,0.0088151508506051,-0.0020451581843388,223.1542,223.9759,24.2202,19.2888,26.2488,38.9321,-8.7927,60.0,0.0,225.8252,223.1542,220.4832,80467205596.6884,96154437104.0
2024-11-05,0.1124271249999999,221.795,223.95,221.14,223.45,27254038.0,223.094,501988.0,-0.0053365314333671,-0.0526159586195202,0.010352434851754,-0.0024304350966675,224.6286,224.7264,20.3916,16.8562,28.6074,43.6404,-46.1669,80.0,0.0,230.4512,224.6286,218.806,80487519121.7376,96208998225.0
2024-11-04,0.14321524,220.99,222.79,219.71,222.01,40921729.0,221.7547,647102.0,-0.0062473294846807,-0.0611891069012181,0.009648971656379,-0.0033296450614576,226.6703,225.4876,13.2546,22.5643,16.8113,42.1854,-93.2371,100.0,0.0,235.4644,226.6703,217.8762,80469411818.613,96180886887.0
2024-11-01,0.1690021851851851,220.965,225.35,220.27,222.91,61791843.0,222.8069,859056.0,-0.005213791858103,-0.0514468085106386,0.0103578149231897,-0.0017225762327741,228.9458,227.3485,16.9223,37.4177,18.3252,35.8771,-120.9593,100.0,20.0,237.366,228.9458,220.5257,80447231431.8079,96225831355.0
2024-10-31,0.1408346666666666,229.34,229.83,225.37,225.91,60034650.0,226.6984,767796.0,-0.0026581748614686,-0.0268791729485249,0.0111731184295336,0.0001667230356737,230.6439,229.6904,37.5159,52.539,24.1167,28.388,-157.2501,100.0,40.0,236.275,230.6439,225.0129,80444661481.3748,96291108096.0
2024-10-30,0.0971258749999999,232.61,233.2299,229.55,230.1,44279666.0,230.9294,593539.0,-0.0006775933114824,-0.0072482526533782,0.0099268158067078,0.001376576848758,231.5749,231.7049,57.815,55.3375,37.2819,23.7187,-42.7907,0.0,0.0,234.4848,231.5749,228.6651,80493444192.2896,96355478182.0
2024-10-29,0.1933732727272727,233.1,234.325,232.32,233.67,31895656.0,233.5864,484029.0,-3.4980511783300194e-05,-0.0007697241821682,0.0091374762898413,0.001376576848758,231.7068,232.6339,62.2862,47.6292,59.3747,25.3315,80.1421,20.0,0.0,234.3378,231.7068,229.0757,80527306426.4069,96402549089.0
2024-10-28,0.1678251578947368,233.32,234.73,232.55,233.4,32964281.0,233.5717,557059.0,0.0009518025863198,0.0090791180285343,0.0097267272489554,0.0026197433034579,232.1443,232.2444,45.9113,43.5109,57.864,27.1832,55.8994,40.0,0.0,236.1389,232.1443,228.1497,80515029625.0777,96367131842.0
2024-10-25,0.1910540909090909,229.74,233.22,229.57,231.41,36791251.0,231.6772,551600.0,0.0017398464880011,0.0169633047681829,0.0105948909477475,0.0026197433034579,232.7596,231.795,34.6901,51.0602,46.0301,28.6407,-38.8453,60.0,20.0,237.9492,232.7596,227.57,80522975416.0502,96331044708.0
2024-10-24,0.1221958888888889,229.98,230.82,228.41,230.57,28895111.0,230.0667,490738.0,0.0007249905729778,0.0066800558854349,0.0108470253497545,0.0003864875451002,233.4768,232.1148,49.9312,66.6819,40.3752,34.0065,-102.295,80.0,40.0,238.5717,233.4768,228.3819,80522656493.0036,96292242404.0
2024-10-23,0.0873231851851852,234.08,235.144,227.76,230.76,51447561.0,231.1335,721999.0,0.0005895002415118,0.0053149777816501,0.0108739483340101,-0.0002909641122295,233.7925,233.0141,68.5593,72.9468,41.1555,37.4029,-101.7123,100.0,60.0,238.2164,233.7925,229.3686,80498001243.7381,96323351907.0
2024-10-22,0.15876255,233.885,236.22,232.6,235.86,35412947.0,234.8426,489115.0,0.0044216408994239,0.0446915001993177,0.0089536386646047,0.0039471068493049,233.9962,234.2681,81.5552,68.3216,70.3516,41.6483,40.0134,20.0,0.0,237.8534,233.9962,230.1391,80507801511.7413,96375638886.0
2024-10-21,0.1907537916666667,234.45,236.85,234.45,236.48,34128130.0,235.9263,538639.0,0.0065242272958054,0.0667147819026572,0.0095045590812238,0.0086612578303942,233.5947,233.6019,68.7258,59.2818,75.5651,44.7767,85.1177,0.0,20.0,237.1024,233.5947,230.0869,80476681324.9458,96414485464.0
2024-10-18,0.1278631428571428,236.18,236.18,234.01,235.0,43643976.0,235.2273,562442.0,0.0036413536420097,0.0361552028218699,0.0129011779825238,0.0063104923392738,232.5598,232.293,54.6836,59.8007,71.5371,41.094,93.1341,0.0,40.0,235.3359,232.5598,229.7838,80451605316.5291,96378230994.0
2024-10-17,0.1852400454545454,233.43,233.85,230.52,232.15,29019084.0,232.0685,487565.0,0.002914430264416,0.0287144946160322,0.012595312869576,0.0033018264596568,231.0715,231.0688,54.4359,68.2449,61.8482,37.2308,34.5015,0.0,60.0,235.2156,231.0715,226.9273,80455670744.953,96331799522.0
2024-10-16,0.1043041363636363,231.6,232.12,229.84,231.78,33354125.0,231.0936,551037.0,0.0022653349768205,0.0220477996295971,0.0128119069271225,0.0014145209892427,230.4502,230.6559,70.2826,79.0295,60.45,35.1766,23.189,0.0,80.0,234.8387,230.4502,226.0616,80456364308.5266,96298805712.0
2024-10-15,0.1282541111111111,233.61,237.49,232.37,233.85,60799239.0,234.85,827448.0,0.0034024960366121,0.0337739268821006,0.0122678101840265,0.0037635470320565,230.0026,230.2213,80.0163,84.8181,72.3114,35.048,148.0624,0.0,100.0,234.3172,230.0026,225.6881,80432446947.1231,96332887952.0
2024-10-14,0.1507092105263158,228.7,231.73,228.6,231.3,34386471.0,230.6959,580463.0,-0.0006141313855528,-0.0072961373390556,0.015312353762773,0.0001707564601701,228.3884,228.5356,86.7896,86.5505,65.6735,25.9106,135.707,0.0,100.0,232.1228,228.3884,224.654,80459763930.0762,96268136585.0
2024-10-11,0.2116673999999999,229.3,229.41,227.34,227.55,30412936.0,228.0383,485404.0,2.507350724888501e-05,-0.0010536020018436,0.0161244718926002,0.0001707564601701,226.4685,227.2806,87.6485,76.3317,52.1888,21.0952,51.1258,20.0,60.0,232.1352,226.4685,220.8019,80430839862.0411,96228254500.0
2024-10-10,0.1376363,227.78,229.5,227.17,229.04,27135650.0,228.5405,446786.0,0.000794285783475,0.0066807313642758,0.01597739401089,0.0018532456818717,226.3187,227.2711,85.2135,59.201,59.6355,20.9443,90.5759,40.0,80.0,231.9289,226.3187,220.7085,80456155156.8237,96260013688.0
2024-10-09,0.1307438823529411,225.23,229.75,224.83,229.54,31586075.0,228.2639,519212.0,0.0015201305886272,0.0140036223881259,0.0159907331842124,0.0037635470320565,225.6454,226.5127,56.1332,38.4361,62.0108,20.7557,126.4626,60.0,100.0,230.6879,225.6454,220.603,80439099879.1242,96288197232.0
2024-10-08,0.1648450769230769,224.3,225.98,223.25,225.77,30387437.0,225.0202,495458.0,-0.0005895221605559,-0.0070369881690632,0.0152222686539178,0.0018532456818717,225.0941,225.1254,36.2565,31.0699,49.9971,20.52,-3.0874,80.0,0.0,228.8658,225.0941,221.3223,80408376320.2827,96254606141.0
2024-10-07,0.0411313,224.5,225.69,221.33,221.69,37595470.0,223.3102,607187.0,-0.0020325263075611,-0.0211065483286967,0.0139872129019557,0.0018532456818717,225.182,224.9273,22.9186,29.0847,31.1449,20.2436,-161.2556,100.0,0.0,229.0095,225.182,221.3544,80381421503.1288,96222750448.0
2024-10-04,0.1261301538461538,227.9,228.0,224.13,226.8,35647254.0,225.8453,558114.0,-0.0005375468115592,-0.0061349693251531,0.0124284998415168,0.0018532456818717,227.4415,226.6678,34.0347,39.7062,50.053,18.8263,-29.2877,60.0,20.0,232.8086,227.4415,222.0743,80414403037.2022,96262255802.0
2024-10-03,0.0830471428571428,225.14,226.805,223.32,225.67,32633355.0,224.9801,516279.0,-0.0013310205726443,-0.0139817363568837,0.0123018134655439,-0.0008703585944814,227.6393,226.7265,30.3008,50.0523,44.0432,23.0813,-74.5759,80.0,40.0,232.9329,227.6393,222.3456,80400217689.8999,96224910704.0
2024-10-02,0.1634529444444444,225.89,227.37,223.02,226.78,31929459.0,226.0301,504646.0,0.0028649972876378,0.0275952693823919,0.0167298513140531,0.0018532456818717,228.26,227.6294,54.7831,62.967,48.6427,25.7081,-84.4206,100.0,60.0,233.1286,228.26,223.3914,80388348636.2497,96258954862.0
2024-10-01,0.1098752608695652,229.52,229.65,223.74,226.21,59761880.0,225.9623,832034.0,0.0044119950048656,0.0434521887540941,0.0173308583012114,0.0025803725784788,228.178,228.0541,65.0731,59.4886,46.3406,28.9916,-55.161,100.0,80.0,233.1561,228.178,223.1999,80364387367.7784,96226074257.0
2024-09-30,0.1286453125,230.04,233.0,229.65,233.0,52877673.0,231.9696,710005.0,0.0075434288050535,0.0771079881656806,0.0133592526624256,0.0030733716983949,228.41,228.9762,69.0447,51.988,80.8968,34.4041,163.1113,40.0,100.0,233.0994,228.41,223.7206,80374774253.8292,96289359305.0
2024-09-27,0.1363031538461538,228.46,229.52,227.3,227.79,31421839.0,228.1557,504046.0,0.0024787063694966,0.0237752808988769,0.0159393540559769,0.0016797079806756,227.104,226.9643,44.3479,46.0302,64.7709,29.8409,124.6914,60.0,0.0,228.2547,227.104,225.9533,80319980862.8292,96234565914.0
2024-09-26,0.1843667857142857,227.3,228.5,225.41,227.52,34812774.0,227.2682,433069.0,0.0022388342444746,0.0213224401849443,0.015975001841156,0.0004803473555658,227.186,226.5515,42.5713,53.7027,63.4933,29.3316,-25.9774,80.0,20.0,228.5577,227.186,225.8143,80338986357.9103,96200539947.0
2024-09-25,0.0953224117647058,224.93,227.29,224.02,226.37,39976689.0,225.8328,564547.0,0.0017802190743136,0.0166621755142368,0.015952663337629,-0.0003589928110958,227.456,226.0672,51.1715,65.3908,58.3459,30.6488,-129.8655,0.0,40.0,229.3975,227.456,225.5145,80325588468.2954,96163903240.0
2024-09-24,0.2147464615384615,228.645,229.35,225.73,227.37,41499749.0,227.2442,519517.0,0.0033785424881444,0.0329835082458771,0.0160539480138766,0.00133336693393,226.32,225.9158,67.3654,74.4907,64.6912,34.6147,26.8034,0.0,60.0,232.1755,226.32,220.4645,80307086492.011,96206211955.0
2024-09-23,0.0572268888888888,227.34,229.45,225.81,226.47,50709047.0,227.0625,693243.0,0.0026190004311107,0.0251686207052646,0.0161869323491525,-0.0003589928110958,224.204,225.1887,77.6353,73.0669,61.6916,34.973,42.0613,0.0,80.0,233.5929,224.204,214.8151,80311177393.4253,96162655887.0
2024-09-20,0.1622465714285714,229.97,233.09,227.62,228.2,278588717.0,229.0164,971653.0,0.0034178645326537,0.0334208857893305,0.0158576005299556,0.0004507992725935,222.174,224.5481,78.4713,60.4076,70.962,35.22,94.7783,20.0,100.0,233.0039,222.174,211.3441,80345688045.4473,96216801910.0
2024-09-19,0.119573875,224.99,229.82,224.63,228.87,65015591.0,228.385,808483.0,0.0030091052039988,0.0291842791617953,0.016067191593544,0.0004507992725935,221.034,222.7221,63.094,48.8133,74.4272,31.4216,126.9261,40.0,100.0,230.1512,221.034,211.9168,80596786823.7435,96535481798.0
2024-09-18,0.2050976956521739,217.55,222.71,217.54,220.69,59023399.0,220.4441,832968.0,-4.673600951865531e-06,-0.0007244736246322,0.0116027205384223,0.0004507992725935,219.814,219.6481,39.6574,47.0875,51.1087,29.3437,21.6438,60.0,40.0,225.3329,219.814,214.2951,80554453388.994,96468700483.0
2024-09-17,0.1260384,215.75,216.9,214.5,216.79,44001409.0,216.1735,651393.0,-0.0026655250454273,-0.0268438299591511,0.0101283399443231,-0.0004022203057706,220.208,219.1272,43.6885,58.0771,25.037,35.7729,-80.5558,80.0,60.0,226.1832,220.208,214.2328,80541362234.5181,96408805555.0
2024-09-16,0.1011325652173913,216.54,217.22,213.92,216.32,58316431.0,215.9298,870701.0,-0.0056033197729537,-0.0553711790393015,0.0123219943596506,-0.0024166983317994,220.872,220.2958,57.9164,63.2539,20.9741,30.1111,-140.5249,100.0,80.0,225.8319,220.872,215.9121,80500015501.5931,96363286216.0
2024-09-13,0.1699292222222222,223.58,224.04,221.91,222.5,36462779.0,222.925,541838.0,-0.0031695838411235,-0.0317246181295968,0.0098599078763239,-0.0023249669850167,221.79,222.2837,72.6263,59.5915,48.7905,23.0339,99.6728,20.0,0.0,223.9474,221.79,219.6326,80473034852.9568,96422643643.0
2024-09-12,0.2238138260869565,222.5,223.55,219.82,222.77,36818998.0,222.3887,556880.0,-0.0015913646322892,-0.0164245662060138,0.011216671516326,-0.0015151749013274,221.454,222.1755,59.2189,46.3598,51.162,27.7797,75.2715,40.0,0.0,223.5876,221.454,219.3204,80489433110.2572,96459410262.0
2024-09-11,0.1513030909090909,221.455,223.09,217.89,222.66,42551999.0,221.1679,609436.0,-0.0023161170437,-0.0235495329561901,0.0112924014069037,-0.0035296529273561,221.376,221.8783,46.9292,36.8159,50.3759,31.9288,7.7418,60.0,20.0,223.3327,221.376,219.4193,80467617789.0106,96421912037.0
2024-09-10,0.1885963243243242,218.92,221.48,216.73,220.11,51131372.0,219.5763,684884.0,-0.0031004760426814,-0.0311206972444757,0.0105474255429037,-0.0035296529273561,221.014,221.4875,32.9313,29.9965,29.2571,35.6065,-68.4121,80.0,0.0,222.4995,221.014,219.5285,80430404732.7644,96377324965.0
2024-09-09,0.1795038181818182,220.82,221.27,216.71,220.91,65865433.0,219.3513,945401.0,-0.0025884522335006,-0.0261417739375771,0.0106336384262302,-0.0015151749013274,221.546,222.1762,30.5871,26.4838,32.7558,34.952,-91.9056,100.0,0.0,223.2453,221.546,219.8467,80408573579.8529,96428915998.0
2024-09-06,0.1751034166666666,223.95,225.24,219.77,220.82,45965359.0,221.6809,663919.0,-0.0016003936628401,-0.0165234044448404,0.0113040301767146,-0.0009695338814523,223.164,222.8093,26.4712,26.5137,32.0242,33.4754,-48.769,60.0,0.0,229.209,223.164,217.119,80352000977.7476,96361736033.0
2024-09-05,0.1588605625,221.625,225.48,221.52,222.38,34772036.0,223.133,587991.0,-0.0017248634606618,-0.0177561837455831,0.0113696282937001,-0.0009695338814523,224.958,223.804,22.3931,32.7499,37.7139,35.8521,-43.4061,80.0,20.0,232.3334,224.958,217.5826,80381833801.7092,96410159044.0
2024-09-04,0.1269686666666666,221.66,221.78,217.48,220.85,42699700.0,219.9426,679903.0,-0.0024662043415682,-0.0249878592556621,0.0110175137409319,-0.0019617756770467,225.78,224.5159,30.6767,43.671,27.6247,41.6798,-127.2056,100.0,40.0,232.7265,225.78,218.8335,80402545541.992,96373543646.0
2024-09-03,0.0844258461538461,228.55,229.0,221.17,222.77,49286866.0,223.8154,813544.0,-0.0013298589899011,-0.0138120324051527,0.0109098254659083,0.0005066120220744,227.216,226.3489,45.1799,54.8174,32.9893,39.3738,-135.933,100.0,60.0,232.177,227.216,222.255,80377996442.1037,96416806404.0
2024-08-30,0.1880945555555555,230.19,230.4,227.48,229.0,50340308.0,228.9102,594026.0,0.0013198842268582,0.0130502101305023,0.0067147831073401,0.0005066120220744,228.098,228.1384,55.1563,62.0844,66.5239,41.0764,44.935,20.0,80.0,230.4829,228.098,225.7131,80407674904.1241,96466996978.0
2024-08-29,0.1620604615384615,230.1,232.92,228.88,229.79,51072782.0,231.0131,723070.0,0.0022555240175251,0.0225614097543604,0.0066380662606013,0.0021217762824232,227.666,227.7076,64.1161,69.1538,74.1727,41.8667,166.6667,40.0,100.0,230.0232,227.666,225.3088,80405497201.2474,96519987748.0
2024-08-28,0.1192149032258064,227.92,229.86,225.68,226.49,36936833.0,227.4445,563091.0,0.0021515639585154,0.0215136207829695,0.0064498626545316,0.0021217762824232,226.614,226.6664,66.9807,67.0863,58.0568,35.002,88.1742,60.0,100.0,228.9352,226.614,224.2928,80434019968.4108,96468081451.0
2024-08-27,0.1213609615384615,225.995,228.85,224.89,228.03,35071175.0,227.7868,491807.0,0.0030302851398483,0.0305509106521444,0.005735848194719,0.0023892066068332,226.596,226.7545,76.3646,63.5975,75.6888,31.4962,138.4402,80.0,100.0,228.9222,226.596,224.2698,80457324644.8509,96506133618.0
2024-08-26,0.1820278571428571,226.76,227.28,223.8905,227.18,27855445.0,225.9536,565367.0,0.0043754355701973,0.0443616972371623,0.0071483057428932,0.0023892066068332,226.292,226.1168,57.9137,59.1438,71.9237,29.8124,-20.8442,0.0,60.0,228.1365,226.292,224.4475,80436272074.9318,96470199059.0
2024-08-23,0.1509357692307692,225.6589,228.22,224.33,226.84,38051965.0,226.5769,555099.0,0.0049377218495477,0.0502252112172039,0.0071210141715656,0.0043315875366362,226.034,225.5852,56.5144,67.4957,70.4597,33.2276,58.4894,20.0,80.0,227.6571,226.034,224.4109,80407475573.2601,96439596851.0
2024-08-22,0.1045334117647058,227.79,228.34,223.9,224.53,38144864.0,225.6144,586130.0,0.005282493837254,0.0538092206993321,0.0074476850766618,0.0043315875366362,225.876,224.9578,63.0032,78.9082,58.7765,34.9696,-25.3495,0.0,100.0,227.2955,225.876,224.4565,80396240279.5583,96400919601.0
2024-08-21,0.1482285833333333,226.52,227.98,225.05,226.4,33953349.0,226.4472,506589.0,0.0077717960424422,0.0802601944344212,0.0066193904593711,0.0065200964686337,225.914,225.1717,82.9695,88.6255,79.015,37.1473,87.9415,0.0,100.0,227.1903,225.914,224.6377,80427535577.0313,96444614922.0
2024-08-20,0.0891782857142857,225.77,227.17,225.45,226.51,29528757.0,226.5304,498745.0,0.0090701780614387,0.0942929132634018,0.0061274714567764,0.009809953513809,224.978,224.5576,90.7517,92.0114,80.3165,34.4851,93.9306,0.0,100.0,228.4431,224.978,221.5129,80430264607.8845,96479380402.0
2024-08-19,0.164299,225.72,225.99,223.04,225.89,39167926.0,224.8178,606301.0,0.00782089096495,0.0806594727872065,0.0082095706386822,0.009809953513809,223.93,223.5814,92.1554,93.1346,78.7373,32.5451,57.5078,0.0,80.0,228.0209,223.93,219.8391,80423218321.1404,96449081369.0
2024-08-16,0.1210574999999999,223.92,226.8271,223.6501,226.05,42388970.0,225.4078,562568.0,0.0030749702283158,0.029335903542534,0.0187367014555112,0.009809953513809,222.258,222.427,93.1272,93.1255,80.0634,32.1627,100.5357,0.0,100.0,228.195,222.258,216.321,80385289003.937,96489769182.0
2024-08-15,0.1800729411764705,224.6,225.35,222.76,224.72,44961298.0,224.545,590509.0,0.0031700615955232,0.0303089541493879,0.0187532970037541,0.009809953513809,220.2464,220.6155,94.1212,93.5116,77.5489,29.6015,104.422,0.0,100.0,226.489,220.2464,214.0037,80362640171.242,96445428942.0
2024-08-14,0.1279433076923077,220.57,223.03,219.7,221.72,40535664.0,221.5032,568467.0,0.0001419316385351,-0.0004736337006618,0.0192734610523141,0.0069955533046704,217.9154,218.5633,92.1279,89.3909,70.9337,28.3703,88.4615,0.0,100.0,224.4332,217.9154,211.3976,80338805948.3501,96399014929.0
2024-08-13,0.2600642857142857,219.01,221.89,219.01,221.27,42281135.0,220.8583,553206.0,0.0014376461151038,0.0124510889292115,0.0197858182992663,0.009809953513809,215.4872,216.985,94.2858,81.1894,69.8683,30.2304,114.7342,0.0,100.0,223.4189,215.4872,207.5555,80329859399.5393,96357054355.0
2024-08-12,0.1399177647058823,216.07,219.5099,215.6,217.53,36533169.0,217.5472,602475.0,-2.505872905894657e-05,-0.0021077712609975,0.0190956330030146,0.0069955533046704,212.6316,214.8425,81.7589,65.6617,60.1587,34.3124,111.0714,0.0,100.0,220.4595,212.6316,204.8038,80304715391.6087,96312899024.0
2024-08-09,0.0721059,212.1,216.78,211.97,216.24,40764531.0,215.1632,589409.0,-0.0006087664518389,-0.0078913562121492,0.0189569611546362,0.0047176862014302,210.9316,213.4987,67.5234,52.7931,55.4334,42.6134,114.9937,20.0,0.0,217.3268,210.9316,204.5364,80305200724.1724,96274870932.0
2024-08-08,0.0759658076923076,213.11,214.2,208.83,213.31,45466136.0,212.5961,628674.0,-0.0017662522982554,-0.0192192744493997,0.0183906740824915,0.0023635006510563,211.6548,212.2522,47.7027,44.1182,45.6157,47.6445,15.4615,40.0,20.0,220.5171,211.6548,202.7924,80272474707.6277,96232669286.0
2024-08-07,0.115246238095238,206.9,213.64,206.39,209.82,60109650.0,210.7375,741607.0,-0.0039100440147879,-0.0399011622586253,0.0173404107102888,0.0017228291403968,212.6636,211.8457,43.1532,41.1566,31.1664,48.6831,-28.825,60.0,40.0,222.9693,212.6636,202.3579,80240946118.259,96185508137.0
2024-08-06,0.0473531153846153,205.3,209.99,201.07,207.23,69545387.0,206.739,921946.0,-8.031202010427841e-07,-0.004372057269146,0.0169628665486527,0.0031704462106859,221.431,217.2793,41.4987,43.74,48.178,27.7708,-164.8256,96.6667,46.6667,236.2096,221.431,206.6524,80244362863.4489,96121991720.0
2024-08-05,0.12602412,199.09,213.5,196.0,209.27,119382508.0,207.801,1661493.0,0.0004285586568247,0.0085787266856232,0.0168734922480465,0.0034537955548722,221.4613,217.9724,38.818,46.8009,49.417,28.159,-166.7587,100.0,50.0,236.1265,221.4613,206.7962,80217810659.5028,96191652208.0
2024-08-02,0.2085592727272727,219.15,225.6,217.71,219.86,102635321.0,221.9519,1132479.0,0.0016859762747025,0.0485501716901946,0.014434567942221,0.0034537955548722,221.402,218.5725,50.9033,50.6984,56.7394,28.5606,-5.1254,6.6667,53.3333,236.2769,221.402,206.5271,80156055274.0993,96311200797.0
2024-08-01,0.1998631428571428,224.37,224.48,217.02,218.36,61125243.0,219.4773,876046.0,0.0007398998389212,0.0189929534742636,0.0149835142261461,0.0028493317488784,221.0627,218.4837,50.6816,44.3777,55.8435,29.1061,-12.968,10.0,56.6667,236.516,221.0627,205.6094,80204089637.9016,96205632237.0
2024-07-31,0.1077380769230769,221.44,223.82,220.63,222.08,48422974.0,222.3441,668833.0,0.0009321089745199,0.0249688466331285,0.01479369361416,0.0028493317488784,220.927,218.4923,50.5103,35.9918,58.7607,29.7239,11.9184,13.3333,60.0,236.5434,220.927,205.3106,80244137192.9793,96268133233.0
2024-07-30,0.15583346875,219.19,220.325,216.12,218.8,40681625.0,218.4059,584305.0,0.0010881307985673,0.0296955150830628,0.0149648339765426,0.0028493317488784,220.7467,218.2448,31.9413,25.5753,56.839,30.1381,-24.5205,16.6667,63.3333,236.4305,220.7467,205.0629,80248685944.0702,96218096971.0
2024-07-29,0.099921975609756,216.96,219.3,215.75,218.24,35153729.0,218.1319,604680.0,0.0007303177430562,0.0186706497386111,0.0150532900738031,0.0026468499952426,220.5363,218.2066,25.5239,21.8412,56.5045,30.7314,-28.61,20.0,66.6667,236.4859,220.5363,204.5867,80237247505.2593,96176453131.0
2024-07-26,0.1081509354838709,218.7,219.49,216.01,217.96,39827645.0,217.8992,608504.0,0.0008705348683491,0.0229502041582572,0.0150773723587494,0.0034537955548722,220.403,218.2042,19.2607,19.1644,56.3409,31.3954,-26.4274,23.3333,70.0,236.4934,220.403,204.3126,80222620507.3607,96140141353.0
2024-07-25,0.0916322666666666,218.93,220.85,214.62,217.49,50451768.0,218.12,737563.0,0.0017511117346134,0.0499155201544769,0.0158772463265373,0.0038804210106845,220.24,218.2211,20.7391,18.9134,56.0729,32.0665,-26.0858,0.0,73.3333,236.524,220.24,203.956,80217599655.378,96098540008.0
2024-07-24,0.1576551851851851,224.0,224.8,217.13,218.54,59687424.0,219.0874,816074.0,0.0043329031513632,0.1316280033140011,0.0202864409602859,0.0042270392222927,219.8953,218.2715,17.4934,16.2754,56.8263,32.7608,2.5291,0.0,76.6667,236.8226,219.8953,202.9681,80221641659.7937,96149931207.0
2024-07-23,0.1692868571428571,224.365,226.94,222.68,225.01,37919040.0,225.0222,551646.0,0.004653120821845,0.1428208644420738,0.0198323757602365,0.0042270392222927,219.048,218.253,18.5077,16.3933,61.7694,33.3298,47.5351,3.3333,80.0,238.516,219.048,199.58,80260705707.1992,96211708783.0
2024-07-22,0.1599679,227.01,227.78,223.09,223.96,44958139.0,225.0185,704830.0,0.004909910239908,0.1515837104072392,0.0198809833266603,0.0042270392222927,218.1107,217.787,12.8251,23.4325,61.2405,33.5577,52.8013,6.6667,83.3333,238.9964,218.1107,197.2249,80256953570.11,96171748523.0
2024-07-19,0.1413148636363636,224.82,226.8,223.275,224.31,48020038.0,224.7356,612739.0,0.0047253701390476,0.1451983458416295,0.0199656989844104,0.0042270392222927,217.128,217.3613,17.8472,39.3145,61.5147,33.7653,56.6665,10.0,86.6667,239.5388,217.128,194.7172,80287272421.5492,96219950358.0
2024-07-18,0.1674230833333333,230.28,230.44,222.27,224.18,64346030.0,225.181,844538.0,0.0049667384870915,0.1534859789040388,0.0199578922437513,0.0049796497910279,216.18,216.882,39.6252,58.7473,61.4528,34.0178,67.9149,13.3333,90.0,239.6752,216.18,192.6848,80307560468.1066,96170798905.0
2024-07-17,0.0888858666666666,229.45,231.4599,226.64,228.88,55878906.0,228.8396,811024.0,0.0057062054054323,0.1796114002989226,0.0194025754861725,0.0049796497910279,215.1857,216.3787,60.4712,67.9011,65.1177,34.2791,96.7901,16.6667,93.3333,239.7433,215.1857,190.628,80342719641.2707,96236833490.0
2024-07-16,0.15955875,235.0,236.27,232.33,234.82,38468546.0,234.2992,623906.0,0.0068580303726198,0.2214304291287392,0.0185341871920529,0.0056511016085338,214.024,215.5166,76.1455,72.771,70.2349,34.2551,141.1644,0.0,96.6667,239.1706,214.024,188.8774,80346763680.7677,96294179374.0
2024-07-15,0.15911536,236.48,237.23,233.09,234.4,60513737.0,234.9202,822606.0,0.0069655886838308,0.2253646296199483,0.0185138262207405,0.0056511016085338,212.605,214.1853,67.0866,74.7277,70.0742,33.7983,152.474,3.3333,100.0,237.7017,212.605,187.5083,80335351587.0824,96250945096.0
2024-07-12,0.1685992999999999,228.92,232.64,228.68,230.54,51621443.0,230.9692,706216.0,0.0065826499689406,0.211519260076725,0.0184262273379645,0.0053731450192379,211.168,212.7912,75.0808,85.0394,68.5661,33.264,131.365,0.0,93.3333,236.0442,211.168,186.2918,80358346636.1259,96188313844.0
2024-07-11,0.1257833333333333,231.39,232.39,225.77,227.57,63197762.0,228.4762,889216.0,0.006200253338638,0.197799884204431,0.018407051521329,0.0051368475531817,209.8263,211.5671,82.0156,92.6897,67.342,32.8446,124.1369,0.0,96.6667,234.7203,209.8263,184.9324,80361561577.1562,96135267317.0
2024-07-10,0.18517221875,229.3,233.08,229.25,232.98,61539280.0,231.6381,782437.0,0.0069760371535788,0.2263396146962832,0.0176245296966861,0.0051368475531817,208.5737,210.4635,98.0217,98.5879,72.2997,32.4183,149.7054,0.0,100.0,233.552,208.5737,183.5953,80391082130.5308,96199977934.0
2024-07-09,0.1253168260869565,227.93,229.4,226.3721,228.68,47531745.0,228.2117,651012.0,0.0069021910411272,0.2236729452054791,0.0175794014926532,0.0051368475531817,207.1403,208.9106,98.0319,99.0504,70.6389,31.6902,133.86,0.0,100.0,231.2728,207.1403,183.0079,80331724818.831,96137350247.0
2024-07-08,0.1827231599999999,227.09,227.85,223.25,227.82,57456163.0,226.3221,790011.0,0.0060744225197051,0.1933996856993181,0.0182779514017823,0.0051368475531817,205.747,207.5472,99.7102,98.6364,70.2945,31.0368,129.4066,3.3333,100.0,229.5688,205.747,181.9252,80306463462.6589,96089180425.0
2024-07-05,0.1319013333333333,221.65,226.45,221.65,226.34,58287571.0,224.943,767327.0,0.0056051832881965,0.1767091239927209,0.0184399849298588,0.0047433523249718,204.5163,206.1491,99.4092,91.2752,69.7035,30.4051,128.9719,6.6667,100.0,227.4477,204.5163,181.5849,80248148286.8023,96030094564.0
2024-07-03,0.2370622083333333,220.0,221.55,219.03,221.55,36707517.0,220.6457,566735.0,0.0051130766536925,0.1597047738693462,0.0182014711763493,0.0047433523249718,203.3833,204.7566,96.7898,82.1446,67.6923,29.7922,112.68,10.0,100.0,225.2225,203.3833,181.5442,80190504780.8357,95969682156.0
2024-07-02,0.2125894666666666,216.15,220.38,215.1,220.27,57112299.0,219.183,689939.0,0.0051247786817954,0.1601095486385417,0.0182020289962149,0.0047433523249718,202.3663,203.5985,77.6267,72.6729,67.1286,29.3106,107.4845,13.3333,100.0,223.5588,202.3663,181.1739,80153134979.8357,95932312355.0
2024-07-01,0.14234145,212.09,217.51,211.92,216.75,59475152.0,215.4872,784772.0,0.0045887160179654,0.1417509481668768,0.0181033306442666,0.0042270392222927,201.353,202.4487,72.0174,67.1541,65.5299,28.8514,94.4198,16.6667,60.0,221.9223,201.353,180.7837,80097507392.5857,95874266177.0
2024-06-28,0.1879998095238095,215.77,216.07,210.3,210.62,80927625.0,212.5954,729816.0,0.0036396481043992,0.1101623445076955,0.0175304696950046,0.003559306548877,200.456,201.4624,68.3745,55.7783,62.456,28.4752,81.0443,20.0,63.3333,220.604,200.456,180.308,80053528873.6179,95813863248.0
2024-06-27,0.147555304347826,214.69,215.7395,212.35,214.1,48631748.0,213.9094,644311.0,0.004588714156265,0.1422931227658319,0.0171952753817062,0.0042270392222927,199.7593,200.8309,61.0703,37.0255,65.6697,28.1377,100.0577,0.0,66.6667,219.8987,199.7593,179.62,80126916073.5035,95896405966.0
2024-06-26,0.1917905333333333,211.5,214.86,210.64,213.25,64531178.0,213.1428,769036.0,0.0046616331645977,0.1447820485290958,0.0171972028298429,0.0047433523249718,198.8703,199.9157,37.8902,19.3318,65.2475,27.6197,101.4239,0.0,70.0,218.752,198.8703,178.9887,80125293449.4812,95846633259.0
2024-06-25,0.1214947878787878,209.15,211.38,208.61,209.07,54266550.0,209.7069,621125.0,0.0045833714440672,0.1421469543840476,0.0171324732994062,0.0047433523249718,197.9713,198.9961,12.116,14.1452,63.0896,27.113,87.6865,0.0,73.3333,217.6084,197.9713,178.3343,80109603121.0452,95780420073.0
2024-06-24,0.1571826176470587,207.72,212.7,206.59,208.14,76303387.0,209.3985,916066.0,0.0042050712890381,0.1292423828023334,0.0172556958665915,0.0040756196515561,197.104,198.3014,7.9892,26.8283,62.59,26.7092,92.8202,0.0,76.6667,217.0004,197.104,177.2076,80147480614.1138,95723706205.0
2024-06-21,0.1048028235294117,210.39,211.89,207.11,207.49,204018186.0,208.6028,881776.0,0.0044344561814268,0.1369890492406444,0.0172856288591919,0.0051368475531817,196.3099,197.6229,22.3304,48.031,62.2447,26.2914,101.039,0.0,80.0,216.2825,196.3099,176.3374,80187249564.6964,95642979199.0
2024-06-20,0.1644195128205128,213.93,214.24,208.85,209.68,83863022.0,210.647,1005250.0,0.0048447402455869,0.1511314136200923,0.0170723588299758,0.0051368475531817,195.4766,196.9424,50.1654,67.0297,64.1737,25.8874,130.6622,0.0,83.3333,215.5993,195.4766,175.354,80394490953.6211,95889400552.0
2024-06-18,0.202064275,217.59,218.63,213.0,214.29,78534656.0,214.7421,919913.0,0.0056884123270735,0.1809073025054652,0.0163594839546848,0.0051368475531817,194.559,196.0639,71.5972,75.402,68.4931,25.334,187.2083,0.0,86.6667,214.5172,194.559,174.6008,80454124208.2092,95975573003.0
2024-06-17,0.1744712285714285,213.37,218.95,212.72,216.67,92964543.0,216.4079,1034894.0,0.0057510014461291,0.1831492879064216,0.0162990564365431,0.0051368475531817,193.4647,194.8069,79.3266,79.677,70.8738,24.4177,224.0684,3.3333,90.0,212.5567,193.4647,174.3728,80497432720.5894,96055516257.0
2024-06-14,0.16501965,213.85,215.17,211.3,212.49,69150814.0,212.7632,793665.0,0.0070891582090428,0.2297301484919003,0.0188373070998386,0.0051368475531817,192.3467,193.2991,75.2822,74.7181,69.0472,23.4698,231.2995,0.0,93.3333,209.7234,192.3467,174.9701,80472308120.1078,95961787957.0
2024-06-13,0.2045752105263158,214.74,216.75,211.6,214.24,96562134.0,214.013,1032908.0,0.0080958350524818,0.2671742330237152,0.0188019628975839,0.0053731450192379,191.0235,191.9756,84.4222,73.8059,70.8452,22.5947,278.4769,0.0,96.6667,208.1062,191.0235,173.9409,80499306284.0665,96031910705.0
2024-06-12,0.19942944,207.37,220.2,206.9,213.07,197067068.0,215.2738,1860933.0,0.0077112271120713,0.2526331223322409,0.0189685831378891,0.0051368475531817,189.5178,190.4402,64.4498,66.0077,70.3462,21.6643,288.9021,3.3333,100.0,206.1054,189.5178,172.9303,80496835962.7519,95934047976.0
2024-06-11,0.2297798199999999,193.65,207.16,193.63,207.15,169677009.0,203.1517,1601717.0,0.006149586503501,0.1955787579494741,0.0191142944428307,0.0044079087896861,188.0854,188.8795,72.5457,72.2481,67.6365,20.7018,173.7749,6.6667,100.0,203.6824,188.0854,172.4884,80511137385.4045,95735913683.0
2024-06-10,0.2091108510638298,196.9,197.3,192.15,193.12,95034362.0,194.4454,1115208.0,0.0045548832702614,0.1422548911572996,0.0150668991974063,0.0044079087896861,186.9559,187.6195,61.0276,74.0604,59.068,20.1383,81.562,10.0,100.0,201.7543,186.9559,172.1574,80339018891.0246,95563540387.0
2024-06-07,0.1354374375,194.65,196.94,194.14,196.89,52508446.0,195.8927,505896.0,0.0050773803405664,0.1605091643967315,0.0144968766859168,0.0044079087896861,186.1542,187.2401,83.1709,81.7479,63.4302,20.0374,102.7085,0.0,100.0,202.092,186.1542,170.2163,80399642438.0479,95660802464.0
2024-06-06,0.1572297428571428,195.685,196.5,194.17,194.48,39591471.0,195.3477,550051.0,0.0048358903438612,0.1522045349008245,0.0144332191243705,0.0044079087896861,185.2465,186.5746,77.9828,82.0114,61.6815,19.7408,96.0466,0.0,96.6667,201.7278,185.2465,168.7651,80348435094.3337,95607698552.0
2024-06-05,0.165902,195.4,196.9,194.87,195.87,53100041.0,195.8699,648218.0,0.0054958490279352,0.1751798015419765,0.0143247619850041,0.0050829390269264,184.3901,186.0294,84.0902,82.8788,63.371,19.4581,107.2095,0.0,100.0,201.5203,184.3901,167.2599,80378658612.6298,95648880305.0
2024-06-04,0.1555256538461538,194.635,195.32,193.0342,194.35,46573003.0,194.3005,575237.0,0.0054482077361322,0.1735132232381764,0.0143193256191576,0.0050829390269264,183.4169,185.3507,83.9612,78.7982,62.2788,19.0983,96.4091,0.0,100.0,201.1352,183.4169,165.6985,80379458959.2062,95594723520.0
2024-06-03,0.1295664285714285,192.9,194.99,192.52,194.03,48702790.0,193.7882,700898.0,0.0055629303891428,0.1775454297136891,0.0143022063259465,0.0051191144673572,182.459,184.7301,80.5852,71.1945,62.0486,18.8093,95.982,0.0,100.0,200.8054,182.459,164.1126,80372277392.2795,95547252075.0
2024-05-31,0.1316058,191.44,192.57,189.91,192.25,71937580.0,191.5904,618138.0,0.0048472163454278,0.1524938031189258,0.0146327686176122,0.0050547336504782,181.4838,184.0887,71.8482,62.5999,60.7604,18.528,80.1656,3.3333,90.0,200.3685,181.4838,162.5991,80361125855.2552,95497171536.0
2024-05-30,0.0830563125,190.76,192.18,190.63,191.29,48211467.0,191.4073,568919.0,0.0044894548812833,0.1401860342607401,0.0147549016626829,0.0044440842301168,180.6359,183.5259,61.1503,50.987,60.0535,18.3684,81.4305,6.6667,93.3333,199.7932,180.6359,161.4786,80304050772.7214,95422013259.0
2024-05-29,0.1404611071428571,189.61,192.247,189.51,190.29,51934816.0,191.1313,603438.0,0.0040427049526223,0.1249845791046211,0.0149268538469517,0.0028306472285219,179.8519,182.9904,54.8013,42.5824,59.3155,18.1385,80.1108,10.0,96.6667,199.1257,179.8519,160.5782,80311462402.6762,95372065318.0
2024-05-28,0.1874819285714285,191.51,193.0,189.1,189.99,51021752.0,190.8353,702124.0,0.0033511608036121,0.1016820793596717,0.0154947478552853,0.0028306472285219,179.1472,182.487,37.0093,40.6031,59.0964,17.9008,84.749,13.3333,100.0,198.3888,179.1472,159.9057,80334283394.5768,95318997302.0
2024-05-24,0.138378909090909,188.82,190.58,188.0404,189.98,35429737.0,189.7127,492815.0,0.0026206230742658,0.0775387404539844,0.0161364022926211,0.0028306472285219,178.5627,181.9695,35.9365,53.472,59.0893,17.6548,81.6861,16.6667,93.3333,197.5144,178.5627,159.611,80362702294.0948,95266717251.0
2024-05-23,0.1378714827586206,190.98,191.0,186.625,186.88,48553611.0,188.2595,573924.0,0.0023552368976945,0.0690998103933602,0.0159691060530455,0.0028306472285219,178.107,181.4171,48.8635,70.2,56.8443,17.5259,77.0802,20.0,96.6667,196.5903,178.107,159.6237,80343540372.6465,95230390276.0
2024-05-22,0.0840301071428571,192.265,192.8231,190.27,190.9,33510741.0,191.4481,452301.0,0.0044995400870153,0.1393534456696243,0.0169689308844431,0.0044440842301168,177.7044,181.0403,75.6158,81.8514,61.0434,17.3925,108.1242,23.3333,100.0,195.9302,177.7044,159.4786,80388600463.2202,95281396200.0
2024-05-21,0.113595875,191.09,192.73,190.9201,192.35,41192656.0,192.2516,502712.0,0.0043795091275664,0.1352195523527544,0.0170661146086442,0.0044440842301168,176.9261,180.3604,86.1208,85.1462,62.6572,16.9475,123.0117,26.6667,100.0,194.8226,176.9261,159.0296,80406149339.5375,95316044747.0
2024-05-20,0.1360256315789474,189.325,191.9199,189.01,191.04,43637717.0,191.0833,566877.0,0.0043923525447115,0.1356539763671032,0.0170681192750297,0.0044440842301168,176.1624,179.5335,83.8177,85.6794,61.7747,16.4296,124.1757,30.0,100.0,193.3003,176.1624,159.0245,80381606193.4466,95273735346.0
2024-05-17,0.1402755294117647,189.51,190.81,189.18,189.87,39819440.0,189.925,478115.0,0.0039648314593882,0.1211777001708576,0.0171787057608864,0.0028306472285219,175.4017,178.74,85.5,87.024,60.9784,15.9306,130.8581,33.3333,96.6667,191.8422,175.4017,158.9612,80364072978.4298,95229374071.0
2024-05-16,0.0332972608695652,190.47,191.095,189.6601,189.84,51938566.0,190.1107,566892.0,0.0041096250748025,0.126047111850267,0.017164309494812,0.0041495478223237,174.7177,177.9724,87.7204,84.373,60.9583,15.4649,148.583,36.6667,100.0,190.3827,174.7177,159.0526,80370404715.393,95188091146.0
2024-05-15,0.0868637391304347,187.91,190.65,187.37,189.72,67561123.0,189.651,727552.0,0.0039254605197683,0.1198297054695811,0.0172301428797811,0.0041495478223237,174.0093,177.1539,87.8517,78.2405,60.8801,14.9433,159.0895,40.0,100.0,188.7708,174.0093,159.2478,80409999047.244,95135245916.0
2024-05-14,0.1121484999999999,187.51,188.3,186.29,187.43,50551025.0,187.1838,559445.0,0.0036781120758991,0.1116203623083322,0.0171624543295633,0.0041495478223237,173.3326,176.2873,77.5469,70.6377,59.3804,14.4229,160.2438,43.3333,100.0,186.9697,173.3326,159.6955,80379521003.6586,95064845928.0
2024-05-13,0.1120954827586206,185.435,187.1,184.62,186.28,68586935.0,186.2008,726471.0,0.0032390365032822,0.0970676431395374,0.01726120917742,0.0028306472285219,172.7053,175.5188,69.3229,68.2236,58.6102,13.9884,166.6072,46.6667,100.0,185.3888,172.7053,160.0217,80372483054.8377,95012452309.0
2024-05-10,0.1468343103448275,184.9,185.09,182.13,183.05,48525869.0,183.0992,558732.0,0.0023689948813944,0.0689293212036388,0.0171707070396146,-0.0008044001381699,172.1559,174.7767,65.0434,69.3687,56.3636,13.5934,156.6126,50.0,83.3333,183.8273,172.1559,160.4845,80348080780.8216,94940407500.0
2024-05-09,0.1147543181818182,182.56,184.66,182.11,184.57,47493785.0,183.9877,550949.0,0.0022463863641987,0.0649702844613693,0.0172492711263495,-0.0008044001381699,171.7624,174.2061,70.3047,72.6302,57.5492,13.2784,182.2377,53.3333,86.6667,182.7118,171.7624,160.813,80367287076.6054,94991166996.0
2024-05-08,0.1364423428571428,182.85,183.07,181.45,182.74,43762264.0,182.4746,518558.0,0.0026196673315504,0.076778033115314,0.0175321804378816,-0.0008044001381699,171.3876,173.5087,72.7582,72.1778,56.2678,12.9847,189.5663,56.6667,90.0,181.3141,171.3876,161.4611,80321761726.1583,94942184024.0
2024-05-07,0.1208165918367346,183.45,184.9,181.32,182.4,74139796.0,182.7881,747423.0,0.0023351155034874,0.0676031606672515,0.0176112323964524,-0.0041826304730699,170.9539,172.8892,74.8277,64.7023,56.0294,12.7562,231.9917,60.0,93.3333,180.0,170.9539,161.9077,80295061230.1583,94897126937.0
2024-05-06,0.1651923414634146,182.354,184.2,180.42,181.71,75883763.0,181.8762,898724.0,0.0019318588197657,0.0547364755049912,0.0177113559781557,-0.0053033556481832,170.5694,172.2505,68.9477,52.3358,55.5542,12.5198,264.5356,63.3333,96.6667,178.603,170.5694,162.5358,80325724413.0689,94819821166.0
2024-05-03,0.1923499199999999,186.645,187.0,182.66,183.38,160948084.0,184.3811,1468448.0,0.0024124228349403,0.0700822781116878,0.0176005654370992,-0.0041826304730699,170.2555,171.6152,50.3315,44.216,56.9955,12.3075,388.1392,66.6667,100.0,177.2279,170.2555,163.2831,80350667164.4975,94898390833.0
2024-05-02,0.0735853703703703,172.51,173.415,170.89,173.03,91402452.0,174.57,944012.0,-0.0009433659494075,-0.0315665752504619,0.0158457603189604,-0.0053033556481832,169.8557,170.8211,37.7282,48.3425,49.0808,11.9352,76.3633,70.0,0.0,174.9526,169.8557,164.7588,80459733965.4422,94735166724.0
2024-05-01,0.0800303214285714,169.58,172.705,169.11,169.3,48416441.0,170.7483,648581.0,-0.0011874550481445,-0.0385052248977736,0.0155434842701296,-0.0053033556481832,170.0434,170.685,44.5883,61.8953,45.5924,12.2925,-1.7465,73.3333,3.3333,175.9154,170.0434,164.1714,80394249935.4125,94640951809.0
2024-04-30,0.1037555555555555,173.33,174.99,170.0,170.33,64066593.0,172.1915,647398.0,-0.0005330495645334,-0.0195141607183976,0.0157371762320546,-0.0041826304730699,170.2691,170.7965,62.7109,75.0962,46.4417,12.7109,34.4754,76.6667,6.6667,176.4844,170.2691,164.0538,80439307464.6489,94691334956.0
2024-04-29,0.134350857142857,173.37,176.03,173.1,173.5,66891905.0,174.3826,808166.0,0.0002883928356969,0.0050979029081219,0.0154300273060322,0.0005145004556318,170.382,170.8446,78.3866,79.3692,49.1665,13.0825,96.8585,80.0,10.0,176.7027,170.382,164.0612,80496521408.5527,94757269732.0
2024-04-26,0.0828791923076923,169.88,171.34,169.18,169.3,44014087.0,170.0062,563857.0,-0.0006117593266125,-0.0213872832369939,0.0147458764352514,-0.0028346835779832,170.3527,170.6778,84.1911,70.5548,45.0363,13.2443,-19.4214,83.3333,13.3333,176.6277,170.3527,164.0776,80546078016.9043,94689100313.0
2024-04-25,0.1203560476190476,169.525,170.61,168.1511,169.89,48858902.0,169.4307,608795.0,-0.0001317526424443,-0.0072459533687836,0.0148787091741342,0.0011526522417076,170.4758,170.7888,75.5298,50.1086,45.5388,13.6678,-32.5876,86.6667,16.6667,176.7902,170.4758,164.1615,80585934331.5709,94733938667.0
2024-04-24,0.0772381111111111,166.54,169.3,166.21,169.02,47007455.0,168.4251,584920.0,-0.0007074170224674,-0.024302949835479,0.0149969441414934,-0.0035444786869941,170.5171,170.8668,51.9437,28.2366,44.6587,14.0515,-72.7122,90.0,20.0,176.8258,170.5171,164.2085,80564984361.4957,94683380338.0
2024-04-23,0.0989604090909091,165.35,167.05,164.92,166.9,46956672.0,166.5052,554862.0,-0.0010382048601604,-0.0338639652677277,0.0148057435875392,-0.0035444786869941,170.6573,171.01,22.8525,12.2016,42.4689,14.3501,-129.991,93.3333,23.3333,176.9929,170.6573,164.3216,80525477195.6219,94635128503.0
2024-04-22,0.0596801428571428,165.515,167.26,164.77,165.84,46488244.0,165.9694,610286.0,-0.0008568767254677,-0.0286417149885784,0.0149284313533304,-0.0035444786869941,170.852,171.3092,9.9136,7.2871,41.3471,14.483,-150.9541,96.6667,26.6667,177.0432,170.852,164.6608,80482916584.0585,94585590742.0
2024-04-19,0.0930638965517241,166.21,166.4,164.075,165.0,66084170.0,165.1519,754706.0,-0.0006853508154802,-0.0236686390532545,0.0150250349223002,-0.0035444786869941,171.0148,171.7019,3.8389,11.7357,40.4577,14.6204,-193.5097,100.0,30.0,176.8955,171.0148,165.134,80489679939.5003,94537474299.0
2024-04-18,0.0317561111111111,168.03,168.64,166.55,167.04,40735511.0,167.4157,553162.0,-0.0003019145377188,-0.0122989593188266,0.0148719665099972,-0.0014530435686122,171.1479,172.1797,8.1089,27.5326,41.9511,14.6956,-136.2198,100.0,33.3333,176.6245,171.1479,165.6713,80503602930.5003,94605623676.0
2024-04-17,0.1099715652173913,169.61,170.65,168.0,168.0,48503680.0,169.018,598926.0,-0.0003073784679417,-0.0124617916764634,0.0148739839751443,-0.0014530435686122,171.2172,172.5498,23.2593,50.2164,42.6675,14.9288,-92.801,83.3333,36.6667,176.5226,171.2172,165.9117,80526505524.9166,94648746579.0
2024-04-16,0.1459577272727273,171.75,173.76,168.27,169.38,71583932.0,170.0693,834229.0,-0.0009838294664737,-0.0326670474014848,0.0156560569722101,-0.0014530435686122,171.2877,172.8794,51.2296,63.8867,43.7046,15.2653,-40.9423,86.6667,40.0,176.4627,171.2877,166.1128,80577406734.9166,94699647789.0
2024-04-15,0.0770269523809523,175.36,176.63,172.5,172.69,70733115.0,174.19,846703.0,-0.0011909621914087,-0.0387955026160525,0.015933898331439,-0.0014530435686122,171.4781,173.1367,76.1604,63.2277,46.3149,15.6313,73.4952,90.0,0.0,176.7438,171.4781,166.2124,80621311241.0094,94773359024.0
2024-04-12,0.1448811249999999,174.26,178.36,174.21,176.55,101282386.0,176.3413,960229.0,-0.0006631933250196,-0.0232365145228213,0.0154966492246302,-0.0014530435686122,171.7102,173.1837,64.2702,44.3682,49.6583,16.0358,136.0924,93.3333,0.0,177.6922,171.7102,165.7282,80688077378.7213,94846890797.0
2024-04-11,0.0693901714285714,168.34,175.46,168.16,175.04,91053075.0,172.6956,828408.0,-0.0010738495749125,-0.0351670157645243,0.0154080119491442,-0.0029448098271631,171.85,172.9682,49.2527,31.989,48.2455,16.324,22.1508,96.6667,0.0,178.4223,171.85,165.2776,80675092904.1237,94745219911.0
2024-04-10,0.1427797741935483,168.8,169.09,167.11,167.78,49691936.0,167.9914,647587.0,-0.0027370618270611,-0.0813119421781742,0.0130429743148415,-0.0042927567222497,172.0623,172.8418,19.5817,21.9364,40.4824,16.8238,-108.7588,100.0,0.0,179.3727,172.0623,164.7519,80594501948.4388,94654149636.0
2024-04-09,0.1237095769230769,168.7,170.08,168.35,169.67,42451209.0,169.1566,541699.0,-0.0020952736809835,-0.0634245970412893,0.0130873668866928,-0.0029448098271631,172.5567,173.2067,27.1325,24.05,42.0705,16.9411,-78.3941,83.3333,3.3333,180.5534,172.5567,164.5599,80610569612.6004,94703858972.0
2024-04-08,0.1204319,169.03,169.2,168.24,168.45,37425513.0,168.6637,549987.0,-0.0025850651281465,-0.0770874424720574,0.0130034233092393,-0.0042927567222497,172.9391,173.4665,19.0949,20.8439,40.6169,17.1523,-95.061,86.6667,0.0,181.3876,172.9391,164.4907,80588355384.8316,94661627528.0
2024-04-05,0.1286055789473684,169.59,170.39,168.95,169.58,42104826.0,169.6415,540854.0,-0.0026974200873624,-0.0802191245864293,0.0130526462013918,-0.0042927567222497,173.4075,173.8283,25.9227,20.2314,41.5504,17.2902,-76.3538,90.0,3.3333,182.3036,173.4075,164.5114,80609289867.4566,94698844386.0
2024-04-04,0.1086761666666666,170.29,171.92,168.82,168.82,53682486.0,170.1029,630783.0,-0.0024726824081385,-0.0740456340500219,0.0132314838511147,-0.0042927567222497,173.8998,174.1373,17.5141,19.8403,40.6637,17.4829,-74.422,93.3333,6.6667,183.4535,173.8998,164.3462,80614536839.4566,94656868610.0
2024-04-03,0.0637559999999999,168.79,170.68,168.58,169.65,47691715.0,169.8623,571286.0,-0.0021700700873846,-0.0655981493721085,0.013276420036697,-0.0029448098271631,174.3492,174.5199,17.2575,26.3246,41.3255,17.6823,-80.9926,96.6667,10.0,184.1271,174.3492,164.5713,80667891894.4566,94710223665.0
2024-04-02,0.0852069999999999,169.08,169.34,168.2302,168.84,49297581.0,168.8967,608914.0,-0.0024671138654149,-0.0738851406944214,0.0132167633071188,-0.0039034799193614,174.7457,174.8717,24.7492,31.655,40.4106,17.7805,-98.151,100.0,13.3333,184.6554,174.7457,164.836,80667023872.9519,94664652536.0
2024-04-01,0.1538482631578947,171.19,171.25,169.475,170.03,46240500.0,170.0696,676830.0,-0.0025148326153883,-0.0752202762971822,0.0132356094328112,-0.0039034799193614,175.1941,175.3035,36.9672,30.7402,41.3258,17.7624,-79.8662,46.6667,16.6667,185.1697,175.1941,165.2184,80662174588.2052,94713666527.0
2024-03-28,0.0922714375,171.75,172.23,170.51,171.48,65671690.0,171.3942,648026.0,-0.00228546616723,-0.0688026065707303,0.0131902123373211,-0.0029448098271631,175.6544,175.6832,33.2485,23.2831,42.4582,17.8222,-66.3023,50.0,0.0,185.8635,175.6544,165.4453,80678573865.101,94757439033.0
2024-03-27,0.1178448124999999,170.41,173.6,170.11,173.31,60263665.0,172.5879,670629.0,-0.0020938214050135,-0.0633916990920879,0.0131101335918759,-0.0029448098271631,176.0762,175.9892,22.0048,18.1901,43.9268,17.9505,-56.6079,53.3333,0.0,186.5636,176.0762,165.5888,80670173869.8684,94823111723.0
2024-03-26,0.1440558571428571,170.0,171.42,169.58,169.71,57388449.0,170.323,684303.0,-0.0031767225958728,-0.0931872829281325,0.0124661923333479,-0.0039034799193614,176.4667,176.1903,14.5961,26.2689,39.9789,18.0832,-88.826,56.6667,0.0,187.3429,176.4667,165.5904,80619917365.2409,94762838458.0
2024-03-25,0.090979,170.565,171.94,169.45,170.85,54288328.0,170.7132,727686.0,-0.0032543670481585,-0.0953137410643364,0.0124949446165835,-0.0039034799193614,177.0472,176.6532,17.9694,42.6243,40.8595,18.0345,-87.2232,60.0,0.0,188.2245,177.0472,165.8699,80669196576.8822,94820226907.0
2024-03-22,0.0552696222222222,171.76,173.05,170.06,172.28,71146138.0,172.0464,736378.0,-0.0028413928418567,-0.0840115653277708,0.0125260419622712,-0.0029448098271631,177.6464,177.0695,46.2412,61.5578,41.9808,17.9842,-78.894,63.3333,3.3333,189.2978,177.6464,165.9949,80662437789.059,94874515235.0
2024-03-21,0.04307396,177.05,177.49,170.84,171.37,106181270.0,172.7231,1224985.0,-0.0032102214963299,-0.094093313214283,0.0124432184961935,-0.0039034799193614,178.1724,177.416,63.6623,66.2919,40.9845,17.9669,-66.2199,66.6667,0.0,190.184,178.1724,166.1608,80627928692.0355,94803355097.0
2024-03-20,0.0127320625,175.72,178.67,175.09,178.67,53423102.0,177.2239,641653.0,-0.0018289369993571,-0.0549547662534971,0.010303450320316,-0.0029448098271631,178.7649,177.8491,74.7699,64.8396,47.2801,17.9931,-19.2328,70.0,3.3333,191.0795,178.7649,166.4502,80717184827.2686,94909536367.0
2024-03-19,0.1690838461538461,174.34,176.605,173.03,176.08,55215244.0,175.4779,636058.0,-0.0020315206502048,-0.0606150295874818,0.0100324738096256,-0.0029448098271631,179.1107,177.8092,60.4435,59.5246,44.3482,18.2777,-49.3874,73.3333,6.6667,191.94,179.1107,166.2815,80663761725.2686,94856113265.0
2024-03-18,0.1288753055555555,175.57,177.71,173.52,173.72,75606556.0,175.4587,866430.0,-0.0021561349473235,-0.0640797845504297,0.0098594503103557,-0.0029448098271631,179.4889,177.9451,59.3052,61.5911,41.4817,18.4048,-56.7469,76.6667,10.0,192.5765,179.4889,166.4013,80624763545.9399,94800898021.0
2024-03-15,0.0792836818181818,171.17,172.62,170.285,172.62,121752699.0,171.8002,771387.0,-0.0025487181061526,-0.075032783332796,0.0097458700678295,-0.0039034799193614,179.8849,178.2528,58.8249,63.7808,40.0913,18.5664,-99.0521,80.0,13.3333,192.9404,179.8849,166.8293,80693150146.7418,94725293837.0
2024-03-14,0.1329292,172.91,174.3078,172.05,173.0,72913507.0,173.0899,806014.0,-0.0020308149133783,-0.0606298425738158,0.0101550612015735,-0.0039034799193614,180.351,178.6575,66.6432,64.1099,40.412,18.2837,-93.3404,83.3333,16.6667,193.3002,180.351,167.4018,80571397447.7418,94847046536.0
2024-03-13,0.14711,172.77,173.185,170.76,171.13,52488692.0,171.3457,647120.0,-0.0030403132018404,-0.0887711096569283,0.0103206716754394,-0.0044618214183292,180.7227,179.0639,65.8744,53.3618,38.0553,18.0922,-122.1452,86.6667,0.0,193.4171,180.7227,168.0283,80582898081.546,94774474901.0
2024-03-12,0.1994541428571428,173.15,174.03,171.01,173.23,59813522.0,172.8726,735065.0,-0.0032777532974953,-0.0953416297665415,0.0106049150672841,-0.0044618214183292,181.2776,179.6272,59.8121,35.1857,39.7624,17.7865,-121.9336,90.0,0.0,193.657,181.2776,168.8983,80618994569.148,94826423852.0
2024-03-11,0.161248423076923,172.94,174.38,172.05,172.75,60139473.0,172.9273,793618.0,-0.003489902884047,-0.1010833628681107,0.0105451288086096,-0.0044618214183292,181.8854,180.0847,34.3989,16.4825,39.1594,17.484,-129.4854,93.3333,0.0,194.368,181.8854,169.4027,80590996623.3401,94766878925.0
2024-03-08,0.1079667083333333,169.0,173.7,168.94,170.73,76267041.0,171.5322,925213.0,-0.0041847118073323,-0.1196015234065055,0.0101935668590321,-0.0051074434950386,182.532,180.6068,11.3462,7.2162,36.5765,17.2279,-169.3583,96.6667,0.0,195.0157,182.532,170.0483,80614518006.9195,94707949007.0
2024-03-07,0.0956749642857143,169.15,170.73,168.49,169.0,71763761.0,169.3619,825405.0,-0.0045824899569396,-0.1300011638567353,0.009850094789524,-0.0051074434950386,183.3041,181.304,3.7024,9.1543,34.2661,16.9009,-211.3821,100.0,0.0,195.5782,183.3041,171.0299,80633424542.2934,94631681966.0
2024-03-06,0.0816177727272727,171.06,171.24,168.68,169.12,68568907.0,169.5506,896297.0,-0.0046749702294574,-0.1324166096328998,0.009826293944784,-0.0051074434950386,184.1447,182.1684,6.6,15.689,34.35,16.2803,-225.9756,100.0,3.3333,195.7586,184.1447,172.5308,80672510870.1595,94703447027.0
2024-03-05,0.0442828974358974,170.76,172.04,169.62,170.12,94702355.0,170.3234,1108820.0,-0.0042572548753786,-0.1214802363106326,0.0100305000851857,-0.0044618214183292,185.0039,183.0842,17.1605,23.5926,35.0411,15.6472,-230.8102,100.0,6.6667,195.7584,185.0039,174.2494,80717521552.8783,94772034734.0
2024-03-04,0.1358304418604651,176.15,176.9,173.79,175.1,81505451.0,174.8938,1167166.0,-0.0029037821488987,-0.0847644298698152,0.0093953133290877,-0.0039034799193614,185.787,183.9943,23.3064,30.3285,38.7994,15.0364,-174.8817,100.0,10.0,195.3836,185.787,176.1903,80773343017.3824,94867167089.0
2024-03-01,0.1499267499999999,179.55,180.53,177.38,179.66,73450582.0,179.0322,911077.0,-0.0015399711532254,-0.0463429948067917,0.0089945116176243,-0.0036394968467067,186.3268,184.6242,30.3107,35.113,42.8691,14.6151,-124.5475,100.0,13.3333,195.1989,186.3268,177.4547,80786185444.8711,94948677190.0
2024-02-29,0.0853389444444444,181.27,182.57,179.53,180.75,136682597.0,180.6781,813073.0,-0.0002532696848063,-0.0093074988177958,0.0108331852111683,-0.0035349346759236,186.6174,184.9834,37.3684,39.3469,43.9339,14.3864,-104.9711,40.0,16.6667,195.1287,186.6174,178.1061,80753257208.1664,95022240272.0
2024-02-28,0.1444472499999999,182.51,183.12,180.13,181.42,48943139.0,181.1915,596442.0,-0.0003026149762119,-0.0107795154093279,0.0108520962609038,-0.0035349346759236,186.674,185.2924,37.6598,44.803,44.592,14.286,-95.2337,43.3333,20.0,195.0434,186.674,178.3045,80780234036.5216,95158922869.0
2024-02-27,0.107503375,181.1,183.9225,179.56,182.63,54318851.0,181.8192,669751.0,-0.0004923385806993,-0.0164474219355579,0.0110095876111446,-0.0035349346759236,186.7398,185.5765,43.0126,52.266,45.7895,14.2214,-88.1583,46.6667,23.3333,194.965,186.7398,178.5145,80786946784.01,95207876808.0
2024-02-26,0.1251504473684211,182.24,182.76,180.65,181.16,40867421.0,181.3213,615639.0,-0.0007035472803367,-0.0226293056500019,0.0109027087706558,-0.0035349346759236,186.8414,185.7969,53.7365,55.1804,44.0242,14.1545,-103.2481,50.0,26.6667,194.9228,186.8414,178.7601,80764814575.9521,95153557957.0
2024-02-23,0.125853,185.01,185.04,182.23,182.52,44926677.0,182.9876,549250.0,-0.0005625898275073,-0.0184652477563018,0.0108417242625271,-0.0033532390782199,186.9811,186.1337,60.0489,46.1781,45.3448,13.9833,-75.2865,53.3333,30.0,194.7879,186.9811,179.1742,80785926182.0611,95194425378.0
2024-02-22,0.1165588571428571,183.48,184.955,182.46,184.37,52284192.0,183.8372,613892.0,-3.907135297957313e-05,-0.0028934504022158,0.0107505333050161,-0.0024595863666368,187.0954,186.4001,51.7558,33.6381,47.2068,13.9027,-64.8531,56.6667,33.3333,194.7214,187.0954,179.4693,80821732900.8191,95239545055.0
2024-02-21,0.1070223548387096,181.94,182.8888,180.66,182.32,41496371.0,181.9941,522492.0,-0.0004893175360564,-0.0162119996212659,0.0105495309795081,-0.0027429667379272,187.1132,186.5575,26.7295,23.5877,44.7778,13.8335,-104.5183,60.0,36.6667,194.7137,187.1132,179.5126,80793962489.757,95187252847.0
2024-02-20,0.1421147916666666,181.79,182.43,180.0,181.56,53574453.0,181.1005,712335.0,0.0001769794538127,0.0033708770524807,0.011419169321839,-0.0027429667379272,187.2132,186.8669,22.4288,22.7485,43.852,13.5844,-120.8458,63.3333,40.0,194.6223,187.2132,179.804,80773629942.9745,95145723173.0
2024-02-16,0.0741378333333333,183.42,184.85,181.665,182.31,49752465.0,182.7317,611770.0,0.0001803427380759,0.0034725339001659,0.0114179198339014,-0.0027429667379272,187.1929,187.2499,21.6049,21.7201,44.5647,13.2865,-87.6535,66.6667,43.3333,194.6696,187.1929,179.7161,80758391576.0733,95199388726.0
2024-02-15,0.0705050909090909,183.55,184.49,181.35,183.86,65434496.0,182.8487,756083.0,3.801579600358762e-05,-0.0008485293943313,0.0115502123718397,-0.0027429667379272,187.1719,187.6078,24.2119,25.3808,46.0603,13.072,-79.9008,70.0,46.6667,194.7094,187.1719,179.6343,80787993121.1832,95249141191.0
2024-02-14,0.1564928260869565,185.32,185.53,182.44,184.15,54617917.0,183.6207,679072.0,-0.000159077779969,-0.0067656377636287,0.011626249988469,-0.0033532390782199,187.1771,187.8835,19.3434,34.3868,46.3416,12.8198,-65.0647,73.3333,50.0,194.705,187.1771,179.6491,80748815779.629,95314575687.0
2024-02-13,0.151374037037037,185.77,186.21,183.5128,185.04,56529529.0,185.0421,644015.0,-0.0011916397731227,-0.0376816181272845,0.0132549345697777,-0.0033532390782199,187.2188,188.1584,32.5871,52.9775,47.1966,12.6194,-49.1666,76.6667,53.3333,194.6872,187.2188,179.7504,80742981452.5708,95369206204.0
2024-02-12,0.1221959565217391,188.415,188.67,186.79,187.15,41781934.0,187.5914,585515.0,-0.0009966309471516,-0.0319876043227471,0.0131477628917194,-0.0033532390782199,187.46,188.3908,51.23,71.3225,49.2804,12.4721,-0.3448,80.0,56.6667,195.0649,187.46,179.8551,80735495041.5672,95425735733.0
2024-02-09,0.15309440625,188.65,189.99,188.0,188.85,45155216.0,189.0056,544714.0,-0.0006223608687518,-0.021019932694797,0.0130741616672202,-0.0027429667379272,187.6659,188.494,75.1154,82.3763,51.0353,12.513,22.5435,83.3333,60.0,195.5284,187.6659,179.8034,80761275383.8225,95467517667.0
2024-02-08,0.1727978285714285,189.385,189.535,187.35,188.32,40962046.0,188.3032,521464.0,-0.0007413870197094,-0.0245014245014244,0.0130469557247855,-0.0027429667379272,187.8009,188.4872,87.6222,81.5642,50.2608,12.6307,5.3952,86.6667,63.3333,195.859,187.8009,179.7427,80767855792.1843,95422362451.0
2024-02-07,0.1670679444444444,190.64,191.05,188.61,189.41,53438955.0,189.3803,596088.0,-0.0006442602560589,-0.0216425619834711,0.013020091100365,-0.0025521639655881,187.9581,188.5329,84.3912,68.5706,51.3728,12.7002,24.7946,90.0,66.6667,196.1941,187.9581,179.7221,80772448790.4772,95463324497.0
2024-02-06,0.2168806923076923,186.86,189.31,186.7695,189.3,43490759.0,188.4788,530825.0,-0.0008485487045594,-0.0276350934867474,0.0130473139963496,-0.0030317118632481,188.0974,188.5068,72.6791,49.2372,51.2676,12.8489,0.8103,93.3333,0.0,196.5321,188.0974,179.6627,80790845807.7723,95409885542.0
2024-02-05,0.2143763333333333,188.15,189.25,185.84,187.68,69654320.0,187.6824,804748.0,-0.0011619358885862,-0.0366986603705794,0.0129282075872445,-0.0030317118632481,188.2763,188.4864,48.6415,28.8558,49.7193,12.8742,-16.4994,96.6667,0.0,196.9862,188.2763,179.5663,80747697428.296,95366394783.0
2024-02-02,0.1342991,179.86,187.33,179.25,185.85,102527680.0,184.744,1108465.0,-0.0018472883401481,-0.0563115669747129,0.0128713076083529,-0.0033532390782199,188.514,188.5761,26.3909,16.9124,47.9121,12.8959,-71.9013,100.0,3.3333,197.4775,188.514,179.5504,80742181128.7652,95296725963.0
2024-02-01,0.13007332,183.985,186.95,183.82,186.86,64885408.0,185.5688,820977.0,-0.0014884460989836,-0.0460972995048239,0.0129170982275719,-0.0030317118632481,188.8827,188.7979,11.5349,13.5406,48.8488,12.7758,-51.0216,40.0,6.6667,198.2,188.8827,179.5653,80677197885.993,95399277643.0
2024-01-31,0.1466833823529412,187.04,187.095,184.35,184.4,55467803.0,185.3525,679844.0,-0.0022165754080497,-0.0666599180037458,0.0126740502330263,-0.0033532390782199,189.1829,188.9654,12.8115,22.2729,46.3807,12.9185,-63.6101,43.3333,0.0,198.7343,189.1829,179.6315,80616043907.207,95334392235.0
2024-01-30,0.1532917878787878,190.94,191.8,187.47,188.04,55836970.0,188.7927,690705.0,-0.0016621812388553,-0.0508303467770429,0.012269434925328,-0.0030317118632481,189.6207,189.3137,16.2753,36.1977,49.819,13.0991,-13.7188,46.6667,0.0,199.3683,189.6207,179.8732,80669491025.2161,95389860038.0
2024-01-29,0.1172440799999999,192.01,192.2,189.58,191.73,47145622.0,191.2954,599513.0,-0.0009953964635004,-0.0314710042432816,0.0118314619443086,-0.002783333753975,189.9555,189.4357,37.7319,58.468,53.7217,13.4878,11.3089,50.0,3.3333,200.0776,189.9555,179.8334,80710643771.2438,95445719408.0
2024-01-26,0.1251516451612903,194.27,194.76,191.94,192.42,44587111.0,193.1207,534165.0,-0.0003194832721983,-0.0117610805813775,0.012236440391526,-0.0024945886286541,190.1626,189.3123,54.586,75.7696,54.4933,13.8694,33.479,53.3333,6.6667,200.6286,190.1626,179.6966,80680412990.7248,95492865030.0
2024-01-25,0.1731445945945945,195.22,196.2675,193.1125,194.17,54822126.0,194.7337,644526.0,0.0002449432395862,0.0051247541153327,0.0122129368828017,-0.0019800384689768,190.2388,189.1329,83.086,89.0611,56.4823,14.0909,52.805,56.6667,10.0,200.7875,190.2388,179.69,80709826061.8099,95537459041.0
2024-01-24,0.1456013947368421,195.42,196.38,194.34,194.5,53631316.0,195.2063,594714.0,-0.0001294111697783,-0.0061826171376015,0.0124367848271761,-0.0024945886286541,190.2058,188.8207,89.6366,92.6216,56.8607,14.2305,61.6616,60.0,13.3333,200.7178,190.2058,179.6939,80727897380.6815,95592281167.0
2024-01-23,0.1671876486486486,195.02,195.75,193.8299,195.18,42355590.0,194.8203,533093.0,0.0002337997554282,0.0046842023987234,0.0124924993424372,-0.0015166604030418,190.2461,188.4643,94.4607,87.8697,57.6295,14.28,59.5517,63.3333,16.6667,200.8247,190.2461,179.6675,80772974254.5442,95645744436.0
2024-01-22,0.1829944523809523,192.3,195.33,192.26,193.89,60131852.0,193.9891,718107.0,0.0003500028914328,0.0081634775374375,0.0125676590438854,-0.0015166604030418,190.2158,188.0366,93.7674,75.6684,56.5521,14.3689,45.2298,66.6667,20.0,200.7488,190.2158,179.6829,80755765986.3504,95603388846.0
2024-01-19,0.1037851282051281,189.33,191.95,188.82,191.56,68887985.0,190.6149,682663.0,-0.0002450103304034,-0.0096163788646466,0.0124159216350186,-0.0024945886286541,190.1636,187.6681,75.3808,62.0771,54.5335,14.4859,4.27,70.0,23.3333,200.6487,190.1636,179.6785,80752044347.3015,95543254994.0
2024-01-18,0.1828667674418605,186.09,189.14,185.83,188.63,77722754.0,187.9358,787233.0,-6.067248235086531e-05,-0.0042231959035005,0.0126869039473195,-0.0024945886286541,190.2255,187.4345,57.857,59.4501,51.8121,14.8153,-35.808,73.3333,26.6667,200.7527,190.2255,179.6982,80700312074.2185,95474352009.0
2024-01-17,0.1616141219512195,181.27,182.93,180.3,182.68,47317433.0,181.9201,594632.0,-0.0014618445639982,-0.0447605103534823,0.0112449386759637,-0.002783333753975,190.2521,187.3862,52.9933,68.5031,45.396,15.3071,-116.7587,76.6667,30.0,200.762,190.2521,179.7421,80646344347.1308,95396346255.0
2024-01-16,0.1132830277777777,182.16,184.26,180.934,183.63,65076641.0,182.8866,767281.0,-0.001063020981908,-0.0332719136614899,0.0113181643486588,-0.0024945886286541,190.5366,187.744,67.4999,79.9996,46.3485,15.3284,-115.7178,80.0,33.3333,200.6124,190.5366,180.4609,80608022623.8267,95443663688.0
2024-01-12,0.149452,186.06,186.74,185.19,185.92,40477782.0,185.8199,477050.0,-0.0005503572225169,-0.0182183027934732,0.0111437695950731,-0.0015166604030418,190.7467,188.061,85.016,85.149,48.7309,15.3918,-79.4683,83.3333,36.6667,200.4535,190.7467,181.04,80567272208.1003,95509266729.0
2024-01-11,0.14092625,186.54,187.05,183.62,185.59,49128408.0,185.0604,584008.0,-0.0007899497861979,-0.025262605042017,0.0111683734611177,-0.0024945886286541,190.8614,188.2424,87.4829,74.5119,48.3612,15.7571,-93.5125,86.6667,40.0,200.3939,190.8614,181.3289,80569622530.9261,95468788947.0
2024-01-10,0.110483064516129,184.35,186.4,183.92,186.19,46192908.0,185.2509,554777.0,-0.0005753966743922,-0.0189683334211492,0.0111813995164544,-0.0015166604030418,191.0214,188.459,82.9483,54.2117,48.9821,16.1351,-99.4874,90.0,43.3333,200.3201,191.0214,181.7226,80562317723.9057,95517917355.0
2024-01-09,0.1418012272727272,183.92,185.15,182.73,185.14,42841809.0,184.3706,538180.0,-0.0007960267359526,-0.0254250671158606,0.0111211011646958,-0.0016054684347148,191.141,188.6493,53.1044,28.9928,47.8494,16.4735,-127.1624,93.3333,46.6667,200.2533,191.141,182.0288,80523449421.2928,95471124447.0
2024-01-08,0.1806555476190476,182.085,185.6,181.5,185.56,59144470.0,184.3702,669173.0,-0.0009540573915498,-0.0300559301656994,0.0111743865130516,-0.0018366382231017,191.3016,188.9249,26.5825,14.7429,48.2637,16.7217,-141.2134,96.6667,50.0,200.1158,191.3016,182.4875,80480961676.83,95513966256.0
2024-01-05,0.0844206904761905,181.99,182.76,180.17,181.18,62371161.0,181.474,682334.0,-0.0016427365977933,-0.0496223248006709,0.0101985042642686,-0.0018366382231017,191.4928,189.1906,7.2914,12.2068,43.3159,16.9784,-218.1047,100.0,53.3333,200.0016,191.4928,182.9839,80422971245.269,95454821786.0
2024-01-04,0.0781018055555555,182.15,183.0872,180.88,181.91,71878670.0,182.0183,712692.0,-0.001649999805472,-0.0498302428832593,0.0102002671604561,-0.0018366382231017,191.8073,189.776,10.3547,19.9086,43.9938,17.0076,-239.7905,100.0,56.6667,199.3391,191.8073,184.2755,80436659371.4002,95517018710.0
2024-01-03,0.1407613720930232,184.22,185.88,183.43,184.25,58414460.0,184.3226,656853.0,-0.0009173854103839,-0.0286783699720593,0.0101695361065855,-0.0008587099974894,192.1244,190.3515,18.9743,28.2528,46.2358,17.0823,-214.5944,100.0,60.0,198.6106,192.1244,185.6383,80441460015.4307,95589002280.0
2024-01-02,0.0503041999999999,187.15,188.44,183.885,185.64,81964874.0,185.9465,1008871.0,-0.0006713125317015,-0.0214537979020611,0.0100966311333274,-0.0004376630170656,192.3053,190.8057,30.3968,30.5241,47.6295,17.3254,-194.1623,100.0,63.3333,198.1164,192.3053,186.4942,80460772551.1858,95647416740.0
2023-12-29,0.1397020689655172,193.9,194.4,191.725,192.53,42672148.0,192.5761,509123.0,0.0008229775644705,0.024041274400298,0.0078581931705357,0.0002062882248428,192.4406,191.1956,35.3874,25.8554,55.6708,17.6074,0.7112,40.0,66.6667,197.7462,192.4406,187.135,80479696956.0881,95729905414.0
2023-12-28,0.1450394838709677,194.14,194.66,193.17,193.58,34049898.0,193.9222,472404.0,0.001105147136896,0.0327571489543325,0.0077804043545309,0.0006378646760542,192.2903,191.1386,25.7883,18.7256,57.0908,17.9164,31.2261,0.0,70.0,197.8823,192.2903,186.6984,80496686054.2638,95772577562.0
2023-12-27,0.0363757105263157,192.49,193.5,191.09,193.15,48087681.0,192.5679,548076.0,0.0015071293121114,0.0451839826839819,0.0081315507918966,0.0006378646760542,192.0862,191.0053,16.3905,15.2263,56.6531,18.1005,2.2693,0.0,73.3333,197.9879,192.0862,186.1845,80511997082.2235,95738527664.0
2023-12-26,0.10919696,193.61,193.89,192.83,193.05,28919310.0,193.1713,488257.0,0.0012037395952739,0.0356759656652354,0.0083301629983402,0.0003261523828965,191.8086,190.8925,13.998,18.7908,56.5535,18.3781,24.8286,0.0,76.6667,198.3305,191.8086,185.2867,80478010082.9455,95690627858.0
2023-12-22,0.1357659666666666,195.18,195.41,192.97,193.6,37149570.0,194.1013,500544.0,0.002071420502255,0.0627118600200979,0.0091763784376991,0.0018993509727517,191.5875,190.7787,15.2903,26.3414,57.253,18.4994,46.2643,0.0,80.0,198.4365,191.5875,184.7386,80494925151.0587,95719547168.0
2023-12-21,0.1098873421052631,196.1,197.08,193.5,194.68,46482549.0,194.7425,554844.0,0.0021688550632619,0.0658355347159824,0.0091102429982544,0.0018993509727517,191.2077,190.6192,27.0841,40.8597,58.6297,18.6113,74.9933,0.0,83.3333,198.8937,191.2077,183.5217,80512890926.7145,95756696738.0
2023-12-20,0.1678697037037037,196.9,197.68,194.83,194.83,52242815.0,196.142,550599.0,0.0023906831671421,0.0729339680852119,0.0091170035214787,0.0030518801238448,190.8079,190.3745,36.6497,55.0944,58.8196,18.677,94.9103,0.0,86.6667,199.0631,190.8079,182.5527,80528731348.4407,95803179287.0
2023-12-19,0.1052262307692308,196.16,196.95,195.89,196.94,40714051.0,196.5277,451709.0,0.0032295041277841,0.1002263617444105,0.0090299454052496,0.0031384329274388,190.3676,190.1026,58.8453,71.3197,61.5294,18.6176,117.6689,0.0,90.0,199.2149,190.3676,181.5203,80580974163.4407,95855422102.0
2023-12-18,0.1388170344827586,196.09,196.63,194.39,195.89,55751861.0,195.6255,655763.0,0.0035376708052564,0.1103437242237206,0.00925241250451,0.0031384329274388,189.7712,189.6668,69.7881,79.8123,60.6576,18.4525,104.6922,0.0,93.3333,199.2924,189.7712,180.25,80541500141.252,95815188964.0
2023-12-15,0.1473991481481481,197.53,198.3999,197.0,197.57,127387901.0,197.56,625452.0,0.0036484128026633,0.1140642111519347,0.0091266588280436,0.0031384329274388,189.124,189.2732,85.3258,81.3294,62.861,18.3011,139.0334,3.3333,96.6667,199.623,189.124,178.6249,80522584331.2699,95870940825.0
2023-12-14,0.1515635999999999,198.02,199.62,196.16,198.11,66831572.0,198.2872,691862.0,0.0044290455155473,0.140225770266247,0.0095402496697187,0.0033642781339456,188.4515,188.7368,84.3229,77.3705,63.5787,17.8843,143.2053,0.0,100.0,199.4082,188.4515,177.4948,80546448271.8513,95999479226.0
2023-12-13,0.152647975,195.09,198.0,194.85,197.96,70404183.0,196.9085,672552.0,0.0050284096987566,0.1607125614579356,0.0098505501172133,0.0046997093499481,187.6415,188.1264,74.3395,75.7835,63.4667,17.4531,126.0128,0.0,100.0,199.3439,187.6415,175.9391,80537949459.227,95932647654.0
2023-12-12,0.1188754827586207,193.08,194.72,191.721,194.71,52696900.0,193.7834,510768.0,0.0045659840686657,0.1448746231183011,0.0096149887997923,0.0033642781339456,186.7303,187.4841,73.4491,79.1888,60.9519,17.0957,84.0465,3.3333,93.3333,199.4521,186.7303,174.0084,80469333318.9699,95862243471.0
2023-12-11,0.1370194516129032,193.11,193.49,191.42,193.18,60943699.0,192.7089,691172.0,0.0047121587329081,0.1498557223501007,0.0096978461350537,0.0033642781339456,185.9111,187.0211,79.5619,81.6884,59.6892,16.92,73.6612,0.0,96.6667,199.7222,185.9111,172.1001,80416987848.7798,95809546571.0
2023-12-08,0.16393790625,194.2,195.99,193.67,195.71,53383658.0,195.1638,538968.0,0.0054087124491859,0.1741984967611214,0.0091402952526639,0.0046997093499481,185.0741,186.6314,84.5555,76.8535,62.9428,16.8163,100.563,0.0,100.0,200.1321,185.0741,170.0161,80374297818.0793,95870490270.0
2023-12-07,0.16102453125,193.63,195.0,193.59,194.27,47413955.0,194.3967,495048.0,0.0043414505125665,0.1368797957171852,0.0105971952862066,0.0033642781339456,184.1088,186.0408,80.9476,71.6417,61.7971,16.4848,94.3556,3.3333,100.0,200.1298,184.1088,168.0879,80333782649.9414,95817083912.0
2023-12-06,0.1710179655172413,194.45,194.76,192.11,192.32,41055862.0,192.8014,491436.0,0.0035537488959497,0.1102838002628951,0.0110072820396085,0.0031384329274388,183.3312,185.5085,65.0573,63.1028,60.1857,16.2017,86.7765,6.6667,100.0,199.6647,183.3312,166.9977,80335466254.7286,95769606257.0
2023-12-05,0.1431578387096774,190.21,194.4,190.18,193.42,66628398.0,193.1715,700669.0,0.0038280975086605,0.1194742117145055,0.0108753195013191,0.0031384329274388,182.6961,185.0737,68.9203,56.4166,61.6026,15.9234,87.6598,10.0,100.0,199.1422,182.6961,166.2501,80369879879.8041,95810501372.0
2023-12-04,0.1742472285714285,189.98,190.05,187.4511,189.43,43389519.0,188.916,587461.0,0.0031491286260757,0.0971419556198152,0.0104037183460192,0.0030518801238448,182.0099,184.5332,55.3307,43.8888,58.1478,15.6567,59.6473,13.3333,76.6667,198.4118,182.0099,165.6079,80334197372.8183,95743872974.0
2023-12-01,0.139552724137931,190.33,191.56,189.23,191.24,45676673.0,190.8613,515537.0,0.0029744733287092,0.0913383777479577,0.0106549554541534,0.0030518801238448,181.4523,184.2298,44.9986,33.3306,60.5363,15.6569,77.9091,16.6667,80.0,198.0116,181.4523,164.8929,80311510075.3582,95787262493.0
2023-11-30,0.0641234193548386,189.84,190.32,188.19,189.95,48744366.0,189.337,486786.0,0.0026760627832717,0.081634274428177,0.0106692339550819,0.0029298470583697,180.9201,183.7811,31.3372,28.4883,59.387,15.4846,72.4862,20.0,83.3333,197.2766,180.9201,164.5636,80278359366.8303,95741557670.0
2023-11-29,0.12352509375,190.9,192.09,188.97,189.37,43014224.0,189.9974,493064.0,0.0023274744417167,0.0703574599736653,0.0108206672211435,0.0026810368032499,180.4435,183.3901,23.6559,31.0468,58.8663,15.3886,83.2897,23.3333,86.6667,196.6102,180.4435,164.2769,80246517034.0885,95692763304.0
2023-11-28,0.1624605,189.78,191.08,189.4,190.4,38415419.0,190.165,458154.0,0.0022149735326691,0.066725325730709,0.0109176346558345,0.0026810368032499,180.0297,183.0121,30.4718,41.4157,60.191,15.2133,90.727,26.6667,90.0,195.9459,180.0297,164.1135,80278501969.8834,95735777528.0
2023-11-27,0.0804482142857143,189.92,190.67,188.9,189.79,40456609.0,189.7974,508895.0,0.0020836087057529,0.0625348884924066,0.0109285267412131,0.0016187378461587,179.6337,182.5371,39.0128,56.154,59.6714,15.0974,93.414,30.0,93.3333,195.1337,179.6337,164.1338,80271184747.2167,95697362109.0
2023-11-24,0.21508584375,190.87,190.9,189.25,189.97,24018404.0,189.7899,335946.0,0.001772101499557,0.0525958528389336,0.0111415976332345,0.0016187378461587,179.2624,182.0713,54.7625,70.0831,59.8944,15.004,104.3974,33.3333,96.6667,194.3474,179.2624,164.1774,80270955636.4314,95737914718.0
2023-11-22,0.069521875,191.49,192.93,190.825,191.31,39630011.0,191.7223,463560.0,0.0021742854194255,0.0653855499911684,0.0110347866761399,0.0026810368032499,178.9468,181.5611,74.6865,80.3005,61.5494,14.8755,130.989,36.6667,100.0,193.5529,178.9468,164.3407,80274016334.7587,95761963062.0
2023-11-21,0.0874566,191.41,191.52,189.74,190.64,38134485.0,190.51,450749.0,0.002320603850948,0.0700457381437735,0.0110805942993765,0.0026810368032499,178.5565,180.9235,80.8003,82.6891,61.0289,14.5978,134.0545,40.0,96.6667,192.484,178.5565,164.6289,80295384535.4642,95722333051.0
2023-11-20,0.0994602,189.89,191.905,189.88,191.45,46538614.0,191.2984,554014.0,0.0023498947543136,0.0709900114303745,0.011064386726106,0.0026810368032499,178.1416,180.288,85.4146,84.0281,62.0099,14.3944,155.1954,43.3333,100.0,191.3893,178.1416,164.8938,80294956058.1046,95760467536.0
2023-11-17,0.1325321666666666,190.25,190.38,188.57,189.69,50737404.0,189.6022,510217.0,0.0023223242270056,0.070112322111117,0.0110481065413677,0.0026810368032499,177.7197,179.5529,81.8525,83.192,60.6825,14.1713,154.7443,46.6667,96.6667,190.0863,177.7197,165.3531,80269331092.8651,95713928922.0
2023-11-16,0.141896625,189.57,190.96,188.65,189.71,54412915.0,189.7109,620748.0,0.0028175197987832,0.0860114447577333,0.011259110920223,0.0029298470583697,177.3065,178.8882,84.8171,85.4595,60.7058,14.0308,176.0385,50.0,100.0,188.9177,177.3065,165.6953,80257228991.3624,95764870326.0
2023-11-15,0.1171734285714285,187.845,189.5,187.78,188.01,53608999.0,188.4191,564159.0,0.0027560498261362,0.0840266783448888,0.0112299559548141,0.0029298470583697,176.807,178.1763,82.9065,86.0769,59.4257,13.8786,176.7427,53.3333,100.0,187.5862,176.807,166.0278,80261704512.5095,95710457411.0
2023-11-14,0.1161432999999999,187.7,188.11,186.3,187.44,60108378.0,187.2038,609218.0,0.0028983035453155,0.0886388576322154,0.0112596545701488,0.0039399500466096,176.3225,177.5322,88.6548,89.2212,58.9927,13.807,179.0966,56.6667,100.0,186.4179,176.3225,166.2271,80301109180.3816,95656666912.0
2023-11-13,0.1212849629629629,185.82,186.03,184.21,184.8,43627519.0,184.8317,530407.0,0.0021631202633696,0.0649665606570533,0.0112120690472641,0.0026810368032499,175.8151,176.883,86.6692,90.0636,56.9351,13.8168,159.575,60.0,96.6667,185.2308,175.8151,166.3994,80285500927.5308,95596558534.0
2023-11-10,0.1261266666666666,183.97,186.565,183.53,186.4,66177922.0,185.4104,610938.0,0.0029437626973991,0.0901232404649259,0.0112518591450369,0.0039399500466096,175.4403,176.3705,92.3396,93.1392,58.6594,13.957,183.7918,63.3333,100.0,184.3548,175.4403,166.5259,80300842472.6737,95640186053.0
2023-11-09,0.1103994827586206,182.96,184.12,181.81,182.41,53631840.0,182.912,545657.0,0.0022723273765151,0.0686624875505304,0.0106061699004916,0.0029325897486734,174.928,175.7126,91.1818,93.67,55.1961,14.1021,144.6594,66.6667,100.0,183.1137,174.928,166.7423,80241860173.1646,95574008131.0
2023-11-08,0.1535064864864864,182.35,183.45,181.59,182.89,49340282.0,182.6566,542421.0,0.0024106634237824,0.0731091943906587,0.0105683956024369,0.0029325897486734,174.5389,175.3,95.8961,94.9327,55.708,14.4249,153.5218,70.0,100.0,182.5076,174.5389,166.5701,80267694601.4763,95627771671.0
2023-11-07,0.0977502857142857,179.18,182.44,178.97,181.82,70529966.0,181.2627,653779.0,0.0019179181186232,0.0573389160269837,0.0107381682641472,0.0026810368032499,174.1251,174.8259,93.9319,94.4793,54.8047,14.8034,136.229,73.3333,100.0,181.7465,174.1251,166.5038,80248064596.8096,95578431389.0
2023-11-06,0.1004598285714285,176.38,179.43,176.21,179.23,63841310.0,178.5589,678103.0,0.0006562794171353,0.0178895956383458,0.0113949458929655,0.0020344528070616,173.7978,174.3926,94.9701,92.5083,52.54,15.2622,89.4097,76.6667,43.3333,181.0247,173.7978,166.5709,80202738422.6943,95507901423.0
2023-11-03,0.1214045999999999,174.24,176.82,173.35,176.65,79829246.0,175.5751,858038.0,0.0004154505332668,0.0106413410378169,0.0111717575759412,0.0020344528070616,173.6932,174.1074,94.5359,85.7099,50.1338,15.6306,32.9134,80.0,46.6667,180.7316,173.6932,166.6548,80146827710.2099,95444060113.0
2023-11-02,0.1391776304347825,175.52,177.78,175.46,177.57,77292052.0,176.6794,805046.0,0.0007529696421986,0.0209279595239466,0.0111505142163992,0.0026810368032499,173.6314,173.9797,88.019,71.6799,51.0255,15.815,63.7196,83.3333,50.0,180.6216,173.6314,166.6413,80074820349.9851,95523889359.0
2023-11-01,0.1382229,171.0,174.23,170.12,173.97,56934906.0,172.6187,633476.0,-0.0002331176370221,-0.0086614621915774,0.0106398769980753,0.0020344528070616,173.5106,173.7801,74.5749,53.5445,47.4928,16.1435,-30.7498,86.6667,53.3333,180.3968,173.5106,166.6243,80011485854.8127,95446554607.0
2023-10-31,0.1489463902439024,169.35,170.9,167.9,170.77,44846017.0,169.9252,509879.0,-0.0015241455089794,-0.0463505891550782,0.010609271689067,0.0011098380520643,173.561,173.8139,52.4459,35.1173,44.0232,16.1973,-100.874,90.0,56.6667,180.4622,173.561,166.6599,79961754391.9076,95389619701.0
2023-10-30,0.0981375714285714,169.02,171.17,168.87,170.29,51239218.0,170.0788,628258.0,-0.00141207564277,-0.0431533404506375,0.010672126531453,0.0011098380520643,173.8366,174.0699,33.6128,25.5996,43.4817,15.9519,-102.0313,93.3333,60.0,180.823,173.8366,166.8503,79920795029.7142,95344773684.0
2023-10-27,0.05108445,166.91,168.96,166.83,168.22,58257129.0,167.9072,609511.0,-0.0012584754837782,-0.0387977829838295,0.010899195776022,0.0011098380520643,174.0916,174.3766,19.2933,24.9871,41.1066,15.756,-159.5609,96.6667,63.3333,181.0023,174.0916,167.1809,79908790370.7142,95293642729.0
2023-10-26,0.1066315151515151,170.37,171.3775,165.67,166.89,70625258.0,167.5944,815217.0,-0.0016625816428429,-0.050358484124274,0.01077358814574,-1.6371498869904855e-05,174.3171,174.8466,23.8928,27.9187,39.5282,15.3406,-180.389,100.0,66.6667,180.7882,174.3171,167.8459,79890938523.8363,95235143600.0
2023-10-25,0.0917257674418604,171.88,173.06,170.65,171.1,57156962.0,171.4932,610143.0,-0.0005496483849138,-0.0178520176798114,0.0100460108554547,0.0011098380520643,174.6109,175.4404,31.7753,25.4151,43.0593,14.9109,-103.2024,36.6667,70.0,180.3465,174.6109,168.8753,79931370942.6738,95305768858.0
2023-10-24,0.119159193548387,173.05,173.67,171.45,173.44,43816644.0,172.7333,530406.0,-0.0004950849032325,-0.0162223482699942,0.0099797968731742,0.0011098380520643,174.7142,175.7859,28.088,17.7989,45.2302,14.7641,-74.7665,40.0,73.3333,180.2532,174.7142,169.1752,79967182981.1054,95362925820.0
2023-10-23,0.0706995937499999,170.91,174.01,169.93,173.0,55980109.0,172.3829,639616.0,-0.0011485519941007,-0.0354594112399638,0.010392731388949,-1.6371498869904855e-05,174.8091,175.9945,16.3822,14.4603,44.7237,14.665,-96.2065,43.3333,76.6667,180.3085,174.8091,169.3098,79932445461.5378,95319109176.0
2023-10-20,0.0569431071428571,175.31,175.42,172.64,172.88,64211828.0,173.7459,600318.0,-0.0009509388785963,-0.0297452014816476,0.0104818708545244,0.0003993434620329,175.0203,176.2477,8.9265,18.2071,44.5885,14.5624,-62.8115,46.6667,80.0,180.6074,175.0203,169.4332,79904180994.7388,95263129067.0
2023-10-19,0.0917706666666666,176.04,177.84,175.19,175.46,59192863.0,176.215,560260.0,-0.0003444060947895,-0.0118269880603739,0.0101909067425592,0.0022860057524851,175.1963,176.5266,18.0723,28.0883,46.9749,14.6372,8.1099,50.0,83.3333,180.7498,175.1963,169.6427,79957332528.6956,95327373095.0
2023-10-18,0.0715534285714285,175.58,177.575,175.11,175.84,54764375.0,176.3501,540187.0,-0.0012473494982082,-0.0386528893991577,0.0114358707732135,0.0022860057524851,175.266,176.6475,27.6225,40.5919,47.3356,14.9005,8.1554,53.3333,0.0,180.849,175.266,169.683,80004551034.7069,95386675958.0
2023-10-17,0.1418504999999999,176.645,178.42,174.8,177.15,57549350.0,176.8623,592323.0,-0.0021939659923156,-0.0661570901423298,0.0129770650275102,0.0022860057524851,175.5007,176.7507,38.5702,56.7337,48.5786,15.1498,16.4396,56.6667,0.0,181.612,175.5007,169.3895,80026878903.6217,95441440333.0
2023-10-16,0.0785211666666666,176.75,179.075,176.51,178.72,52516984.0,178.1478,632605.0,-0.0018589176825912,-0.0566874274253138,0.0129322564858072,0.0022860057524851,175.9174,176.771,55.5829,73.4667,50.1029,15.4078,34.7634,60.0,3.3333,183.7069,175.9174,168.128,80009709484.2847,95498989683.0
2023-10-13,0.1986261153846154,181.42,181.93,178.14,178.85,51412082.0,179.4154,531441.0,-0.0015525788433013,-0.0480119231383402,0.0130636251326507,0.0032691179596757,176.274,176.6848,76.048,86.4251,50.229,15.7987,54.0814,63.3333,6.6667,185.2977,176.274,167.2504,79971729365.2516,95551506667.0
2023-10-12,0.0617382916666666,180.07,182.34,179.04,180.71,56743119.0,180.9482,616891.0,-0.0011704078555666,-0.0369837463362641,0.0129697116095847,0.0032691179596757,176.5735,176.5838,88.7693,91.8643,52.0413,16.3262,63.3001,66.6667,10.0,186.3881,176.5735,166.759,80003906387.5048,95602962749.0
2023-10-11,0.1232035625,178.2,179.85,177.6,179.8,47544848.0,178.9503,503477.0,-0.0007000378602121,-0.0234629589398217,0.0134347278469807,0.0032691179596757,176.804,176.348,94.4579,93.5777,51.2087,16.8369,28.1776,70.0,13.3333,187.235,176.804,166.3729,80003218592.123,95546219630.0
2023-10-10,0.1089745333333333,178.1,179.72,177.95,178.39,43698019.0,178.6901,524939.0,-0.0002364951654438,-0.0099894555746709,0.0139534906547227,0.0032691179596757,176.9474,176.1584,92.3658,92.4113,49.9062,17.2751,18.4971,73.3333,16.6667,187.6162,176.9474,166.2786,79957780876.2564,95498668532.0
2023-10-09,0.1203581666666666,176.81,179.05,175.8,178.99,42344772.0,177.8683,518256.0,0.0001701125619735,0.0021275404512623,0.0140342714203396,0.004218147668426,177.0072,176.0527,93.9093,89.5567,50.4603,17.7543,5.5998,76.6667,20.0,187.712,177.0072,166.3023,79979753326.488,95542366551.0
2023-10-06,0.0918453846153846,173.8,177.99,173.18,177.49,57266675.0,176.3366,593944.0,0.0003098451110506,0.0062932305250025,0.0141365227016524,0.004218147668426,176.9945,175.8984,90.9587,85.2366,49.0944,18.1976,-22.6201,80.0,23.3333,187.6942,176.9945,166.2949,79938927752.2234,95499975779.0
2023-10-05,0.1484851333333333,173.79,175.45,172.68,174.91,48527918.0,174.2297,509175.0,-0.0010541861484381,-0.0342866607773848,0.0146425160761034,0.0032691179596757,176.9577,175.8366,83.8022,76.1196,46.6485,18.5726,-54.5917,83.3333,26.6667,187.6674,176.9577,166.2479,79893566830.8616,95442709104.0
2023-10-04,0.0568698529411764,171.09,174.21,170.97,173.66,53006286.0,172.9437,560975.0,-0.0005624892505824,-0.0201433165942561,0.0151502346034031,0.0032691179596757,177.1639,175.9477,80.9489,65.0436,45.4204,18.7518,-81.0889,86.6667,30.0,187.8934,177.1639,166.4343,79863959545.1504,95394181186.0
2023-10-03,0.1469671333333333,172.255,173.63,170.82,172.4,49594613.0,172.1342,542569.0,-0.0005426116215489,-0.0195632393084622,0.0151609361055887,0.0032691179596757,177.2824,176.1523,63.6078,47.8428,44.168,18.8301,-96.7246,90.0,33.3333,187.9025,177.2824,166.6623,79828939973.5332,95341160900.0
2023-10-02,0.1253580689655172,171.22,174.3,170.93,173.75,52156935.0,173.2879,617249.0,-2.572438058239997e-05,-0.0042409307123619,0.0151700598948792,0.004218147668426,177.3966,176.4576,50.5741,32.571,45.2432,18.8608,-87.9744,93.3333,36.6667,187.8475,177.3966,166.9457,79822762708.5688,95390755513.0
2023-09-29,0.0962483448275862,172.02,173.07,170.341,171.21,51861083.0,171.5997,535134.0,-0.0004263740499069,-0.0160344827586205,0.014929080573877,0.0032691179596757,177.4212,176.6913,29.3464,22.2649,42.7065,18.899,-114.1669,96.6667,40.0,187.8347,177.4212,167.0077,79787625173.1237,95338590978.0
2023-09-28,0.1341361428571428,169.34,172.03,167.62,170.69,56294419.0,170.297,618584.0,-0.0010130937976808,-0.0333012403012971,0.0151256487373474,0.0031539346906857,177.5138,177.1155,17.7924,18.8959,42.1764,18.835,-144.0997,100.0,43.3333,187.7284,177.5138,167.2993,79806457834.6308,95286729895.0
2023-09-27,0.11606,172.62,173.04,169.05,170.43,66920708.0,170.5335,707850.0,-0.0012292503454691,-0.0395604395604393,0.0151341582324797,0.0031539346906857,177.7091,177.6047,19.6559,19.1714,41.9166,18.68,-141.9468,100.0,46.6667,187.5608,177.7091,167.8573,79784374082.9596,95230435476.0
2023-09-26,0.1302105675675675,174.82,175.2,171.66,171.96,64548945.0,172.7156,688340.0,-0.0013060119942987,-0.0417920427950517,0.0151786318870609,0.0031539346906857,177.9421,178.1455,19.2394,18.0689,43.0158,18.5968,-112.6032,100.0,50.0,187.3519,177.9421,168.5324,79805004113.9972,95297357284.0
2023-09-25,0.1617181538461538,174.2,176.97,174.15,176.08,46172740.0,175.6665,564218.0,-0.0002129600119087,-0.0096180887563983,0.0147221807020953,0.004218147668426,178.1912,178.6185,18.619,25.417,46.1674,18.6581,-64.144,16.6667,53.3333,187.2729,178.1912,169.1095,79858645780.1836,95361946229.0
2023-09-22,0.1392646578947368,174.67,177.079,174.05,174.79,56688985.0,175.4667,606168.0,-0.0004477316599438,-0.0165423932212267,0.0146552264209734,0.0031539346906857,178.2479,178.8411,16.3484,40.2108,44.9466,18.8725,-74.9491,20.0,56.6667,187.2801,178.2479,169.2158,79841617535.6446,95315773489.0
2023-09-21,0.0726997916666666,174.55,176.3,173.86,173.93,62449116.0,174.8619,631478.0,-0.0006537034964282,-0.0225894306177021,0.0146213770173028,0.0020414250543893,178.3456,179.1677,41.2836,54.6554,44.1301,19.0943,-91.2939,23.3333,60.0,187.2591,178.3456,169.4321,79870626324.4743,95259048104.0
2023-09-20,0.0983483548387096,179.26,179.695,175.4,175.49,58436181.0,176.9653,600225.0,-0.0006558701085519,-0.022653530514716,0.0146226019953368,0.0020414250543893,178.479,179.5759,63.0005,54.277,45.3084,19.2631,-49.827,26.6667,63.3333,187.2011,178.479,169.7569,79930152130.5398,95322197220.0
2023-09-19,0.1312926071428571,177.52,179.63,177.13,179.07,51826941.0,178.4293,524402.0,0.0001875930766121,0.0025816487626961,0.0142067951757645,0.0031539346906857,178.6141,179.905,59.6822,40.314,48.1612,19.5288,-14.2705,30.0,66.6667,187.2292,178.6141,169.999,79986139298.1336,95380633401.0
2023-09-18,0.1617082857142857,176.48,179.38,176.17,177.97,67257573.0,177.8915,731278.0,-0.0005935573317081,-0.020769036852053,0.0144970856864936,0.0020414250543893,178.5988,180.0109,40.1485,27.0957,47.1732,19.9091,-31.5398,33.3333,70.0,187.2172,178.5988,169.9804,79957530826.7016,95328806460.0
2023-09-15,0.1497632093023256,176.48,176.495,173.82,175.01,109259461.0,175.0843,729794.0,-0.0027580042007951,-0.0832962951404459,0.0164389830057688,0.0012195767858776,178.7241,180.1997,21.1113,20.7506,44.4178,20.2844,-90.007,36.6667,0.0,187.3711,178.7241,170.0772,79949359345.8698,95261548887.0
2023-09-14,0.0959528478260869,174.0,176.1,173.58,175.74,60345757.0,175.3715,641017.0,-0.0028635964976636,-0.0862123133749476,0.016457772891215,0.0012195767858776,179.2521,180.6049,20.0272,22.786,44.9771,20.4575,-88.4882,40.0,0.0,188.661,179.2521,169.8432,79961408520.0735,95370808348.0
2023-09-13,0.1303112,176.51,177.3,173.98,174.21,84267928.0,175.0352,835150.0,-0.0036718412886791,-0.1081763383745512,0.0164613795970937,0.0007547654446351,179.8026,180.9878,21.1134,25.8967,43.5367,20.6061,-87.3161,43.3333,0.0,190.0586,179.8026,169.5466,79917911550.7878,95309912591.0
2023-09-12,0.19959706,179.49,180.13,174.82,176.3,90316192.0,176.7048,937419.0,-0.003420059821253,-0.1013591822943182,0.016391912956998,0.0007547654446351,180.5042,181.5023,27.2176,26.592,45.0956,20.7817,-59.6931,46.6667,3.3333,191.7768,180.5042,169.2317,79990503802.0167,95394180519.0
2023-09-11,0.079379625,180.07,180.3,177.34,179.36,58953052.0,178.8465,722430.0,-0.0027458374392113,-0.0828671840152458,0.0162321875643531,0.0012195767858776,181.1645,181.9087,29.3593,32.9308,47.5028,21.0085,-37.3634,50.0,6.6667,193.4847,181.1645,168.8443,80030498143.109,95484550711.0
2023-09-08,0.0301506199999999,178.35,180.239,177.79,178.18,65402066.0,179.0663,755389.0,-0.0025163240432562,-0.0765939009222353,0.0164107237553113,0.0012195767858776,181.7026,182.1328,23.1992,46.5006,46.437,21.3826,-43.8298,53.3333,0.0,194.9156,181.7026,168.4896,80008988245.7577,95425597659.0
2023-09-07,-0.01488728,175.18,178.21,173.54,177.56,112416703.0,176.7332,1210080.0,-0.0028520825196262,-0.0858627788105635,0.0163873912219431,0.0007547654446351,182.1933,182.4535,46.234,70.3104,45.8789,21.795,-72.5037,56.6667,3.3333,195.8297,182.1933,168.5569,80053696227.854,95359995593.0
2023-09-06,0.0526958695652174,188.4,188.85,181.47,182.91,81753366.0,183.786,880106.0,-0.0017256044319671,-0.0540392959155422,0.0156803801203089,0.0012195767858776,182.7471,182.839,70.0685,86.554,50.2459,22.0817,8.9329,60.0,6.6667,196.8153,182.7471,168.6788,79972521224.4043,95472484396.0
2023-09-05,0.1412334324324324,188.28,189.98,187.61,189.7,45280027.0,189.1084,602458.0,-0.0003820385449463,-0.0144950589121705,0.0143763586246029,0.0020414250543893,183.094,182.8834,94.6286,94.3477,56.8893,22.8221,52.6635,63.3333,10.0,197.5972,183.094,168.5907,80022372331.7214,95554240212.0
2023-09-01,0.1325056333333333,189.485,189.92,188.28,189.46,45393903.0,189.0424,530273.0,-0.0002835948577218,-0.0115882389447092,0.0143974080369862,0.002991051645193,183.1866,182.4645,94.965,92.3618,56.6937,23.1064,51.3553,66.6667,13.3333,197.8729,183.1866,168.5004,79987791382.8311,95508960185.0
2023-08-31,0.1568377916666667,187.84,189.12,187.48,187.87,60794467.0,188.1489,554869.0,-0.0007710932531398,-0.0259223990860336,0.0143404724655563,0.0019942436855113,183.2604,182.0332,93.4496,86.2685,55.3974,23.3418,39.0807,70.0,16.6667,198.0786,183.2604,168.4421,79967698771.758,95463193682.0
2023-08-30,0.14713855,184.94,187.85,184.74,187.65,60803988.0,186.93,636448.0,-0.0011467526322371,-0.0368871856231076,0.014431959331469,0.0015766137131467,183.4264,181.6814,88.6708,75.6447,55.2181,23.6357,22.9085,73.3333,0.0,198.5235,183.4264,168.3293,79999578797.136,95402399215.0
2023-08-29,0.1311721851851851,179.695,184.9,179.5,184.12,52953948.0,183.28,576465.0,-0.001550105339733,-0.0483221756437449,0.014021700543596,0.0015766137131467,183.665,181.3204,76.685,68.7529,52.2404,24.0205,-15.5077,76.6667,3.3333,199.1953,183.665,168.1348,79946586631.0653,95341585327.0
2023-08-28,0.0153419166666666,180.09,180.59,178.545,180.19,43803238.0,179.6595,532485.0,-0.0023217915600648,-0.0698838095919104,0.01333505725103,-0.0004487508563783,183.9754,181.177,61.5783,67.8242,48.5593,24.6174,-44.3512,80.0,6.6667,199.8407,183.9754,168.1102,79908894934.7097,95288581379.0
2023-08-25,0.0822673043478261,177.38,179.15,175.82,178.61,51439994.0,177.9075,554789.0,-0.0020398087184678,-0.0620844987996278,0.0136538627787834,-0.0004487508563783,184.4249,181.2937,67.9953,72.5429,46.9708,25.3678,-63.6076,83.3333,10.0,200.5183,184.4249,168.3316,79882216808.6633,95244760682.0
2023-08-24,0.1462639024390244,180.674,181.104,176.01,176.38,54912798.0,177.7035,610377.0,-0.0024350060699563,-0.0730655157402301,0.0133922320039616,-0.0004487508563783,184.8175,181.527,73.899,68.1463,44.6384,26.0225,-68.1071,86.6667,13.3333,200.8305,184.8175,168.8045,79847453569.4741,95193311088.0
2023-08-23,0.1910726896551724,178.52,181.55,178.325,181.12,52722752.0,180.6482,587165.0,-0.0014274048019034,-0.0442931169786816,0.0126871040947785,0.000562185874059,185.2791,181.9296,75.7344,53.8132,49.0733,26.714,-51.171,90.0,16.6667,201.0089,185.2791,169.5494,79894417449.4293,95248256886.0
2023-08-22,0.1247181851851851,177.06,177.68,176.25,177.23,42057245.0,177.0098,501508.0,-0.0018595161991551,-0.0564161843259706,0.0120902927870357,0.000562185874059,185.5578,182.0343,54.8055,33.3296,44.716,27.6061,-83.8378,93.3333,20.0,201.2289,185.5578,169.8868,79855754097.9627,95195534134.0
2023-08-21,0.1065220689655172,175.07,176.13,173.735,175.84,46161959.0,175.2221,559658.0,-0.0022166810271304,-0.0664473374636979,0.0119540617634074,-0.0004487508563783,185.9097,182.4135,30.8997,18.6033,43.0323,28.193,-108.0888,96.6667,23.3333,201.2246,185.9097,170.5947,79840156440.7249,95153449889.0
2023-08-18,0.0782441666666666,172.3,175.1,171.96,174.49,60171878.0,173.8904,596474.0,-0.0028364382691383,-0.0836713587882304,0.01190382039102,-0.0012874562284742,186.3252,182.9143,14.2835,18.7327,41.3556,28.6521,-133.4987,100.0,26.6667,201.1177,186.3252,171.5328,79805059964.5725,95107138010.0
2023-08-17,0.1316227666666666,177.14,177.5054,173.48,174.0,66054482.0,174.5857,673083.0,-0.0031266828858078,-0.0916277365531761,0.0118685602814183,-0.0020751532767007,186.8542,183.5424,10.6268,26.3821,40.7436,29.0256,-138.2491,100.0,30.0,200.9362,186.8542,172.7723,79767655337.8209,95045965860.0
2023-08-16,0.1716315925925925,177.13,178.54,176.5,176.57,45712957.0,177.4133,526074.0,-0.0025578866041701,-0.0758984314366616,0.0117151248099802,-0.0012874562284742,187.437,184.2475,31.2877,33.8613,43.0196,29.5194,-130.7292,100.0,33.3333,200.6504,187.437,174.2236,79816650252.096,95112028742.0
2023-08-15,0.0676187804878048,178.88,179.48,177.05,177.45,43574863.0,177.9886,510071.0,-0.0025882934865102,-0.0767456041174576,0.0117224993732867,-0.0012874562284742,187.9185,184.8246,37.2319,27.4898,43.83,30.261,-137.3949,93.3333,36.6667,200.4471,187.9185,175.3899,79860392030.6744,95158993599.0
2023-08-14,0.0709126,177.97,179.69,177.305,179.46,43675627.0,178.9475,564982.0,-0.0024744415367283,-0.0735564554054041,0.0116546950721818,-0.0012874562284742,188.4083,185.3811,33.0645,18.4882,45.7322,31.0727,-145.0375,96.6667,40.0,200.2848,188.4083,176.5317,79889653276.1847,95202616192.0
2023-08-11,0.1309652222222222,177.32,178.62,176.55,177.79,51036672.0,177.8056,586481.0,-0.0020174622005896,-0.0609736800464159,0.0123585774621659,-0.0012874562284742,188.8814,185.8379,12.1731,10.707,43.7723,31.9326,-184.5132,100.0,43.3333,200.3046,188.8814,177.4581,79854401459.843,95158940565.0
2023-08-10,0.0823810769230769,179.48,180.75,177.6,177.97,54686851.0,178.7951,652995.0,-0.0019688145366754,-0.059603698811096,0.0123706167793593,-0.0012874562284742,189.2647,186.4409,10.2269,9.0886,43.7018,32.726,-201.9877,96.6667,46.6667,199.8187,189.2647,178.7106,79844094679.3985,95106903893.0
2023-08-09,0.0839416551724138,180.87,180.93,177.01,178.19,60303492.0,178.4887,666112.0,-0.0017167343727178,-0.0524832500265873,0.0124597387797211,-0.0002765194980368,189.6387,187.0897,9.721,7.4751,43.897,33.6084,-235.3717,100.0,50.0,199.1792,189.6387,180.0982,79885934460.6398,95161590744.0
2023-08-08,0.1543448108108108,179.69,180.27,177.58,179.8,67769003.0,178.9854,709019.0,-0.0009162844826607,-0.0295244777891725,0.0127373154113474,0.0012919008327718,189.966,187.768,7.3178,6.6851,45.3288,34.5212,-258.3232,96.6667,53.3333,198.3932,189.966,181.5387,79909962636.0275,95221969236.0
2023-08-07,0.1020223947368421,182.13,183.13,177.35,178.85,97105069.0,179.0119,1159281.0,-0.0013451093377566,-0.0419434326119568,0.0127369774657492,-0.0002765194980368,190.1473,188.3827,5.3865,13.9436,44.2923,35.4095,-275.4987,100.0,56.6667,197.8097,190.1473,182.485,79865839864.5591,95154146233.0
2023-08-04,0.0867805599999999,185.52,187.38,181.92,181.99,115956841.0,184.279,1336765.0,-0.000827027160708,-0.0267914438502665,0.0123907445470989,-0.0002765194980368,190.407,189.105,7.3511,30.2818,47.1482,36.3285,-203.2508,100.0,60.0,196.8189,190.407,183.995,79912770915.047,95251722302.0
2023-08-03,0.06938504,191.57,192.37,190.69,191.17,62243282.0,191.1312,754703.0,0.0013244867868763,0.0391933028919329,0.0092031980274812,0.0012919008327718,190.5731,189.6617,29.0932,52.4862,57.6541,37.5413,-5.5017,0.0,63.3333,196.2173,190.5731,184.9289,80025754503.7137,95367679143.0
2023-08-02,0.1574326052631579,195.04,195.18,191.8507,192.58,50388811.0,192.9395,620582.0,0.0013793622425198,0.0409167072050162,0.0091562690331837,0.0012919008327718,190.334,189.6269,54.4012,63.8471,59.6268,37.915,44.697,3.3333,66.6667,196.6004,190.334,184.0676,80052430195.9994,95429922425.0
2023-08-01,0.1108704411764705,196.235,196.73,195.28,195.605,35281426.0,195.8486,477616.0,0.0019110801360486,0.0577817434566299,0.0086095022459422,0.0012919008327718,190.083,189.4931,73.9644,64.3869,64.181,38.1557,110.0451,6.6667,70.0,196.7237,190.083,183.4423,80080743449.2415,95480311752.0
2023-07-31,0.0518418292682926,196.06,196.49,195.26,196.45,38824113.0,196.1507,530506.0,0.0018591284339945,0.0561260147303905,0.0086514329364042,0.0012919008327718,189.7287,189.1425,63.1758,54.1633,65.5326,37.9288,120.5745,10.0,73.3333,196.5054,189.7287,182.9521,80100209063.5864,95515593178.0
2023-07-28,0.1237755263157894,194.67,196.626,194.14,195.83,47691443.0,195.8075,519151.0,0.0021268845660369,0.0645827670562648,0.0088105760717551,0.0012919008327718,189.3825,188.7098,56.0204,46.2448,65.01,37.7078,115.9317,0.0,76.6667,196.0211,189.3825,182.744,80063910096.1473,95476769065.0
2023-07-27,0.1292324814814815,196.02,197.2,192.55,193.22,47439680.0,194.8773,570472.0,0.0017929990663715,0.0540614259996723,0.0085591607436619,0.0012919008327718,188.9886,188.2897,43.2936,34.9047,62.709,37.4791,94.9414,3.3333,80.0,195.6965,188.9886,182.2807,80046543825.0122,95428477622.0
2023-07-26,0.1625359999999999,193.67,195.64,193.32,194.5,47471868.0,194.3737,502309.0,0.0019253090828376,0.0582730290004893,0.0084587814206717,0.0012919008327718,188.66,188.0197,39.4206,28.5352,64.7269,37.2426,103.1067,0.0,83.3333,195.6648,188.66,181.6552,80080327307.9799,95475937802.0
2023-07-25,0.1507649354838709,193.33,194.44,192.915,193.62,37283201.0,193.804,445394.0,0.0022951034223567,0.0699602122015912,0.0088008041418315,0.0012919008327718,188.3049,187.6433,22.0,28.1111,63.9561,37.0824,91.3481,0.0,86.6667,195.3767,188.3049,181.2331,80079508827.4972,95428465934.0
2023-07-24,0.12575909375,193.41,194.91,192.25,192.75,45507451.0,193.2011,525855.0,0.002216643706916,0.0674530652932379,0.0087911630216471,0.0012919008327718,187.8851,187.3013,24.1849,42.3404,63.1873,36.9845,89.1109,0.0,90.0,195.3698,187.8851,180.4005,80082320347.5726,95391182733.0
2023-07-21,0.1081577741935483,194.1,194.97,191.23,191.94,71451683.0,192.5948,580360.0,0.0025914773160064,0.0794061410415023,0.0091027993589212,0.0012919008327718,187.4813,186.9954,38.1484,61.9555,62.4668,36.8832,82.2881,0.0,93.3333,195.3867,187.4813,179.5758,80110718265.2492,95345677636.0
2023-07-20,0.1323746315789473,195.09,196.47,192.495,193.13,59581196.0,194.276,639817.0,0.0025383236217191,0.0776742369287419,0.0091582428834159,0.0012919008327718,187.0131,186.724,64.6878,78.7597,64.2528,36.7784,110.3948,3.3333,96.6667,195.6735,187.0131,178.3527,80155351394.8108,95417629319.0
2023-07-19,0.0736081818181818,193.1,198.23,192.65,195.1,80492323.0,194.9188,776766.0,0.0028062243846037,0.0864238779374089,0.0088985692099705,0.0012919008327718,186.5515,186.3522,83.0304,83.9561,67.3335,36.5094,139.2215,6.6667,100.0,195.5447,186.5515,177.5584,80195896586.051,95477210515.0
2023-07-18,0.1519973846153846,193.35,194.33,192.415,193.73,48153774.0,193.3846,544605.0,0.0023181293854157,0.0706272450953306,0.009051490854631,0.0006369666129399,186.0369,185.8197,88.5609,78.2048,66.2455,36.2113,116.9333,10.0,63.3333,195.0161,186.0369,177.0577,80205707514.3019,95396703192.0
2023-07-17,0.1577467142857142,191.9,194.32,191.81,193.99,50520159.0,193.2997,602852.0,0.0025219848972376,0.0771836304070181,0.0090356554717977,0.0012919008327718,185.6131,185.3444,80.277,64.2768,66.6528,36.1045,123.7252,0.0,66.6667,194.4917,185.6131,176.7346,80187653755.3411,95445056966.0
2023-07-14,0.1205955,190.23,191.1799,189.63,190.69,41616242.0,190.4662,513233.0,0.0024792179806755,0.0758251057827923,0.0089683674091226,0.0012919008327718,185.1522,184.8185,65.7765,48.4546,63.9323,35.9946,80.7979,0.0,70.0,193.8897,185.1522,176.4148,80150417781.5761,95394536807.0
2023-07-13,0.1204786774193548,190.5,191.19,189.78,190.54,41337338.0,190.565,467952.0,0.0024435765082732,0.0746756909193455,0.0089771411120458,0.0011416311698642,184.7066,184.4827,46.777,34.7777,63.8025,36.0635,85.7701,0.0,73.3333,193.8286,184.7066,175.5846,80135110071.6824,95352920565.0
2023-07-12,0.1183881199999999,189.68,191.7,188.47,189.77,60750218.0,189.9586,652126.0,0.002663642474095,0.0817420053582622,0.0090941664123642,0.0011416311698642,184.2676,184.134,32.8103,30.6126,63.1446,36.1161,81.8176,0.0,76.6667,193.6802,184.2676,174.8549,80131884782.9023,95311578227.0
2023-07-11,0.108570423076923,189.16,189.3,186.6,188.08,46638119.0,187.8219,577717.0,0.0028342865902211,0.0872304757500428,0.0092577488799651,0.0011416311698642,183.7921,183.8141,24.7458,34.5703,61.6663,36.1704,53.6932,0.0,80.0,193.6758,183.7921,173.9083,80143733902.4813,95250827979.0
2023-07-10,0.0528393333333333,189.26,189.99,187.035,188.61,59912163.0,188.3628,736912.0,0.0031510300289644,0.0975907821229047,0.0092217015129547,0.0019781963017594,183.2917,183.5881,34.2816,46.6652,62.4253,36.3719,66.1765,0.0,83.3333,193.9465,183.2917,172.637,80139242824.3553,95297466098.0
2023-07-07,0.1140308378378378,191.41,192.67,190.24,190.68,46757498.0,191.4218,538826.0,0.0035672955714416,0.1114478899510376,0.008854581884236,0.0019781963017594,182.7357,183.3101,44.6835,60.3239,65.4679,36.5291,108.2234,3.3333,86.6667,194.1437,182.7357,171.3276,80135288569.9442,95357388261.0
2023-07-06,0.1306078333333333,189.84,192.02,189.2,191.81,45155523.0,190.8214,562755.0,0.0032585039809946,0.1010907003444314,0.0093279296746803,0.0019781963017594,182.1017,182.871,61.0306,74.5485,67.1961,36.29,111.1988,6.6667,90.0,193.9995,182.1017,170.2038,80165149988.4215,95404203259.0
2023-07-05,0.164788756097561,191.565,192.98,190.62,191.33,46896861.0,191.5803,560170.0,0.0029921887188329,0.0923155971683027,0.0094586680995626,0.0017143237300544,181.5178,182.324,75.2577,84.7124,66.8367,36.077,126.1643,10.0,93.3333,193.3697,181.5178,169.6658,80126719342.4641,95359047250.0
2023-07-03,0.1861377173913044,193.78,193.88,191.76,192.46,31458198.0,192.6624,500175.0,0.0032088467781302,0.0994572979148806,0.0093266804810395,0.0017143237300544,180.9816,181.7723,87.3573,90.1144,68.5461,35.6667,150.3249,13.3333,96.6667,192.6453,180.9816,169.3179,80145407920.998,95405967511.0
2023-06-30,0.15136566,191.63,194.48,191.26,193.97,85068452.0,193.102,774380.0,0.0039238739738758,0.1232265910012158,0.0092785903531018,0.0019781963017594,180.4043,181.105,91.5223,86.8798,70.8881,35.0843,171.5343,0.0,100.0,191.6454,180.4043,169.1632,80156091837.2999,95437425709.0
2023-06-29,0.1255039117647058,189.08,190.07,188.94,189.59,46347308.0,189.5561,525367.0,0.0032738973219474,0.1018190271401167,0.0085681130283534,0.0019781963017594,179.6987,180.2881,91.4636,81.4486,67.8036,34.4818,131.7964,3.3333,100.0,190.3428,179.6987,169.0547,80097871627.6104,95352212493.0
2023-06-28,0.1657767878787878,187.93,189.9,187.6,189.25,51216801.0,188.8916,559145.0,0.0032140118089575,0.0998430871157081,0.0085844920870831,0.0018959546421177,179.1178,179.7153,77.6534,76.5571,67.5456,34.0646,131.9527,6.6667,100.0,189.6585,179.1178,168.5771,80090899023.752,95305865185.0
2023-06-27,0.1038592173913043,185.89,188.39,185.67,188.06,50731499.0,187.4998,511869.0,0.0029065070518918,0.0897606768267946,0.0086325390799993,0.0011302369792224,178.5481,179.1263,75.229,75.1523,66.641,33.6417,119.0972,10.0,100.0,188.8974,178.5481,168.1989,80068630849.4042,95254648384.0
2023-06-26,0.1272437575757576,186.83,188.05,185.23,185.27,48088661.0,186.3292,584497.0,0.0022242012227817,0.0677851073258557,0.0084520916371234,0.0005575444190322,178.0345,178.5784,76.7889,72.0966,64.3919,33.2823,110.1803,13.3333,100.0,188.168,178.0345,167.9011,80030209693.9777,95203917538.0
2023-06-23,0.2150053870967741,185.55,187.56,185.01,186.68,53112346.0,186.4952,539704.0,0.0025134210581782,0.0771203557445932,0.0082588200610458,0.0008759775118187,177.6445,178.184,73.4392,64.8125,66.5851,32.9284,121.1604,16.6667,100.0,187.6841,177.6445,167.6049,80076934137.6444,95252006199.0
2023-06-22,0.1518018809523809,183.74,187.045,183.67,187.0,51245327.0,186.1166,563076.0,0.0029168554894748,0.090179125447106,0.0083378288732755,0.0013778226030091,177.2013,177.6658,66.0617,64.4569,67.0864,32.5877,122.4551,20.0,100.0,186.9493,177.2013,167.4534,80060478283.9817,95305123195.0
2023-06-21,0.15953808,184.9,185.41,182.5901,183.96,49515697.0,184.0809,520855.0,0.0020336383844741,0.061762769616606,0.0082524550144624,0.0008759775118187,176.6884,177.0899,54.9366,70.2815,64.6418,32.2619,101.6213,23.3333,93.3333,186.1418,176.6884,167.2351,80010599499.035,95253877868.0
2023-06-20,0.1328654642857142,184.41,186.1,184.41,185.01,49799092.0,185.2709,577495.0,0.0022093741644276,0.0673924111624715,0.0081418134231138,0.0008759775118187,176.3336,176.6827,72.3723,82.2685,66.2856,32.0111,128.0218,26.6667,96.6667,185.6112,176.3336,167.056,80012006005.411,95303393565.0
2023-06-16,0.1670181363636363,186.73,186.99,184.27,184.92,101151225.0,185.4644,616272.0,0.00375737877119,0.1169381484943072,0.0114214242064319,0.0013778226030091,175.9463,176.1755,83.5356,89.2367,66.2144,31.5174,143.147,0.0,100.0,184.8685,175.9463,167.0241,80026444795.3992,95253594473.0
2023-06-15,0.19544092,183.96,186.52,183.78,186.01,65433166.0,185.5672,697003.0,0.0036222618717972,0.1123839447325159,0.0115575639907199,0.0013778226030091,175.3043,175.6395,90.8978,87.3781,67.8926,31.0068,154.8689,3.3333,100.0,184.595,175.3043,166.0137,80079306501.0977,95354850698.0
2023-06-14,0.1359828518518518,183.37,184.39,182.02,183.95,57462782.0,183.7101,614097.0,0.0030333951130725,0.0929501994842842,0.0116064819621471,0.0008759775118187,174.6812,174.9917,93.2767,78.053,66.3337,30.5005,137.0423,6.6667,76.6667,183.7841,174.6812,165.5783,80038231666.9663,95289417532.0
2023-06-13,0.1732630555555555,182.8,184.15,182.44,183.31,54867129.0,183.1702,608337.0,0.0027106365717405,0.0824042487616485,0.0117233025558215,0.000314195944016,174.1625,174.4406,77.9598,58.2251,65.8356,30.0796,148.1152,10.0,80.0,183.0858,174.1625,165.2392,80002105213.7258,95231954650.0
2023-06-12,0.1396044814814815,181.27,183.89,180.97,183.79,54754995.0,182.836,562058.0,0.0027800121112703,0.0846629190398573,0.0116977314959213,0.000314195944016,173.6997,173.8954,62.9225,41.5262,66.5495,29.5921,157.2897,13.3333,83.3333,182.3118,173.6997,165.0877,80001141544.796,95286883779.0
2023-06-09,0.1660825428571428,181.5,182.23,180.63,180.96,48869360.0,181.4395,557894.0,0.0025100889338774,0.0760148940592155,0.0114894752404638,0.000314195944016,173.2241,173.2796,33.7929,29.0981,64.3459,29.1001,143.7703,16.6667,86.6667,181.3292,173.2241,165.1189,79950136891.9192,95232128784.0
2023-06-08,0.1704774736842105,177.895,180.84,177.46,180.57,50210681.0,179.5493,548456.0,0.0033846017769535,0.1041837195891339,0.0123924910015875,0.000314195944016,172.8002,172.8155,27.8632,35.1952,64.0302,28.6704,123.8736,0.0,90.0,180.7707,172.8002,164.8296,79978865626.0568,95183228811.0
2023-06-07,0.2030629782608695,178.44,181.21,177.32,177.82,61944615.0,178.6619,669062.0,0.0028670638339992,0.0873011014529234,0.0121998829803612,-3.0530622214086645e-05,172.2352,172.3462,25.6382,51.0169,61.7201,28.2948,117.4585,3.3333,93.3333,180.5854,172.2352,163.8851,79936673240.8378,95133013930.0
2023-06-06,0.16369994,179.965,180.12,177.43,179.21,64845314.0,178.7093,705164.0,0.0028110834838335,0.0854608027189913,0.0122522414317771,-3.0530622214086645e-05,171.7618,172.0332,52.0841,72.0584,63.7196,27.9064,129.0905,6.6667,96.6667,180.5999,171.7618,162.9237,79982693790.2851,95194958545.0
2023-06-05,0.16173034,182.63,184.951,178.035,179.58,121722517.0,182.1408,1286180.0,0.0029423809252971,0.089745176871451,0.0122203983032935,0.000314195944016,171.294,171.6032,75.3285,83.1314,64.2553,27.5582,174.9065,10.0,100.0,180.1907,171.294,162.3973,79961720524.3446,95259806919.0
2023-06-02,0.1289792564102563,181.03,181.78,179.26,180.95,61996852.0,180.6479,617235.0,0.0028687200637702,0.0873186582725029,0.012290010507209,0.000314195944016,170.8036,171.1182,88.7628,85.7762,66.2486,27.1313,178.1456,13.3333,100.0,179.6491,170.8036,161.9581,80029182539.6022,95381753416.0
2023-06-01,0.1105068571428571,177.7,180.12,176.9306,180.09,68901712.0,179.3796,624132.0,0.0025146667639295,0.0758244846669542,0.012382628601318,-3.0530622214086645e-05,170.3218,170.5057,85.3029,80.1496,65.601,26.8479,155.8404,16.6667,100.0,178.6722,170.3218,161.9713,80008024862.9435,95319756503.0
2023-05-31,0.110615125,177.325,179.35,176.76,177.25,99625288.0,177.9376,669221.0,0.0022128552808223,0.0662372118889358,0.012158019050883,-3.0530622214086645e-05,169.9009,169.91,83.2628,69.2808,63.3569,26.6445,140.603,20.0,100.0,177.6839,169.9009,162.1179,79940419256.5334,95250854694.0
2023-05-30,0.0923967857142857,176.96,178.99,176.57,177.3,55963954.0,177.4489,651318.0,0.002472411891747,0.0745420214255923,0.0121850740733773,0.000314195944016,169.5358,169.4681,71.8831,50.8221,63.4273,26.4767,146.4466,23.3333,100.0,177.1051,169.5358,161.9665,80002154531.236,95350167962.0
2023-05-26,0.1603391071428571,173.32,175.77,173.11,175.43,54834975.0,175.1454,529918.0,0.0021211297494383,0.0633374342737733,0.0120955625729695,6.052902366682211e-05,169.128,168.9922,52.6965,38.5163,61.896,26.3228,98.3062,26.6667,83.3333,176.4966,169.128,161.7593,80024355285.3518,95294203561.0
2023-05-25,0.1311097619047619,172.41,173.895,171.69,172.99,55889523.0,172.8818,534909.0,0.0015804997907801,0.0463311434573301,0.0119088726129578,-3.0530622214086645e-05,168.7815,168.6118,27.8866,38.9293,59.7716,26.3494,66.0012,0.0,86.6667,176.0829,168.7815,161.4801,79983538273.8856,95239368586.0
2023-05-24,0.15608344,171.09,172.4183,170.52,171.84,43711588.0,171.5088,492275.0,0.0024942135679779,0.0748218910668807,0.0132428831155974,-3.0530622214086645e-05,168.5275,168.3726,34.9658,56.1639,58.7231,26.4949,45.4865,0.0,90.0,175.8821,168.5275,161.1729,79973496091.6135,95183310328.0
2023-05-23,0.1496074838709677,173.13,173.3794,171.275,171.56,50745163.0,172.1908,535091.0,0.0022947030379359,0.0683992248296674,0.0132993342289678,-0.0002321783724013,168.1308,168.1957,53.9356,70.4253,58.4684,26.7427,59.0011,3.3333,93.3333,176.1742,168.1308,160.0875,79955857717.7792,95138166840.0
2023-05-22,0.0986449655172413,173.98,174.71,173.45,174.2,43570932.0,174.1828,526393.0,0.0025468299526764,0.0766047454556746,0.0130352094613494,-0.0002321783724013,167.7667,168.0259,79.5902,73.0933,61.9536,26.924,100.7229,6.6667,96.6667,176.2941,167.7667,159.2392,79992859523.6845,95188914103.0
2023-05-19,0.1240296578947368,176.39,176.39,174.94,175.16,55525641.0,175.5191,532731.0,0.0021971098455369,0.0652471882459189,0.0133820135168908,-0.0002321783724013,167.3557,167.6633,77.7502,60.0881,63.2795,26.8875,132.0151,10.0,100.0,175.9679,167.3557,158.7434,79984560298.5417,95232485035.0
2023-05-18,0.1495799696969697,173.0,175.24,172.58,175.05,65496657.0,174.3014,595692.0,0.0023593583686634,0.0704289755445417,0.0133915142660223,-0.0002321783724013,166.9999,167.2098,61.9393,46.4855,63.1922,26.6875,121.4415,13.3333,100.0,175.3222,166.9999,158.6777,80023434484.5762,95176675560.0
2023-05-17,0.1180709130434782,171.71,172.925,170.4201,172.69,57934404.0,171.85,554940.0,0.0015274806320801,0.0440751487580675,0.0134383624776169,-0.0004668528421249,166.618,166.7325,40.5746,43.276,61.2843,26.5461,88.929,16.6667,86.6667,174.6427,166.618,158.5934,79967294492.8619,95111178903.0
2023-05-16,0.1227561388888889,171.99,173.1383,171.7991,172.07,42110293.0,172.2781,436165.0,0.0012990516717839,0.036945926641422,0.0134593646997071,-0.0013222236954651,166.3763,166.3843,36.9427,53.919,60.7679,26.5383,103.3569,20.0,90.0,174.1985,166.3763,158.5541,79920216478.1788,95053227299.0
2023-05-15,0.1032085483870967,173.16,173.21,171.47,172.07,37264259.0,172.1109,444785.0,0.001555772916983,0.0449321081261682,0.0135055091695414,-0.0013222236954651,166.173,166.0545,52.3107,68.8587,60.7679,26.3791,111.6149,23.3333,93.3333,173.8014,166.173,158.5447,79945290214.4678,95053227299.0
2023-05-12,0.0854262608695652,173.62,174.06,171.0,172.57,45533138.0,172.3696,490533.0,0.0021738269946441,0.064363143631436,0.0137102859176197,-0.0004668528421249,165.9277,165.702,72.5036,80.2228,61.3849,26.2144,129.0349,26.6667,96.6667,173.3691,165.9277,158.4862,79956855729.3299,95090493958.0
2023-05-11,0.0984777142857143,173.85,174.59,172.17,173.75,49473076.0,173.4903,501955.0,0.002683826220492,0.0807364558064314,0.0137032569803617,-0.0002321783724013,165.5817,165.291,81.7617,84.8726,62.5374,26.044,158.8021,0.0,100.0,172.8884,165.5817,158.275,79955665320.4933,95136027096.0
2023-05-10,0.1005933333333333,173.02,174.03,171.9,173.555,53724501.0,173.1737,511486.0,0.0033060633008751,0.1008880431335228,0.0140380103760682,-0.0002321783724013,165.1519,164.7871,86.4031,80.6271,62.3958,25.7704,167.6337,0.0,90.0,172.272,165.1519,158.0318,79940524469.1545,95086512420.0
2023-05-09,0.1326669333333333,173.05,173.54,171.6,171.77,45326874.0,172.3162,456209.0,0.0028269935978946,0.0852287086176393,0.0140332581579936,-0.0004668528421249,164.6252,164.2619,86.4531,68.9954,61.0948,25.5162,162.946,3.3333,93.3333,171.8584,164.6252,157.392,79910761600.0559,95032787919.0
2023-05-08,0.1975646857142857,172.48,173.85,172.11,173.5,55962634.0,173.321,563138.0,0.0027495899253788,0.0826833073322925,0.014109831131973,-0.0004668528421249,164.1785,163.8227,69.025,55.3849,63.1414,25.2782,197.8084,6.6667,96.6667,171.5275,164.1785,156.8296,79948144588.9219,95078114793.0
2023-05-05,0.1827786999999999,170.975,174.3,170.76,173.57,113402971.0,173.3116,915977.0,0.0030398845527565,0.0921160259233619,0.014131548440386,-0.0002957357141518,163.7398,163.2348,51.5082,54.9579,63.2243,24.9817,208.0891,10.0,100.0,170.6435,163.7398,156.8361,79914695563.2207,95134077586.0
2023-05-04,0.0511330199999999,164.89,167.04,164.31,165.79,81225673.0,166.0983,832121.0,0.0017079741867123,0.0504340112779571,0.0115861669208702,-0.0002957357141518,163.255,162.6014,45.6215,66.8307,57.1899,24.6749,39.1897,13.3333,96.6667,169.6789,163.255,156.8312,79848033813.0286,95020624415.0
2023-05-03,0.0828158529411764,169.5,170.92,167.16,167.45,65126998.0,169.013,610052.0,0.0017349722331117,0.0512933199397278,0.0115599694066517,-0.0002957357141518,162.9915,162.4574,67.7441,83.1505,59.1932,24.7489,111.8277,16.6667,100.0,169.7959,162.9915,156.187,79841189802.6953,95101859842.0
2023-05-02,0.1809511666666666,170.09,170.35,167.54,168.54,48425696.0,168.6978,509755.0,0.0023486855314704,0.0707750952986021,0.0115968906519607,2.9998401452735468e-05,162.7209,162.1898,87.1265,84.338,60.5393,24.5311,123.5228,0.0,96.6667,169.6163,162.7209,155.8256,79896278243.4506,95166995860.0
2023-05-01,0.1033655789473684,169.28,170.45,168.64,169.59,52424936.0,169.6586,540745.0,0.0030711946568944,0.0941290322580636,0.0117169045806165,0.000999809110929,162.3521,161.829,94.5809,68.3217,61.8489,24.3382,143.9757,3.3333,100.0,169.3848,162.3521,155.3193,79910237251.9061,95215421556.0
2023-04-28,0.0997187727272727,168.49,169.85,167.8801,169.68,55275851.0,168.9479,527763.0,0.002907076258254,0.0887391722810393,0.011800387400576,0.000999809110929,161.869,161.3714,71.3065,42.7461,61.96,24.0214,139.5981,0.0,100.0,169.1429,161.869,154.595,79907628100.3923,95267894492.0
2023-04-27,0.1474996499999999,165.19,168.56,165.19,168.41,64898729.0,167.3197,575981.0,0.003278840005044,0.1007909013661019,0.0121120899049973,0.000999809110929,161.411,160.8761,39.0779,25.4881,61.0048,23.7258,108.5959,0.0,100.0,168.6737,161.411,154.1483,79861892728.2694,95212618641.0
2023-04-26,0.1450345652173913,163.055,165.28,162.8,163.76,45487296.0,163.9084,493403.0,0.0024197130468976,0.0732027000458745,0.0111781613528308,0.000999809110929,160.9004,160.4336,17.8538,26.1179,57.2012,23.4894,43.6334,3.3333,83.3333,168.5794,160.9004,153.2215,79802768054.67,95147716312.0
2023-04-25,0.0908365937499999,165.19,166.305,163.73,163.77,48652863.0,164.6479,501548.0,0.0028913879954918,0.0883897122349968,0.0113605850867841,0.0022499819681194,160.5306,160.2791,19.5325,40.3127,57.2128,23.4348,60.1808,0.0,86.6667,168.8726,160.5306,152.1885,79812727416.4442,95191822057.0
2023-04-24,0.1033910689655172,165.0,165.6,163.89,165.33,41449581.0,164.9397,459499.0,0.003648110241236,0.113333333333333,0.01126999544981,0.0040586256717707,160.0902,160.1134,40.9673,61.0268,59.0178,23.2824,69.8593,0.0,90.0,169.2828,160.0902,150.8976,79859928032.8267,95240536120.0
2023-04-21,0.1563688399999999,165.05,166.4521,164.49,165.02,57736141.0,165.0754,520279.0,0.0031228667818028,0.0958230958230954,0.0116992404323846,0.0040586256717707,159.5329,159.8293,60.4383,76.6099,58.7679,23.166,79.8119,3.3333,93.3333,169.6355,159.5329,149.4304,79831225687.932,95198586539.0
2023-04-20,0.0903365517241379,166.09,167.87,165.56,166.65,52456377.0,166.779,493153.0,0.0029517449401099,0.0901419506770455,0.0119221509784354,0.0040586256717707,159.0551,159.5469,81.6747,84.6906,60.6475,22.9853,105.3714,6.6667,96.6667,169.6266,159.0551,148.4836,79858047009.6363,95256923880.0
2023-04-19,0.121954027027027,165.8,168.16,165.54,167.63,47621166.0,167.2806,473866.0,0.0034258621940968,0.105738786279683,0.0118454205689511,0.0062320350421899,158.5988,159.1333,87.7167,86.6184,61.7962,22.6903,118.6634,10.0,100.0,169.1923,158.5988,148.0053,79860999100.1168,95309380257.0
2023-04-18,0.1562653333333333,166.1,167.41,165.65,166.47,49915508.0,166.3535,494642.0,0.0027103707061843,0.0821686277059088,0.0122511568910318,0.0040586256717707,158.068,158.6241,84.6804,77.9476,60.9499,22.3852,116.1181,13.3333,100.0,168.617,158.068,147.5191,79832585566.1627,95261660091.0
2023-04-17,0.1553211219512195,165.09,165.39,164.03,165.23,41516217.0,164.8044,483388.0,0.0030781931264821,0.0940210554194529,0.0125515444624208,0.0040586256717707,157.6495,158.1592,87.458,62.247,60.0351,22.1079,98.3899,0.0,73.3333,168.0017,157.6495,147.2973,79835989407.6172,95211737083.0
2023-04-14,0.16536275,164.59,166.32,163.82,165.21,49314480.0,165.0394,489551.0,0.0042438286598734,0.132273319169351,0.0137858574142475,0.006232685876702,157.1793,157.7472,61.7043,38.1576,60.0205,21.9268,106.4268,0.0,76.6667,167.592,157.1793,146.7666,79804855464.4407,95171023465.0
2023-04-13,0.0855885882352941,161.63,165.8,161.42,165.56,68418649.0,164.3531,595709.0,0.0044519333433219,0.1393572362535264,0.0137353405686789,0.006232685876702,156.5402,157.3081,37.5788,28.2832,60.3938,21.7395,98.3213,3.3333,80.0,167.5106,156.5402,145.5699,79799324178.6807,95220409945.0
2023-04-12,0.1219442608695652,161.22,162.06,159.78,160.1,50133062.0,160.8845,514261.0,0.0028402778168191,0.0860864256156299,0.0129772236473969,0.0048124754391138,155.8697,156.8148,15.1897,30.2331,56.2947,21.5727,53.0589,6.6667,83.3333,167.2721,155.8697,144.4673,79738379422.7218,95151964296.0
2023-04-11,0.0739138529411764,162.35,162.36,160.51,160.8,47494217.0,161.1314,490479.0,0.0028704586236198,0.0870740941049212,0.0129615021188102,0.0048124754391138,155.4495,156.6616,32.081,45.7571,57.0261,21.6041,64.5277,10.0,86.6667,167.2753,155.4495,143.6238,79774440046.2657,95202097358.0
2023-04-10,-0.01504128125,161.42,162.03,160.08,162.03,47670382.0,161.2628,563913.0,0.0033984169581936,0.1044236929997952,0.0128466871782775,0.006232685876702,155.023,156.4498,43.4287,60.3273,58.3131,21.5723,70.818,13.3333,90.0,167.1199,155.023,142.9262,79807147157.3954,95249741575.0
2023-04-06,0.0456637777777777,162.43,164.9584,162.0,164.66,45390123.0,164.0257,446212.0,0.0033306486854861,0.1021419009370818,0.012953609382356,0.006232685876702,154.5158,156.1391,61.7617,77.137,61.1663,21.5576,107.5672,16.6667,93.3333,166.8492,154.5158,142.1824,79759430275.3954,95297458457.0
2023-04-05,0.1100995128205128,164.74,165.05,161.8,163.76,51511744.0,163.4912,533621.0,0.0032571397061451,0.0997246659055799,0.0129473694795525,0.0055493137339889,154.0105,155.6268,75.7917,89.4422,60.5274,21.3753,111.8706,20.0,96.6667,166.058,154.0105,141.963,79723196732.1028,95252068334.0
2023-04-04,0.0876080322580645,166.595,166.84,165.11,165.63,46278295.0,165.9131,456306.0,0.0037300143105379,0.1155037715517248,0.012663369178159,0.0055493137339889,153.5188,155.1409,93.8575,95.644,62.5958,21.1867,152.2322,23.3333,100.0,165.3134,153.5188,141.7241,79712577387.9551,95303580078.0
2023-04-03,0.163669282051282,164.27,166.29,164.22,166.17,56976187.0,165.3487,568686.0,0.0029490112084125,0.0892822025565385,0.0137459907107101,0.0055493137339889,152.9509,154.4933,98.6775,87.8482,63.1987,20.6925,163.6998,26.6667,100.0,164.1979,152.9509,141.7039,79731035205.0361,95349858373.0
2023-03-31,0.1683516896551724,162.44,165.0,161.91,164.9,68749792.0,164.0421,574409.0,0.0024407340028552,0.0727994274933314,0.0138424341557846,0.0037098407489994,152.4999,153.7641,94.3971,70.9754,62.3748,20.206,160.3609,30.0,100.0,162.8137,152.4999,142.1861,79680664952.7607,95292882186.0
2023-03-30,0.1027976129032258,161.53,162.47,161.271,162.36,49210289.0,162.0209,456152.0,0.0015716121459229,0.0452584819416725,0.013804632213197,0.0030932955663163,152.1294,153.0716,70.4701,54.4571,60.6728,19.7608,148.2667,33.3333,100.0,161.5521,152.1294,142.7066,79616364985.4856,95224132394.0
2023-03-29,0.0680524864864864,159.37,161.05,159.35,160.77,51305691.0,160.216,472077.0,0.0017053951266857,0.0494125326370755,0.0139036902013464,0.0030932955663163,151.8966,152.5054,48.0589,49.5495,59.5659,19.419,134.5121,36.6667,83.3333,160.73,151.8966,143.0632,79575946175.2012,95174630705.0
2023-03-28,0.0610110833333333,157.97,158.49,155.98,157.65,45992152.0,156.9785,432447.0,0.0009048761291944,0.0246993825154373,0.0135255857324927,0.0027587083463744,151.6459,152.009,44.8424,55.2102,57.2856,19.135,92.2116,40.0,86.6667,159.9924,151.6459,143.2994,79541541182.413,95123325014.0
2023-03-27,0.0676264444444444,159.94,160.77,157.87,158.28,52390266.0,159.0188,518436.0,0.0016644424505273,0.0481425071187335,0.0138654803690583,0.0030932955663163,151.5201,151.6921,55.7472,64.4306,57.9232,18.9728,132.0832,43.3333,90.0,159.6755,151.5201,143.3647,79526332622.1899,95169317166.0
2023-03-24,0.1692391666666666,158.86,160.34,157.85,160.25,59006343.0,159.2417,517531.0,0.0021559669249218,0.063790503348464,0.0136211858113893,0.0030932955663163,151.2794,151.3103,65.0409,73.8893,59.9399,18.638,156.9721,46.6667,93.3333,159.1685,151.2794,143.3903,79563909088.8381,95221707432.0
2023-03-23,0.1706579999999999,158.83,161.5501,157.68,158.93,67482060.0,159.5685,614268.0,0.001648731068041,0.0477360635683219,0.013665997578796,0.0027587083463744,150.9612,150.7671,72.5038,82.6724,59.0156,18.313,173.5881,50.0,96.6667,158.2998,150.9612,143.6226,79508936336.8984,95162451089.0
2023-03-22,0.1181762173913043,159.3,162.14,157.81,157.83,75349311.0,159.6832,656865.0,0.0008279881187718,0.0221169569451238,0.0140556192908616,0.0025369231309401,150.7214,150.2769,84.1234,88.3426,58.2395,17.9769,190.3561,53.3333,100.0,157.5962,150.7214,143.8467,79532876024.3499,95094829029.0
2023-03-21,0.1749528461538461,157.32,159.4,156.54,159.28,73938285.0,158.3406,590982.0,0.0017729273386045,0.0513583065615181,0.0143068370769809,0.0027587083463744,150.6084,149.8282,91.39,88.2516,59.6796,17.6182,185.3315,56.6667,100.0,157.1858,150.6084,144.0309,79607878511.4607,95170530840.0
2023-03-20,0.0789004117647058,155.07,157.82,154.15,157.4,72711415.0,156.6059,628984.0,0.0007771642027493,0.0203218929970774,0.014600829736411,0.0025369231309401,150.3507,149.2493,89.5145,84.7564,58.3901,17.3773,149.9587,60.0,100.0,156.2894,150.3507,144.412,79540144837.7894,95096592555.0
2023-03-17,0.1610884736842105,156.08,156.74,154.28,155.0,98944633.0,155.3402,615778.0,0.0010743667357125,0.0292804474273162,0.0149829076289704,0.0025369231309401,150.2469,148.7593,83.8502,76.1303,56.6803,17.2068,126.0191,63.3333,3.3333,155.8623,150.2469,144.6316,79483358678.5387,95022951140.0
2023-03-16,0.1557861249999999,152.16,156.46,151.64,155.85,76206919.0,154.813,676097.0,0.0024915822837354,0.0732817967217125,0.0162551505688552,0.0027587083463744,150.1009,148.3998,80.9045,61.8985,57.489,17.085,114.4132,0.0,6.6667,155.5465,150.1009,144.6553,79524384501.9777,95121895773.0
2023-03-15,0.1596568999999999,151.19,153.245,149.92,152.99,77167866.0,151.7861,703116.0,0.0021318063881825,0.0619101510452897,0.0160101574086476,0.0027587083463744,149.7486,147.9574,63.6363,44.6961,55.4201,16.973,41.8915,3.3333,10.0,155.2954,149.7486,144.2018,79467430994.0109,95045641354.0
2023-03-14,0.1168285,151.28,153.4,150.1,152.59,72045893.0,152.1061,565196.0,0.0023451255634914,0.0686881570849522,0.0160578226516443,0.0030932955663163,149.4532,147.6803,41.1546,36.6982,55.1248,17.0233,45.4733,6.6667,13.3333,155.422,149.4532,143.4845,79402099402.1944,94968473488.0
2023-03-13,0.1814638095238095,147.805,153.14,147.7,150.47,84457122.0,151.1835,760660.0,0.0012062153348312,0.032681268676155,0.0163926563800053,0.0026742277156001,149.1285,147.4116,29.2974,41.9554,53.5486,17.0623,9.4755,10.0,16.6667,155.6355,149.1285,142.6214,79364581493.0308,94894777595.0
2023-03-10,0.1639659999999999,150.21,150.94,147.6096,148.5,68559600.0,149.0716,611457.0,0.0012201607848237,0.0331076484743395,0.0164030844978844,0.0026742277156001,148.9708,147.2695,39.6426,56.0248,52.0352,17.116,-20.5109,13.3333,20.0,155.6636,148.9708,142.278,79363028972.4058,94810320473.0
2023-03-09,0.1283190294117646,153.559,154.535,150.225,150.59,53833122.0,152.4689,480909.0,0.0021762298125736,0.063156353498269,0.0163308898394061,0.0030932955663163,148.8132,147.2527,56.9263,69.5959,53.8339,17.2856,46.1178,0.0,23.3333,155.8496,148.8132,141.7769,79394934987.0106,94878892873.0
2023-03-08,0.1151501818181818,152.81,153.47,151.83,152.87,47204791.0,152.6973,405203.0,0.0025166920991508,0.0741797019923655,0.0160755061112494,0.0030932955663163,148.517,147.0914,71.5054,74.7439,55.8706,17.2787,69.033,3.3333,26.6667,156.1227,148.517,140.9113,79439650584.1243,94932726455.0
2023-03-07,0.1591109666666667,153.7,154.0299,151.13,151.6,56136378.0,152.2768,496631.0,0.0025728841876723,0.0759754703138375,0.0160988231334103,0.0030932955663163,148.1675,146.7629,80.3559,66.7599,54.9529,17.1552,63.7019,0.0,30.0,156.0849,148.1675,140.25,79426985884.0999,94885521664.0
2023-03-06,0.2111473846153846,153.785,156.3,153.46,153.83,87558028.0,154.6895,691990.0,0.0038394482230506,0.1174606156509467,0.0162004463885987,0.0037098407489994,147.813,146.4987,72.3705,48.9019,56.9635,17.0274,108.8283,0.0,33.3333,156.2022,147.813,139.4238,79464956557.8049,94941703692.0
2023-03-03,0.0493791081081081,148.045,151.11,147.33,151.03,70725339.0,150.0304,558706.0,0.0038621633758358,0.1182082535784641,0.0162215057309329,0.0037098407489994,147.2776,146.0635,47.5531,33.8484,54.9635,16.726,31.6591,0.0,36.6667,156.3459,147.2776,138.2093,79529700170.0585,94854145664.0
2023-03-02,0.0970506,144.38,146.71,143.9,145.91,52279761.0,145.1652,413238.0,0.0027072843795399,0.0807797670475301,0.0151554226535527,0.0030932955663163,146.7489,145.7902,26.7821,27.9527,50.9329,16.6594,-30.1499,3.3333,40.0,156.899,146.7489,136.5989,79461961832.7198,94783413367.0
2023-03-01,0.0833832142857142,146.83,147.2285,145.01,145.31,55478991.0,145.868,461613.0,0.0023906470635395,0.0705555278485463,0.015221496327993,0.0026742277156001,146.3878,145.8487,27.2101,27.6308,50.4304,16.8293,-18.5285,6.6667,43.3333,157.4951,146.3878,135.2805,79439449907.1647,94731133606.0
2023-02-28,0.0647892258064515,147.05,149.08,146.83,147.41,50546998.0,147.7996,383779.0,0.0031573900004721,0.0955366349021171,0.0149409124274127,0.0030932955663163,146.0707,145.9524,29.8661,24.9061,52.2407,16.9234,12.6123,0.0,46.6667,157.9121,146.0707,134.2294,79479924438.1241,94786612597.0
2023-02-27,0.1435420333333333,147.71,149.17,147.45,147.92,44998470.0,148.1344,418069.0,0.0036096230370548,0.1104511932325884,0.0149394649186698,0.0055956668123522,145.6451,145.9193,25.8161,19.8905,52.6846,16.8839,22.1732,0.0,50.0,158.2944,145.6451,132.9957,79504411650.4885,94837159595.0
2023-02-24,0.0207093333333333,147.11,147.19,145.7202,146.71,55469606.0,146.3861,472221.0,0.0033147277354761,0.1007075493658706,0.014932318388187,0.0030932955663163,145.1579,145.8491,19.036,16.9576,51.7441,16.7958,7.976,0.0,53.3333,158.6671,145.1579,131.6487,79524817933.3955,94792161125.0
2023-02-23,0.122045909090909,150.09,150.34,147.24,149.4,48392049.0,148.8407,425159.0,0.0046186467611457,0.1445540261953155,0.0147200798237087,0.0055956668123522,144.7134,145.8569,14.8193,21.181,54.0532,16.8078,38.0093,0.0,56.6667,158.9738,144.7134,130.4531,79505578305.4606,94847630731.0
2023-02-22,0.0331790526315789,148.87,149.95,147.16,148.91,51008155.0,148.5494,429775.0,0.0046575073699463,0.145883991827292,0.0147180611892812,0.0061785759443614,144.0886,145.6809,17.0174,37.5152,53.6893,16.7065,38.9832,3.3333,60.0,159.26,144.0886,128.9173,79486532826.8219,94799236482.0
2023-02-21,0.0573088421052631,150.2,151.3,148.405,148.48,58217230.0,149.3501,509342.0,0.004697269444698,0.1472469264990521,0.0147148596146679,0.0061785759443614,143.4609,145.5264,31.7063,58.2986,53.3761,16.6213,49.7384,0.0,63.3333,159.4807,143.4609,127.4411,79473551455.2986,94748225177.0
2023-02-17,0.1175487777777777,152.35,153.0,150.85,152.55,59105618.0,152.0451,468580.0,0.0068130657801708,0.222063234202771,0.0146141521496647,0.0083285314663765,142.8299,145.3907,63.8218,76.0788,56.8975,16.4415,78.6745,0.0,66.6667,159.6365,142.8299,126.0233,79529368569.7545,94807092407.0
2023-02-16,0.0736498799999999,153.51,156.33,153.3475,153.71,68167942.0,154.7143,516187.0,0.0067111343500046,0.2182978182212966,0.0147242036163832,0.0083285314663765,141.912,144.9668,79.3677,75.7881,57.9508,16.0697,102.8777,3.3333,70.0,159.6955,141.912,124.1286,79494982454.6382,94866236525.0
2023-02-15,0.1816746818181817,153.11,155.5,152.88,155.33,65665252.0,154.4536,520574.0,0.0074025887630361,0.2438360893636273,0.0143862271391159,0.0088886432653129,141.0,144.4342,85.0469,65.2235,59.4363,15.4848,109.7304,0.0,73.3333,159.2784,141.0,122.7217,79546579815.5988,94934404467.0
2023-02-14,0.0882609677419355,152.12,153.77,150.86,153.2,61664023.0,152.5956,528566.0,0.0056923170742637,0.1808922923165759,0.0164180721265948,0.0083285314663765,139.9918,143.7538,62.9497,48.6147,58.0702,14.9141,100.0374,3.3333,76.6667,158.5593,139.9918,121.4242,79489432527.5988,94868735215.0
2023-02-13,0.1778245833333332,150.952,154.26,150.92,153.85,62199013.0,153.231,506668.0,0.0059154450634328,0.1888305342284915,0.0163270105757969,0.0083285314663765,139.2147,143.1725,47.674,45.1493,58.6529,14.3962,109.4592,6.6667,80.0,157.6269,139.2147,120.8025,79451899055.3617,94930442788.0
2023-02-10,0.1016532666666666,149.46,151.3401,149.22,151.01,57388108.0,150.4054,443405.0,0.0062326997279645,0.1999365280863219,0.0166634258777908,0.0083285314663765,138.4055,142.5066,35.2204,50.4411,56.8231,13.8557,96.3277,10.0,83.3333,156.4841,138.4055,120.327,79404970458.727,94868243775.0
2023-02-09,0.0405373333333333,153.775,154.33,150.42,150.87,55994243.0,152.2769,471973.0,0.0051281107617524,0.1602707067599789,0.0179277552854565,0.0083285314663765,137.5724,141.9892,52.5536,64.2441,56.5815,13.4204,112.8612,13.3333,86.6667,155.7389,137.5724,119.4058,79365409924.5026,94810793067.0
2023-02-08,0.1022977058823529,153.88,154.58,151.168,151.92,63620079.0,152.3636,524140.0,0.0048958833135365,0.1521310480812978,0.0181262306845541,0.0083285314663765,136.8834,141.4616,63.5493,73.7524,57.4636,12.8969,129.0289,16.6667,90.0,154.732,136.8834,119.0348,79408525397.7583,94866800210.0
2023-02-07,0.0380402045454545,150.64,155.23,150.64,154.65,83322551.0,153.4202,661767.0,0.0053910369660733,0.1695530515011722,0.0177014204351237,0.0083285314663765,136.2202,140.8257,76.6293,80.1203,59.8071,12.2994,151.8389,20.0,93.3333,153.4359,136.2202,119.0044,79444381526.3433,94930920289.0
2023-02-06,0.0743031212121212,152.575,153.1,150.78,151.73,69771906.0,152.0939,583517.0,0.0039571262721092,0.120191952750092,0.0182547889386697,0.0061785759443614,135.4789,139.9592,81.0785,80.2411,58.0377,11.6812,155.1981,23.3333,96.6667,151.5507,135.4789,119.4071,79382116526.3586,94847597738.0
2023-02-03,0.0416628999999999,148.03,157.38,147.83,154.5,154338835.0,154.2437,1141350.0,0.0053484038187266,0.167800453514739,0.0181238091888173,0.0083285314663765,134.9407,139.2327,82.6531,73.7026,60.4793,11.1254,191.4732,26.6667,100.0,150.0157,134.9407,119.8656,79394763288.6517,94917456044.0
2023-02-02,0.0552797,148.9,151.18,148.17,150.82,118338980.0,149.3764,996203.0,0.0045174448958463,0.1393820352043515,0.0177998496958937,0.0061785759443614,134.2067,138.2666,76.9917,68.4751,58.2222,10.5505,182.151,30.0,100.0,147.7083,134.2067,120.7051,79333505246.0098,94763098707.0
2023-02-01,0.0576806818181818,143.97,146.61,141.32,145.43,77663426.0,143.8723,693374.0,0.0027517081592789,0.0811835551260127,0.0170973563950852,0.0042726358196004,133.5967,137.4856,61.4629,68.6932,54.5468,10.2158,133.2653,33.3333,90.0,145.8597,133.5967,121.3337,79243473264.548,94644759727.0
2023-01-31,0.057495243902439,142.7,144.34,142.28,144.29,65874459.0,143.6473,468170.0,0.0020023911592169,0.0570695970695971,0.0173460618422056,0.0032789102355075,133.2357,137.0194,66.9707,77.9757,53.7143,10.0907,135.8642,36.6667,93.3333,144.8437,133.2357,121.6277,79200457301.4686,94567096094.0
2023-01-30,0.0711005434782608,144.955,145.55,142.85,143.0,64015274.0,143.6524,551111.0,0.0001398828600771,-0.0014663780462259,0.0193737111292248,0.0014563497288129,132.9781,136.5991,77.6459,86.0567,52.768,10.0806,147.5545,40.0,96.6667,144.0274,132.9781,121.9288,79137780631.7404,94501221635.0
2023-01-27,0.0738769666666666,143.155,147.23,143.08,145.93,70547743.0,145.8365,560022.0,0.0002912918710903,0.0031621640200731,0.0192323457581278,0.0014563497288129,132.9851,136.238,89.3105,88.3337,55.248,10.0327,172.1934,43.3333,0.0,144.0569,132.9851,121.9133,79194683097.5182,94565236909.0
2023-01-26,0.0999983571428571,143.17,144.25,141.9,143.96,54105068.0,143.3429,472135.0,6.122918876260893e-05,-0.0036680739151496,0.0191116605973383,0.0014563497288129,132.9699,135.6516,91.2136,87.2332,53.8379,9.9684,139.3196,46.6667,3.3333,143.9781,132.9699,121.9617,79168330915.1929,94494681066.0
2023-01-25,0.1337321904761904,140.89,142.43,138.81,141.86,65799349.0,140.7526,536505.0,0.0001141177185489,-0.0021102982554869,0.0191545311942334,0.0014563497288129,132.9874,135.1595,84.477,81.2363,52.2888,10.0559,104.3264,50.0,6.6667,144.0596,132.9874,121.9152,79127579438.444,94440575998.0
2023-01-24,0.1258932444444444,140.305,143.16,140.3,142.53,66435142.0,142.0507,498679.0,0.0001563105195233,-0.0008412197686643,0.0191452705715145,0.0014563497288129,132.9973,134.7772,86.0091,75.4164,52.8356,10.2451,116.029,53.3333,10.0,144.0976,132.9973,121.897,79082501431.3943,94506375347.0
2023-01-23,0.0945449999999999,138.12,143.315,137.9,141.11,81760313.0,141.2116,719288.0,0.0002253022233528,0.0012061870299417,0.0191845351696942,0.0014563497288129,133.0013,134.3226,73.2228,68.6331,51.803,10.3504,97.4408,56.6667,13.3333,144.1136,133.0013,121.889,79045334918.3873,94439940205.0
2023-01-20,0.0974520303030303,135.28,138.02,134.22,137.87,80200655.0,136.3762,552230.0,-0.0010175410604364,-0.0352669512280454,0.0188410965141843,-4.253328478870389e-05,132.9957,133.9338,67.0172,71.0263,49.3573,10.4594,37.0323,60.0,16.6667,144.0941,132.9957,121.8973,79030160566.667,94358179892.0
2023-01-19,0.106419724137931,134.08,136.25,133.77,135.27,58280413.0,134.9653,491674.0,-0.0025039009431818,-0.0774739139330289,0.018944462365147,-0.0005640582785876,133.1623,133.7398,65.6591,79.1154,47.2822,10.7776,9.3841,63.3333,0.0,144.6251,133.1623,121.6995,78956270384.825,94277956266.0
2023-01-18,0.1567236086956521,136.815,138.61,135.03,135.21,69672800.0,136.3316,578304.0,-0.0027848001386396,-0.0852445707326976,0.018961141653199,-0.0016987252788984,133.5379,133.7103,80.4024,89.2676,47.234,11.0014,18.124,66.6667,3.3333,145.8171,133.5379,121.2586,78944050298.2282,94219675853.0
2023-01-17,0.1534923235294117,134.83,137.29,134.13,135.94,63612627.0,135.7587,595831.0,-0.0027181768270644,-0.0834063785314543,0.0189554515321657,-0.0016987252788984,133.9545,133.6829,91.2845,91.3242,47.7477,11.303,6.8054,70.0,6.6667,147.1002,133.9545,120.8087,79006716894.8762,94289348653.0
2023-01-13,0.1005083333333333,132.03,134.92,131.66,134.76,57809719.0,133.6773,537385.0,-0.0029470034614523,-0.0896439910828884,0.0188567307546569,-0.0016987252788984,134.3634,133.6036,96.1157,86.8413,46.8443,11.5374,-19.5107,73.3333,10.0,148.3307,134.3634,120.3962,78997451879.5534,94225702026.0
2023-01-12,0.1269750625,133.88,134.26,131.44,133.41,71379648.0,133.171,635331.0,-0.0016645130475806,-0.0549691860876958,0.0208995090082215,-0.0016987252788984,134.8022,133.5996,86.5724,78.6601,45.808,11.6372,-29.989,76.6667,13.3333,149.4633,134.8022,120.141,78945316734.1976,94167892307.0
2023-01-11,0.027186304347826,131.25,133.51,130.46,133.49,69458949.0,132.3081,561278.0,-0.0023494780445233,-0.0744002218832339,0.0211881178524395,-0.0030847357833751,135.0587,133.6876,77.8358,67.3948,45.8593,11.7,-37.7652,80.0,16.6667,149.8065,135.0587,120.3109,78916967370.4529,94239271955.0
2023-01-10,0.0808307555555555,130.26,131.2636,128.12,130.73,63896155.0,129.822,554940.0,-0.0039286940133727,-0.1173452163932214,0.021146109417618,-0.0034031487792016,135.4135,133.7763,71.5722,55.3992,43.7625,11.7195,-64.2624,83.3333,20.0,150.3987,135.4135,120.4283,78848419358.489,94169813006.0
2023-01-09,0.0692364857142857,130.465,133.41,129.89,130.15,70790813.0,131.6292,645365.0,-0.0047303594254467,-0.138478850863838,0.0212685501393066,-0.0057091012127926,135.9881,134.0598,52.7764,37.8747,43.3165,11.6019,-58.0423,86.6667,0.0,151.3644,135.9881,120.6118,78806214887.1052,94105916851.0
2023-01-06,0.1124343513513513,126.01,130.29,124.89,129.62,87754715.0,128.1982,711520.0,-0.0046691145356631,-0.1369023838060995,0.0212964848810643,-0.0057091012127926,136.6797,134.4026,41.8488,32.1047,42.9167,11.5626,-88.8283,90.0,3.3333,152.6093,136.6797,120.7502,78866547966.3666,94035126038.0
2023-01-05,0.0147391764705882,127.13,127.77,124.76,125.02,80716808.0,126.0883,665458.0,-0.0054068792489786,-0.1553273427471119,0.0202025904877891,-0.0057091012127926,137.3595,134.8053,18.9989,31.2107,39.3259,11.3261,-117.415,93.3333,6.6667,153.5834,137.3595,121.1356,78800569421.3851,93947371323.0
2023-01-04,0.0215964599999999,126.89,128.6557,125.08,126.36,89100633.0,126.6464,770042.0,-0.0057760657518598,-0.1647828673408685,0.0203944893706374,-0.0057091012127926,138.1196,135.5504,35.4663,36.7249,40.035,10.9141,-119.8215,96.6667,0.0,153.8994,138.1196,122.3397,78867545216.3752,94028334031.0
2023-01-03,0.023432375,130.28,130.9,124.17,125.07,112117471.0,125.725,1021065.0,-0.0059938116485525,-0.1701831210191084,0.0202559372166321,-0.0057091012127926,138.9438,136.2552,39.167,31.6566,39.0115,10.5012,-130.9603,100.0,3.3333,154.5476,138.9438,123.34,78892858502.4557,93939220398.0
2022-12-30,0.102041129032258,128.41,129.95,127.43,129.93,76204209.0,128.8013,592655.0,-0.0043146097071493,-0.1267558303649441,0.0196617448189146,-0.0034031487792016,139.7918,137.0969,35.5413,24.0131,41.5972,10.0742,-121.2746,93.3333,6.6667,154.8206,139.7918,124.7631,78974989131.2863,94051337869.0
2022-12-29,0.0501478684210526,127.99,130.4814,127.73,129.61,75501810.0,129.4879,598204.0,-0.0046746116071818,-0.1361636896827511,0.0196330961291298,-0.0057091012127926,140.4154,137.6642,20.2616,20.756,41.3498,9.7668,-133.1832,96.6667,0.0,155.129,140.4154,125.7018,78899177687.5085,93974303660.0
2022-12-28,0.0201333,129.67,131.0275,125.87,126.04,85438391.0,127.5918,762246.0,-0.0052231084497523,-0.149986512004316,0.0189204501866881,-0.0057091012127926,141.0908,138.2925,16.2364,25.9799,38.5419,9.4614,-167.3174,100.0,3.3333,155.4197,141.0908,126.7619,78871426447.4467,93898599950.0
2022-12-27,0.0938933076923076,131.38,131.41,128.72,130.03,69007830.0,129.9522,608331.0,-0.0045164554982976,-0.1313961255845026,0.0183433657480205,-0.0057091012127926,141.8261,139.2084,25.7699,30.7026,40.6442,9.1455,-160.4512,100.0,6.6667,154.9965,141.8261,128.6558,78951232448.153,93984038341.0
2022-12-23,0.1305494090909091,130.92,132.415,129.64,131.86,63802893.0,131.1521,541274.0,-0.0034115522684486,-0.1021992238033636,0.0187401868295357,-0.0034031487792016,142.4764,139.9144,35.9335,29.5225,41.6514,8.9359,-164.8101,100.0,10.0,154.9518,142.4764,130.0011,78953028190.9411,94053046171.0
2022-12-22,0.040278875,134.352,134.56,130.3,132.23,77696108.0,131.8997,643294.0,-0.0003524615073482,-0.0195744049825759,0.0250265964954053,-0.0034031487792016,142.9727,140.544,30.4044,20.3012,41.8541,8.7577,-172.778,93.3333,13.3333,154.711,142.9727,131.2344,78914739255.1411,94116861064.0
2022-12-21,0.1522729310344827,132.98,136.81,132.75,135.45,85927993.0,135.315,588684.0,-0.0006663733186344,-0.0290322580645165,0.025375025766111,-0.0034031487792016,143.06,141.1917,22.2296,11.7042,43.6411,8.6007,-139.9892,96.6667,16.6667,154.48,143.06,131.6399,78922049312.2303,94194713172.0
2022-12-20,0.0153410357142857,131.39,133.25,129.89,132.3,77430718.0,131.8489,640693.0,-0.0013208552861022,-0.0476533256550535,0.0249855141780456,-0.0034031487792016,143.1939,141.6638,8.2695,8.0366,41.2699,8.5409,-198.24,100.0,20.0,154.2918,143.1939,132.096,78893688841.6342,94108785179.0
2022-12-19,0.0024029629629629,135.11,135.2,131.32,132.37,79592614.0,132.4667,705820.0,-0.0011731513277783,-0.0434311316664262,0.0250028512241973,-0.0034031487792016,143.4127,142.3839,4.6133,14.5852,41.3073,8.2864,-193.3172,100.0,23.3333,153.7934,143.4127,133.0321,78860042438.1402,94186217998.0
2022-12-16,0.0105211538461538,136.685,137.65,133.73,134.51,160063600.0,134.9476,821076.0,-0.0007076355485964,-0.0298562232711901,0.0248537103044085,-0.0026577206301596,143.6114,143.1489,11.2268,28.8082,42.4418,8.0812,-165.5993,100.0,26.6667,153.2587,143.6114,133.9642,78896556575.4907,94265810612.0
2022-12-15,0.0732597307692307,141.11,141.8,136.025,136.5,98463907.0,137.6359,879346.0,-0.0016351777176748,-0.057251084113681,0.0258532147198015,-0.0026577206301596,143.7483,143.8203,27.9154,40.1944,43.5163,7.9689,-124.1472,6.6667,30.0,152.9177,143.7483,134.579,78992977566.307,94425967512.0
2022-12-14,0.1775872857142857,145.35,146.655,141.16,143.21,82211182.0,144.2495,597870.0,-0.0013168691064453,-0.0478059880902465,0.025348367782454,-0.0026577206301596,144.0224,144.4019,47.2822,42.6175,47.4299,7.9508,-29.6486,10.0,0.0,152.6513,144.0224,135.3934,79075634960.4672,94524899419.0
2022-12-13,0.0656106333333333,149.5,149.9692,144.24,145.47,93486161.0,146.5933,706525.0,-0.0013837646470485,-0.049747070448856,0.0253884205368839,-0.0026577206301596,144.2601,144.5646,45.3854,32.7075,48.8607,8.1673,19.8231,13.3333,3.3333,153.0493,144.2601,135.4709,79096525988.4726,94607190601.0
2022-12-12,0.11268604,142.7,144.5,141.06,144.49,70462654.0,143.0063,492710.0,-0.0021235238308012,-0.070693750036773,0.0254629114544565,-0.0034031487792016,144.5119,144.5839,35.185,23.7606,48.2058,8.3533,-41.2704,16.6667,0.0,153.7126,144.5119,135.3112,79150099373.5074,94513304440.0
2022-12-09,0.0843175454545454,142.34,145.57,140.9,142.16,76084511.0,143.2204,530236.0,-0.0001514403951268,-0.0166002575979828,0.0288819060963173,-0.0034031487792016,144.8753,144.6715,17.5521,22.1168,46.6351,8.4551,-53.655,20.0,3.3333,154.698,144.8753,135.0526,79080046386.1004,94442841786.0
2022-12-08,0.038301425,142.36,143.52,141.1,142.65,62128338.0,142.5153,456121.0,-0.0010524526993702,-0.0432735378382201,0.0293874870009006,-0.0056772692699473,144.9546,144.9246,18.5446,34.8339,46.9244,8.5603,-64.7777,23.3333,6.6667,154.6889,144.9546,135.2203,79115080341.9142,94518938797.0
2022-12-07,0.0441765555555555,142.19,143.37,140.0,140.94,69721094.0,141.1601,565392.0,-0.0021111184418421,-0.0732948998940704,0.0294653901286301,-0.008157166703542,145.1679,145.1617,30.2537,54.7643,45.79,8.5588,-87.481,26.6667,10.0,154.8694,145.1679,135.4664,79097622792.3935,94456810459.0
2022-12-06,0.03258694,147.075,147.3,141.92,142.91,64727186.0,143.7902,537304.0,-0.0010070360858033,-0.0421710989144514,0.029627394780327,-0.0056772692699473,145.5365,145.532,55.7034,71.6238,46.9064,8.5493,-48.1462,30.0,13.3333,155.233,145.5365,135.8399,79128449032.7674,94526531553.0
2022-12-05,0.062603611111111,147.77,150.9199,145.77,146.63,68826442.0,147.6384,586791.0,0.0003320546514976,-0.0026908926349333,0.0294029912687155,-0.0026577206301596,145.7445,145.7932,78.3358,71.3496,49.0914,8.6254,17.4815,33.3333,16.6667,155.3743,145.7445,136.1147,79169354689.3473,94591258739.0
2022-12-02,0.1209252352941176,145.96,148.0,145.65,147.81,65438446.0,146.8594,464550.0,0.0015001310306199,0.0325383465216009,0.0297435339217151,-2.630797297598076e-05,145.7576,145.8179,80.8324,54.563,49.8027,8.8849,7.1971,36.6667,20.0,155.3868,145.7576,136.1284,79215193989.8028,94660085181.0
2022-12-01,0.0002471555555555,148.21,149.13,146.61,148.31,71250416.0,148.105,525985.0,0.0015036060850891,0.0326463544604547,0.0297429706529619,-2.630797297598076e-05,145.6036,145.7636,54.8807,31.7925,50.1,9.0041,24.4912,40.0,23.3333,155.321,145.6036,135.8862,79160329535.0709,94725532627.0
2022-11-30,0.0498194222222222,141.395,148.72,140.55,148.03,111314880.0,145.1721,707647.0,0.0014660630488655,0.0314854898609378,0.0297431681584742,-0.0005894535163293,145.4486,145.6713,27.9759,25.2295,49.9382,9.1724,-12.6354,43.3333,26.6667,155.2137,145.4486,135.6834,79135448437.4201,94654282211.0
2022-11-29,0.0492245217391304,144.29,144.81,140.355,141.17,83736803.0,142.0517,713280.0,0.0001599149720873,-0.0070596360451254,0.028478392897696,-0.0005894535163293,145.2992,145.5918,12.5209,33.3665,45.774,9.326,-73.5189,46.6667,30.0,155.1126,145.2992,135.4858,79042880974.1153,94542901331.0
2022-11-28,-0.0173738399999999,145.14,146.64,143.38,144.22,69346522.0,144.782,614357.0,0.0018356133497198,0.0439348649010025,0.02865375626179,0.0022735322625312,145.3324,145.9761,35.1916,47.153,47.4711,9.2837,-28.059,50.0,33.3333,155.0806,145.3324,135.5841,79095997190.3836,94626665134.0
2022-11-25,0.0492654411764705,148.305,148.88,147.12,148.11,35195860.0,148.1668,319570.0,0.0016364215584979,0.0375283036205436,0.0288683723312647,0.0022735322625312,145.1317,146.1783,52.3869,52.7127,49.745,9.374,29.2418,0.0,36.6667,155.2989,145.1317,134.9644,79129606854.4204,94696011656.0
2022-11-23,0.0709862647058823,149.45,151.83,149.34,151.07,58283895.0,150.7871,444423.0,0.0034099683529021,0.0938346965505119,0.0291426962958191,0.0038420725768515,144.9546,146.1283,53.8804,53.3569,51.5617,9.6438,74.7313,3.3333,40.0,155.1772,144.9546,134.7319,79125207371.9204,94731207516.0
2022-11-22,0.1630821034482759,148.13,150.42,146.925,150.18,51804132.0,149.1957,405185.0,0.0030589283195428,0.0823831677996058,0.0291736830037079,0.0022735322625312,144.5261,145.8724,51.8709,58.0513,51.042,9.9195,55.0758,6.6667,43.3333,154.969,144.5261,134.0832,79102495583.5067,94672906121.0
2022-11-21,0.1216981142857142,150.16,150.37,147.715,148.01,58724070.0,148.4817,504777.0,0.0022283909535472,0.0558040587217762,0.0291862221625539,-0.0005894535163293,144.1482,145.6597,54.3193,64.7741,49.7719,10.2494,51.5057,10.0,46.6667,154.742,144.1482,133.5544,79057806182.0818,94621101989.0
2022-11-18,0.0778633076923077,152.305,152.7,149.97,151.29,74829573.0,151.1944,514103.0,0.0030295857977702,0.0817435761337368,0.0288468393374902,0.0015604229579121,143.8895,145.5808,67.9638,72.7228,51.7329,10.5767,93.7049,13.3333,50.0,154.5897,143.8895,133.1894,79103480458.7485,94679826059.0
2022-11-17,0.0738282258064516,146.43,151.48,146.15,150.72,80389400.0,149.706,563714.0,0.0016795676839783,0.0380974364940771,0.0297146920768601,-0.0005894535163293,143.5116,145.2721,72.0393,79.6851,51.4113,10.8051,72.8836,16.6667,53.3333,154.1142,143.5116,132.9089,79105947367.7485,94604996486.0
2022-11-16,0.1188990263157894,149.13,149.87,147.29,148.79,64218266.0,148.6596,472247.0,0.001026334854148,0.0180143603540421,0.0296746582640074,-0.0026055948131215,143.3287,144.9811,78.1654,87.3653,50.3281,11.0972,64.5527,20.0,56.6667,153.6991,143.3287,132.9582,79048483275.0656,94524607086.0
2022-11-15,0.0722328846153845,152.215,153.59,148.5613,150.04,89868332.0,151.2356,703669.0,0.0013724848472778,0.0286747431088538,0.029624009817661,-0.0005894535163293,143.2416,144.802,88.8507,83.9657,51.0405,11.4734,101.1581,23.3333,60.0,153.5113,143.2416,132.9719,79038029138.74,94588825352.0
2022-11-14,0.0736948378378378,148.97,150.28,147.43,148.28,73374114.0,148.7236,576289.0,0.001830937827986,0.0426567545804428,0.0298881560133876,-0.0005894535163293,143.1034,144.5251,95.0798,69.3605,50.0787,11.8036,74.3831,26.6667,63.3333,153.1789,143.1034,133.0278,79075045519.9263,94498957020.0
2022-11-11,0.0825251794871794,145.82,150.01,144.37,149.7,93966273.0,148.1929,742241.0,0.0031722101781212,0.0850131321102629,0.0302508840122403,0.0014093027408267,142.9028,144.3494,67.9666,43.9916,50.8579,12.1242,69.0773,30.0,66.6667,152.8936,142.9028,132.912,79104652618.5579,94572331134.0
2022-11-10,0.0489356382978723,141.24,146.87,139.5,146.87,118854028.0,144.1322,875048.0,0.0015286086839393,0.0325246430602803,0.0306683023555569,-0.0005894535163293,142.515,144.0646,45.0351,29.1393,49.3393,12.4432,13.0059,33.3333,70.0,152.5129,142.515,132.5171,79021004051.4834,94478351469.0
2022-11-09,0.0350155813953488,138.5,138.55,134.5933,134.87,74903262.0,135.9897,632982.0,-0.0030745122638485,-0.0984105308031222,0.0273855630855338,-0.0026055948131215,142.362,143.9536,18.9732,18.7639,41.9914,12.6257,-129.1622,36.6667,73.3333,152.3022,142.362,132.4219,78902150023.4834,94359497441.0
2022-11-08,0.0217375185185185,140.41,141.43,137.49,139.5,89908477.0,139.5702,637312.0,-0.0023898986281576,-0.0792576334957496,0.0268761296797686,-0.0026055948131215,142.8488,144.6559,23.4095,15.4,44.3929,12.3738,-78.1868,40.0,76.6667,152.4838,142.8488,133.2137,78966589513.0379,94434415235.0
2022-11-07,0.0064101199999999,137.11,139.145,135.671,138.92,83364228.0,137.4671,715005.0,-0.0023101910200366,-0.0770650823867841,0.026899017591855,-0.0026055948131215,143.2458,145.0899,13.9091,13.8403,44.0051,12.2286,-108.3482,43.3333,80.0,153.0881,143.2458,133.4034,78964763960.2054,94344506758.0
2022-11-04,0.0328778333333333,142.09,142.67,134.38,138.38,140494796.0,137.3583,1161631.0,-0.0023649280386146,-0.0785747523765205,0.0268879885682402,-0.0026055948131215,143.6293,145.5934,8.8815,23.0242,43.6514,11.9461,-106.1024,46.6667,83.3333,153.4877,143.6293,133.7709,78892189154.4852,94261132130.0
2022-11-03,0.0861359999999999,142.06,142.8,138.75,138.88,97917166.0,140.1145,871800.0,-0.0028042485474278,-0.0907424381301557,0.0269850193015322,-0.0039360221679841,144.0194,146.1687,18.7302,42.7846,43.7849,11.6537,-90.179,50.0,86.6667,153.7632,144.0194,134.2756,78897115124.4297,94401946926.0
2022-11-02,0.0787664333333333,148.945,152.17,145.0,145.03,93604623.0,148.2186,788400.0,-0.0016032554819476,-0.0565313557116836,0.0259788358032901,-0.0039360221679841,144.4769,146.7652,41.461,56.2722,46.9447,11.5134,24.9425,53.3333,0.0,154.2458,144.4769,134.708,78988747513.4766,94499865442.0
2022-11-01,-0.0004731153846153,155.08,155.45,149.13,150.65,80379345.0,150.9807,650595.0,-0.0010353446422191,-0.0398342893562781,0.0253712877090767,-0.0039360221679841,144.7637,146.9828,68.1626,62.0948,50.1412,11.6418,86.4133,56.6667,3.3333,154.9118,144.7637,134.6156,79081568834.1921,94593470065.0
2022-10-31,0.07872564,153.155,154.24,151.92,153.34,97932271.0,153.2791,726843.0,7.159448597623777e-05,-0.0073795960642155,0.0253513519028352,-0.0012509239054878,144.97,146.8317,59.1931,60.3279,51.7723,11.9782,102.2004,60.0,6.6667,155.7031,144.97,134.2369,79123284696.787,94673849410.0
2022-10-28,0.1481778399999999,148.2,157.5,147.82,155.74,164762371.0,154.5822,1228075.0,0.0014213693348919,0.0334439283344394,0.0255681789334872,0.0014093027408267,145.0076,146.4864,58.9288,69.3324,53.2667,12.3088,110.6259,63.3333,10.0,155.8442,145.0076,134.1711,79101331917.0802,94771792581.0
2022-10-27,0.0227537,148.07,149.046,144.13,144.8,109161970.0,145.3119,944053.0,-0.0014623856300928,-0.0496816958718909,0.0216181650389166,-0.0012509239054878,144.8413,145.9534,62.8618,81.1229,46.4564,12.6508,-2.8672,66.6667,13.3333,155.2523,144.8413,134.4303,78996483135.5347,94607030210.0
2022-10-26,0.1065610666666666,150.96,151.99,148.04,149.35,87883672.0,150.0488,694793.0,-0.0010778700408192,-0.0383748631768718,0.021197372261872,-0.0012509239054878,145.0912,146.1308,86.2066,87.4323,49.3476,12.6953,49.402,70.0,16.6667,155.7078,145.0912,134.4745,79075903033.0937,94716210360.0
2022-10-25,0.15739714,150.09,152.49,149.36,152.34,74682290.0,151.4347,581421.0,-0.0001051189737594,-0.0097503900156008,0.02099242772937,0.0014093027408267,145.2879,146.0096,94.3003,84.3018,51.3788,12.9468,67.0415,73.3333,0.0,156.3152,145.2879,134.2605,79105680275.8177,94804646532.0
2022-10-24,0.12167856,147.185,150.23,146.0,149.45,75981918.0,148.3743,653020.0,-0.0027056899101224,-0.0855412103041057,0.0231448469253856,-0.0012509239054878,145.3374,145.676,81.7901,76.6624,49.4341,13.2801,24.4501,76.6667,0.0,156.4769,145.3374,134.1979,79038110825.1148,94729914242.0
2022-10-21,0.0693519302325581,142.87,147.8479,142.649,147.27,86548459.0,145.5191,621571.0,-0.0019155155242659,-0.0641799580606214,0.0241134871243765,-0.0012509239054878,145.7988,145.5167,76.8151,75.2049,47.9151,13.4876,-15.6539,80.0,3.3333,158.3911,145.7988,133.2065,78990150607.3702,94653932324.0
2022-10-20,0.1084497058823529,143.02,145.89,142.65,143.39,64521989.0,144.2072,517760.0,-0.0021894902105381,-0.0716690405282924,0.0238277245504745,-0.0012509239054878,146.1322,145.4952,71.382,71.2437,45.0764,13.5511,-41.5033,83.3333,6.6667,159.2293,146.1322,133.0351,78922843161.3628,94567383715.0
2022-10-19,0.0731476551724138,141.69,144.9492,141.5,143.86,61757790.0,143.4441,511348.0,-0.002401183061494,-0.0775839958963839,0.0238645404131057,-0.0019198808711919,146.4976,145.7373,77.4177,71.0287,45.3659,13.4875,-50.8296,86.6667,10.0,159.7225,146.4976,133.2726,78957892143.0418,94631905704.0
2022-10-18,0.14743856,145.49,146.7,140.61,143.75,99130632.0,144.0619,785416.0,-0.0021182280890999,-0.0697599171681879,0.0239505747031225,-0.0012757955216696,146.897,145.9639,64.9313,60.2138,45.2864,13.3587,-51.8661,90.0,13.3333,160.331,146.897,133.4629,78935138316.5104,94570147364.0
2022-10-17,0.1071248799999999,141.065,142.9,140.27,142.41,85250639.0,141.9529,634583.0,-0.0027057142691094,-0.0860021821449202,0.0238766493453082,-0.0054901034101956,147.2528,146.2137,70.7372,50.0774,44.3324,13.2254,-76.1215,93.3333,16.6667,160.7507,147.2528,133.7549,78932045384.5071,94471010754.0
2022-10-14,0.1394869655172413,144.31,144.52,138.19,138.38,88597969.0,139.9229,689680.0,-0.004130172481213,-0.1239554317548746,0.0232004575515031,-0.0065004553734061,147.6951,146.5722,44.9729,29.9063,41.36,12.8305,-98.7104,96.6667,20.0,161.216,147.6951,134.1742,78878560955.0965,94385759815.0
2022-10-13,0.0555703333333333,134.99,143.59,134.37,142.99,113223975.0,139.7607,874139.0,-0.0028986125781384,-0.0905101132171483,0.0226496969162756,-0.0054901034101956,148.3413,147.2307,34.522,20.8217,43.9553,12.422,-108.0583,100.0,23.3333,161.6115,148.3413,135.0712,78961840246.6526,94474357784.0
2022-10-12,0.1044162195121951,139.13,140.36,138.16,138.34,69933744.0,139.0968,553185.0,-0.0043735388626881,-0.129444339563275,0.0216423703207548,-0.0065004553734061,148.811,147.6197,10.224,23.0468,40.3029,11.9359,-134.2602,76.6667,26.6667,162.0894,148.811,135.5326,78863352580.7632,94361133809.0
2022-10-11,0.0487079999999999,139.9,141.35,138.22,138.98,77001872.0,139.5393,608882.0,-0.0047302225631477,-0.1388028256289506,0.0217312394871603,-0.0074204084384686,149.49,148.3531,17.719,41.0705,40.6554,11.5895,-140.9105,80.0,30.0,162.3568,149.49,136.6231,78922260803.0178,94431567553.0
2022-10-10,0.0371654166666666,140.42,141.89,138.5729,140.42,74899002.0,140.1978,620863.0,-0.0048447328457237,-0.1417919569734756,0.0217690677627458,-0.0074204084384686,150.2293,149.0934,41.1973,61.1008,41.4438,11.2337,-145.9007,83.3333,0.0,162.8289,150.2293,137.6297,78961885151.874,94508601225.0
2022-10-07,0.1215615999999999,142.54,143.1,139.445,140.09,85925559.0,140.7932,666459.0,-0.0061798947814652,-0.1760865729577136,0.0225024905033575,-0.0089164922738924,150.9951,149.7865,64.295,67.6808,41.1912,10.8802,-152.3712,86.6667,3.3333,163.5749,150.9951,138.4153,78953370360.7449,94433702223.0
2022-10-06,0.0597966333333333,145.81,147.54,145.22,145.43,68308669.0,146.0741,538671.0,-0.0044585148917364,-0.1319166716409003,0.0220716024420482,-0.0074204084384686,151.9833,150.5498,77.8099,56.7065,44.1724,10.5499,-96.1788,90.0,6.6667,165.1922,151.9833,138.7744,79008969251.8626,94519627782.0
2022-10-05,0.1185755609756097,144.075,147.38,143.01,146.4,79269968.0,145.2495,605861.0,-0.0041778609065779,-0.1245589906117325,0.0220957783007542,-0.0072951807517656,152.7128,151.0011,60.9374,35.4352,44.741,10.4588,-108.8576,93.3333,10.0,166.4839,152.7128,138.9417,79064988269.5781,94588029951.0
2022-10-04,0.1242187692307692,145.03,146.22,144.26,146.1,87780064.0,145.4907,687504.0,-0.0043139406030828,-0.1281255594676851,0.0220695387038698,-0.0072951807517656,153.4003,151.4174,31.3722,22.3032,44.5275,10.355,-117.9935,96.6667,13.3333,167.6083,153.4003,139.1923,79021161030.9328,94508558983.0
2022-10-03,0.059744619047619,138.21,143.07,137.685,142.45,114311663.0,141.2135,838786.0,-0.0059356876014622,-0.1694846082089555,0.0215924988095839,-0.0089164922738924,154.109,151.8828,13.9962,22.3861,41.8871,10.304,-179.426,100.0,0.0,168.6218,154.109,139.5961,78944085668.647,94420728919.0
2022-09-30,-0.007201976744186,141.28,143.1,138.0,138.2,124910274.0,140.3818,947003.0,-0.0074641694744809,-0.2064312374389892,0.020538570888582,-0.0101264006659628,155.0685,152.6295,21.5413,29.2485,38.5974,10.0653,-201.2593,100.0,0.0,169.8066,155.0685,140.3303,78856096468.4363,94306417256.0
2022-09-29,-0.00968198,146.1,146.72,140.68,142.48,128138237.0,142.9002,1067281.0,-0.0065392462487299,-0.1837295903752507,0.0201216641539402,-0.0089164922738924,156.2551,153.718,31.6207,30.0139,40.8484,9.8317,-164.8751,100.0,0.0,170.6622,156.2551,141.8479,78971223681.7304,94431342530.0
2022-09-28,0.0359627999999999,147.64,150.6414,144.84,149.84,146661387.0,147.5981,1142717.0,-0.004609124110165,-0.1340230017915968,0.0186694578741624,-0.0072951807517656,157.3136,154.5893,34.5836,28.6092,45.2338,9.7049,-112.7414,100.0,3.3333,171.7729,157.3136,142.8542,79022988135.088,94559480767.0
2022-09-27,0.1210772666666667,152.74,154.72,149.945,151.76,84282741.0,152.1335,683776.0,-0.0042182003028794,-0.1237369363127203,0.0186196810689798,-0.0043334173380522,158.079,155.018,23.8376,29.537,46.4925,9.7644,-78.4337,76.6667,6.6667,172.9882,158.079,143.1698,78916824371.6071,94706172154.0
2022-09-26,0.0995559387755102,149.66,153.7701,149.64,150.77,93339409.0,151.5222,747666.0,-0.0042259591698775,-0.1239395700174319,0.0186152334933573,-0.0043334173380522,158.7864,155.3453,27.4065,41.7667,45.7399,10.0864,-88.8653,80.0,10.0,174.1536,158.7864,143.4191,78937072945.1034,94621729413.0
2022-09-23,0.0626310833333333,151.19,151.47,148.56,150.43,96029909.0,150.0222,766882.0,-0.0035871119555175,-0.1071873701703367,0.019148103785074,-0.0043334173380522,159.4904,155.7626,37.3671,53.7028,45.4854,10.3675,-105.2309,83.3333,13.3333,174.9882,159.4904,143.9926,78979336819.7726,94528390004.0
2022-09-22,0.1071160232558139,152.38,154.47,150.91,152.74,86652542.0,152.5709,686879.0,-0.0032307065145544,-0.0974946821082489,0.0190291924444355,-0.0033615917244336,160.0865,156.232,60.5265,58.2155,46.9313,10.5306,-87.2329,86.6667,16.6667,175.2907,160.0865,144.8823,78951946845.7279,94624419913.0
2022-09-21,0.1283812222222222,157.34,158.74,153.6,153.72,101696790.0,156.2959,785023.0,-0.0021450483065159,-0.0679117147707983,0.0197348264051481,-0.0021603048970996,160.6311,156.576,63.2147,46.1017,47.5512,10.8205,-67.3082,90.0,20.0,175.6992,160.6311,145.563,78949523677.4133,94710684705.0
2022-09-20,0.1397510476190476,153.4,158.08,153.08,156.9,107639796.0,156.1314,792170.0,-0.0014593497842857,-0.0483411172438897,0.0194485303384808,-0.0014764218366042,161.0008,156.8768,50.9054,30.037,49.6066,11.1219,-65.1311,93.3333,23.3333,175.7659,161.0008,146.2357,79046471979.1642,94812381495.0
2022-09-19,0.055053125,149.31,154.56,149.1,154.48,81474246.0,152.5543,671956.0,-0.0020782961670795,-0.0657393407922588,0.0191874021272051,-0.0021603048970996,161.2638,156.9812,24.185,17.5591,47.9516,11.4684,-102.6958,96.6667,26.6667,175.8985,161.2638,146.6292,78989611766.8762,94704691699.0
2022-09-16,0.1284338787878787,151.21,151.35,148.37,150.7,160940131.0,150.2326,850351.0,-0.002960632037021,-0.0898641697490515,0.0185149319337192,-0.0021603048970996,161.6226,157.2581,15.0204,23.4486,45.236,11.7097,-138.9825,100.0,30.0,175.9506,161.6226,147.2947,78910525044.5686,94623217453.0
2022-09-15,0.1955931555555555,154.65,155.24,151.38,152.37,90481110.0,153.0058,741143.0,-0.002659500024019,-0.0815509241845227,0.0184557473194194,-0.0019776025882173,162.1138,157.8121,13.4717,36.6531,46.2669,11.772,-122.7655,100.0,33.3333,175.6989,162.1138,148.5287,78819038986.5551,94785496294.0
2022-09-14,0.0911825999999999,154.785,157.1,153.6106,155.31,87935409.0,155.2607,716065.0,-0.0007535836341674,-0.0280230331083591,0.0195943265865299,-0.0016566661095261,162.5603,158.2904,41.8538,51.8354,48.1338,11.9901,-108.3217,86.6667,36.6667,175.5043,162.5603,149.6164,78863107506.4515,94875977404.0
2022-09-13,0.1488935897435897,159.9,160.54,153.37,153.84,122651554.0,156.1544,1018108.0,-0.0013816747289585,-0.0461643878473264,0.0195557702319243,-0.0019776025882173,162.7081,158.6008,54.6339,50.9884,47.1021,12.3354,-107.1946,90.0,40.0,175.3457,162.7081,150.0705,78865391471.0458,94788011995.0
2022-09-12,0.1401851944444444,159.59,164.26,159.3,163.43,104955962.0,162.4763,801512.0,0.0003691949216399,0.0070600535442846,0.0164525589079359,-0.0019776025882173,162.9539,159.0331,59.0184,40.1501,53.8578,12.6926,-29.9876,93.3333,43.3333,175.05,162.9539,150.8577,78971967580.5605,94910668609.0
2022-09-09,0.12776472,155.47,157.82,154.75,157.37,68081006.0,156.6625,532851.0,0.0001787003044376,0.0015182707930303,0.0160377238981899,-0.0019776025882173,162.9161,158.8403,39.3129,26.8149,49.427,12.8592,-104.0147,96.6667,46.6667,175.0331,162.9161,150.799,78902138009.0685,94805712647.0
2022-09-08,0.1011525365853658,154.64,156.36,152.68,154.46,84909447.0,154.3949,697264.0,-0.0003302387864399,-0.013490323797171,0.0156756302250813,-0.0019776025882173,162.9082,159.048,22.119,18.5336,47.0677,13.1995,-131.582,0.0,50.0,175.044,162.9082,150.7724,78854015604.176,94737631641.0
2022-09-07,0.0877148571428572,154.825,156.67,153.61,155.96,87293824.0,155.306,696954.0,0.0011315171877933,0.0301908879621306,0.0167492723358049,-0.0016566661095261,162.9779,159.4687,19.0126,14.9953,48.1879,13.4575,-120.5934,0.0,53.3333,174.9062,162.9779,151.0496,78856784860.0565,94822555488.0
2022-09-06,0.1263795526315789,156.47,157.09,153.69,154.53,73714843.0,155.012,687436.0,0.0005288411736645,0.0117355312262728,0.01677143900944,-0.0019776025882173,162.827,159.816,14.4691,11.9453,47.026,13.7783,-119.6235,3.3333,56.6667,175.2865,162.827,150.3676,78809916460.9192,94735105914.0
2022-09-02,0.10016528,159.75,160.362,154.965,155.81,76807768.0,157.6597,646414.0,0.0005560698430211,0.0125688231990213,0.0167578785486774,-0.0019776025882173,162.7679,160.285,11.5041,9.7215,47.9565,14.1147,-92.7367,6.6667,60.0,175.4284,162.7679,150.1074,78846995380.6486,94808401453.0
2022-09-01,0.0534791395348837,156.64,158.42,154.67,157.96,74229896.0,156.5232,654667.0,0.00073941394421,0.0182151309474234,0.0166314887443216,-0.0019776025882173,162.704,160.6988,9.8626,8.5112,49.5484,14.5347,-90.263,10.0,63.3333,175.5529,162.704,149.8552,78899854829.5973,94885359221.0
2022-08-31,-0.0314806666666666,160.305,160.58,157.14,157.22,87991091.0,158.3972,606827.0,0.0010856577022007,0.0287421018097333,0.0168175630514387,-0.0019776025882173,162.6108,160.9944,7.7979,12.4673,48.985,14.8529,-71.5026,0.0,66.6667,175.6797,162.6108,149.5418,78843836001.416,94811129325.0
2022-08-30,0.0461900285714285,162.13,162.56,157.72,158.91,77906197.0,159.2926,644671.0,0.0018904871813941,0.0538479604771735,0.0168151422552104,-0.0016566661095261,162.4658,161.3609,7.8732,17.2179,50.2232,15.3205,-49.6489,0.0,70.0,175.9296,162.4658,149.002,78927734483.5322,94899120416.0
2022-08-29,0.0629776976744186,161.145,162.9,159.82,161.38,73313953.0,161.5291,640593.0,0.003291402490655,0.098826938018752,0.0170728773402564,-0.001155485357913,162.1978,161.6373,21.7309,22.5326,52.0832,15.8372,-24.9532,0.0,73.3333,176.3599,162.1978,148.0356,78967331434.9,94977026613.0
2022-08-26,0.0726601612903225,170.57,171.05,163.56,163.62,78960980.0,165.9997,722008.0,0.0030596353891583,0.0910807324322828,0.0173468292430542,-0.001155485357913,161.7187,161.7641,22.0494,18.1531,53.8309,16.2739,28.3363,3.3333,76.6667,177.0934,161.7187,146.344,78966386961.4974,95049751065.0
2022-08-25,0.1005245294117647,168.78,170.14,168.35,170.03,51218209.0,169.3503,465398.0,0.0046979471942258,0.1468075020383801,0.0156588290482162,-0.0003102858129885,161.2679,161.7466,23.8175,12.4997,59.339,16.4963,63.8771,0.0,80.0,177.3577,161.2679,145.1781,79044082879.0675,95128712045.0
2022-08-24,0.1055091599999999,167.32,168.11,166.245,167.53,53841524.0,167.3144,476970.0,0.0048832740934577,0.153089781810497,0.0158109078331233,-0.0003102858129885,160.5494,161.2902,8.5925,13.3975,57.7075,16.3978,47.8951,0.0,83.3333,177.2218,160.5494,143.8771,78999159645.4753,95077493836.0
2022-08-23,0.1252759999999999,167.08,168.71,166.65,167.23,54147079.0,167.6231,494686.0,0.0047389202433939,0.1481051354652807,0.0158581532672443,-0.001155485357913,159.8153,160.973,5.0891,27.7119,57.5098,16.3983,53.374,3.3333,86.6667,177.3973,159.8153,142.2333,78978806683.3198,95023652312.0
2022-08-22,0.1055938666666666,169.69,169.86,167.135,167.57,68975809.0,168.2677,620800.0,0.0050343441030223,0.1583011527242479,0.0158118055768017,-0.0003102858129885,159.1033,160.6544,26.5108,52.7138,57.8059,16.3702,62.2358,6.6667,90.0,177.4071,159.1033,140.7994,79002463174.1451,95077799391.0
2022-08-19,0.0434923,173.03,173.74,171.3101,171.52,70336995.0,172.2302,573126.0,0.0053100606136411,0.1681078781349814,0.0153864387456966,-0.0003102858129885,158.3474,160.2907,51.5356,73.6481,61.3541,16.3073,97.0208,10.0,93.3333,177.322,158.3474,139.3727,79049452066.1432,95146826200.0
2022-08-18,0.0939129999999999,173.75,174.9,173.12,174.15,62290075.0,174.1366,545655.0,0.0059706155670888,0.1916108008304895,0.0149140764119626,0.0019374627990341,157.5326,159.6321,80.0949,88.3871,63.8776,15.9377,117.7959,13.3333,96.6667,176.5624,157.5326,138.5029,79107645031.9358,95217172495.0
2022-08-17,0.1714643529411764,172.77,176.15,172.57,174.55,79542037.0,174.3135,686577.0,0.0068469838082786,0.2230114546394264,0.015173028499689,0.0041431906650056,156.6083,158.7485,89.3139,91.2392,64.2662,15.4137,129.8433,0.0,100.0,175.3425,156.6083,137.8741,79097846593.1718,95279462570.0
2022-08-16,0.1116791304347826,172.78,173.71,171.6618,173.03,56377050.0,172.7427,515134.0,0.0068744048034754,0.2240087792743228,0.0151772481764356,0.0041431906650056,155.5578,157.7767,95.7525,91.0622,63.4494,14.8716,128.2178,0.0,100.0,174.0665,155.5578,137.049,79089403583.6578,95199920533.0
2022-08-15,0.1319002,171.52,173.39,171.345,173.19,54091694.0,172.6254,501625.0,0.007536212719176,0.2483330119648954,0.0152554476362343,0.0055241259967756,154.5125,156.8416,88.6512,84.4174,63.5973,14.4117,138.254,0.0,100.0,172.8803,154.5125,136.1447,79070460762.737,95256297583.0
2022-08-12,0.0952618484848484,169.82,172.17,169.4,172.1,68039382.0,171.0754,557624.0,0.0078639092731887,0.2605280074201161,0.0153314910095799,0.0057742189792155,153.3754,155.8311,88.7829,79.7281,63.0297,13.9493,138.7736,0.0,100.0,171.6209,153.3754,135.1298,79026949351.182,95202205889.0
2022-08-11,0.0805059677419354,170.06,170.99,168.19,168.49,57142109.0,169.3737,507914.0,0.0065487983464059,0.2118391704723725,0.0157968457850898,0.0041431906650056,152.2013,154.8254,75.8179,72.8039,61.0871,13.5217,132.8829,3.3333,100.0,170.4429,152.2013,133.9597,78962348782.7127,95134166507.0
2022-08-10,0.1669754838709677,167.68,169.34,166.9,169.24,70170540.0,168.3496,559789.0,0.0071306463936966,0.2330865173637744,0.0157028782340442,0.0057742189792155,151.2291,153.9968,74.5834,72.6163,61.7386,13.1285,137.3143,6.6667,100.0,169.3549,151.2291,133.1034,79007251693.3556,95191315666.0
2022-08-09,0.11032634375,164.02,165.82,163.25,164.92,63075503.0,164.8395,480552.0,0.0052645078699017,0.1658153457208173,0.0166258969393895,0.0041431906650056,150.1732,153.0599,68.0104,76.3087,59.3231,12.7914,115.4182,10.0,96.6667,168.0544,150.1732,132.292,78942832836.9621,95121145126.0
2022-08-08,0.0729944193548387,166.37,167.81,164.2,164.87,60362338.0,165.8939,540017.0,0.0052543988951539,0.1654618969742369,0.0166290023351057,0.0041431906650056,149.399,152.3534,75.2552,81.0516,59.2943,12.5991,133.4474,13.3333,100.0,166.9471,149.399,131.8509,78923916752.4057,95058009623.0
2022-08-05,0.0508394761904762,163.21,165.85,163.0,165.35,56696985.0,164.7432,491310.0,0.00616840496292,0.1975121139798932,0.0169067685355305,0.0057742189792155,148.6264,151.6015,85.6605,83.5375,59.6858,12.3365,138.1286,16.6667,96.6667,165.7008,148.6264,131.552,78961873125.6079,95118371961.0
2022-08-04,0.1275165599999999,166.005,167.19,164.43,165.81,55474144.0,165.5946,525012.0,0.0069337658851827,0.2250461765792388,0.0170663687711015,0.0082204733329428,147.7262,150.765,82.2391,82.0047,59.8687,12.153,158.2848,20.0,100.0,164.3624,147.7262,131.0901,78925069819.5553,95175068946.0
2022-08-03,0.1631903,160.84,166.59,160.75,166.13,82507488.0,164.9105,682781.0,0.006870399705804,0.2227128873187596,0.0171026381185744,0.0082204733329428,146.7222,149.8552,82.713,84.648,60.1164,11.8847,160.3031,0.0,100.0,162.9493,146.7222,130.4952,78925069819.5553,95230543090.0
2022-08-02,0.030284125,160.1,162.41,159.63,160.01,59907025.0,160.6921,543549.0,0.0066875033064347,0.2162511401641831,0.0167926399030327,0.0082204733329428,145.7248,148.8608,81.062,88.0505,56.8131,11.6331,137.7602,0.0,93.3333,161.1736,145.7248,130.2761,78855560086.5142,95148035602.0
2022-08-01,0.1725324285714285,161.01,163.59,160.89,161.51,67778379.0,162.1045,594290.0,0.0073815196124308,0.2418114716284785,0.0165465173688051,0.0105286791430639,144.7871,148.2151,90.169,84.1746,57.9503,11.5616,161.5911,0.0,96.6667,160.5005,144.7871,129.0737,78899089651.4422,95207942627.0
2022-07-29,0.1767277799999999,161.24,163.63,159.5,162.51,101763760.0,162.249,773742.0,0.0062649191794077,0.1999556966698663,0.0184437165781275,0.0105286791430639,143.7505,147.4226,92.9204,73.7853,58.7076,11.4088,172.5431,3.3333,100.0,159.4935,143.7505,128.0075,78935767760.0867,95275772006.0
2022-07-28,0.09468448,156.98,157.64,154.41,157.35,81378731.0,157.4654,738631.0,0.0058421972807727,0.1852214522446511,0.0179701053108731,0.0105286791430639,142.8579,146.5073,69.4343,60.8577,55.8284,11.2506,129.9783,6.6667,100.0,157.6655,142.8579,128.0503,78889187332.6291,95173985146.0
2022-07-27,0.1160402972972972,152.58,157.33,152.16,156.79,78620688.0,155.2412,579181.0,0.0059455664951643,0.1888838337882921,0.0179656657950813,0.0105286791430639,142.0474,145.8808,59.0012,64.2819,55.5029,11.3717,127.916,10.0,100.0,156.6384,142.0474,127.4564,78822421500.6941,95092606415.0
2022-07-26,0.0486008333333333,152.265,153.085,150.8,151.6,55099091.0,151.6799,472001.0,0.003528244238507,0.1055203091956535,0.0188535562169496,0.0082204733329428,141.2263,145.2492,54.1377,74.411,52.3578,11.5126,99.2008,13.3333,93.3333,155.5709,141.2263,126.8818,78760224476.725,95013985727.0
2022-07-25,0.0721584399999999,154.01,155.04,152.28,152.95,53580745.0,153.3004,487391.0,0.0025348341789388,0.0722798653954006,0.0202144034824033,0.0082204733329428,140.7494,144.928,79.7069,88.031,53.3052,11.8821,125.1627,16.6667,96.6667,154.8573,140.7494,126.6415,78776754018.6659,95069124418.0
2022-07-22,0.0833526222222222,155.39,156.28,153.41,154.09,66675373.0,154.6233,527310.0,0.0015829211803801,0.0414301162476338,0.0213028408804601,0.0082204733329428,140.4096,144.4926,89.3883,88.1124,54.1043,12.1804,149.2953,20.0,100.0,153.9707,140.4096,126.8484,78804343149.7891,95122748363.0
2022-07-21,0.0933771395348837,154.5,155.57,151.94,155.35,65064436.0,154.3545,522802.0,0.0016851660045895,0.044650662362988,0.0212633945286947,0.0082204733329428,140.2075,143.9494,94.9977,84.8112,54.985,12.4243,153.6667,23.3333,100.0,153.2194,140.2075,127.1956,78839423242.4999,95189423771.0
2022-07-20,0.0914986666666666,151.12,153.72,150.37,153.04,64823413.0,152.6255,523491.0,0.0017682254548947,0.0472149993157242,0.0213204008029383,0.0082204733329428,139.9886,143.2828,79.9513,79.5295,53.6478,12.7132,139.1987,26.6667,100.0,152.2927,139.9886,127.6845,78782225895.712,95124337135.0
2022-07-19,0.0762216041666666,147.92,151.23,146.91,151.0,82969067.0,149.7493,576469.0,0.0014921503019196,0.0386573118723341,0.0212199578173312,0.0067532228857186,139.7612,142.7278,79.4846,79.3585,52.4418,13.1076,111.9457,30.0,96.6667,151.4554,139.7612,128.067,78743718853.3628,95059513722.0
2022-07-18,0.1136068571428571,150.74,151.57,146.7,147.07,81380868.0,149.0297,620449.0,-0.000683770371801,-0.0273791415911647,0.0218585162711185,0.0059502059864825,139.576,142.2736,79.1526,76.3156,50.0201,13.4706,99.3487,33.3333,100.0,150.8267,139.576,128.3252,78669572571.7378,94976531355.0
2022-07-15,0.0942666399999999,149.78,150.86,148.2,150.17,76259931.0,149.5097,550061.0,0.0005647134388368,0.009817766121982,0.0217522217211842,0.0067532228857186,139.7124,142.0561,79.4384,71.3603,52.0407,13.8462,115.2797,36.6667,0.0,151.3369,139.7124,128.088,78738621480.3292,95057952223.0
2022-07-14,0.1603153666666666,144.08,148.95,143.25,148.47,78140744.0,146.591,614951.0,0.0001539285812484,-0.002485890889546,0.021658938280402,0.0059502059864825,139.6643,141.6122,70.3558,71.0289,50.9912,14.3102,77.3065,40.0,3.3333,151.1541,139.6643,128.1745,78701924972.1788,94981692292.0
2022-07-13,0.1014886296296296,142.99,146.45,142.1201,145.49,71185560.0,145.1932,559357.0,-0.0007070271359536,-0.0277332264100512,0.0213448282448657,0.0049712020799794,139.6765,141.2537,64.2866,77.4558,49.104,14.6918,46.2011,43.3333,6.6667,151.1974,139.6765,128.1556,78636944774.5367,94903551548.0
2022-07-12,0.1131051176470588,145.76,148.45,145.05,145.86,77588759.0,146.7948,579531.0,0.0007360858857148,0.0144665461121156,0.0225990173354409,0.0059502059864825,139.8133,141.0736,78.4443,87.4211,49.332,14.9535,66.5848,46.6667,10.0,151.6236,139.8133,128.0029,78597324903.1669,94974737108.0
2022-07-11,0.0668391724137931,145.67,146.64,143.78,144.87,63305113.0,145.1524,496267.0,0.0012816136045403,0.0309564474807857,0.0229346647675123,0.0059502059864825,139.7447,140.8558,89.6366,90.9994,48.716,15.3658,52.5985,50.0,13.3333,151.4753,139.7447,128.0141,78637944900.5257,94897148349.0
2022-07-08,0.0288666666666666,145.265,147.55,145.0,147.04,64543598.0,146.6409,520274.0,0.0018115407683606,0.0475919065260754,0.0227407821525305,0.0059502059864825,139.6013,140.6906,94.1823,85.8062,50.004,15.6961,75.5523,53.3333,16.6667,151.2619,139.6013,127.9408,78652996465.8544,94960453462.0
2022-07-07,-0.0612014615384615,143.29,146.55,143.28,146.35,66253709.0,145.6754,539961.0,0.0010138503458225,0.0226399273286279,0.0230426664848691,0.0059502059864825,139.3812,140.366,89.1792,72.6447,49.5944,16.0961,65.1858,56.6667,20.0,150.8434,139.3812,127.9189,78614267787.0544,94895905664.0
2022-07-06,-0.0174770666666666,141.355,144.12,141.08,142.92,74064254.0,142.5582,585624.0,0.0015511754945767,0.0387382803982849,0.0237495006454216,0.0059502059864825,139.2744,140.066,74.0572,57.2731,47.5286,16.4581,29.9869,60.0,23.3333,150.5947,139.2744,127.9541,78556118507.2899,94829651955.0
2022-07-05,-0.0437721851851851,137.77,141.61,136.93,141.56,73429641.0,139.7669,601960.0,0.001289179730422,0.0306516199490349,0.0237024911411819,0.003487519971386,139.0987,139.9793,54.6977,45.1399,46.6912,16.7047,-6.2147,63.3333,26.6667,150.4499,139.0987,127.7475,78540526032.7636,94755587701.0
