Date,Open,High,Low,Close,Volume,Volume Weighted Average,Transactions,Mean,Cumulative Return,STDDEV,Median,SMA,EMA,SlowK,SlowD,RSI,ADX,CCI,Aroon Down,Aroon Up,Real Upper Band,Real Middle Band,Real Lower Band,Chaikin A/D,OBV
2024-12-09,442.6,448.33,440.5,446.02,17082222.0,445.4444,318755.0,0.0067940595440769,0.0695923261390887,0.0093663287844287,0.0049079665861286,440.166,440.3856,90.3268,90.3518,88.4774,60.7044,78.9156,0.0,100.0,450.7418,440.166,429.5902,-942861061.1687,1673484215.0
2024-12-06,442.3,446.1,441.7703,443.57,17936304.0,443.6498,277174.0,0.0072420376906624,0.0743575459587762,0.009401903525161,0.0071478573190566,437.158,437.5683,90.6371,89.8807,86.5502,55.7941,97.0007,0.0,100.0,447.9165,437.158,426.3995,-950709526.7472,1654339827.0
2024-12-05,437.92,444.66,436.171,442.62,20802839.0,441.687,328701.0,0.0065965900040068,0.0674379815664127,0.0099359581752749,0.0071478573190566,433.136,434.5675,90.0916,87.0004,85.8142,50.3991,110.089,20.0,100.0,446.1074,433.136,420.1646,-947534947.0395,1635518825.0
2024-12-04,433.03,439.67,432.63,437.42,23888329.0,437.1989,350721.0,0.0048572853875327,0.0490901010252431,0.010370319739083,0.0027018516631881,429.21,430.5413,88.9135,82.0322,81.3435,44.1346,130.839,40.0,100.0,440.0266,429.21,418.3934,-958804294.4273,1613821050.0
2024-12-03,429.84,432.47,427.74,431.2,17100500.0,430.6945,268103.0,0.0039030617613005,0.0392217845133386,0.0098731556728288,0.0027018516631881,427.324,427.1019,81.9962,78.0876,73.2878,38.1879,108.4373,0.0,80.0,434.3977,427.324,420.2503,-968188378.1858,1587811621.0
2024-12-02,421.57,433.0,421.31,430.98,18092788.0,430.0384,334777.0,0.0040351478391495,0.0405937514681971,0.0098356491296524,0.0030619456242234,424.842,425.0528,75.1871,77.6506,72.9573,35.1571,115.4018,0.0,100.0,433.3061,424.842,416.3779,-976662236.8602,1569509634.0
2024-11-29,420.09,424.8849,417.8,423.46,15132529.0,422.3526,210494.0,-0.0005259595979607,-0.0060406913541938,0.01260104148446,0.0014712313401694,422.046,422.0892,77.0796,79.9873,59.1354,31.3685,21.1731,0.0,60.0,429.755,422.046,414.337,-989885954.2212,1549302411.0
2024-11-27,425.105,427.2299,422.02,422.99,17407455.0,423.9513,260938.0,-0.0002396133170594,-0.003197684811054,0.0126673496631335,0.0029029627446757,419.928,421.4038,80.6852,74.0246,58.0636,34.7849,73.7379,0.0,80.0,430.2839,419.928,409.5721,-999630720.4698,1533030490.0
2024-11-26,419.585,429.0414,418.85,427.99,22825574.0,425.8382,347024.0,0.0014416042611039,0.0137588256351293,0.0121418352114543,0.0041335830676944,418.2613,420.6108,82.197,61.0975,74.7473,28.014,149.4912,20.0,100.0,428.7905,418.2613,407.7321,-988124691.8252,1551362934.0
2024-11-25,418.38,421.08,414.85,418.79,24447471.0,417.864,313032.0,0.0004457273872574,0.0038800533065361,0.0107455326618182,0.0041335830676944,416.0536,416.9211,59.1916,43.5375,56.2378,19.5505,166.6667,40.0,100.0,420.1794,416.0536,411.9278,-1006743288.835,1527904045.0
2024-11-22,411.365,417.4,411.06,417.0,22803358.0,414.8945,284487.0,-0.0010556170571378,-0.0111272243730453,0.0111445919194743,0.0029029627446757,415.2808,415.9867,41.9038,33.17,50.6021,16.8675,95.3912,60.0,0.0,418.389,415.2808,412.1727,-1014077205.1271,1500212955.0
2024-11-21,419.5,419.78,410.2887,412.87,18154614.0,413.7322,335387.0,-0.0027352446216154,-0.0275721035187926,0.0106039168372294,-0.0012384204801588,414.7143,415.48,29.517,26.427,35.1984,20.9589,-42.2085,80.0,0.0,417.3608,414.7143,412.0678,-1035760648.0356,1475398329.0
2024-11-20,416.87,417.29,410.58,415.49,17202555.0,414.5215,285377.0,-0.0010549634802554,-0.0111618830025227,0.0115137853714676,0.0029029627446757,417.347,416.7851,28.0891,28.993,39.4559,26.0732,-69.415,100.0,0.0,426.2385,417.347,408.4555,-1026283433.4023,1496178491.0
2024-11-19,413.11,417.94,411.55,417.79,16903922.0,415.5357,276116.0,0.0016148348839273,0.0153842414815534,0.0131512516031668,0.0044286123896284,419.2851,417.8494,21.6748,37.3455,45.0581,23.8432,-61.2475,100.0,20.0,429.1563,419.2851,409.4139,-1035178522.3814,1515370146.0
2024-11-18,414.87,418.4037,412.1,415.76,22575673.0,415.8348,281790.0,0.0018610384680029,0.0178720070508742,0.0132329153117871,0.0045521300115732,420.331,418.2982,37.215,55.3846,38.9361,22.4666,-99.6951,100.0,40.0,430.0993,420.331,410.5627,-1052460711.9918,1497236617.0
2024-11-15,419.82,422.8,413.64,415.0,27330826.0,416.3795,381224.0,0.0012124723048195,0.0112825011574919,0.0133766338131213,0.0045521300115732,420.7801,419.9843,53.1466,65.0412,36.8278,21.47,-115.994,100.0,60.0,429.6811,420.7801,411.8791,-1056449687.9601,1472494604.0
2024-11-14,425.0,428.17,420.0,426.89,27218675.0,426.0723,380136.0,0.0049870280876319,0.0505475575243019,0.0093671894120722,0.006237160133433,422.2851,422.8928,75.7922,70.5763,64.8507,22.0833,82.8715,40.0,80.0,428.2727,422.2851,416.2974,-1036589990.6501,1500742248.0
2024-11-13,421.64,429.325,418.21,425.2,20456709.0,424.5635,341771.0,-0.0014631912773552,-0.0169468013779385,0.0218002974813548,0.006237160133433,421.9937,421.3224,66.1847,70.4206,61.5214,22.2018,66.9018,0.0,100.0,427.3295,421.9937,416.6578,-1057359268.7909,1470495367.0
2024-11-12,418.25,424.44,417.2,423.03,18217447.0,421.642,340321.0,-0.0018418824605311,-0.0206505382567423,0.0217152095133577,0.0043437042175535,420.9917,419.8102,69.752,78.4987,57.3741,22.3499,11.184,0.0,40.0,426.0584,420.9917,415.925,-1062901667.3536,1448993182.0
2024-11-11,422.515,424.81,416.0,418.01,19364976.0,419.2527,365232.0,-0.0017863348949998,-0.0201129890527202,0.0217512503304235,0.0043437042175535,418.6823,418.6246,75.3251,78.5142,46.7526,26.925,7.6165,0.0,60.0,428.1176,418.6823,409.2471,-1074746048.8011,1429591978.0
2024-11-08,425.32,426.5,421.78,422.54,15896229.0,423.4037,353979.0,-0.0010786053309763,-0.0131028845030943,0.0215633564145962,0.0043437042175535,416.7761,419.3512,90.419,67.277,57.0074,32.644,79.6181,20.0,80.0,429.8222,416.7761,403.73,-1061423584.8295,1454095299.0
2024-11-07,421.28,426.85,419.88,425.43,18279603.0,424.3763,404045.0,0.0004059247966652,0.0016481058554851,0.0216297491463307,0.0076984173771884,414.347,418.1807,69.7984,41.5035,64.1936,33.9122,130.5466,40.0,100.0,427.3499,414.347,401.3441,-1049971778.7278,1470986713.0
2024-11-06,412.42,420.45,410.52,420.18,25299404.0,417.7432,533267.0,-0.0008129226672,-0.010409797456429,0.0212543580966725,0.0043437042175535,410.5387,414.9828,41.6137,20.6338,56.1627,35.4974,166.6667,60.0,0.0,419.9978,410.5387,401.0796,-1061764369.7838,1451084931.0
2024-11-05,408.37,414.9,408.08,411.46,17020289.0,412.1302,267862.0,-0.0036128910539152,-0.0375429814507261,0.0199768702789904,0.0008244592583327,413.0037,412.8057,13.0985,15.1753,37.5516,42.996,-29.7339,80.0,20.0,431.9827,413.0037,394.0247,-1086995235.4816,1424403089.0
2024-11-04,409.8,410.415,405.5713,408.46,18822868.0,408.2812,416049.0,-0.0022627303240945,-0.024643010649983,0.0210966979296036,0.0008244592583327,417.0935,413.8913,7.1892,27.6699,29.2891,48.7886,-64.5821,100.0,40.0,440.5521,417.0935,393.6349,-1086840167.9362,1406777078.0
2024-11-01,409.01,415.5,407.5,410.37,21839908.0,411.5489,493553.0,-0.0016490280857131,-0.0186292328295385,0.0211074600449798,0.0014127170282132,420.7122,417.0168,25.2381,48.6777,31.4055,49.7504,-78.2151,80.0,60.0,442.7614,420.7122,398.663,-1090632313.0811,1426449364.0
2024-10-31,415.36,416.16,406.3,406.35,52514317.0,409.0217,1064026.0,-0.0022927672596348,-0.0248848147437122,0.0208421309977364,0.0014127170282132,424.2611,420.7518,50.5823,65.2025,21.9038,52.0224,-166.6667,100.0,80.0,443.5141,424.2611,405.0081,-1083787213.2161,1402218922.0
2024-10-30,437.435,438.5,432.1,432.53,28858471.0,434.2073,641093.0,0.0039041812627368,0.0394357396904738,0.0076326615973653,0.0014622889075885,427.9297,428.3603,70.2128,70.4665,78.701,54.8623,138.7499,20.0,100.0,433.9645,427.9297,421.8949,-1030363605.2485,1456189903.0
2024-10-29,428.0,433.17,425.8001,431.95,16555708.0,430.9145,340912.0,0.0031442198788524,0.0315470220184368,0.0082066177889603,0.0014622889075885,426.3469,426.7094,74.8124,69.5827,77.675,49.2552,93.2603,0.0,100.0,431.7544,426.3469,420.9394,-1004611998.1454,1426440754.0
2024-10-28,431.655,431.94,426.3,426.59,13235584.0,428.1811,354089.0,0.0017923105991578,0.0177744906236583,0.0076371512200359,0.0008740311377081,425.4607,424.5224,66.3744,68.0559,65.3265,45.024,66.9861,0.0,80.0,428.3288,425.4607,422.5925,-1016414539.5628,1408796674.0
2024-10-25,426.76,432.52,426.565,428.15,15749168.0,429.4111,342298.0,0.0028340324512926,0.0284156418139893,0.0075344117564289,0.0014622889075885,423.9018,423.9165,67.5614,69.9743,74.9834,40.5746,106.6911,20.0,100.0,430.5122,423.9018,417.2914,-1003062559.6621,1423679118.0
2024-10-24,425.325,425.9782,422.4,424.73,12832122.0,424.5947,276422.0,0.0021442440301997,0.0213784147749136,0.007338310801779,0.0012980909367865,421.9078,422.2292,70.2318,70.8336,66.2274,34.304,39.2305,40.0,80.0,429.205,421.9078,414.6106,-995159303.0307,1406780054.0
2024-10-23,430.855,431.08,422.53,424.6,17894627.0,426.7047,396161.0,0.0017255658472518,0.0171034350596461,0.0075476851266896,0.0012980909367865,420.309,421.4049,72.1296,66.5015,65.8641,30.9658,89.4268,0.0,100.0,428.6126,420.309,412.0055,-999265448.136,1393198423.0
2024-10-22,418.49,430.5793,418.04,427.51,24276062.0,426.7173,447289.0,0.0030693656624276,0.0308649417665356,0.0070914026980245,0.0014622889075885,418.6164,420.2332,70.1394,58.4858,81.5806,26.4828,166.6667,20.0,100.0,426.876,418.6164,410.3569,-989127926.336,1412852802.0
2024-10-21,416.12,418.96,413.7501,418.78,12621668.0,416.9895,320996.0,0.0022471308413664,0.0225618987156324,0.0052095150784898,0.0014622889075885,416.866,417.0237,57.2355,50.544,56.8947,21.2186,-8.3024,40.0,0.0,419.0372,416.866,414.6948,-1002135342.8854,1387370605.0
2024-10-18,417.14,419.65,416.2601,418.16,16494649.0,417.6994,275193.0,0.000531780565135,0.0050473489400568,0.0074995644967996,0.0012980909367865,416.9378,416.5657,48.0826,49.4709,53.342,25.6344,4.0895,60.0,20.0,419.2646,416.9378,414.611,-1015359826.4913,1373164490.0
2024-10-17,422.36,422.5,415.59,416.72,13334766.0,417.4215,295631.0,7.098976482389219e-05,0.0004321313679356,0.0074471418608214,9.997752226964528e-05,416.5706,416.188,46.314,54.2439,44.9045,28.0521,27.5556,80.0,40.0,419.1095,416.5706,414.0316,-1017433004.2954,1356019173.0
2024-10-16,415.17,416.36,410.48,416.12,14879191.0,414.8356,361079.0,-0.0002146421270754,-0.0024213075060532,0.0074438595790161,-0.0010533426907687,416.3949,416.34,54.0162,60.8825,41.3703,31.0743,-80.4208,100.0,60.0,419.2064,416.3949,413.5834,-1007460063.8323,1341199169.0
2024-10-15,422.18,422.48,415.26,418.74,17712232.0,418.287,375046.0,-0.0004351843580817,-0.0046352421022608,0.0076494396073739,-0.0010533426907687,416.6624,416.8674,62.4014,65.7273,53.3179,33.0898,54.593,0.0,80.0,419.2459,416.6624,414.0789,-1021702960.567,1356708101.0
2024-10-14,417.77,424.04,417.52,419.14,16020864.0,420.1556,357970.0,-0.0025730764381774,-0.0259353939112247,0.0100930146933514,-0.0012833887357485,415.858,416.3512,66.23,65.3206,55.2673,39.2977,130.6617,20.0,100.0,418.8686,415.858,412.8474,-1021022343.9105,1375608302.0
2024-10-11,416.135,417.13,413.25,416.32,13455365.0,415.4889,318289.0,-0.0027177546161315,-0.0273351712536796,0.0099675875227124,-0.0012833887357485,413.9418,415.3772,68.5504,56.966,43.6466,42.1448,34.7396,40.0,60.0,419.4545,413.9418,408.4292,-1012644717.8246,1358955216.0
2024-10-10,415.225,417.35,413.15,415.84,13319522.0,415.5539,304184.0,-0.0035959760503728,-0.035867473510932,0.0099746293997593,-0.0026475192365278,413.8899,415.3235,61.1814,40.6033,41.58,45.2659,18.104,60.0,80.0,419.3482,413.8899,408.4317,-1020883783.1442,1344810272.0
2024-10-09,415.86,420.38,414.3,417.46,14448774.0,417.5677,334125.0,-0.0033930529623211,-0.0339034042257758,0.0099874077490288,-0.0016329037962693,414.0297,415.4824,41.1663,23.1605,46.1495,49.1673,65.8693,80.0,0.0,419.6289,414.0297,408.4304,-1024774517.3538,1358658648.0
2024-10-08,410.9,415.66,408.17,414.71,18121969.0,413.4183,314488.0,-0.0033711237226213,-0.0336929421907402,0.0100096097537587,-0.0016329037962693,413.9638,414.9124,19.4624,12.3324,36.703,55.6789,-70.395,100.0,0.0,419.446,413.9638,408.4816,-1025365606.4459,1343684391.0
2024-10-07,416.0,417.11,409.0,409.54,19304152.0,412.2925,442003.0,-0.0056346459829801,-0.0552928421489701,0.0085961509853592,-0.0047396523331844,415.1574,415.4295,8.8529,8.7864,14.0183,50.2944,-138.2519,100.0,0.0,422.3706,415.1574,407.9442,-1039716950.7703,1324455130.0
2024-10-04,418.24,419.75,414.97,416.06,17319719.0,416.8556,356031.0,-0.0044719110393859,-0.0441335263169988,0.0079197583232222,-0.0029474238543619,419.3011,418.7851,8.6819,12.8696,21.9576,43.9392,-65.9412,80.0,0.0,429.9453,419.3011,408.6568,-1021583051.901,1345374891.0
2024-10-03,417.63,419.55,414.29,416.54,13031361.0,416.6239,315064.0,-0.0051362697985402,-0.0504912352686407,0.0078920318332975,-0.0058356957520092,421.6883,420.5651,8.8244,18.818,22.7153,39.7018,-94.5179,100.0,0.0,432.9418,421.6883,410.4348,-1011144479.9763,1364565804.0
2024-10-02,422.58,422.82,416.71,417.13,16014496.0,418.0907,365210.0,-0.003165714480997,-0.0317541375548383,0.010578286931727,-0.0058356957520092,424.6363,422.9955,21.1026,27.8577,23.5131,33.736,-112.02,100.0,20.0,435.7974,424.6363,413.4753,-1009166974.2805,1378252225.0
2024-10-01,428.45,428.48,418.81,420.69,18195547.0,421.7282,426379.0,-0.0033168428995684,-0.0332299207169939,0.0106633314777148,-0.0058356957520092,427.6263,426.3467,26.5271,31.6245,28.3135,28.0271,-165.7582,100.0,40.0,435.875,427.6263,419.3776,-994864438.3738,1394834482.0
2024-09-30,428.21,430.42,425.37,430.3,15793208.0,428.6279,331677.0,-0.0002002233914999,-0.002411091018686,0.0090880495907806,-0.0029474238543619,429.3189,429.597,35.9434,33.7389,50.6403,22.56,-79.1421,100.0,0.0,432.2391,429.3189,426.3988,-983195430.623,1413927427.0
2024-09-27,431.52,431.85,427.47,428.02,14136408.0,429.0823,285393.0,-0.0005587291660152,-0.0059685547736827,0.0089323235855997,-0.0029474238543619,429.9596,429.6772,32.4029,31.3348,41.9523,23.5407,-93.6064,40.0,0.0,433.9218,429.9596,425.9974,-999249025.6448,1397072821.0
2024-09-26,435.085,435.3,429.13,431.31,13740245.0,431.168,265426.0,0.0010448126715878,0.0100936768149884,0.0089586283756572,-5.479214767872831e-05,431.4067,430.9351,32.8703,31.5217,52.6502,28.6343,-20.08,60.0,0.0,435.5065,431.4067,427.307,-988093932.1105,1411968952.0
2024-09-25,429.83,433.119,428.57,432.11,12524639.0,431.4524,285179.0,0.0021660324095439,0.0214400529500757,0.0092237025064174,0.0042961141849161,432.8798,431.1804,28.7311,38.3067,55.3982,33.2756,-58.9833,80.0,20.0,439.2192,432.8798,426.5403,-983842619.365,1426460996.0
2024-09-24,433.0,433.35,426.1,429.17,16095917.0,429.128,339617.0,0.0036152238558206,0.0361419604056014,0.0108422910336804,0.0050746451426894,432.6203,431.149,32.9638,49.0063,47.3135,40.3399,-109.4404,100.0,0.0,439.3033,432.6203,425.9372,-991296168.9988,1413064632.0
2024-09-23,434.28,436.46,430.3889,433.51,14511491.0,433.7663,295190.0,0.0067064655711149,0.0684955141476881,0.010922979260152,0.0086202166789425,433.8139,432.569,53.2254,61.352,60.2003,49.1704,-66.5871,0.0,20.0,438.9413,433.8139,428.6865,-988690998.3863,1430080386.0
2024-09-20,437.22,439.24,434.22,435.27,49826691.0,435.7662,336166.0,0.0081115591244231,0.0835698282300225,0.0103378307339401,0.0090968780783551,433.3808,432.5334,60.8298,68.1441,66.0354,56.3619,30.6239,0.0,40.0,439.1564,433.3808,427.6051,-989117371.4077,1445209277.0
2024-09-19,441.225,441.5,436.9,438.69,20490163.0,438.9774,381552.0,0.0072530129018043,0.0741937853522369,0.0118667308811062,0.0090968780783551,432.4466,431.6017,70.001,77.4876,77.751,58.2322,109.9016,0.0,60.0,438.7496,432.4466,426.1437,-957028138.4356,1500376383.0
2024-09-18,435.0,436.03,430.41,430.81,18441947.0,432.2636,372012.0,0.0052991754283545,0.0535827830765469,0.0114910082922094,0.0086202166789425,430.1133,428.4976,73.6015,85.9266,66.9395,54.8923,36.272,0.0,80.0,435.2829,430.1133,424.9438,-952214944.9182,1478669824.0
2024-09-17,440.23,441.85,432.27,435.15,18577155.0,436.5209,408651.0,0.006164645205455,0.0627930832356391,0.0105994532778175,0.0086202166789425,428.5625,427.7736,88.8604,93.6524,85.1761,53.0732,110.9806,0.0,100.0,436.7654,428.5625,420.3595,-936007015.6584,1497567866.0
2024-09-16,430.6,433.53,428.22,431.34,13174599.0,430.8393,348030.0,0.0034354482300559,0.034041329050199,0.0128382419004848,0.0050746451426894,424.3809,424.522,95.318,95.232,81.6688,46.7783,85.3213,0.0,100.0,436.8666,424.3809,411.8951,-928480965.3014,1478693635.0
2024-09-13,425.825,431.83,425.46,430.59,15705350.0,429.747,318529.0,0.0042343514975251,0.0422879550735861,0.0129560234869811,0.0088841555446116,419.2671,421.5456,96.7786,86.5676,80.9593,41.9009,101.3797,0.0,100.0,437.295,419.2671,401.2393,-930903991.3297,1464858938.0
2024-09-12,423.31,427.3692,419.75,427.0,16264929.0,424.3262,366745.0,0.0040073380791085,0.0399415489527519,0.0129006837674791,0.0077490884525284,413.5007,417.4554,93.5995,67.2845,77.6464,36.6371,111.7883,20.0,100.0,432.8538,413.5007,394.1477,-940598185.8273,1448984383.0
2024-09-11,415.5,423.99,409.58,423.04,18046701.0,418.673,375484.0,0.00228834511465,0.022230813841098,0.0132142683477703,0.0024450556224825,409.7862,413.1114,69.3247,42.0003,73.5918,32.4815,128.3983,40.0,100.0,424.6056,409.7862,394.9668,-956328839.561,1431565624.0
2024-09-10,408.2,416.33,407.7,414.2,19293013.0,413.0549,366266.0,0.00023875578145,0.0017170911025656,0.0115895849409134,-0.0002003976778238,406.9639,408.5715,38.9293,24.7895,60.9387,29.4901,129.248,60.0,0.0,415.1476,406.9639,398.7802,-973055363.2757,1412298701.0
2024-09-09,407.24,408.65,402.15,405.72,14630189.0,404.9951,339667.0,-0.0026431212628028,-0.0265601381990933,0.0094853921758352,-0.0012830616382213,406.0138,406.1728,17.7469,18.9692,38.2236,32.9664,-67.3678,80.0,20.0,411.735,406.0138,400.2926,-982977383.46,1392704414.0
2024-09-06,409.06,410.65,400.8,401.7,18600087.0,402.9337,399042.0,-0.0033454683775662,-0.0333293225845267,0.0087545461249169,-0.0012830616382213,408.2932,406.8061,17.6922,25.0932,20.7445,30.0269,-115.9664,100.0,0.0,418.074,408.2932,398.5124,-984483365.8846,1377409280.0
2024-09-05,407.62,413.1,406.13,408.39,13141207.0,408.7551,330423.0,-0.0037326030378005,-0.03713396520017,0.0093853214692435,-0.0012830616382213,410.5726,409.7622,21.4683,32.7681,33.2813,26.3526,-70.5501,80.0,20.0,417.196,410.5726,403.9492,-968457306.5648,1397018806.0
2024-09-04,405.91,411.24,404.37,408.9,14794676.0,408.5207,359637.0,-0.0037632453978321,-0.0374293785310734,0.0093776540470009,-0.0014362734383796,411.0137,410.8579,36.1189,39.2781,34.5548,28.1832,-117.99,100.0,40.0,417.0461,411.0137,404.9814,-963467491.0411,1411214322.0
2024-09-03,417.91,419.88,407.03,409.44,19462006.0,411.7979,430790.0,-0.0028556124432536,-0.0286812326524802,0.0099895824085864,-0.0003536094779821,411.9997,412.2471,40.717,35.9063,35.7124,26.034,-49.5684,100.0,60.0,417.3663,411.9997,406.6332,-968213036.1503,1426101032.0
2024-08-30,415.6,417.49,412.13,417.14,22593479.0,415.9288,314764.0,-0.0002784741751292,-0.0031782445575552,0.0088961901838457,0.0019152252363403,412.8081,414.0613,40.9983,28.1685,57.8014,26.5986,83.9378,60.0,80.0,416.9782,412.8081,408.638,-955519010.3067,1446414635.0
2024-08-29,414.94,422.05,410.6,413.12,15705295.0,416.5147,355228.0,-0.0018595897383731,-0.0187872598152152,0.0083659911628396,-0.0003536094779821,412.7383,412.9404,26.0036,22.0128,43.1029,30.4082,61.7385,80.0,0.0,416.6771,412.7383,408.7994,-976652739.7545,1422106311.0
2024-08-28,414.88,415.0,407.31,410.6,14471795.0,410.4051,329307.0,-0.0012930733715727,-0.0132624368760367,0.0090520208274048,-0.0003536094779821,413.2233,413.2651,17.5034,19.3012,31.0608,35.1702,-101.9092,100.0,20.0,417.4118,413.2233,409.0348,-967110382.1291,1405061070.0
2024-08-27,412.86,414.36,410.25,413.84,13190099.0,413.0151,286577.0,0.000178227067827,0.0013699961935136,0.0090657956536216,0.0019152252363403,415.9259,415.0095,22.5313,26.4617,39.7042,31.5426,-84.0306,100.0,40.0,423.6639,415.9259,408.1878,-964962169.8275,1419943730.0
2024-08-26,416.365,417.2799,411.34,413.49,11206793.0,413.8098,330210.0,0.0018634497291302,0.0182310382071855,0.0104881194586573,0.0049339444028491,418.1135,416.0094,17.8689,38.6722,38.2185,30.7602,-97.1784,100.0,60.0,427.3554,418.1135,408.8716,-975040816.2435,1406450819.0
2024-08-23,416.98,419.26,412.09,416.79,17487194.0,416.0467,366418.0,0.0028497870624771,0.0283543842520845,0.0099730367278039,0.0049339444028491,419.7182,417.6839,38.9847,62.5011,46.9435,31.3672,-110.0586,100.0,80.0,427.2422,419.7182,412.1942,-971409555.4619,1419603649.0
2024-08-22,424.36,426.7899,414.61,415.55,18284617.0,417.874,385308.0,0.0033783261875767,0.0337734689843418,0.0101053211012595,0.0070981219166877,420.0536,418.5489,59.163,80.0277,43.0342,33.1372,-65.0757,100.0,100.0,427.0042,420.0536,413.1029,-977161457.5985,1401109865.0
2024-08-21,424.075,426.4,421.72,424.14,14809439.0,423.8463,299601.0,0.0064727974576754,0.0664245663862517,0.0064844378364191,0.0075349035626742,421.1474,420.4652,89.3556,91.6153,72.7353,38.7347,83.126,0.0,100.0,425.7026,421.1474,416.5921,-960788117.5785,1420471766.0
2024-08-20,421.7,425.86,421.64,424.8,15778630.0,423.8305,311582.0,0.0063328767836058,0.0649300960272953,0.0066686034768942,0.0075349035626742,419.5463,419.0533,91.5646,92.7906,75.9577,36.0021,144.8859,0.0,100.0,425.4057,419.5463,413.687,-961337426.9118,1436539064.0
2024-08-19,418.96,421.75,416.46,421.53,14419960.0,419.7971,325609.0,0.0066858165944409,0.0686597258582148,0.006826195986406,0.0077908702515977,417.2457,416.606,93.9257,94.422,70.8366,33.1259,62.0518,0.0,100.0,423.4109,417.2457,411.0805,-969492384.2815,1420151483.0
2024-08-16,420.6,421.34,417.3,418.47,21201583.0,419.063,326100.0,0.0026888955619448,0.0262563092239394,0.0136149522623513,0.0075766400283472,414.1632,414.5669,92.8814,92.4305,65.3041,34.1694,72.0857,0.0,100.0,424.422,414.1632,403.9045,-983459244.669,1404917526.0
2024-08-15,419.8,421.11,417.66,421.03,18974288.0,419.9539,345787.0,0.0012303271073106,0.0111960873630458,0.0151688742102585,0.0075766400283472,411.5341,413.0351,96.4588,89.4832,74.8015,33.4964,112.8666,0.0,100.0,423.4887,411.5341,399.5795,-973875455.5354,1427693119.0
2024-08-14,414.8,417.72,412.4456,416.86,17248560.0,416.0505,318367.0,-0.0002463277893566,-0.0035616110911917,0.0147816223885147,0.0044148043265964,407.7306,409.4601,87.9512,81.2919,67.5609,31.9201,104.4801,0.0,100.0,418.273,407.7306,397.1881,-993665181.2629,1406940975.0
2024-08-13,409.59,414.95,409.57,414.01,18315025.0,413.2292,338544.0,-0.0020152995747979,-0.0210678142438284,0.0148806383215806,-0.0005035810486624,404.0585,406.5482,84.0397,71.1159,62.5778,33.6485,152.0894,20.0,100.0,414.3053,404.0585,393.8117,-1005975236.1909,1388673995.0
2024-08-12,407.06,408.76,404.2434,406.81,15279064.0,406.4543,337998.0,-0.0046780037917667,-0.0466805708527638,0.0134260324604308,-0.0029584521973582,401.1894,403.5999,71.8848,56.6961,45.7284,38.649,103.4959,0.0,40.0,407.8392,401.1894,394.5396,-1018605338.1425,1369259724.0
2024-08-09,404.03,408.05,402.2624,406.02,17981644.0,405.3767,329931.0,-0.0045292641796322,-0.0452653608295903,0.0135065864743628,-0.0029584521973582,398.8662,402.7639,57.4231,42.3121,43.4953,43.7057,101.2512,20.0,0.0,406.2621,398.8662,391.4703,-1020893783.8003,1352496841.0
2024-08-08,402.44,405.86,399.9407,402.69,18618547.0,402.8729,388713.0,-0.0037142336086921,-0.0375478011472273,0.0144661307146082,-0.0029584521973582,399.3583,401.9034,40.7804,30.9976,34.3916,48.9821,19.0213,40.0,0.0,408.3414,399.3583,390.3753,-1026647873.2642,1333220175.0
2024-08-07,408.635,410.08,397.47,398.43,19206613.0,402.7799,434165.0,-0.007231553310953,-0.071042200979249,0.0148077803752915,-0.0059461937669362,402.2314,402.2714,28.7329,24.2387,21.4376,52.655,-28.7237,60.0,20.0,418.1799,402.2314,386.283,-1025211991.5348,1313017145.0
2024-08-06,400.0,405.67,398.5,399.61,23608739.0,401.6113,523802.0,-0.0036745843232104,-0.1073558648111333,0.0143551852820686,-0.0026761535862647,440.691,430.392,23.4795,22.471,38.7592,16.2612,-163.0977,96.6667,26.6667,480.2048,440.691,401.1772,-1007705394.775,1333668051.0
2024-08-05,389.17,401.04,385.58,395.15,38805980.0,394.8028,911236.0,-0.0042071855048631,-0.1214593801414023,0.0140840563237212,-0.0028935962088983,442.293,432.5149,20.5039,23.3893,36.7979,15.7417,-219.7248,100.0,30.0,478.7971,442.293,405.7889,-990482898.4361,1308721526.0
2024-08-02,412.49,415.0,404.34,408.49,28373612.0,407.4518,640027.0,-0.0028134855801705,-0.0834866502131481,0.0132434743971728,-0.0026761535862647,444.114,435.0918,23.4296,25.9467,40.5531,15.0533,-180.1216,100.0,33.3333,476.2144,444.114,412.0136,-1000173066.3429,1349430764.0
2024-08-01,420.785,427.46,413.0901,417.11,29681006.0,419.222,570568.0,-0.0021724146841295,-0.0654881928574627,0.0128225711004382,-0.0019815122875249,445.3543,436.9264,26.2345,26.9639,43.3142,14.6742,-151.3956,96.6667,36.6667,474.6017,445.3543,416.107,-993655857.7125,1378868664.0
2024-07-31,420.495,421.775,412.21,418.35,42096598.0,417.4143,812181.0,-0.0022245308649151,-0.0669536320449633,0.0128288584007441,-0.0019815122875249,446.3287,438.2931,28.1761,24.7732,43.7282,14.4673,-183.0145,100.0,40.0,473.6302,446.3287,419.0271,-980309958.1837,1409165064.0
2024-07-30,427.72,429.05,417.36,422.92,32104706.0,416.0438,673187.0,-0.0014274942768,-0.0443997559708062,0.0130124228173931,-0.000264952383552,447.3293,439.6685,26.481,19.26,45.2697,14.0543,-172.2581,93.3333,43.3333,472.5791,447.3293,422.0796,-992484559.1967,1452056430.0
2024-07-29,431.58,432.15,424.7042,426.73,14735954.0,427.4027,372579.0,-0.0010551505581371,-0.0336292404547311,0.01295213885696,0.0012149941040731,447.9843,440.8235,19.6625,20.1668,46.5934,13.7379,-153.5769,96.6667,46.6667,471.6362,447.9843,424.3325,-990890725.1967,1484744008.0
2024-07-26,418.2,428.915,417.27,425.27,20707446.0,424.1261,437297.0,-0.0011302883969459,-0.035800117897792,0.0129324069399344,0.0010414788162069,448.4793,441.7955,11.6366,28.4771,46.0086,13.5802,-199.9001,100.0,50.0,470.9219,448.4793,426.0368,-983995547.7073,1469618172.0
2024-07-25,428.8,429.8,417.51,418.4,28188176.0,422.2519,618013.0,-0.001032022798918,-0.0330036054358883,0.0130757904545192,0.0010414788162069,449.0057,442.9352,29.2014,41.0082,43.1784,13.3027,-236.5784,100.0,53.3333,469.9359,449.0057,428.0754,-992815437.6896,1446034333.0
2024-07-24,440.45,441.48,427.585,428.9,25896704.0,431.1145,550640.0,0.0001587426463505,0.0024072732371984,0.0125000412083675,0.0013524932047028,449.4817,444.6273,44.5935,41.8748,46.8031,13.021,-150.3932,0.0,56.6667,468.1314,449.4817,430.8319,-967208498.2714,1475978128.0
2024-07-23,443.895,448.39,443.1,444.85,12333947.0,445.2183,316348.0,0.0016700516446023,0.0495458298926505,0.0106599011585744,0.0018839789281088,449.4473,445.7119,49.2298,34.0434,53.3838,12.9708,-30.7973,0.0,60.0,468.2516,449.4473,430.643,-945476412.1253,1502783928.0
2024-07-22,441.79,444.6,438.9125,442.94,14941044.0,442.5638,405578.0,0.001473706660192,0.0433901818524451,0.0106636756071205,0.0013524932047028,448.7473,445.7713,31.8011,24.0239,52.6126,13.3699,-48.6789,0.0,63.3333,469.6324,448.7473,427.8622,-941041323.373,1489676878.0
2024-07-19,433.1,441.14,432.0,437.11,20232021.0,436.7068,483381.0,0.0010692132606549,0.0308954977476945,0.0104336510232278,0.0011908898687742,448.1333,445.9666,21.0994,19.1197,50.1804,13.6518,-80.2414,0.0,66.6667,470.682,448.1333,425.5846,-947621934.7949,1473868123.0
2024-07-18,444.34,444.65,434.4,440.37,19878915.0,438.7949,512442.0,0.0019520863638781,0.0584036340038935,0.0107937952008268,0.0013644051566403,447.6967,446.5774,19.171,17.7916,51.6123,13.8193,-50.5758,0.0,70.0,471.5519,447.6967,423.8415,-950096294.7906,1494808540.0
2024-07-17,442.59,444.85,439.18,443.52,21165196.0,442.4424,541798.0,0.0023943811193257,0.0725478816018576,0.0106850240349603,0.0018839789281088,446.8867,447.0055,17.0886,17.5847,53.0256,14.0664,-23.1914,0.0,73.3333,473.205,446.8867,420.5683,-953524904.4667,1515603362.0
2024-07-16,454.22,454.3,446.66,449.52,16523164.0,449.2541,461985.0,0.0027100233713254,0.0828415195240042,0.0103499448916899,0.0018839789281088,445.8867,447.2459,17.1152,24.747,55.841,14.4744,27.6111,0.0,76.6667,474.7932,445.8867,416.9801,-965073335.3679,1537357383.0
2024-07-15,453.3,457.26,451.43,453.96,13889645.0,453.9147,410257.0,0.0030730204796913,0.0947500422022333,0.0100932889055329,0.0018839789281088,444.7403,447.089,18.5504,34.6944,58.0456,14.7908,52.0782,3.3333,80.0,475.6386,444.7403,413.8421,-960756934.3627,1554533062.0
2024-07-12,454.325,456.36,450.645,453.55,15564744.0,453.8402,438139.0,0.0019166829774944,0.0568073257683432,0.0120692644117132,0.0018839789281088,443.4307,446.6152,38.5753,52.158,57.8972,14.937,51.654,6.6667,83.3333,475.9433,443.4307,410.918,-958851158.3438,1540103615.0
2024-07-11,462.98,464.78,451.55,454.7,22241072.0,455.83,567173.0,0.0019119066532511,0.0566555121769842,0.0120710510896853,0.0018839789281088,442.618,446.1369,46.9576,64.7884,58.4577,15.1165,71.2429,10.0,86.6667,475.2966,442.618,409.9394,-959122515.4794,1556427889.0
2024-07-10,461.22,466.46,458.855,466.25,17825850.0,463.8166,399234.0,0.0027500424060512,0.0838990143202531,0.0110160010419055,0.0018839789281088,441.8053,445.5464,70.9412,80.8683,64.5228,15.2681,107.8428,13.3333,90.0,474.4542,441.8053,409.1564,-947016661.908,1579539064.0
2024-07-09,467.0,467.33,458.0,459.54,16938599.0,461.2776,457009.0,0.0025100060828597,0.0762060889929743,0.0108320633361883,0.0018839789281088,440.6023,444.1185,76.4664,89.7396,62.3278,15.1365,104.362,16.6667,93.3333,472.2025,440.6023,409.0021,-964207849.0875,1561342964.0
2024-07-08,466.55,467.7,464.46,466.24,12353937.0,465.8826,394862.0,0.0027164768274157,0.0829694323144103,0.0105640569835502,0.0018839789281088,439.5177,443.055,95.1971,96.5487,66.2864,15.0003,133.5786,20.0,96.6667,470.674,439.5177,408.3613,-952666780.6255,1578571471.0
2024-07-05,459.61,468.35,458.965,467.56,15453383.0,466.1172,410828.0,0.0029255677905017,0.0897818385232145,0.0105143032525509,0.0024625868339476,438.327,441.456,97.5551,86.7988,67.098,14.5858,139.2512,23.3333,100.0,468.0024,438.327,408.6516,-953947009.8601,1591533792.0
2024-07-03,458.19,461.02,457.88,460.77,9661681.0,459.7473,297068.0,0.0027243251495228,0.0832980674284102,0.0103426991488679,0.0024625868339476,437.043,439.6557,96.8939,72.7305,64.965,14.1571,125.6418,26.6667,100.0,464.8206,437.043,409.2654,-967253590.9416,1575533502.0
2024-07-02,453.2,459.59,453.113,459.28,13603136.0,457.5499,352685.0,0.0030231242594361,0.0929773208633775,0.0104819489256188,0.0024625868339476,435.862,438.1996,65.9473,58.1923,64.4765,13.9048,122.8346,30.0,100.0,462.493,435.862,409.231,-975604760.1136,1565600672.0
2024-07-01,448.66,457.37,445.66,456.73,17184979.0,453.1755,414390.0,0.0027752594961582,0.0848951281503123,0.0105063711928143,0.0018839789281088,434.5597,436.7457,55.3503,62.7238,63.6377,13.6832,110.9129,33.3333,100.0,460.2885,434.5597,408.8308,-988246348.1332,1551620893.0
2024-06-28,453.07,455.38,446.41,446.95,27413114.0,449.7762,399770.0,0.0018812059523299,0.0564195896757115,0.0099699647778642,0.0013644051566403,433.3683,435.3675,53.2792,69.8752,60.149,13.5152,99.772,36.6667,96.6667,458.1738,433.3683,408.5629,-1003978473.8155,1533958075.0
2024-06-27,452.175,456.17,451.77,452.85,14190382.0,453.5921,327856.0,0.0028972414355741,0.0890454525328898,0.0099518810105974,0.0018839789281088,432.5727,434.5687,79.5418,78.1082,63.7138,13.3968,134.4634,40.0,100.0,457.1144,432.5727,408.0309,-979031058.1867,1562320346.0
2024-06-26,449.0,453.6,448.19,452.16,14468473.0,451.7744,327529.0,0.0030751926881487,0.0948505040466449,0.0099734769869902,0.0024625868339476,431.3384,433.308,76.8047,75.2345,63.469,13.0562,135.6808,43.3333,100.0,455.3964,431.3384,407.2804,-971493293.2413,1547514022.0
2024-06-25,448.25,451.42,446.75,450.95,15664423.0,449.917,312552.0,0.0029037728067818,0.0892351968697926,0.0100228131806328,0.0017223755921802,430.0327,432.0078,77.9782,75.0759,63.0465,12.7719,140.576,46.6667,96.6667,453.6772,430.0327,406.3882,-979212847.0121,1531006992.0
2024-06-24,449.8,452.75,446.41,447.67,14738189.0,448.794,391405.0,0.0028551862141408,0.0876590780137041,0.0100047709109894,0.0017223755921802,428.8012,430.7015,70.9207,74.321,61.8915,12.5362,148.6989,50.0,100.0,451.7992,428.8012,405.8033,-992589353.0442,1514259463.0
2024-06-21,447.38,450.58,446.51,449.78,27327346.0,448.6881,384808.0,0.0031560840563615,0.097523582291501,0.009908567745891,0.0028457555880335,427.5986,429.5312,76.3288,79.5406,63.1183,12.2924,161.3019,53.3333,90.0,450.2954,427.5986,404.9018,-983000960.8391,1530173182.0
2024-06-20,446.3,446.53,441.27,445.7,19178681.0,444.5128,444314.0,0.0029486643493736,0.0907560922442993,0.0098457681293595,0.0025867488548834,426.2664,428.1347,75.7135,84.8555,61.6992,12.0969,142.3574,56.6667,93.3333,448.2804,426.2664,404.2523,-1003929915.3453,1495687010.0
2024-06-18,449.705,450.14,444.89,446.34,16337112.0,446.7322,380959.0,0.0026579200915805,0.0812284986615197,0.0100964838608149,0.0025867488548834,425.0302,426.9233,86.5795,90.3476,62.0613,12.003,176.0856,60.0,96.6667,446.7025,425.0302,403.3579,-1017534204.4708,1515564388.0
2024-06-17,442.585,450.94,440.72,448.37,19761406.0,446.7105,438209.0,0.0033727807881616,0.1045217920294019,0.0103191845991997,0.0031905550792682,423.9125,425.5843,92.2734,92.5964,63.1985,11.7703,190.5457,0.0,100.0,444.5052,423.9125,403.3197,-1009874321.7279,1532676892.0
2024-06-14,438.275,443.1376,436.721,442.57,12693028.0,441.7052,324775.0,0.0036749289543768,0.1144041579611687,0.0107244762641547,0.0031905550792682,422.4982,424.0128,92.19,93.8116,61.2368,11.5296,158.6697,0.0,93.3333,441.9756,422.4982,403.0207,-1020208309.2426,1511886862.0
2024-06-13,440.85,443.39,439.37,441.58,15192736.0,441.5122,358381.0,0.0038449602264958,0.1200759487923102,0.0107408331532711,0.0038926573616093,420.9837,422.733,93.3256,94.6384,60.8928,11.4881,170.7402,0.0,96.6667,441.0397,420.9837,400.9277,-1031387422.1028,1498304877.0
2024-06-12,435.32,443.4,433.25,441.06,21670711.0,439.3515,493518.0,0.0042859732940425,0.1348775419427144,0.0108928560993089,0.0051024903475227,419.4057,421.4332,95.9191,94.7588,60.7158,11.3483,160.6762,0.0,100.0,440.1682,419.4057,398.6433,-1032975538.0232,1482344312.0
2024-06-11,425.475,432.82,425.25,432.68,13664488.0,429.9952,351827.0,0.002569740267738,0.077556291008205,0.0123411971733489,0.0038926573616093,417.6584,420.0797,94.6704,93.9786,57.736,11.2037,99.7862,3.3333,60.0,439.6253,417.6584,395.6916,-1045029064.5759,1459978079.0
2024-06-10,424.7,428.08,423.89,427.87,12960379.0,426.8811,366147.0,0.0018611246717467,0.0549037490201846,0.0124328949117919,0.0031905550792682,416.6204,419.2107,93.6868,88.919,55.8791,11.3525,78.5186,6.6667,63.3333,438.5929,416.6204,394.6478,-1059041947.8375,1445426978.0
2024-06-07,426.2,426.28,423.0,423.85,13202716.0,424.4873,242474.0,0.0021531012600004,0.0640571496343038,0.0127082973802323,0.0031905550792682,415.8781,418.6135,93.5787,77.286,54.2553,11.6557,67.1181,0.0,66.6667,437.7848,415.8781,393.9713,-1071641336.4246,1431423944.0
2024-06-06,424.01,425.31,420.58,424.52,13860934.0,423.5659,338991.0,0.0013892035601758,0.0396336789436939,0.0135692379847423,0.0031905550792682,415.0275,418.2524,79.4916,59.1859,54.5789,12.0275,65.6721,3.3333,70.0,437.6014,415.0275,392.4537,-1065079687.949,1445045594.0
2024-06-05,417.81,424.08,416.3,424.01,16495741.0,421.6942,362622.0,0.0014709706236604,0.0421808489937272,0.0135752578674698,0.0035526877688339,414.4881,417.8201,58.7876,41.1686,54.3787,12.4412,55.4774,6.6667,73.3333,436.9017,414.4881,392.0745,-1074976715.5706,1430184343.0
2024-06-04,412.43,416.44,409.675,416.07,13882247.0,413.9097,316511.0,0.001384374211373,0.0395240753995269,0.0134705145255789,0.0035526877688339,413.916,417.3932,39.2786,32.0198,51.137,12.8301,3.3426,10.0,76.6667,436.204,413.916,391.6281,-1091659056.2287,1413196305.0
2024-06-03,415.525,416.43,408.9234,413.52,16916987.0,412.7673,447097.0,0.001332493290604,0.0379160474306594,0.0134549845565533,0.0035526877688339,413.3887,417.4845,25.4396,32.0742,50.0347,12.9784,-1.2226,13.3333,80.0,436.1905,413.3887,390.5869,-1104438394.7246,1398847388.0
2024-05-31,416.75,416.75,404.51,415.13,43999851.0,411.584,602037.0,0.0010371363614429,0.0286835701899144,0.0136617910560414,0.0035526877688339,412.8852,417.7579,31.3413,44.7976,50.7332,13.1315,-3.9517,16.6667,83.3333,436.3118,412.8852,389.4586,-1108366891.3615,1416332063.0
2024-05-30,424.3,424.3,414.24,414.67,27431407.0,418.1865,553377.0,0.0003874616790284,0.0086564963870965,0.014099325767337,0.0035526877688339,412.4993,417.9391,39.4418,56.2014,50.5425,13.2899,35.8716,20.0,86.6667,436.1456,412.4993,388.8531,-1143657516.3615,1368336813.0
2024-05-29,425.69,430.94,425.69,429.17,14835728.0,429.2972,332724.0,0.001293363245219,0.0370273429267589,0.0126757331391172,0.0035526877688339,412.3807,418.1646,63.6096,67.0491,57.3003,13.7421,113.2345,23.3333,90.0,436.0179,412.3807,388.7435,-1117662626.461,1396761660.0
2024-05-28,429.63,430.82,426.6,430.32,15331042.0,429.0619,380595.0,0.0014581944890226,0.0421691191666981,0.0126552261234673,0.0035526877688339,411.8699,417.4056,65.5526,69.868,57.8938,13.8225,127.442,26.6667,93.3333,434.6817,411.8699,389.0581,-1122716777.3752,1412278790.0
2024-05-24,427.19,431.055,424.41,430.16,11315176.0,428.7752,301608.0,0.0007931926991177,0.0213855198336387,0.0132069695685688,0.0035526877688339,411.2895,416.5149,71.9851,75.7514,57.835,13.8711,131.3905,30.0,96.6667,433.0561,411.2895,389.5229,-1134710151.1383,1396560766.0
2024-05-23,432.97,433.6,425.424,427.0,16412929.0,429.3145,363678.0,7.680743084199637e-05,-0.0004043908107156,0.013410457224953,0.0031905550792682,410.9893,415.5739,72.0664,77.5352,56.6814,13.9214,138.1863,33.3333,100.0,431.9397,410.9893,390.0389,-1143371913.1661,1384705481.0
2024-05-22,430.09,432.41,427.13,430.52,17595214.0,429.9959,326568.0,0.0007171263116874,0.0189556986131194,0.0134596263785282,0.0035526877688339,410.9951,414.7859,83.2027,78.8617,58.402,13.9368,151.4497,36.6667,96.6667,431.9631,410.9951,390.027,-1132795650.2581,1401917170.0
2024-05-21,426.825,432.97,424.85,429.04,20482820.0,429.2647,391750.0,0.0003659894056321,0.0082588096502442,0.0135210295847305,0.0032936810356838,410.7281,413.7008,77.3364,76.9469,57.8824,13.8916,150.5848,40.0,100.0,430.8832,410.7281,390.573,-1137930223.5535,1383843472.0
2024-05-20,420.21,426.77,419.99,425.34,15094397.0,424.8108,325227.0,0.00020870231239,0.0035422556689965,0.0134504406180081,0.0032936810356838,410.6109,412.6429,76.046,79.0568,56.5714,13.8448,113.1358,43.3333,10.0,430.376,410.6109,390.8459,-1138617150.4378,1362390217.0
2024-05-17,422.54,422.92,418.025,420.21,14749276.0,420.0782,291440.0,-0.0002710891149161,-0.0107282564633189,0.013269350127461,0.0026020279202788,410.5609,411.7672,77.4582,80.3888,54.6807,13.9602,81.9735,46.6667,13.3333,430.1836,410.5609,390.9382,-1148025229.6472,1346118080.0
2024-05-16,421.8,425.42,420.35,420.99,15854854.0,422.2607,363161.0,0.0004000954251338,0.0092282354430581,0.0136754019205991,0.0032936810356838,410.7128,411.185,83.6664,80.9862,55.0329,14.1869,96.1594,50.0,16.6667,430.6991,410.7128,390.7265,-1146378666.731,1361470319.0
2024-05-15,417.9,423.81,417.27,423.08,19636030.0,421.7109,414674.0,0.0003610109437835,0.0080390058270898,0.0136922731825451,0.0032936810356838,410.5845,410.5088,80.0418,79.1835,55.9664,14.3446,89.9941,53.3333,20.0,430.3535,410.5845,390.8155,-1133274349.2754,1379000369.0
2024-05-14,412.02,417.49,411.55,416.56,14213954.0,414.8008,340234.0,-0.0002990409452175,-0.0115793470007593,0.0133247977277368,0.0026020279202788,410.472,409.6418,79.2506,80.7163,53.3078,14.5516,31.9775,56.6667,23.3333,429.9922,410.472,390.9518,-1150549093.5628,1356760836.0
2024-05-13,418.01,418.348,410.82,413.72,14540245.0,413.8887,342705.0,-0.0007735979734938,-0.0255552676825966,0.0133147324484313,4.347314936309354e-05,410.6344,409.2155,78.2581,80.871,52.2184,14.9663,22.2516,60.0,26.6667,430.4093,410.6344,390.8595,-1160927202.7345,1341651530.0
2024-05-10,412.935,415.38,411.8,414.74,12398523.0,414.2286,319615.0,-0.0003865862598142,-0.014213728845788,0.0134283593713802,0.0026020279202788,410.9954,408.9553,84.6402,83.2198,52.6449,15.3953,15.9059,63.3333,30.0,431.317,410.9954,390.6739,-1157383006.3307,1357091756.0
2024-05-09,410.57,412.72,409.1,412.32,13749799.0,411.6235,259247.0,-0.00063838518768,-0.0216168758749969,0.0133794282079111,0.0002938837213555,411.1944,408.607,79.7146,85.4308,51.741,15.9249,-6.1899,66.6667,33.3333,431.7456,411.1944,390.6432,-1165993410.3251,1343689475.0
2024-05-08,408.17,412.23,406.7132,410.54,11040561.0,410.4028,272490.0,-0.000800302276485,-0.0263488675441719,0.0133476065425968,-0.0011032499025392,411.4975,408.4012,85.3046,84.6462,51.0771,16.3974,-20.1061,70.0,36.6667,432.3295,411.4975,390.6656,-1177436788.8168,1328999748.0
2024-05-07,414.66,414.67,409.09,409.34,18696339.0,410.8883,334567.0,-0.0009934027930973,-0.0319727569408312,0.0133341179807907,-0.001935150623721,411.8672,408.3039,91.2732,74.1369,50.6345,16.872,-14.0318,73.3333,40.0,432.9585,411.8672,390.7759,-1182004256.1411,1317207440.0
2024-05-06,408.76,413.93,406.3701,413.54,16009874.0,410.9057,350972.0,-0.0011120159054971,-0.0354527219293742,0.0134305757157419,-0.001935150623721,412.3171,408.2823,77.3608,51.4084,52.2333,17.4278,-14.9709,76.6667,0.0,433.6857,412.3171,390.9485,-1163779776.1698,1337225668.0
2024-05-03,402.28,407.15,401.86,406.66,17270056.0,405.7815,356081.0,-0.0017248684431836,-0.0528914456063532,0.0130066352555845,-0.001935150623721,412.8228,407.9702,53.7769,35.6023,49.7193,17.9825,-59.7464,80.0,0.0,434.9198,412.8228,390.7259,-1179022770.4893,1320229029.0
2024-05-02,397.66,399.93,394.6515,397.84,17110425.0,397.2914,336552.0,-0.0021393287379327,-0.0644122004562238,0.0124236625035627,-0.001935150623721,413.5785,408.1102,23.0874,32.7214,46.211,18.3654,-117.5285,83.3333,3.3333,436.226,413.5785,390.931,-1193237398.1717,1302782305.0
2024-05-01,392.61,401.7199,390.31,394.94,23162423.0,395.276,459300.0,-0.0020819314473167,-0.0628129375192805,0.0124712243211271,-0.001935150623721,414.4899,408.8671,29.9426,44.4973,44.9911,18.5419,-143.1967,86.6667,6.6667,436.6118,414.4899,392.368,-1196922864.9433,1285072941.0
2024-04-30,401.49,402.16,389.17,389.33,28424870.0,393.9558,511416.0,-0.0022355560251555,-0.0670708329339593,0.0122942633962416,-0.001935150623721,415.3707,409.8757,45.1342,56.5056,42.5549,18.7246,-178.3179,90.0,10.0,436.2678,415.3707,394.4736,-1192483125.9533,1261510460.0
2024-04-29,405.25,406.32,399.19,402.25,18864413.0,401.5909,423985.0,-0.0010928690833859,-0.0340281446616393,0.0109872466355511,-0.0015760030230462,416.302,411.3402,58.4151,60.9894,47.2097,18.9135,-129.1554,93.3333,13.3333,434.6909,416.302,397.9131,-1164410761.9364,1290291834.0
2024-04-26,412.17,413.0,405.7601,406.32,29220602.0,408.9535,531998.0,-0.0014488168827665,-0.0444475800761954,0.0114344530324986,-0.0015760030230462,416.7735,412.0162,65.9674,58.5435,48.8364,19.3504,-89.9589,96.6667,16.6667,434.3306,416.7735,399.2164,-1161636861.2477,1309873925.0
2024-04-25,394.03,399.8899,388.03,399.04,39761357.0,397.6336,782597.0,-0.0012442874672403,-0.0386894724162849,0.0118328054605006,-0.0015760030230462,417.4024,412.4586,58.5856,45.2515,45.595,19.9767,-225.7059,100.0,20.0,434.6627,417.4024,400.1421,-1136535098.5238,1280179271.0
2024-04-24,409.56,412.47,406.78,409.06,14461957.0,408.774,340052.0,-0.0004422294144421,-0.0149778462723945,0.0110169761650255,-0.0009945128738568,417.9368,413.4327,51.0775,28.8976,49.792,20.2196,-107.4007,93.3333,23.3333,433.7331,417.9368,402.1404,-1171304564.5939,1320765721.0
2024-04-23,404.235,408.2,403.06,407.57,14940953.0,406.8228,332235.0,0.0003225576774084,0.0075398002570952,0.0120251446723474,-0.0009945128738568,418.1438,413.7842,26.0915,13.4248,49.1187,20.7889,-147.8837,96.6667,26.6667,433.5903,418.1438,402.6972,-1168312680.0772,1305700391.0
2024-04-22,400.08,402.85,395.75,400.96,18941793.0,400.1964,395555.0,-0.000366454301968,-0.0129486485155825,0.0116661330346632,-0.0015760030230462,418.0423,414.2625,9.5237,6.5659,46.0144,21.4878,-217.8079,100.0,30.0,433.8208,418.0423,402.2637,-1180190085.5013,1289965890.0
2024-04-19,404.03,405.48,397.77,399.12,28791324.0,400.651,470212.0,-0.0007580230906448,-0.0244903944859948,0.0116896431740917,-0.001935150623721,418.2173,415.2289,4.659,5.2205,45.1133,22.016,-221.255,100.0,33.3333,433.3038,418.2173,403.1307,-1189676342.5436,1269679015.0
2024-04-18,410.63,411.89,403.95,404.27,19265719.0,407.1329,422636.0,0.0002510568795024,0.0054216717650275,0.0119162593449969,-0.0015760030230462,418.5507,416.3886,5.5148,7.1433,47.247,22.6302,-160.0877,0.0,36.6667,432.2502,418.5507,404.8512,-1169814526.3451,1300244804.0
2024-04-17,417.25,418.88,410.33,411.84,15372503.0,413.5992,352989.0,0.0008173948324509,0.0228237923755121,0.011410287545579,-0.0014290260184162,418.4782,417.2737,5.4876,17.6424,50.6509,23.3375,-67.0047,3.3333,40.0,432.5135,418.4782,404.4428,-1150479716.0051,1321274721.0
2024-04-16,414.57,418.4,413.7301,414.58,14696641.0,415.6117,344458.0,5.196592193357959e-05,-0.0008194350718211,0.0125918278324076,-0.0014290260184162,418.1724,417.6987,10.4276,33.7,51.9608,23.8208,-38.4708,6.6667,43.3333,433.201,418.1724,403.1438,-1140224647.929,1337130206.0
2024-04-15,426.6,426.82,413.43,413.64,19074288.0,418.2116,419719.0,-7.031461267850888e-05,-0.004476534296029,0.0125874816180589,-0.0014315872691434,418.1837,417.9643,37.0122,54.3017,51.5452,24.1787,-10.6141,10.0,46.6667,433.1997,418.1837,403.1676,-1129561559.6227,1320364590.0
2024-04-12,424.05,425.1794,419.77,421.9,18742900.0,422.2862,372084.0,0.0007321774820282,0.019969055217097,0.0120752151596325,-0.0013933472931958,418.2456,418.313,53.6601,63.4057,55.633,24.5489,39.2014,13.3333,50.0,433.1893,418.2456,403.3019,-1109923935.436,1340638128.0
2024-04-11,425.82,429.37,422.36,427.93,17966423.0,426.7616,345478.0,0.00168587275312,0.0495683312076917,0.0119963980854851,-0.0009562728979092,417.9707,418.1172,72.2327,69.2227,58.931,24.6568,87.8012,16.6667,53.3333,432.9935,417.9707,402.948,-1105832860.5941,1359891878.0
2024-04-10,422.19,424.03,419.7,423.26,16216581.0,421.8454,377856.0,0.0013377253731399,0.0387258270344557,0.0118709695899791,-0.0009562728979092,417.2982,417.4926,64.3243,60.4404,57.0237,24.6488,47.836,20.0,56.6667,432.419,417.2982,402.1775,-1116417928.6383,1341925455.0
2024-04-09,426.44,427.74,421.62,426.28,12512289.0,424.8551,298321.0,0.001568969391705,0.0459832163713989,0.0117718078318467,-0.0004776011249893,416.7732,417.1465,71.1111,50.1528,58.7287,24.7969,80.2034,23.3333,60.0,432.2238,416.7732,401.3226,-1126866949.6522,1358142036.0
2024-04-08,425.17,427.28,423.3,424.59,14272387.0,424.9753,316897.0,0.0012088387214839,0.0347272993127649,0.0118574783491302,-0.0009562728979092,416.1496,416.5687,45.8859,33.6251,58.0502,24.8612,83.0565,26.6667,63.3333,431.6468,416.1496,400.6524,-1133386536.5803,1345673326.0
2024-04-05,420.01,426.51,418.32,425.52,16549091.0,424.2188,353310.0,0.0011756135922248,0.0336936718085751,0.0118683345469917,-0.0009562728979092,415.6755,416.0673,33.4615,32.1525,58.5623,24.8495,72.4194,30.0,66.6667,431.0727,415.6755,400.2782,-1128374609.7461,1359921518.0
2024-04-04,424.99,428.67,417.57,417.88,19370875.0,421.9102,371919.0,0.0013510772603533,0.0390372470038287,0.0121553925447214,-0.0009562728979092,415.2139,415.4673,21.5279,33.6868,55.4403,24.8586,56.2662,0.0,70.0,430.3208,415.2139,400.1071,-1140905978.7791,1343394640.0
2024-04-03,419.73,423.26,419.085,420.45,16502264.0,421.2183,337782.0,0.0015043459840267,0.04384418679709,0.0120891252867406,-0.0009562728979092,414.6915,415.3519,41.4679,37.4957,56.8327,24.8681,56.4353,3.3333,73.3333,430.5605,414.6915,398.8226,-1122692603.6151,1362685524.0
2024-04-02,420.11,422.38,417.84,421.44,17911992.0,420.9424,364604.0,0.0014778790266433,0.043013413849428,0.0120983983272215,-0.0009562728979092,414.1039,415.0516,38.0646,28.7837,57.3692,25.0267,57.1442,6.6667,76.6667,430.4839,414.1039,397.7239,-1116994974.845,1379147531.0
2024-04-01,423.95,427.89,422.22,424.57,16315961.0,424.3187,365011.0,0.0015186460567119,0.0442985045257775,0.0120705368004812,-0.0009562728979092,413.5256,414.6625,32.9547,24.7741,59.0736,25.2157,101.7937,10.0,80.0,430.1572,413.5256,396.894,-1127460290.7702,1397009386.0
2024-03-28,420.96,421.87,419.12,420.72,21871161.0,420.7417,307365.0,0.0009751053513827,0.0274243571271581,0.0120817444743652,-0.0013933472931958,412.9263,414.031,15.3319,29.9457,57.5749,25.223,68.6398,13.3333,83.3333,429.3252,412.9263,396.5275,-1124791061.0224,1381406775.0
2024-03-27,424.44,424.45,419.01,421.43,16704978.0,420.9515,333518.0,0.001352848967073,0.0390870955549842,0.0121695146674387,-0.0009562728979092,412.5527,413.6211,26.0356,50.1265,57.9532,25.3975,84.1615,16.6667,86.6667,428.8022,412.5527,396.3032,-1128369978.2769,1403277936.0
2024-03-26,425.61,425.99,421.35,421.65,16725647.0,422.7992,318246.0,0.0006526182646356,0.0172476800225018,0.0128429658749699,-0.0013933472931958,412.0252,413.134,48.4697,70.6168,58.0675,25.5782,104.8237,20.0,90.0,428.2118,412.0252,395.8385,-1126527517.4681,1419982914.0
2024-03-25,425.24,427.41,421.61,422.86,18060450.0,423.6345,392629.0,0.0003287083063174,0.0073344139281397,0.0130484052343301,-0.0013933472931958,411.7873,412.5981,75.8743,80.6345,58.6828,25.6654,121.3185,23.3333,93.3333,427.6516,411.7873,395.923,-1111964669.6491,1436708561.0
2024-03-22,429.7,429.86,426.07,428.74,17648473.0,428.396,314771.0,0.0013042426104267,0.0372250302365069,0.0130560238372999,-0.0009121142695487,411.6848,411.942,87.5064,76.8633,61.7566,25.7447,173.3508,26.6667,96.6667,427.3192,411.6848,396.0505,-1101688896.3733,1454769011.0
2024-03-21,429.83,430.82,427.16,429.37,21221222.0,429.2339,382102.0,0.0013579818114062,0.0388996767191671,0.0130478209013697,-0.0002903336544585,411.1728,410.8358,78.5229,66.3604,62.0935,25.6359,206.4084,30.0,100.0,425.5982,411.1728,396.7475,-1108906609.6054,1472417484.0
2024-03-20,422.0,425.96,420.66,425.23,17856165.0,423.7712,341852.0,0.0017371269458153,0.0506025513399137,0.0134449734045142,-0.0002903336544585,410.6379,409.61,64.5607,62.115,60.7328,25.4758,171.1799,33.3333,86.6667,423.5476,410.6379,397.7282,-1113328775.9224,1451121262.0
2024-03-19,417.83,421.6656,415.55,421.41,19824715.0,420.2883,333781.0,0.001421819114469,0.0407539308146684,0.0133801910426249,-0.0004139355956581,409.9564,408.5847,55.9975,66.0488,59.4341,25.4265,127.427,36.6667,90.0,422.0014,409.9564,397.9114,-1126268912.979,1433261177.0
2024-03-18,414.25,420.73,413.78,417.32,20106230.0,417.9454,378750.0,0.0006436293262704,0.0166926244091933,0.0135480883960984,-0.0009121142695487,409.4073,407.7516,65.7868,77.4184,57.9962,25.4841,106.8617,40.0,93.3333,420.9407,409.4073,397.8739,-1144448586.4086,1413423262.0
2024-03-15,419.29,422.6,412.79,416.42,45079903.0,416.9739,502616.0,0.0011857825262469,0.0331930571540104,0.0139183429198812,-0.0009121142695487,409.1793,407.1426,76.3619,79.7961,57.6771,25.5678,117.0588,43.3333,96.6667,420.4027,409.1793,397.9559,-1144824669.4316,1393317285.0
2024-03-14,420.24,427.82,417.99,425.22,34155379.0,424.5338,595703.0,0.0023954330379579,0.0714794764006134,0.0135358057135667,-0.0004139355956581,408.7342,406.5536,90.1065,74.1488,62.139,25.6545,228.9106,0.0,100.0,419.9498,408.7342,397.5186,-1133106651.8322,1438397188.0
2024-03-13,418.1,418.18,411.45,415.1,17115931.0,414.9263,335667.0,0.0006845665324756,0.0177935705136929,0.0138880782382832,-0.0009121142695487,407.7903,405.3182,72.9198,59.2962,58.5767,25.532,113.4784,3.3333,26.6667,418.2942,407.7903,397.2864,-1149099822.5026,1404441925.0
2024-03-12,407.62,415.57,406.79,415.28,22457003.0,413.4651,390705.0,0.0006070819136887,0.0154266441827839,0.0139005786310436,-0.0013933472931958,407.5488,404.6942,59.4201,48.0464,58.6716,25.6455,81.0684,6.6667,30.0,417.7662,407.5488,397.3315,-1150538801.308,1421431973.0
2024-03-11,403.762,405.68,401.26,404.52,16120752.0,403.871,361478.0,0.0001982399246992,0.0032948709271583,0.0132973668055777,-0.0013933472931958,407.3389,404.0149,45.5488,38.0443,54.4021,25.8337,-80.7917,10.0,33.3333,417.2261,407.3389,397.4517,-1170677978.8934,1399868317.0
2024-03-08,407.96,410.42,404.33,406.22,18002186.0,407.1068,372186.0,0.0002603463088082,0.0051720573091502,0.0132810909894516,-0.0013933472931958,407.2947,404.0294,39.1702,35.4773,55.2742,26.3233,-19.1667,13.3333,36.6667,417.2563,407.2947,397.3331,-1178279081.4047,1415866828.0
2024-03-07,406.12,409.78,402.24,409.14,18695839.0,407.6397,356884.0,0.0006895195217069,0.0182068734069569,0.0132430910051355,-0.0008926073685781,407.2251,403.9279,29.4139,43.6373,56.7857,26.7018,-15.6849,16.6667,40.0,417.2647,407.2251,397.1856,-1171450666.0254,1433869014.0
2024-03-06,402.97,405.16,398.39,402.09,22320549.0,402.2288,449326.0,0.0004109143163815,0.0098431851478353,0.012970924617186,-0.0008926073685781,406.9817,403.6184,37.8478,62.7701,53.8397,27.1131,-105.7923,0.0,43.3333,417.2456,406.9817,396.7178,-1186991472.1978,1415150535.0
2024-03-05,413.96,414.25,400.64,402.65,26886877.0,403.9324,538262.0,0.0006581935421009,0.0173450158168613,0.0130048876478803,-0.0002708267534879,406.8513,403.7728,63.6502,73.5609,54.123,27.6836,-29.6169,0.0,46.6667,417.4892,406.8513,396.2133,-1189070765.2362,1437494684.0
2024-03-04,413.44,417.35,412.32,414.92,17595956.0,415.1331,397492.0,0.0014633252347872,0.0426667301221794,0.0118003160313152,-0.0002708267534879,406.6229,403.8994,86.8124,71.0977,60.9118,28.1831,123.3147,0.0,50.0,417.9453,406.6229,395.3004,-1170102733.8306,1464413861.0
2024-03-01,411.27,415.87,410.88,415.5,17805495.0,414.0684,394307.0,0.0019160809239059,0.0568487257085155,0.0119416512018272,-1.1573886342097772e-06,406.0579,403.19,70.2201,58.0081,61.2629,28.1708,118.6127,0.0,53.3333,417.5052,406.0579,394.6106,-1170697428.1686,1482009817.0
2024-02-29,408.64,414.2,405.92,413.64,31947263.0,411.6895,381314.0,0.0021427722705405,0.0640039050972229,0.0120525227673547,-1.1573886342097772e-06,405.3142,402.3918,56.2605,54.6896,60.5581,28.1997,80.5024,0.0,56.6667,417.289,405.3142,393.3394,-1185877716.9962,1464186372.0
2024-02-28,408.175,409.3,405.3201,407.72,13152525.0,407.2066,288488.0,0.0015904512244081,0.0466260746728992,0.0118506477326557,-0.0002708267534879,404.4863,401.6665,47.5436,60.1796,58.2191,28.2766,31.9037,3.3333,60.0,417.6245,404.4863,391.3481,-1213503611.088,1432239109.0
2024-02-27,407.99,408.32,403.85,407.48,14835827.0,406.5203,329867.0,0.0017252704402331,0.0508567420686758,0.0118614893065179,-0.0002708267534879,403.8819,401.2988,60.2647,66.7906,58.1218,28.4996,25.2577,0.0,63.3333,418.124,403.8819,389.6398,-1216219469.3225,1419055984.0
2024-02-26,411.455,412.16,407.36,407.54,16193505.0,408.6943,360536.0,0.0020629652880566,0.0615043768926297,0.0119472742107599,-0.0001247593298338,403.2257,400.9222,72.7306,65.8301,58.1545,28.7598,57.4677,0.0,66.6667,418.6426,403.2257,387.8088,-1225479415.0339,1433891811.0
2024-02-23,415.67,415.86,408.97,410.34,16290899.0,411.3814,339007.0,0.0024523961108188,0.0739910568084596,0.011841198556851,0.0023892362361368,402.44,400.5155,67.3766,51.346,59.6707,28.8642,87.5934,0.0,70.0,419.3725,402.44,385.5076,-1210500422.9089,1450085316.0
2024-02-22,410.19,412.83,408.57,411.65,26924129.0,410.8021,438851.0,0.0031776134025211,0.0974319597130441,0.0121364519847812,0.0047464387152958,401.4994,399.8881,57.3831,36.7752,60.3827,28.8948,82.7619,0.0,73.3333,419.8123,401.4994,383.1864,-1200685053.1194,1466381195.0
2024-02-21,400.17,402.29,397.22,402.18,18576472.0,400.2873,372891.0,0.0024905830553035,0.0753332391968339,0.0115322788763223,0.0037846613328545,400.2833,399.1271,29.2785,25.4127,56.7789,29.0098,-1.2312,0.0,76.6667,420.6608,400.2833,379.9057,-1212731708.3072,1439371326.0
2024-02-20,403.24,404.49,398.01,402.79,24307915.0,401.4432,450376.0,0.0031701148145976,0.0972881812047909,0.0118718793223742,0.0047464387152958,399.3458,398.9657,23.664,24.3831,57.1023,29.4552,14.0411,0.0,80.0,421.8915,399.3458,376.8,-1230554331.4236,1458002398.0
2024-02-16,407.96,408.29,403.44,404.06,22296495.0,405.1959,371675.0,0.0032576717818695,0.1001795257438464,0.0118346232571868,0.0047464387152958,398.1575,398.7511,23.2954,30.3913,57.7646,29.8786,41.3408,3.3333,83.3333,423.5768,398.1575,372.7381,-1242108093.4915,1482310313.0
2024-02-15,408.14,409.13,404.29,406.56,21825525.0,406.0888,412617.0,0.0032233919137821,0.0990411051499868,0.0118632759091344,0.0047464387152958,396.9332,398.4343,26.1898,43.0993,59.0681,30.0507,53.0161,6.6667,86.6667,424.6676,396.9332,369.1988,-1225512145.6667,1504606808.0
2024-02-14,408.07,409.84,404.57,409.49,20394390.0,407.4282,384409.0,0.0034376327131955,0.1061557958314232,0.0117312120505871,0.0047464387152958,395.7141,397.9235,41.6887,62.8123,60.6178,30.1853,63.6014,10.0,90.0,424.9498,395.7141,366.4785,-1224159323.8692,1526432333.0
2024-02-13,404.94,410.071,403.39,406.32,27824936.0,406.7192,544613.0,0.0026577625195748,0.0805233485799383,0.0120653709723902,0.0037846613328545,394.4065,397.1758,61.4195,80.586,59.2372,30.3105,55.6839,13.3333,93.3333,424.6809,394.4065,364.1321,-1241850678.3853,1506031143.0
2024-02-12,420.555,420.74,414.75,415.26,21202921.0,416.8165,401543.0,0.0034428903654994,0.1065337881048813,0.0112013670000862,0.0037846613328545,393.4008,396.6459,85.3286,85.9193,64.1989,30.4548,109.931,16.6667,96.6667,424.2191,393.4008,362.5825,-1238431388.9891,1533856079.0
2024-02-09,415.25,420.82,415.09,420.55,22010344.0,418.7587,369746.0,0.0039700055187136,0.1242548186168357,0.0107998966769202,0.0039341255659415,392.0729,395.4651,95.01,78.6236,67.4294,29.9976,126.2213,20.0,100.0,422.6989,392.0729,361.447,-1220838982.0826,1555059000.0
2024-02-08,414.05,415.56,412.53,414.11,21225257.0,413.833,323852.0,0.0033991326969951,0.1052954678908877,0.0106238275704278,0.0030852244615423,390.5292,393.8393,77.4194,65.8076,65.3792,29.5046,111.3596,23.3333,100.0,420.2172,390.5292,360.8412,-1240795432.4072,1533026156.0
2024-02-07,407.44,414.3,407.4,414.05,22340526.0,411.9182,352956.0,0.0034014214469801,0.1053713492444867,0.0106231336221927,0.0030852244615423,389.2189,392.544,63.4416,57.8059,65.3596,29.1184,108.5332,26.6667,83.3333,418.3557,389.2189,360.0821,-1241706086.998,1511800899.0
2024-02-06,405.88,407.97,402.91,405.49,18382624.0,404.8658,342464.0,0.0027905518265911,0.085533008513144,0.0101013401120795,0.0028599666377593,387.908,391.1635,56.5618,49.5122,62.4198,28.75,83.2901,30.0,86.6667,416.254,387.908,359.5619,-1262427734.3023,1489460373.0
2024-02-05,409.9,411.16,403.99,405.65,25352286.0,406.2356,455599.0,0.0030663224418507,0.094517295342938,0.0101235298942118,0.0030852244615423,386.8468,390.276,53.4143,42.0944,62.5157,28.5337,96.9292,33.3333,90.0,415.0821,386.8468,358.6114,-1262791027.2668,1507842997.0
2024-02-02,403.81,412.65,403.56,411.22,28186570.0,409.8995,474633.0,0.0032820638806156,0.1016985479290566,0.0098319945412424,0.0030852244615423,385.6833,389.3163,38.5606,42.6259,65.9226,28.2481,115.6757,36.6667,93.3333,413.8403,385.6833,357.5263,-1249177875.091,1533195283.0
2024-02-01,401.83,408.0,401.8,403.78,30656726.0,404.4632,476057.0,0.0027224321890007,0.0835368308063864,0.009423409368932,0.0028599666377593,384.4225,387.9076,34.3082,56.4426,63.3432,27.9527,100.6002,40.0,96.6667,411.525,384.4225,357.32,-1268544107.6653,1504938613.0
2024-01-31,406.96,415.32,397.21,397.58,47855797.0,403.0427,736134.0,0.0023752530365642,0.0724246756399529,0.0091300816851387,0.0028599666377593,383.3886,386.9131,55.0088,73.8498,60.9629,27.7701,102.427,0.0,100.0,410.0427,383.3886,356.7344,-1257467767.9491,1474280887.0
2024-01-30,412.26,413.05,406.4501,408.59,33443110.0,408.7068,606541.0,0.0037107060525296,0.1165796737080855,0.0075341099625881,0.0030852244615423,382.4968,386.276,80.0108,82.3374,68.6108,27.5812,144.6186,0.0,100.0,409.1735,382.4968,355.8201,-1211552751.1137,1522151984.0
2024-01-29,406.06,409.98,404.33,409.72,24479936.0,408.1096,446367.0,0.0030511540379914,0.0944253011726365,0.0088267174588412,0.0030852244615423,381.0799,384.8384,86.5297,83.8324,69.4755,26.8479,152.7005,3.3333,100.0,406.8753,381.0799,355.2845,-1199784178.414,1555629594.0
2024-01-26,404.37,406.17,402.43,403.93,17803271.0,404.0245,337194.0,0.0025724581166697,0.0789304984240604,0.0085880160966561,0.0028599666377593,379.9058,383.2239,80.4718,82.0259,67.4432,26.1582,148.4798,6.6667,96.6667,403.7833,379.9058,356.0284,-1222038605.083,1531119358.0
2024-01-25,404.32,407.01,402.5294,404.87,21008155.0,404.8272,386008.0,0.0029263551834156,0.0904120657150546,0.0085977899292184,0.0030852244615423,378.9244,381.8961,84.4957,84.4381,68.1553,25.5348,172.1179,10.0,100.0,401.3886,378.9244,356.4601,-1218516032.7461,1548922629.0
2024-01-24,401.54,405.63,400.45,402.56,24362953.0,403.082,412572.0,0.0024740990247143,0.0757021083291027,0.0087926167254569,0.0028599666377593,377.8094,380.412,81.1103,86.5875,67.336,24.8838,183.6028,13.3333,100.0,398.5555,377.8094,357.0633,-1219457166.4543,1527901474.0
2024-01-23,395.75,399.38,393.93,398.9,20525882.0,397.3286,318881.0,0.0024629966956727,0.0753470818169561,0.0087843546778569,0.0028599666377593,376.8684,378.9844,87.7082,89.8929,65.9959,24.2428,168.8037,16.6667,96.6667,395.781,376.8684,357.9559,-1215142376.2149,1504619585.0
2024-01-22,400.02,400.62,393.59,396.51,27016902.0,396.8531,450387.0,0.0024564009381803,0.0751355748373099,0.0087817496165212,0.0028599666377593,375.9401,377.7098,90.9439,89.1698,65.0919,23.736,192.7422,20.0,100.0,393.3952,375.9401,358.485,-1232052690.0094,1484093703.0
2024-01-19,395.76,398.67,393.5,398.67,29331136.0,396.7214,425457.0,0.0023041334009006,0.0701975732846551,0.0089548611840659,0.0028599666377593,375.0198,376.5115,91.0266,86.3653,66.6397,23.2116,232.6127,23.3333,100.0,391.2056,375.0198,358.834,-1227479416.4134,1511110605.0
2024-01-18,391.72,393.99,390.12,393.87,23391588.0,392.7206,369691.0,0.0022031219172237,0.0669935525816756,0.0088593971081591,0.0028599666377593,374.1512,375.0822,85.5391,83.6141,64.844,22.7195,233.7009,0.0,93.3333,388.1196,374.1512,360.1829,-1256810552.4134,1481779469.0
2024-01-17,387.98,390.11,384.81,389.47,21698908.0,388.3601,363161.0,0.0013485839134591,0.0399455288243302,0.0091718546827659,0.0024046637991658,373.3299,373.8841,82.5304,83.6408,63.0831,22.3371,215.4676,3.3333,96.6667,385.7034,373.3299,360.9563,-1278751949.5297,1458387401.0
2024-01-16,393.66,394.03,387.6229,390.27,27142268.0,390.7025,461337.0,0.001029837470353,0.0299807342112898,0.0094464693697774,0.0024046637991658,372.833,372.9058,82.7728,85.5695,63.6434,22.0543,300.5617,6.6667,100.0,383.9304,372.833,361.7356,-1295616310.6919,1480621509.0
2024-01-12,385.49,388.68,384.65,388.47,21641153.0,387.404,349003.0,0.0008806645233332,0.0253926356077602,0.0094236909691784,0.0018310396397828,372.4557,371.805,85.6193,88.7671,62.9273,21.6003,286.0169,10.0,96.6667,382.0091,372.4557,362.9023,-1290891333.08,1453419241.0
2024-01-11,386.0,390.68,380.38,384.63,27850846.0,384.6284,462956.0,0.0002125405261031,0.0050431147112619,0.0094650644607463,0.0009252486314346,372.1362,370.752,88.3163,82.088,61.3576,21.2884,272.7655,13.3333,100.0,380.2445,372.1362,364.0279,-1310294996.1892,1431758088.0
2024-01-10,376.37,384.17,376.32,382.77,25497145.0,381.6297,425875.0,0.0004106524574989,0.0109875597580619,0.0096211646882532,0.0009252486314346,372.0721,369.8902,92.3657,64.8833,60.576,20.9657,192.1899,16.6667,6.6667,379.8517,372.0721,364.2924,-1305427858.0533,1403907242.0
2024-01-09,372.01,375.99,371.19,375.79,20828828.0,374.4701,348112.0,-0.0001042740802282,-0.0043451765890371,0.0090305233354289,0.0009252486314346,371.9339,369.0968,65.5821,40.743,57.4544,20.8406,34.6633,20.0,10.0,379.175,371.9339,364.6928,-1321841480.6329,1378392997.0
2024-01-08,369.3,375.2,369.01,374.69,23132275.0,372.9106,370000.0,-0.0002391844946186,-0.0083631070530633,0.0090143169964482,0.0001859732806157,371.9884,368.7284,36.702,28.6116,56.935,21.0197,-0.7553,23.3333,13.3333,379.328,371.9884,364.6488,-1340935604.2162,1357563044.0
2024-01-05,368.97,372.06,366.5,367.75,21004575.0,368.9509,327543.0,-0.0004411480640103,-0.014260058434074,0.008644158117994,0.0001859732806157,372.0933,368.4101,19.9449,33.1713,53.4702,21.2376,-98.4578,26.6667,16.6667,379.5957,372.0933,364.591,-1360257512.0337,1334429077.0
2024-01-04,370.665,373.1,367.17,367.94,20901502.0,369.8079,336221.0,-0.0008098684176961,-0.0251695633743112,0.0088724089872676,0.0001859732806157,372.27,368.5468,29.1879,47.6595,53.5843,21.5952,-91.6026,30.0,20.0,379.4741,372.27,365.066,-1349209342.9582,1354503528.0
2024-01-03,369.01,373.2562,368.51,370.6,23013465.0,371.1638,373400.0,0.0001134443521258,0.0020278491280247,0.0095751556439155,0.0009252486314346,372.5856,368.6799,50.381,61.1723,55.1776,21.9293,-65.1016,33.3333,23.3333,379.5983,372.5856,365.5728,-1333735887.0087,1375405030.0
2024-01-02,373.86,375.9,366.771,370.87,25258633.0,370.0458,458059.0,-0.0004223188670843,-0.0140893744849407,0.0100453710356617,0.0009252486314346,372.5607,368.6393,63.4096,66.8492,55.3391,22.2038,-55.2278,36.6667,26.6667,379.6255,372.5607,365.4958,-1330982134.9791,1398488495.0
2023-12-29,376.0,377.16,373.48,376.04,18730838.0,375.8532,296401.0,0.0006220740434239,0.0172315849270963,0.0102325853497789,0.0018310396397828,372.7367,368.5774,69.7264,68.6644,58.5081,22.4879,47.2193,40.0,30.0,379.7544,372.7367,365.719,-1328406191.5764,1423747128.0
2023-12-28,375.37,376.458,374.16,375.28,14327013.0,375.4457,278146.0,0.0005680725512067,0.0155869548516822,0.0102293125248938,0.0010210172565244,372.5251,368.156,67.4117,70.1579,58.1677,22.4108,44.6582,43.3333,33.3333,379.6761,372.5251,365.3741,-1335735649.9243,1405016290.0
2023-12-27,373.69,375.06,372.8116,374.07,14905412.0,373.7921,266403.0,0.0007866013637456,0.0222235379097075,0.0103532212410423,0.0010210172565244,372.3338,367.7577,68.8551,70.9397,57.6328,22.3562,17.7649,46.6667,36.6667,379.6297,372.3338,365.0379,-1335374045.5927,1390689277.0
2023-12-26,375.0,376.94,373.5,374.66,12673050.0,374.7134,264666.0,0.0005694835687778,0.0155547485440632,0.0104681250310452,0.0010210172565244,372.0637,367.4151,74.207,69.8323,57.9823,22.3491,45.3445,0.0,40.0,379.8642,372.0637,364.2632,-1337149462.6494,1405562033.0
2023-12-22,373.68,375.18,372.71,374.58,17102684.0,374.4106,282280.0,0.0013922553416303,0.040616489471184,0.0113414118555097,0.0022105488876802,371.8731,367.0083,69.7572,65.6766,57.9488,22.3035,31.412,0.0,43.3333,379.8202,371.8731,363.926,-1333023353.3471,1392888983.0
2023-12-21,372.56,374.41,370.04,373.54,17608006.0,372.3574,289267.0,0.0010690898083435,0.0305557588033322,0.0114348863621985,0.0010210172565244,371.3875,366.579,65.5328,62.374,57.5242,22.3167,8.2956,3.3333,46.6667,380.6192,371.3875,362.1558,-1341819509.088,1375781499.0
2023-12-20,375.0,376.03,370.53,370.62,26316623.0,373.0735,396010.0,0.0010533256074642,0.030072192035901,0.0114258101290043,0.0010210172565244,371.0197,366.1915,61.7398,54.4494,56.3273,22.3568,9.2014,0.0,50.0,380.9463,371.0197,361.0931,-1352476730.0903,1358073493.0
2023-12-19,371.49,373.26,369.84,373.26,20593658.0,372.2648,306094.0,0.0016630612778568,0.0490485611958095,0.0114639037007854,0.0023816661370336,370.6603,365.978,59.8495,48.7453,57.7495,22.3729,10.9128,0.0,53.3333,381.5459,370.6603,359.7746,-1327021352.2721,1384390143.0
2023-12-18,369.45,373.0,368.68,372.65,21802878.0,371.7442,338225.0,0.0019609158655228,0.0584071596736364,0.0115749005000006,0.0041526893823582,370.0807,365.5683,41.7589,49.2464,57.5099,22.4819,8.2051,0.0,56.6667,382.3948,370.0807,357.7665,-1347554636.2721,1363856859.0
2023-12-15,366.85,372.4,366.28,370.73,78502324.0,370.1111,447189.0,0.002217008036038,0.0664967574836972,0.0117272533843046,0.0044780627750541,369.3976,365.1723,44.6274,61.4357,56.7638,22.6033,-4.8594,0.0,60.0,383.5055,369.3976,355.2898,-1365824640.5221,1342053981.0
2023-12-14,373.31,373.76,364.13,365.93,43270261.0,367.279,625496.0,0.0019964851014187,0.0595324996427837,0.0115815042265696,0.0044780627750541,368.6299,364.8809,61.3528,75.5935,54.8477,22.7486,-16.0224,0.0,63.3333,384.9825,368.6299,352.2773,-1401484192.9273,1263551657.0
2023-12-13,376.02,377.6361,370.77,374.37,30605531.0,374.3346,397694.0,0.0035327242864316,0.1094896203356607,0.011276983680204,0.0061656464151202,367.947,364.8993,78.3268,79.0328,59.3157,22.8988,52.5158,0.0,66.6667,386.4791,367.947,349.4149,-1374385222.0208,1306829118.0
2023-12-12,370.85,374.42,370.46,374.38,24834333.0,372.7849,341947.0,0.0036126714991425,0.1121507094958818,0.0112599548062519,0.0061656464151202,366.72,364.3389,87.1009,73.4889,59.3212,22.7351,45.5879,0.0,70.0,388.3592,366.72,345.0807,-1375890596.513,1337784649.0
2023-12-11,368.48,371.6,366.1,371.3,27708757.0,369.5369,414479.0,0.0040941777179632,0.1280837664217085,0.0117481698243761,0.0061656464151202,365.466,363.7393,71.6707,59.125,58.1588,22.6606,24.791,0.0,73.3333,389.7003,365.466,341.2318,-1400227066.6241,1312946396.0
2023-12-08,369.2,374.46,368.23,374.23,20142366.0,372.7762,297366.0,0.0045503454524184,0.1436434520557998,0.0115401803946764,0.0061785985691316,364.0658,363.3099,61.695,47.283,59.7283,22.6696,45.1075,0.0,76.6667,391.7123,364.0658,336.4193,-1424913050.1332,1340655153.0
2023-12-07,368.23,371.4527,366.32,370.95,23118104.0,369.8581,324952.0,0.0030051297173334,0.0910928373815072,0.0137533725659812,0.0058426701583496,362.5047,362.6495,44.0093,37.6899,58.5169,22.5739,33.1968,3.3333,80.0,393.1136,362.5047,331.8958,-1443579292.8009,1320500787.0
2023-12-06,373.54,374.18,368.03,368.8,21174417.0,369.9703,326371.0,0.0038334058504152,0.1180474840777507,0.0146194915880429,0.0061785985691316,361.4761,362.1691,36.1448,33.5737,57.7108,22.5653,40.1013,6.6667,83.3333,393.1165,361.4761,329.8357,-1462169603.4342,1297381923.0
2023-12-05,366.45,373.075,365.621,372.52,23017535.0,371.2053,373673.0,0.0042887484784594,0.1334743780642233,0.0143929544618563,0.0061785985691316,360.1828,361.8032,32.9155,33.4634,59.6494,22.4729,43.815,0.0,86.6667,393.844,360.1828,326.5215,-1446339427.1285,1318500271.0
2023-12-04,369.1,369.52,362.9,369.14,32063301.0,367.2104,504198.0,0.0042539399618415,0.1323014807501128,0.0143823990630476,0.0061785985691316,358.7258,361.1564,31.6608,42.5228,58.4227,22.4095,32.7904,3.3333,90.0,394.0971,358.7258,323.3545,-1465969770.8419,1295435236.0
2023-12-01,376.76,378.16,371.31,374.51,33036672.0,374.0143,516939.0,0.0042640721597562,0.132650668745637,0.0143693984093345,0.0061785985691316,357.2932,360.6973,35.8137,56.1952,61.2841,22.4492,66.6526,6.6667,93.3333,394.5093,357.2932,320.0771,-1494352092.1863,1327498541.0
2023-11-30,378.49,380.09,375.47,378.91,30545295.0,378.1431,364027.0,0.0047733288617666,0.1501582698177452,0.0140652154858755,0.0061785985691316,355.8365,359.8376,60.0939,72.9201,63.7573,22.0652,84.0946,10.0,96.6667,393.8661,355.8365,317.8068,-1492181550.2301,1360539013.0
2023-11-29,383.76,384.3,377.44,378.85,28963399.0,379.514,405555.0,0.0045723019711151,0.1432229859644167,0.0141724270757798,0.0061785985691316,354.1934,358.6162,72.6781,80.147,63.7381,21.4328,96.8826,13.3333,100.0,392.5864,354.1934,315.8005,-1507128082.2431,1329984598.0
2023-11-28,378.35,383.0,378.16,382.7,20354067.0,381.5382,358980.0,0.0048495177228104,0.1528271877705154,0.0139632959434027,0.0061785985691316,352.6171,357.3147,85.9885,80.0897,65.9142,20.6627,107.0078,16.6667,100.0,390.9381,352.6171,314.296,-1490070920.1498,1358947997.0
2023-11-27,376.78,380.64,376.2,378.61,22179228.0,378.5792,352779.0,0.0049888234520127,0.157593561158811,0.0140426146909452,0.0061785985691316,350.932,355.6588,81.7744,76.3506,64.6757,19.896,103.7099,20.0,100.0,388.4938,350.932,313.3702,-1507988522.3978,1338494885.0
2023-11-24,377.33,377.97,375.135,377.43,10026649.0,376.8156,201902.0,0.004539358830394,0.142033288354487,0.0143083102571918,0.0061785985691316,349.2201,354.1698,72.5062,69.2479,64.3141,19.1581,104.9419,23.3333,96.6667,386.5085,349.2201,311.9316,-1509886744.614,1316315657.0
2023-11-22,378.0,379.7899,374.965,377.85,23173184.0,377.8874,405032.0,0.0044500643819459,0.1389705670020284,0.0143515909864099,0.0061785985691316,347.661,352.6593,74.7713,70.5387,64.5414,18.4586,116.0268,26.6667,100.0,384.2323,347.661,311.0897,-1516186574.9473,1326492306.0
2023-11-21,375.67,376.2215,371.12,373.07,28422845.0,373.1602,460034.0,0.0044320438743557,0.1383626116635758,0.0143414150860236,0.0061785985691316,346.1298,351.0156,60.4661,69.5215,63.1067,17.7349,109.5983,30.0,96.6667,381.5736,346.1298,310.6859,-1520762556.8326,1303131122.0
2023-11-20,371.22,378.87,371.0,377.44,52528964.0,375.7212,771744.0,0.0046734539041066,0.1467035475709088,0.0141292711069748,0.0061785985691316,344.6237,349.5871,76.3789,78.1154,65.447,17.072,129.5232,0.0,100.0,379.4224,344.6237,309.825,-1514068367.1399,1331554267.0
2023-11-17,373.61,374.37,367.0,369.85,39800371.0,370.7359,560741.0,0.0042501436793056,0.1324340438506857,0.0138352916440637,0.0061785985691316,343.0199,347.7598,71.7195,78.4827,63.1527,16.3862,118.7176,0.0,96.6667,376.2717,343.0199,309.7681,-1547508025.2898,1279025303.0
2023-11-16,370.96,376.35,370.18,376.17,27182315.0,374.8465,405563.0,0.0056347399602407,0.1802767642705549,0.013737429169092,0.0069536692813115,341.5833,346.328,86.248,82.9662,66.7185,15.7873,148.5116,0.0,100.0,374.018,341.5833,309.1486,-1538370526.0266,1319350674.0
2023-11-15,371.28,373.13,367.11,369.67,26856895.0,369.819,399873.0,0.0050909573493162,0.1613550500854355,0.0135756201550773,0.0061785985691316,339.675,344.3632,77.4808,81.6085,64.7391,15.0018,144.6515,0.0,100.0,370.7728,339.675,308.5772,-1563966838.8548,1292168359.0
2023-11-14,371.01,371.95,367.3454,370.27,27683862.0,370.2471,409291.0,0.0056693679181023,0.1814990905900002,0.0137324061941538,0.0069536692813115,337.9691,342.7096,85.1698,85.8308,64.6924,14.2665,156.7189,0.0,100.0,368.192,337.9691,307.7462,-1559951210.0342,1265308264.0
2023-11-13,368.22,368.47,365.9,366.68,19986506.0,367.1673,340608.0,0.0044718746533227,0.1394655065257928,0.0148423215977587,0.0061785985691316,336.0838,340.9522,82.1749,86.8351,63.5751,13.5534,161.4829,3.3333,96.6667,365.5779,336.0838,306.5896,-1567434017.3671,1237624402.0
2023-11-10,361.49,370.1,361.07,369.67,28036164.0,367.5711,382843.0,0.0053801754329949,0.1707680126682498,0.0148796164459923,0.0069536692813115,334.5962,339.3197,90.1476,90.9558,65.2371,12.9032,184.0678,6.6667,100.0,362.6493,334.5962,306.543,-1559579398.2776,1257610908.0
2023-11-09,362.3,364.79,360.362,360.69,24847331.0,362.0007,338377.0,0.0047745331834023,0.1500127534753219,0.0144360716346139,0.0066145165291353,332.8089,337.3697,88.1829,92.0256,62.382,12.2306,179.1767,0.0,100.0,358.9946,332.8089,306.6232,-1584971689.5157,1229545744.0
2023-11-08,361.68,363.87,360.55,363.2,26743428.0,362.3926,316039.0,0.0050954755544619,0.1611624412545163,0.0142788881866795,0.0066145165291353,331.2494,335.901,94.5369,94.413,63.7978,11.6722,210.9092,3.3333,100.0,356.6506,331.2494,305.8482,-1563805444.5898,1254393075.0
2023-11-07,359.4,362.46,357.63,360.53,25823931.0,360.671,373389.0,0.0049180300606899,0.1550265906324091,0.0142821520642976,0.0061785985691316,329.5785,334.1589,93.3569,94.4411,62.9327,11.1191,224.4629,6.6667,100.0,353.4372,329.5785,305.7198,-1579769390.2042,1227625247.0
2023-11-06,353.45,357.54,353.35,356.53,23828301.0,355.997,377865.0,0.003977197267416,0.1227876802922469,0.0147578080576947,0.0047649300678772,327.9745,332.4797,95.3452,90.9786,61.6041,10.5844,211.3135,10.0,100.0,350.2561,327.9745,305.6929,-1584957570.9641,1201791316.0
2023-11-03,349.63,354.39,347.33,352.8,23537673.0,351.9435,390975.0,0.0036805075737999,0.1128986467303871,0.0147116302096747,0.0036698413375548,326.6821,330.9591,94.6213,82.002,60.3221,10.1659,194.2964,13.3333,100.0,347.0701,326.6821,306.2942,-1597298242.365,1177963015.0
2023-11-02,347.24,348.83,344.77,348.32,24348072.0,347.5945,374637.0,0.0029888969153398,0.0901010859700193,0.014751400810533,0.0031914615159824,325.4958,329.5893,82.9692,65.6492,58.7219,9.8238,172.7255,16.6667,100.0,344.1998,325.4958,306.7919,-1610288918.1781,1154325342.0
2023-11-01,339.79,347.42,339.65,346.07,28158819.0,344.9564,425441.0,0.0026433211490166,0.0788727125354629,0.0147864562640696,0.0025445918665022,324.5416,328.4324,68.4154,48.5196,57.8975,9.64,160.3152,20.0,100.0,341.7506,324.5416,307.3325,-1628519986.8677,1129977270.0
2023-10-31,338.85,339.0,334.69,338.11,20265282.0,337.2437,307402.0,0.0010593375107136,0.0287844211166903,0.0150064009772039,0.0022270522381577,323.703,327.3499,45.563,38.5526,54.8113,9.4949,109.1679,23.3333,86.6667,339.3978,323.703,308.0081,-1646893888.0685,1101818451.0
2023-10-30,333.41,339.45,330.52,337.31,22829326.0,336.3741,355946.0,0.0009387482129979,0.025071415547317,0.0150099056223063,0.0018771352366766,323.3894,326.7387,31.5803,38.904,54.4871,9.6339,106.38,26.6667,90.0,338.4344,323.3894,308.3443,-1658789749.6601,1081553169.0
2023-10-27,330.425,336.72,328.4007,329.81,29791522.0,331.6575,430129.0,6.364236942670853e-05,-0.0012415965114163,0.0144688741100827,0.0014708215738338,323.1159,326.1402,38.5144,46.519,51.323,9.7778,66.2759,30.0,93.3333,337.5629,323.1159,308.669,-1668795759.3557,1058725087.0
2023-10-26,340.54,341.63,326.94,327.89,37810293.0,331.2156,534329.0,-0.0009661085681972,-0.0319161499852371,0.0151053284397306,1.1899109579549538e-05,323.1295,326.0148,46.6172,44.7146,50.4709,10.0257,70.9445,33.3333,96.6667,337.5955,323.1295,308.6636,-1649054702.9488,1028868565.0
2023-10-25,345.02,346.2,337.62,340.67,55053828.0,340.9822,729751.0,0.0005462264345536,0.0137177884901509,0.0135628999919979,0.0014708215738338,323.4878,326.0123,54.4252,39.986,56.8774,10.2821,158.7043,36.6667,100.0,338.7367,323.4878,308.239,-1616118891.8549,1066697108.0
2023-10-24,331.3,331.84,327.6,330.53,31153571.0,333.8854,480549.0,-4.535214121430542e-05,-0.0037375290110615,0.012587717091511,0.0014708215738338,323.335,325.1333,33.1015,32.5293,52.2263,10.1053,49.1929,40.0,6.6667,338.0513,323.335,308.6188,-1600205897.2815,1011643280.0
2023-10-23,325.47,332.725,324.39,329.32,23974748.0,329.2188,353047.0,-0.0007764160312576,-0.0255074865360708,0.0129811896098381,1.1899109579549538e-05,323.3761,324.8891,32.4312,37.4703,51.6245,10.4194,35.6001,43.3333,10.0,338.1586,323.3761,308.5937,-1612108912.6164,980489709.0
2023-10-20,331.72,331.92,325.45,326.67,25020125.0,327.9375,322790.0,-0.0006808498155356,-0.0227361115266094,0.0130566088011737,1.1899109579549538e-05,323.6619,324.7109,32.0552,44.5309,50.2989,10.7443,23.9441,46.6667,13.3333,339.0681,323.6619,308.2556,-1616568599.563,956114961.0
2023-10-19,332.15,336.88,330.91,331.32,25049471.0,333.2315,366501.0,0.0002275000348563,0.0042738928798773,0.0130438818851692,0.0014708215738338,323.9138,324.7023,47.9247,52.2034,52.7507,11.1029,69.0976,50.0,16.6667,339.6326,323.9138,308.1949,-1600979466.4177,981142676.0
2023-10-18,332.49,335.59,328.3,330.11,23145202.0,331.7636,333823.0,-0.0001920859302801,-0.0083213169911072,0.0131287222123158,1.1899109579549538e-05,323.867,324.3741,53.6128,57.6378,52.1642,11.2232,54.3153,53.3333,20.0,339.5278,323.867,308.2062,-1579368383.3942,956090605.0
2023-10-17,329.59,333.46,327.41,332.06,18238523.0,331.2465,293598.0,-6.329465213971523e-05,-0.0044670963873474,0.0130912649234101,1.1899109579549538e-05,323.9589,324.1063,55.0726,64.9044,53.1929,11.4013,50.3066,56.6667,23.3333,339.7533,323.9589,308.1644,-1567712180.4669,979244207.0
2023-10-16,331.05,336.14,330.6,332.64,22153713.0,333.3168,360739.0,0.0004907795040866,0.0121097791030249,0.0133574738281872,0.0014708215738338,324.0082,323.6863,64.2278,76.2877,53.4962,11.6748,69.8337,60.0,26.6667,339.8894,324.0082,308.1271,-1577563453.1529,997582730.0
2023-10-13,332.38,333.83,326.36,327.73,20983805.0,329.1471,397249.0,8.291506513287509e-05,-9.153038808817904e-05,0.0130929589949833,0.0014708215738338,323.8763,323.1975,75.4129,85.9235,51.2199,11.8094,35.6997,63.3333,30.0,339.5954,323.8763,308.1572,-1571723967.5789,975424682.0
2023-10-12,330.565,333.6299,328.72,331.16,19313098.0,331.366,334254.0,0.0003237428124575,0.0072082484260471,0.0129645215528189,0.0014708215738338,323.8773,323.0118,89.2226,90.8858,52.9708,12.044,53.9789,66.6667,33.3333,339.5969,323.8773,308.1577,-1558372516.7958,996510377.0
2023-10-11,331.21,332.82,329.14,332.42,20063246.0,331.5068,280438.0,0.0004886586751004,0.0122103468225702,0.0129425874157088,0.0014708215738338,323.7988,322.578,93.1349,90.3741,53.6217,12.1762,58.3525,70.0,36.6667,339.4325,323.7988,308.165,-1558254905.1071,1015823475.0
2023-10-10,330.96,331.1,327.67,328.39,20557094.0,329.2022,314761.0,0.0005646092106059,0.014488724127279,0.0130179781936342,0.0014708215738338,323.6658,322.0279,90.2999,86.2175,51.7902,12.3454,37.3904,73.3333,40.0,339.1345,323.6658,308.1972,-1573956575.8897,995760229.0
2023-10-09,324.75,330.3,323.18,329.82,19891180.0,328.0256,309948.0,0.0007834404926155,0.0211777819060015,0.0129889107275249,0.0018771352366766,323.5104,321.7162,87.6873,76.6076,52.5013,12.5889,26.5991,76.6667,43.3333,338.9538,323.5104,308.067,-1562029865.3766,1016317323.0
2023-10-06,316.55,329.19,316.3,327.26,25673630.0,325.0766,374485.0,0.0008362606755166,0.0227833859424326,0.0130206114557285,0.0018771352366766,323.2837,321.285,80.6653,70.4216,51.3451,12.8726,-6.8582,80.0,46.6667,338.6582,323.2837,307.9092,-1579239088.5226,996426143.0
2023-10-05,319.09,319.98,314.9,319.36,16965629.0,317.9018,292278.0,-0.0007049208210135,-0.0233639143730881,0.0128354049540592,0.0014708215738338,323.042,320.9996,61.4701,65.0714,47.5353,13.2098,-68.7339,83.3333,50.0,338.502,323.042,307.582,-1597224571.7577,970752513.0
2023-10-04,314.03,320.04,314.0,318.955,20717444.0,317.962,340623.0,-0.0002779376860976,-0.0108695652173904,0.013104238412868,0.0018771352366766,323.2953,321.2363,69.1295,66.4795,47.3309,13.3753,-77.995,86.6667,53.3333,338.6367,323.2953,307.9538,-1610048984.2302,953786884.0
2023-10-03,320.83,321.39,311.215,313.39,21027792.0,314.3557,354262.0,-0.0008097881224862,-0.0263762893003595,0.012678324538324,0.0017368926532365,323.4114,321.517,64.6146,56.5016,44.457,13.5466,-107.3899,90.0,56.6667,338.6176,323.4114,308.2052,-1623324970.5348,933066740.0
2023-10-02,316.28,321.888,315.18,321.8,20570006.0,319.5579,354432.0,0.0006301096927814,0.0168099089989892,0.0121629157293143,0.0019421563401197,323.6929,322.1988,65.6945,42.2462,48.3078,13.7237,-65.4606,93.3333,60.0,338.318,323.6929,309.0677,-1611283683.9598,954100232.0
2023-09-29,317.75,319.47,314.98,315.75,24147298.0,316.6707,371549.0,-5.065817130160966e-05,-0.0035660186821502,0.0116681755741236,0.0017368926532365,323.5165,322.3509,39.1956,25.6855,44.9945,14.0598,-93.407,96.6667,63.3333,338.4403,323.5165,308.5927,-1631313987.9539,933530226.0
2023-09-28,310.99,315.48,309.45,313.64,19681064.0,312.8031,338062.0,-0.0006411156845819,-0.0210986267166035,0.0117580824920729,0.0014144808861905,323.554,322.9283,21.8485,17.2086,43.7797,14.3023,-136.7892,100.0,66.6667,338.3872,323.554,308.7208,-1615448836.7067,909382928.0
2023-09-27,312.3,314.299,309.69,312.79,19370182.0,311.9009,335794.0,-0.0008124787541458,-0.0261174145938394,0.0117453403411268,-4.444157806371418e-05,323.778,323.6903,16.0126,15.5576,43.2919,14.3716,-154.1078,100.0,70.0,338.0931,323.778,309.463,-1623119877.4032,889699364.0
2023-09-26,315.13,315.88,310.02,312.14,25647573.0,312.1074,408374.0,-0.0011061442015381,-0.0346794549647152,0.0117793765152037,-0.0012541404384108,324.0561,324.5631,13.7647,14.0595,42.9259,14.3881,-162.5492,100.0,73.3333,337.6775,324.0561,310.4347,-1629820124.8456,870289282.0
2023-09-25,316.59,317.67,315.0,317.54,17835964.0,316.584,291124.0,-0.0002246545398954,-0.0087102268234918,0.0115436893585487,-4.444157806371418e-05,324.4278,325.5406,16.8955,14.674,45.2725,14.4167,-124.7629,16.6667,76.6667,337.1135,324.4278,311.7421,-1622550147.3268,896586855.0
2023-09-22,321.32,321.45,316.15,317.01,21436887.0,318.4263,341056.0,-0.0004785689568046,-0.0162487063962903,0.0115828906917295,-0.0012541404384108,324.5203,326.2153,11.5184,14.0665,44.9872,14.6245,-109.8064,20.0,80.0,336.9904,324.5203,312.0501,-1638649275.8811,878750891.0
2023-09-21,319.26,325.3499,315.0,319.53,35560362.0,320.9522,526012.0,-0.0001432707975982,-0.0062745443997995,0.0115089482735235,-4.444157806371418e-05,324.6938,326.9728,15.6081,15.6745,46.0917,14.8822,-91.9363,23.3333,83.3333,336.7811,324.6938,312.6066,-1624161835.2283,900198778.0
2023-09-20,329.51,329.59,320.51,320.77,21399225.0,324.4602,351303.0,-0.0004049473414509,-0.0141058571740083,0.0116786042836024,-4.444157806371418e-05,324.7607,327.6098,15.0731,22.1116,46.6363,15.1488,-44.1115,26.6667,86.6667,336.7147,324.7607,312.8067,-1619729974.9259,935759140.0
2023-09-19,326.17,329.39,324.51,328.65,16514487.0,327.2065,275795.0,-1.5682526930675213e-05,-0.0023098077510648,0.0110649283604571,-4.444157806371418e-05,324.9128,328.2057,16.3422,34.9765,50.2865,15.6311,9.2304,30.0,90.0,336.6829,324.9128,313.1427,-1599521092.3268,957195665.0
2023-09-18,327.8,330.4,326.36,329.06,16834208.0,328.6563,309477.0,0.0002627974651448,0.0060356932259237,0.011135367031326,0.0014795019896336,324.938,328.3022,34.9194,50.0958,50.4852,16.0487,23.6279,33.3333,93.3333,336.7275,324.938,313.1486,-1611027087.3678,973710152.0
2023-09-15,336.92,337.3975,329.65,330.22,37503592.0,332.2853,373232.0,0.0004941791665748,0.0130436583854465,0.0111266245281529,0.0019871375567371,324.8726,328.3773,53.6681,60.5814,51.0368,16.4034,75.8022,36.6667,96.6667,336.6326,324.8726,313.1126,-1616694048.4767,990544360.0
2023-09-14,339.148,340.86,336.57,338.7,20263548.0,339.0099,310337.0,0.0012432465105806,0.0363934013780489,0.0100908237545214,0.0019871375567371,324.7317,328.3781,61.6998,65.3712,55.3076,16.6294,172.2601,40.0,100.0,336.4219,324.7317,313.0415,-1584558620.8368,1028224152.0
2023-09-13,331.31,336.85,331.17,336.06,16544412.0,335.2687,257199.0,0.0001052909093821,0.0012880892996858,0.0111502745028762,0.0014795019896336,324.3374,327.7973,66.3763,68.5511,54.153,16.5402,129.1941,43.3333,93.3333,335.137,324.3374,313.5379,-1584416893.2284,1007957104.0
2023-09-12,335.815,336.79,331.48,331.77,17562282.0,333.0369,284513.0,-0.0002840539917454,-0.0102580046256772,0.0108966849717201,0.0012036939562569,324.3231,327.3575,68.0376,68.1143,52.2139,16.5876,107.1909,46.6667,96.6667,335.0714,324.3231,313.5748,-1596359162.4537,991412692.0
2023-09-11,337.24,338.42,335.43,337.94,16583324.0,337.3191,277880.0,8.318215033941516e-05,0.0008488517526394,0.0104617218078818,0.0012036939562569,324.4371,327.1816,71.2394,68.2489,55.476,16.6217,164.982,50.0,0.0,335.4881,324.4371,313.386,-1580712320.6722,1008978174.0
2023-09-08,330.09,336.16,329.46,334.27,19548165.0,334.384,307635.0,0.000488255523334,0.0128792844515233,0.0110920423561563,0.0012036939562569,324.4276,326.5704,65.066,70.5144,53.817,16.4632,105.3419,53.3333,0.0,335.4391,324.4276,313.416,-1591971232.9531,992394850.0
2023-09-07,331.29,333.08,329.03,329.91,18369595.0,330.6156,290407.0,-0.0006480083645618,-0.0211973131995166,0.0114695966649378,-5.260863775941038e-05,324.2867,326.1688,68.4414,74.5518,51.7524,16.3742,65.271,56.6667,0.0,334.9908,324.2867,313.5826,-1600490731.7293,972846685.0
2023-09-06,333.38,334.46,330.18,332.88,17535773.0,332.2617,277719.0,-0.0016051863018371,-0.0495569921608475,0.0131894187655828,-5.260863775941038e-05,324.5235,326.0385,78.0359,75.2946,53.322,16.3877,85.0492,60.0,0.0,335.8474,324.5235,313.1997,-1590097527.149,991227680.0
2023-09-05,329.0,334.85,328.66,333.55,18553859.0,332.6823,306760.0,-0.000971260837814,-0.0314453105852624,0.0136052623145026,0.0012036939562569,325.0988,325.6955,77.1783,72.8617,53.6771,16.3464,66.3006,63.3333,3.3333,339.1162,325.0988,311.0815,-1594686327.5602,1008763453.0
2023-09-01,331.31,331.99,326.78,328.66,14886424.0,328.5957,298313.0,-0.001337282268317,-0.0419247444897274,0.0133186172562279,0.0012036939562569,325.4578,325.2829,70.6697,66.3331,51.3938,16.3036,18.2798,66.6667,6.6667,340.6342,325.4578,310.2813,-1605446966.3017,990209594.0
2023-08-31,329.2,330.9099,326.78,327.76,26403154.0,328.0876,271738.0,-0.0017267148483894,-0.0530872647550754,0.0133642576463021,-5.260863775941038e-05,325.9345,325.1772,70.7371,58.2867,50.9637,16.3537,4.1694,70.0,0.0,342.1167,325.9345,309.7523,-1601288437.5493,975267570.0
2023-08-30,328.67,329.81,326.445,328.79,15222110.0,328.5478,251172.0,-0.0023930098947285,-0.0720744438101693,0.0139050892172537,-5.260863775941038e-05,326.5436,325.1259,57.5926,47.053,51.4675,16.4415,-4.2281,73.3333,0.0,344.0029,326.5436,309.0842,-1587411799.1115,1001678524.0
2023-08-29,321.88,328.9835,321.88,328.41,19284590.0,327.1681,299190.0,-0.0028404921950353,-0.0845169545745361,0.0139993308436403,-0.0018428607023869,327.39,325.0005,46.5304,46.0875,51.2958,16.5686,-26.8643,76.6667,0.0,347.1553,327.39,307.6248,-1593405646.2883,986456414.0
2023-08-28,325.66,326.15,321.722,323.7,14808482.0,323.4131,248204.0,-0.0019988477257846,-0.0617331335281337,0.0156779444509677,-0.0018428607023869,328.395,324.8925,37.0361,53.0145,49.1401,16.7271,-49.6315,80.0,3.3333,350.7825,328.395,306.0075,-1609576359.3642,967171824.0
2023-08-25,321.47,325.36,318.8001,322.98,21684104.0,322.1106,318092.0,-0.0020258456486659,-0.0624913809076855,0.0156713362790618,-0.0018428607023869,329.1009,325.1,54.696,67.6589,48.8052,16.9839,-62.8533,83.3333,6.6667,351.9534,329.1009,306.2485,-1607997858.1212,952363342.0
2023-08-24,332.85,332.98,319.96,319.97,23277194.0,323.1078,338014.0,-0.0020884390671403,-0.0642354304828062,0.0156292399884939,-0.0018428607023869,329.8145,325.3712,67.3113,70.9464,47.4059,17.2756,-53.2605,86.6667,10.0,352.9665,329.8145,306.6626,-1613947524.8524,930679238.0
2023-08-23,323.82,329.2,323.46,327.0,21164682.0,327.3649,289589.0,-0.0008320843415897,-0.0281909623646601,0.0155330538131007,-6.004904090139984e-06,330.5426,325.8675,80.9694,62.59,50.5237,17.5326,-41.4781,90.0,13.3333,353.5578,330.5426,307.5273,-1590701853.4238,953960672.0
2023-08-22,325.5,326.075,321.46,322.46,16018024.0,323.4052,294427.0,-0.0008271649452642,-0.028049532183486,0.0155377981791081,-6.004904090139984e-06,330.857,325.916,64.5586,43.0587,48.4054,17.9201,-65.9032,93.3333,16.6667,353.8275,330.857,307.8865,-1595643134.2391,932794290.0
2023-08-21,317.93,322.77,317.04,321.88,23989956.0,320.4589,358127.0,-0.0008229387894896,-0.0279265254086195,0.0155385299175423,-6.004904090139984e-06,331.1654,326.2791,42.242,27.9953,48.1311,18.425,-88.0227,96.6667,20.0,353.8258,331.1654,308.5051,-1586519235.4829,916692266.0
2023-08-18,314.49,318.38,311.5508,316.48,24751706.0,315.3222,404544.0,-0.0019244828044751,-0.0595110598437205,0.0154023009809768,-0.0018428607023869,331.472,326.7071,22.3754,25.0895,45.525,19.0597,-129.8995,100.0,23.3333,353.7698,331.472,309.1741,-1603091281.9401,892652310.0
2023-08-17,320.54,321.87,316.21,316.88,21257161.0,318.3484,342111.0,-0.0022779870992291,-0.0694976724050545,0.0155044092175456,-0.0024941497014253,332.1357,327.5349,19.3685,28.1907,45.6894,19.5583,-120.8746,100.0,26.6667,353.5661,332.1357,310.7054,-1614071760.2319,917407322.0
2023-08-16,320.8,324.42,319.8035,320.4,20698864.0,321.7008,299352.0,-0.0016042223752706,-0.0504805559662874,0.015550461393433,-0.0005865581083706,332.9202,328.3924,33.5246,30.5232,47.1372,20.2293,-106.8557,90.0,30.0,353.5053,332.9202,312.3352,-1597847213.3203,938664483.0
2023-08-15,323.0,325.09,320.9034,321.86,16813785.0,322.9819,294672.0,-0.0015076623521619,-0.0477233054232373,0.0155540682313685,0.0008618422382588,333.4848,329.0676,31.6789,23.4422,47.4587,20.7917,-113.2826,93.3333,33.3333,353.3858,333.4848,313.5838,-1582497368.0037,959363347.0
2023-08-14,321.39,324.06,320.08,324.04,18814579.0,322.6942,302315.0,-0.0015330137730209,-0.0484524578610443,0.0155631725737398,0.0008618422382588,334.0183,329.736,26.3661,18.0873,48.3495,21.358,-123.1709,96.6667,36.6667,353.2238,334.0183,314.8129,-1573284366.4466,976329632.0
2023-08-11,320.26,322.41,319.21,321.01,24355491.0,321.0487,355599.0,-0.0013014585797027,-0.0419041934039691,0.0157749323675993,0.0008618422382588,334.5641,330.3013,12.2816,16.692,47.0132,21.9779,-152.7754,100.0,40.0,353.2434,334.5641,315.8848,-1591931197.5169,957493493.0
2023-08-10,326.015,328.26,321.18,322.93,20103165.0,323.9963,295450.0,-0.0011826737404818,-0.0384695548608008,0.0157529165108124,0.0008618422382588,335.0285,331.1129,15.6141,20.676,47.7703,22.6734,-136.2402,96.6667,43.3333,352.759,335.0285,317.298,-1594975633.8919,981848984.0
2023-08-09,326.47,327.11,321.0499,322.23,22339508.0,323.2968,352448.0,-0.0011275589104156,-0.0368831634635504,0.0157674441386495,0.0008618422382588,335.4558,331.8491,22.1803,21.3188,47.4722,23.3257,-155.9616,100.0,46.6667,352.3577,335.4558,318.554,-1584805134.5275,961735259.0
2023-08-08,326.96,328.75,323.0,326.05,22274170.0,325.1445,389123.0,-0.0001314262480173,-0.0077601947656724,0.0160091676794691,0.0013348001020596,335.864,332.684,24.2337,16.951,48.9458,24.0367,-139.8789,100.0,50.0,351.7917,335.864,319.9363,-1571145482.9916,984108527.0
2023-08-07,328.37,331.11,327.52,330.11,17023526.0,329.5521,307078.0,-0.0003602297274575,-0.014655841442302,0.0162289729932047,0.0013348001020596,335.9483,333.3151,17.5424,15.4693,50.5583,24.7077,-103.7679,93.3333,53.3333,351.639,335.9483,320.2577,-1572504552.7133,1006436101.0
2023-08-04,331.88,335.14,327.24,327.78,23741484.0,330.8896,430655.0,-0.0010573737156392,-0.0351181890435964,0.0163419824215569,0.0008618422382588,336.1107,333.7118,9.0769,18.9991,49.6379,25.2483,-103.1626,96.6667,56.6667,351.5497,336.1107,320.6718,-1580362220.2175,988694575.0
2023-08-03,326.0,329.88,325.95,326.66,18360352.0,327.6559,323370.0,-0.0005570796781513,-0.0206859335651757,0.0166975319221322,0.0008618422382588,336.5053,334.2954,19.7887,29.0352,49.1984,25.8076,-140.1918,100.0,60.0,351.4097,336.5053,321.601,-1559866407.4479,964953091.0
2023-08-02,333.63,333.63,326.3551,327.5,27759757.0,328.8435,521033.0,-0.0009143187905129,-0.0312084011240942,0.0168506106579466,0.0008618422382588,336.7336,334.9958,28.1317,31.1274,49.5117,26.5384,-126.9516,100.0,63.3333,351.0724,336.7336,322.3947,-1548140075.7634,983313443.0
2023-08-01,335.19,338.54,333.7,336.34,18381253.0,336.4363,332085.0,-0.0004549730579685,-0.017497736102591,0.0163326700619215,0.0008618422382588,337.0825,335.6871,39.1851,29.1793,52.9405,27.2813,-46.2741,50.0,66.6667,350.7534,337.0825,323.4116,-1529116770.6636,1011074700.0
2023-07-31,336.92,337.695,333.36,335.92,25445972.0,335.1445,461944.0,-0.0010491728689293,-0.0349899454179833,0.0165821801125348,-0.0009543144971315,337.2806,335.8211,26.0654,24.4873,52.7903,27.8041,-55.6012,53.3333,70.0,350.9246,337.2806,323.6367,-1530787793.6636,992693447.0
2023-07-28,333.67,340.01,333.17,338.37,28449068.0,337.4318,447434.0,0.0002554003793805,0.0030532993419094,0.0175547657452817,0.0009463446503922,337.6835,335.9931,22.2874,25.5331,53.7576,28.3679,-39.6844,56.6667,73.3333,351.5487,337.6835,323.8183,-1535395666.1595,1018139469.0
2023-07-27,340.48,341.33,329.05,330.72,39611012.0,334.6987,745452.0,-0.0002115174582975,-0.0106793502647403,0.0171210332182012,0.0009463446503922,337.6494,336.0093,25.1092,27.3797,51.0505,28.9512,-81.9652,60.0,76.6667,351.5383,337.6494,323.7605,-1550221123.7736,989654601.0
2023-07-26,341.44,344.67,333.11,337.77,58383702.0,337.2226,990567.0,0.0007293128996427,0.0178393852644265,0.0167309022932437,0.001674000472056,337.7675,336.5501,29.2026,24.9333,53.8593,29.5545,-22.9568,0.0,80.0,351.3896,337.7675,324.1454,-1521366136.6172,1029289863.0
2023-07-25,347.11,351.89,345.07,350.98,41614439.0,348.2785,622408.0,0.002500026971573,0.0740230729214472,0.0153289693177028,0.0028772523443494,337.5717,336.6457,27.8275,25.3736,59.8209,30.0475,108.8399,0.0,83.3333,351.5033,337.5717,323.6401,-1510053031.7314,1087673565.0
2023-07-24,345.85,346.92,342.31,345.11,26724646.0,344.8138,387230.0,0.002089855624651,0.0610281005964459,0.0150981418966826,0.0028772523443494,336.7716,335.844,17.7698,33.1553,57.8152,30.1294,64.4612,0.0,86.6667,350.9089,336.7716,322.6343,-1540579233.3443,1046035826.0
2023-07-21,349.15,350.3,339.83,343.77,69402882.0,344.6154,533848.0,0.0021537102541913,0.0630527552724351,0.0151097003532571,0.0028772523443494,336.115,335.3887,30.5235,50.6863,57.3453,30.3268,69.0453,0.0,90.0,350.9495,336.115,321.2806,-1546317197.5374,1019316619.0
2023-07-20,353.57,357.97,345.37,346.87,33729395.0,349.2517,537719.0,0.0014226825332843,0.0395288899544474,0.0161250122022678,0.0028772523443494,335.4406,334.9936,51.1727,65.8337,58.8102,30.5311,136.4908,3.3333,93.3333,351.1198,335.4406,319.7614,-1529148148.886,1088722001.0
2023-07-19,361.75,362.46,352.435,355.08,39720401.0,356.9136,627574.0,0.0019691544758532,0.0569744597249513,0.0155515550835612,0.0028772523443494,335.0043,334.3592,70.3627,75.9849,62.9255,30.5304,228.7224,6.6667,96.6667,350.4111,335.0043,319.5976,-1503412228.886,1122500396.0
2023-07-18,345.83,366.78,342.17,359.49,64851305.0,358.335,903519.0,0.0024317343650433,0.071824686940966,0.0153259656146568,0.0028772523443494,334.3713,333.1192,75.9658,78.3085,65.298,30.2375,260.7979,10.0,100.0,348.3735,334.3713,320.369,-1484645616.7927,1162233297.0
2023-07-17,345.678,346.99,342.2,345.73,20363927.0,345.3375,354554.0,0.0013877116683573,0.03953935895123,0.0137283805156819,0.0028772523443494,333.5745,331.4918,81.6262,74.2696,60.8453,29.9345,137.1184,13.3333,36.6667,344.8563,333.5745,322.2926,-1511085000.4233,1097360592.0
2023-07-14,347.59,351.43,344.31,345.24,28349069.0,347.4862,474705.0,0.0017657088919191,0.0513109412588688,0.0138793331690316,0.0042648677115704,333.1395,330.6939,77.3335,61.0088,60.6715,30.0513,181.1825,16.6667,40.0,343.9197,333.1395,322.3593,-1520735546.2041,1076996665.0
2023-07-13,339.56,343.74,339.02,342.66,20567159.0,341.6023,352822.0,0.0012309233903967,0.0345702122520454,0.0139558288300479,0.0028772523443494,332.5822,329.8745,63.849,45.4428,59.7629,30.0781,112.7765,20.0,43.3333,343.0785,332.5822,322.0858,-1499789569.4429,1048643936.0
2023-07-12,336.6,341.652,335.67,337.2,29995262.0,337.9785,443122.0,0.0005229606255422,0.0129472198023374,0.01371554859129,0.0017693581595032,332.2035,329.1751,41.8437,39.8389,57.7669,30.3061,58.5552,23.3333,46.6667,342.4157,332.2035,321.9912,-1510944638.731,1028076777.0
2023-07-11,331.06,332.86,327.0,332.47,26698218.0,330.6934,428341.0,0.000761586244442,0.0200969563082966,0.0140109883143253,0.0017693581595032,332.0609,328.8012,30.6356,44.5885,55.9363,30.6001,-65.7171,0.0,50.0,342.2549,332.0609,321.8669,-1496292991.1944,998081515.0
2023-07-10,334.6,335.23,327.59,331.83,32739449.0,330.9423,551490.0,0.0019792250313115,0.0572885136211558,0.0155610641640883,0.0027179120739337,331.8443,328.7251,47.0372,56.9119,55.6851,31.17,-45.843,0.0,53.3333,342.4791,331.8443,321.2094,-1519437521.4743,971383297.0
2023-07-07,339.32,341.79,337.0,337.22,21208974.0,339.134,336861.0,0.0023629294304555,0.0696567912199455,0.0152522623624854,0.0027179120739337,331.2495,328.6876,56.0925,63.9023,58.3956,31.7343,69.7721,3.3333,56.6667,344.1484,331.2495,318.3507,-1523042864.0345,1004174746.0
2023-07-06,337.3,342.99,335.5,341.27,28195534.0,340.0806,453686.0,0.0021441095790653,0.0625505946821101,0.0154999310293354,0.0027179120739337,330.5232,328.2786,67.606,69.4772,60.5359,31.8823,88.4374,6.6667,60.0,344.9457,330.5232,316.1006,-1503776792.1347,1025389570.0
2023-07-05,335.09,341.65,334.7276,338.15,18172378.0,338.6334,346745.0,0.0021339297318254,0.062229063265691,0.0154953757071122,0.0027179120739337,329.8587,327.5643,68.0083,71.0564,59.4286,32.0353,70.444,10.0,63.3333,344.5591,329.8587,315.1583,-1519022708.383,997194036.0
2023-07-03,339.19,340.9,336.571,337.99,12507092.0,338.2957,252534.0,0.0020993130505845,0.0611264598769307,0.0155002059470251,0.0027179120739337,329.2035,327.0143,72.8174,68.9079,59.372,32.2308,77.1042,13.3333,66.6667,344.5698,329.2035,313.8371,-1518818996.2987,979021658.0
2023-06-30,337.75,342.73,337.2,340.54,26832756.0,340.6447,364616.0,0.0028287467700038,0.0845222929936302,0.0155466955416515,0.0042648677115704,328.5595,326.4372,72.3436,57.5658,60.6741,32.3452,99.0405,0.0,70.0,344.4467,328.5595,312.6723,-1514510735.7831,991530350.0
2023-06-29,334.71,336.11,332.62,335.05,16997042.0,334.6334,276397.0,0.0025969241683035,0.0771013857293296,0.0153939168375384,0.0042648677115704,327.6816,325.6459,61.5629,41.0395,58.7934,32.4337,45.5244,0.0,73.3333,344.2983,327.6816,311.0649,-1520090784.4992,964697594.0
2023-06-28,334.66,337.98,333.81,335.85,20259523.0,335.7149,327478.0,0.0029219137850061,0.0876278629591462,0.0153882876665239,0.0052587615393207,326.8883,325.1757,38.7909,26.6738,59.1921,32.7024,60.5229,0.0,76.6667,344.7423,326.8883,309.0344,-1526762975.7714,981694636.0
2023-06-27,331.86,336.15,329.3,334.57,24353972.0,333.4372,345545.0,0.0028472507260494,0.0852009790491474,0.0153891547900586,0.0052587615393207,325.9933,324.6183,22.7647,20.6621,58.7595,32.925,41.6384,0.0,80.0,345.1264,325.9933,306.8603,-1526325719.8793,961435113.0
2023-06-26,333.72,336.11,328.49,328.6,21520582.0,330.8935,391852.0,0.0021191140487315,0.0619187315287961,0.0151621309547467,0.0031569735267242,325.1245,324.11,18.4657,22.3405,56.6894,33.2048,27.3224,0.0,83.3333,345.4217,325.1245,304.8274,-1539444941.1786,937081003.0
2023-06-23,334.36,337.96,333.45,335.02,23146901.0,335.5853,351843.0,0.0025230724526871,0.075039291150166,0.014745450094898,0.0031569735267242,324.4908,323.9753,20.756,28.3274,59.8103,33.4954,63.4851,3.3333,86.6667,345.7934,324.4908,303.1882,-1518545688.3177,958601585.0
2023-06-22,334.12,340.12,333.34,339.71,23556764.0,337.7777,374340.0,0.0035598161260208,0.1089435755928545,0.0146540329121198,0.0052587615393207,323.7173,323.3919,27.7999,43.0482,62.2296,33.5724,82.7654,6.6667,90.0,345.4899,323.7173,301.9447,-1511514368.0582,981748486.0
2023-06-21,336.37,337.73,332.07,333.56,25117799.0,334.2187,386737.0,0.0027670386749175,0.0830466847097652,0.0144698908748437,0.0031569735267242,322.6134,322.4473,36.4262,61.2908,60.1883,33.652,64.7373,0.0,93.3333,344.9141,322.6134,300.3128,-1532222083.9049,958191722.0
2023-06-20,339.31,342.08,335.86,338.05,26333307.0,338.2942,421893.0,0.0029951701827284,0.0905587729037433,0.0142675999330025,0.0031569735267242,321.7674,321.8585,64.9186,78.4538,62.575,33.7911,96.3047,0.0,96.6667,344.6514,321.7674,298.8835,-1520328850.4561,983309521.0
2023-06-16,351.32,351.47,341.95,342.33,46546285.0,345.87,481102.0,0.0039838308500273,0.1233140748251748,0.0141868414645436,0.0052587615393207,320.839,320.9218,82.5277,83.8406,64.9482,33.7646,144.95,0.0,100.0,343.6888,320.839,297.9892,-1512526479.2535,1009684928.0
2023-06-15,337.48,349.84,337.2,348.1,38852845.0,345.5015,594418.0,0.0046469541589279,0.1460376055642513,0.0136657129380698,0.0052587615393207,319.596,319.6276,87.9151,76.4186,68.325,33.445,154.4235,3.3333,100.0,342.2654,319.596,296.9265,-1469690829.1905,1056236913.0
2023-06-14,334.34,339.04,332.81,337.34,26003791.0,336.4501,456396.0,0.0034734997346553,0.106939999420222,0.0127566504929824,0.0040109658962409,318.1288,317.8492,81.0791,60.0633,65.0492,33.1469,109.1959,6.6667,100.0,339.5899,318.1288,296.6677,-1497880348.7316,1017337838.0
2023-06-13,334.465,336.98,330.39,334.29,22801279.0,333.4592,356040.0,0.0031530091812398,0.0963933110596564,0.0127314216936093,0.0024640102586043,317.0508,316.6846,60.2616,38.5233,64.0299,33.0755,100.1833,10.0,80.0,338.3146,317.0508,295.787,-1509692664.7076,991334047.0
2023-06-12,328.58,332.0999,325.16,331.85,24281753.0,329.5156,390478.0,0.0027234927429377,0.0823688604144874,0.0127996662366265,0.0015979661895838,316.0787,315.6484,38.8492,28.1479,63.2,33.0516,79.0709,0.0,83.3333,337.2392,316.0787,294.9182,-1513906784.2205,968382768.0
2023-06-09,324.99,329.99,324.41,326.79,22528950.0,327.3052,367279.0,0.00247308295613,0.0743617691473021,0.0126197946027809,0.0015979661895838,315.2434,314.7076,16.4592,32.0081,61.4152,33.1502,66.8088,0.0,86.6667,336.2298,315.2434,294.257,-1536463005.491,944076015.0
2023-06-08,323.935,326.64,323.35,325.26,23260258.0,325.0463,373419.0,0.0033838728628823,0.1035798649604757,0.0136886628130486,0.0015979661895838,314.4953,314.0483,29.1352,52.1208,60.8604,33.3078,58.034,0.0,90.0,335.7401,314.4953,293.2505,-1533152299.577,921547065.0
2023-06-07,331.65,334.49,322.5,323.38,40706629.0,325.7113,615252.0,0.0056045806260717,0.1766767604959562,0.0184712110195025,0.0015979661895838,313.4855,313.4482,50.4299,69.5838,60.1803,33.5612,74.4814,0.0,93.3333,335.9118,313.4855,291.0593,-1536902203.9053,898269357.0
2023-06-06,335.33,335.37,332.17,333.68,20396223.0,333.7197,339188.0,0.0058823068385447,0.1867928420636695,0.0179767553745035,0.0015979661895838,311.8795,312.9354,76.7973,78.4561,66.28,33.8234,124.9589,3.3333,96.6667,338.4704,311.8795,285.2886,-1502161901.1805,938986486.0
2023-06-05,335.22,338.5599,334.6601,335.94,21307053.0,336.6865,374635.0,0.0056411276998349,0.1781477931683797,0.0181915634357926,0.0015979661895838,310.1424,311.6823,81.5241,78.0764,67.7362,33.617,150.9471,6.6667,100.0,338.2483,310.1424,282.0365,-1501014613.6367,959382709.0
2023-06-02,334.247,337.5,332.55,335.4,25853669.0,334.9782,392402.0,0.0055466835794795,0.1748150849290299,0.0182195795929257,0.0005475062697815,308.4622,310.1882,77.0469,78.1906,67.5716,33.2677,156.7977,10.0,100.0,336.8437,308.4622,280.0808,-1493693353.3106,938075656.0
2023-06-01,325.93,333.53,324.72,332.58,26773851.0,330.6137,412274.0,0.0049936339994411,0.1554870408829092,0.01837333717434,-0.0005280078005756,306.8114,308.628,75.6581,82.6309,66.7146,32.9291,139.2822,13.3333,96.6667,335.0966,306.8114,278.5263,-1497613621.3409,912201887.0
2023-05-31,332.29,335.94,327.33,328.39,45950553.0,329.8836,494039.0,0.0045775740710189,0.1412461873888579,0.018334058233686,-0.0005280078005756,305.3312,307.1531,81.8667,79.962,65.4013,32.6657,151.3003,16.6667,100.0,333.2502,305.3312,277.4122,-1518613316.0526,885428036.0
2023-05-30,335.23,335.74,330.52,331.21,29503070.0,332.3713,522152.0,0.0048117512714755,0.1493326525751195,0.0182097889740099,-0.0005280078005756,303.9869,305.8633,90.368,68.5772,67.1244,32.2529,172.7619,20.0,100.0,331.7064,303.9869,276.2673,-1484281247.7111,930974894.0
2023-05-26,324.02,333.4,323.88,332.89,36630633.0,330.8431,509702.0,0.0052898466336592,0.1659009865109915,0.0181328024117789,-0.000106740291068,302.5635,304.2916,67.6513,53.954,68.1585,31.649,165.4106,23.3333,100.0,329.4431,302.5635,275.6839,-1462577839.895,960477964.0
2023-05-25,323.24,326.9,320.0,325.92,43205743.0,324.1808,549354.0,0.0041514706364382,0.1269176580621687,0.0181585667244322,-0.0005280078005756,300.9967,302.4965,47.7122,56.0094,66.0615,31.0689,133.6702,26.6667,100.0,326.6745,300.9967,275.3189,-1495283762.2164,923847331.0
2023-05-24,314.73,316.5,312.61,313.85,23384887.0,314.2333,353391.0,0.0036161878741318,0.1094912524577076,0.017358444832774,-0.0005280078005756,299.7826,301.0545,46.4985,71.1891,61.8564,30.6011,77.2715,30.0,96.6667,324.5353,299.7826,275.0299,-1526285299.9585,880545588.0
2023-05-23,320.03,322.72,315.25,315.26,30797173.0,317.7116,430792.0,0.0038430564124768,0.1170764369494763,0.0172956087086567,-0.000106740291068,298.7582,300.3391,73.8174,87.3989,62.7342,30.3652,101.0569,33.3333,100.0,324.0366,298.7582,273.4797,-1517809029.8634,903930475.0
2023-05-22,318.6,322.59,318.01,321.18,24115664.0,320.8507,342361.0,0.0037018450951608,0.112255257764906,0.0174930657168456,-0.000106740291068,297.6653,299.4779,93.2513,92.2064,66.5681,29.9651,122.1416,36.6667,100.0,323.2493,297.6653,272.0812,-1487094312.4805,934727648.0
2023-05-19,316.74,318.75,316.37,318.34,27543551.0,317.8475,325653.0,0.0031518399515947,0.0940651533817376,0.0175794931985255,-0.0005280078005756,296.5931,298.1522,95.1281,85.1409,65.593,29.3825,113.7179,40.0,96.6667,321.2398,296.5931,271.9464,-1496361467.2054,910611984.0
2023-05-18,314.53,319.04,313.72,318.52,27275991.0,317.1105,386415.0,0.0040217708342729,0.1226341300380955,0.018014388919399,-0.000106740291068,295.6878,296.9293,88.2397,71.5107,65.7104,28.8689,117.5829,43.3333,100.0,319.4117,295.6878,271.9639,-1514417288.0289,938158685.0
2023-05-17,312.29,314.43,310.74,314.0,24315012.0,313.0997,308657.0,0.003212298417157,0.0957587575736476,0.0180755857241622,-0.0008571038360463,294.5369,295.6099,72.0549,59.4365,64.1526,28.3375,101.6672,46.6667,100.0,317.5344,294.5369,271.5395,-1536361130.4124,910882694.0
2023-05-16,309.83,313.71,309.83,311.74,25680347.0,312.432,352425.0,0.0028921313318076,0.0853323120843927,0.018047645137868,-0.0008571038360463,293.6293,294.5087,54.2375,57.7945,63.1009,27.8986,97.5143,50.0,100.0,316.006,293.6293,271.2526,-1555009229.0465,886567682.0
2023-05-15,309.095,309.905,307.59,309.46,16336547.0,309.0666,269983.0,0.0025228285170036,0.0733957682969135,0.0180656300044871,-0.0013561126945828,292.8204,293.5324,52.0172,62.1282,62.2711,27.4795,87.5674,53.3333,90.0,314.7137,292.8204,270.927,-1554595873.1651,859837335.0
2023-05-12,310.55,310.65,306.6,308.97,19672946.0,308.1878,298800.0,0.0029687031856761,0.0877310332687912,0.0182015608501337,-0.0013561126945828,292.122,292.6444,67.129,66.5758,62.094,27.1435,93.1281,56.6667,93.3333,313.5692,292.122,270.6748,-1564651847.0204,843500788.0
2023-05-11,310.1,311.12,306.2601,310.11,31680179.0,309.3559,381620.0,0.0035119027148862,0.1055220847741613,0.0182382784101917,-0.0008571038360463,291.2995,291.7287,67.2384,65.0733,62.7565,26.7961,104.2377,60.0,96.6667,312.4571,291.2995,270.1419,-1568020869.3018,863275484.0
2023-05-10,308.62,313.0,307.67,312.31,30078044.0,310.9026,398456.0,0.004386177320268,0.1347236856447333,0.01833965964196,-0.0003324892372785,290.3226,290.6719,65.3599,62.8419,64.0309,26.4366,127.3409,0.0,100.0,311.1851,290.3226,269.4601,-1586533295.5538,894955663.0
2023-05-09,308.0,310.04,306.31,307.0,21340829.0,307.7179,299950.0,0.0036709321610241,0.1107894927274044,0.0182403628389648,-0.0008571038360463,289.0988,289.392,62.6215,61.7284,62.2419,25.9887,118.2231,3.3333,93.3333,309.6868,289.0988,268.5108,-1608823778.4432,864877619.0
2023-05-08,310.13,310.2,306.09,308.65,21308813.0,308.0936,335929.0,0.0033513313748752,0.1000819759774751,0.0184780025998555,-0.0008571038360463,288.0882,288.3865,60.5443,60.6926,63.1859,25.5957,136.5807,6.6667,96.6667,308.633,288.0882,267.5434,-1595378484.033,886218448.0
2023-05-05,305.72,311.97,304.27,310.65,28196052.0,309.5482,381026.0,0.0039152832862365,0.1188143772959742,0.0184287340483658,-0.0003324892372785,287.1614,287.1989,62.0194,66.3696,64.3291,25.1893,161.4489,10.0,100.0,306.9564,287.1614,267.3664,-1600617364.5999,907537061.0
2023-05-04,306.24,307.7626,303.4,305.41,22519907.0,305.777,311224.0,0.0040007618304199,0.121635021484447,0.0184957816800851,-0.0003324892372785,286.0726,285.7929,59.5143,74.8148,62.6161,24.7688,156.3225,13.3333,93.3333,304.8196,286.0726,267.3256,-1619146855.9142,879340009.0
2023-05-03,306.62,308.61,304.09,304.4,22360754.0,305.7745,352104.0,0.0037087508776443,0.1118416246621374,0.0185732476370563,-0.0008571038360463,284.9795,284.6477,77.5753,86.5035,62.2785,24.4314,179.9007,0.0,96.6667,303.6153,284.9795,266.3436,-1617378341.6937,856820102.0
2023-05-02,307.76,309.18,303.91,305.41,26404431.0,306.093,393439.0,0.0040087757032341,0.1218822319362302,0.0185301414718191,-0.0003324892372785,283.9689,283.4926,87.3547,91.3593,62.8269,24.049,205.2561,3.3333,100.0,302.2179,283.9689,265.7198,-1598084770.7645,879180856.0
2023-05-01,306.97,308.6,305.15,305.56,21267115.0,306.615,316909.0,0.0031662477871231,0.0935117918620049,0.0192752197505649,-0.0006986911228077,282.8738,282.1887,94.5806,82.4377,62.9064,23.6533,228.3581,6.6667,96.6667,300.5001,282.8738,265.2475,-1586711325.1535,905585287.0
2023-04-28,304.01,308.93,303.31,307.26,36469613.0,306.256,496688.0,0.0037404877163574,0.1124547429398994,0.0192641179148077,5.167242217046786e-05,282.0114,280.7847,92.1427,62.7341,63.7909,23.1867,260.965,0.0,100.0,298.1741,282.0114,265.8487,-1570478420.0955,926879402.0
2023-04-27,295.97,305.2,295.25,304.83,46462608.0,302.55,650723.0,0.0048259814303113,0.1483951175406872,0.0203583558863618,5.167242217046786e-05,280.9863,279.1679,60.5899,38.1098,63.0735,22.7039,228.8485,0.0,100.0,295.161,280.9863,266.8116,-1585273921.4549,890409789.0
2023-04-26,296.7,299.57,292.73,295.37,64542982.0,296.0297,870311.0,0.0043527418275362,0.1325971087848458,0.0198799290500218,5.167242217046786e-05,279.6862,277.6054,35.4696,27.2966,60.0983,22.2819,164.9438,0.0,100.0,293.1123,279.6862,266.2601,-1628281046.6791,843947151.0
2023-04-25,279.51,281.6,275.37,275.42,45759736.0,280.4904,616117.0,0.0028401064537196,0.0846723377441711,0.0159874559060596,5.167242217046786e-05,278.5449,276.5811,18.27,29.0906,52.2567,21.9689,-38.6797,0.0,60.0,293.1994,278.5449,263.8904,-1613574827.0124,779466034.0
2023-04-24,282.09,284.95,278.72,281.77,26611014.0,281.7132,420683.0,0.0043060077150474,0.1334727865159499,0.0156050574076518,0.001305489314463,277.8353,276.8485,28.1502,40.4395,55.6199,22.1292,16.3727,3.3333,63.3333,295.3374,277.8353,260.3332,-1568537297.8503,825238270.0
2023-04-21,285.01,286.27,283.0608,285.76,21676387.0,285.0868,312673.0,0.0042786727312151,0.1325301204819271,0.0156377184653308,0.001305489314463,276.7402,276.7008,40.8516,53.1485,57.8826,22.1402,49.4692,6.6667,66.6667,297.6042,276.7402,255.8762,-1567982011.8439,851849284.0
2023-04-20,285.25,289.03,285.08,286.11,23244363.0,286.6919,307055.0,0.0041381330730313,0.1277493102089077,0.0157053341770647,0.001305489314463,275.6365,276.2704,52.3168,60.8434,58.083,21.9401,65.4399,10.0,70.0,298.4806,275.6365,252.7925,-1582768857.9178,873525671.0
2023-04-19,285.99,289.05,284.54,288.45,17150271.0,287.4678,280116.0,0.0043495236258402,0.1349596694865238,0.0155812115263186,0.001305489314463,274.5669,275.7864,66.2772,66.1724,59.4122,21.6309,71.7724,13.3333,73.3333,298.8382,274.5669,250.2955,-1571646871.5709,896770034.0
2023-04-18,291.57,291.755,287.01,288.37,20129345.0,288.499,283384.0,0.0039873091169581,0.1226301241873319,0.0157964832424621,0.0010797403682525,273.4348,275.1092,63.9362,60.8293,59.3815,21.311,85.5855,16.6667,76.6667,298.6893,273.4348,248.1803,-1584233877.5598,879619763.0
2023-04-17,289.93,291.6,286.16,288.8,23836223.0,288.2686,327268.0,0.0042432411030574,0.131262485800462,0.0157678575867114,0.0040136360669988,272.3952,274.3908,68.3037,51.4797,59.6159,20.8573,88.2835,20.0,80.0,298.1363,272.3952,246.654,-1575629507.4597,899781608.0
2023-04-14,287.0,288.48,283.69,286.14,20982817.0,285.9764,325336.0,0.0044882391902577,0.1395006172593678,0.0159010042483153,0.0040136360669988,271.2892,273.5935,50.2479,40.0844,58.6394,20.3917,75.2508,0.0,83.3333,297.4531,271.2892,245.1253,-1574929767.7244,875990457.0
2023-04-13,283.59,289.9,283.17,289.84,24212878.0,288.1325,319817.0,0.0055688688552055,0.1769196410443818,0.0157929361098229,0.0059413773944214,270.133,272.9228,35.8876,43.3191,60.61,19.9852,86.8955,3.3333,86.6667,297.121,270.133,243.1451,-1575411744.9416,896978374.0
2023-04-12,284.79,287.01,281.96,283.49,27392932.0,284.4641,392791.0,0.0044012462171136,0.1365969048191797,0.0158003290279842,0.0040136360669988,268.695,271.9533,34.1175,53.6168,58.2843,19.5648,70.7285,6.6667,90.0,296.523,268.695,240.8671,-1599202517.8361,872755696.0
2023-04-11,285.75,285.98,281.64,282.83,27011589.0,283.2909,397668.0,0.0042248574147074,0.1305964182922923,0.0158518802994777,0.0027598191747063,267.5705,271.3504,59.9521,64.4609,58.0354,19.1991,70.4385,10.0,93.3333,296.0859,267.5705,239.0552,-1588403937.7014,845352264.0
2023-04-10,289.208,289.6,284.71,289.39,23095494.0,287.7271,320739.0,0.0051061953919678,0.1611828906187293,0.015046727336174,0.004732741394675,266.4923,270.7511,66.7807,65.9082,61.5653,18.8456,96.5415,13.3333,96.6667,295.4824,266.4923,237.5022,-1576085478.153,872628853.0
2023-04-06,283.21,292.08,282.03,291.6,29770334.0,288.6584,391332.0,0.0046326794138222,0.144561761588883,0.0156499033474897,0.004732741394675,265.1665,269.6625,66.6498,72.022,62.8094,18.3432,105.6524,16.6667,100.0,294.0063,265.1665,236.3267,-1597204165.9199,895731847.0
2023-04-05,285.85,287.15,282.92,284.34,22064770.0,284.4017,315075.0,0.004213642694964,0.1305315892012244,0.0152478126138137,0.004732741394675,263.9509,268.3479,64.2941,80.8302,60.2591,17.8236,94.2899,20.0,96.6667,291.7726,263.9509,236.1293,-1624130766.5229,865961513.0
2023-04-04,287.23,290.4499,285.67,287.18,25824299.0,287.9298,351664.0,0.0043902526815639,0.1365813115921943,0.0151135337126204,0.004732741394675,262.8674,267.4384,85.1221,90.6195,61.8633,17.3966,116.9315,23.3333,100.0,290.3957,262.8674,235.3391,-1616880168.3432,888026283.0
2023-04-03,286.52,288.27,283.95,287.23,24743342.0,286.2717,351148.0,0.0036998347151729,0.1130357281252414,0.0157653139245563,0.004732741394675,261.7284,266.2722,93.0743,86.7399,61.8913,16.8351,120.9678,26.6667,96.6667,288.4223,261.7284,235.0345,-1607371981.1824,913850582.0
2023-03-31,283.73,289.27,283.0,288.3,32765976.0,286.5132,398970.0,0.0033034899486168,0.099752050352851,0.0160927165719368,0.004732741394675,260.7657,265.0222,93.6621,75.8501,62.4771,16.302,135.8133,30.0,100.0,286.1721,260.7657,235.3592,-1620274454.812,938733924.0
2023-03-30,284.23,284.46,281.48,284.05,25053410.0,283.1788,338299.0,0.001917331294293,0.0546933016485957,0.0168040366468179,0.0010005800035911,259.9026,263.6129,73.4833,65.4126,61.062,15.7506,129.8422,33.3333,100.0,283.5968,259.9026,236.2084,-1642902313.8359,905967948.0
2023-03-29,278.96,281.1398,278.41,280.51,25087032.0,279.8952,312671.0,0.0012309036600592,0.0332448593852372,0.0167733989903757,-0.0023643573601779,259.4164,262.3967,60.4049,64.4918,59.8427,15.2849,118.3789,36.6667,73.3333,281.9067,259.4164,236.9262,-1661061832.4936,880914538.0
2023-03-28,275.79,276.14,272.0451,275.23,21878647.0,273.8328,288361.0,0.0006958662214846,0.0169722911169198,0.0164449837637146,-0.0023643573601779,259.1186,261.3383,62.3496,66.5387,57.9438,14.8786,86.6723,40.0,76.6667,280.854,259.1186,237.3831,-1674573062.0513,855827506.0
2023-03-27,280.5,281.4589,275.52,276.38,26840212.0,277.6231,336991.0,0.0018759932638633,0.0531274254463405,0.0173020950932012,0.0006811120857425,258.9669,260.5674,70.7207,64.0099,58.5265,14.5768,111.7905,43.3333,80.0,280.3877,258.9669,237.5462,-1686727628.4779,877706153.0
2023-03-24,277.24,280.63,275.28,280.57,28199962.0,278.6135,391637.0,0.0023080382093865,0.0669843140563246,0.0170367388693594,0.0006811120857425,258.5068,259.6649,66.5458,58.7626,60.6754,14.1252,130.618,46.6667,83.3333,279.2273,258.5068,237.7862,-1667660769.2267,904546365.0
2023-03-23,277.94,281.06,275.2,277.66,36610879.0,278.2622,447986.0,0.0015700323919843,0.0436061090919384,0.0171459275255472,-0.0018715720675508,257.9254,258.414,54.7631,59.8724,59.6815,13.677,134.5596,50.0,86.6667,277.3883,257.9254,238.4626,-1695228208.7146,876346403.0
2023-03-22,273.4,281.04,272.18,272.29,34871230.0,275.8227,486919.0,0.000809241449662,0.0202477907238871,0.0168270314139199,-0.0024653215190135,257.5425,257.2755,54.9787,69.1794,57.778,13.2133,119.7345,53.3333,90.0,276.0829,257.5425,239.0021,-1689355473.8579,839735524.0
2023-03-21,274.88,275.0,269.5191,273.78,34545504.0,272.3447,425457.0,0.0023913870839525,0.0689381974277072,0.0183291998048495,-0.0018715720675508,257.3642,256.4253,69.8754,82.3474,58.519,12.7341,108.3044,56.6667,93.3333,275.5363,257.3642,239.1921,-1655348073.0453,874608854.0
2023-03-20,276.98,277.48,269.85,272.23,43466649.0,272.0137,604272.0,0.0019977387725459,0.0563860940330369,0.0183807906459195,-0.0024653215190135,256.7814,255.4146,82.6841,91.4995,57.9771,12.3705,122.9194,60.0,96.6667,274.265,256.7814,239.2978,-1674521851.6206,840050150.0
2023-03-17,278.26,283.33,276.3201,279.43,69527371.0,279.3912,695574.0,0.0020692781091793,0.0587132521209874,0.018276470624475,-0.0024653215190135,256.3018,254.4401,94.4826,91.9805,61.5906,11.9826,199.1955,63.3333,100.0,273.1359,256.3018,239.4678,-1658172011.1711,883516799.0
2023-03-16,265.205,276.56,263.28,276.2,54832140.0,272.5174,689137.0,0.0032422730647406,0.09553856046286,0.0199125958182823,-0.0024653215190135,255.7904,252.9067,97.3317,78.8531,60.5236,11.3436,145.7963,0.0,100.0,270.9685,255.7904,240.6123,-1650335440.6312,813989428.0
2023-03-15,259.98,266.48,259.21,265.44,45990647.0,263.7382,609854.0,0.0025555450508673,0.0738477199282494,0.0189463928312406,-0.0024653215190135,254.9954,251.4881,84.1272,55.6698,56.6453,10.8258,68.4692,0.0,20.0,268.8232,254.9954,241.1677,-1702194753.7638,759157288.0
2023-03-14,256.75,261.07,255.86,260.79,33614078.0,259.1414,424540.0,0.0026616214828463,0.0772051534555138,0.0190402922176866,-0.0024653215190135,254.393,250.7064,55.1004,36.5031,54.7897,10.5291,24.7876,0.0,23.3333,268.3782,254.393,240.4077,-1735053840.9618,713129241.0
2023-03-13,247.4,257.91,245.73,253.92,33292721.0,253.747,444778.0,0.0010277080412266,0.0257943136967051,0.0189799211989021,-0.0030301073750234,253.7761,250.1884,27.7819,32.6729,51.8464,10.3647,-40.991,3.3333,26.6667,268.6373,253.7761,238.9148,-1765060436.4417,679508948.0
2023-03-10,251.08,252.79,247.6,248.59,28273930.0,249.6614,412570.0,0.0003345158566605,0.0049099164921928,0.0185976285586469,-0.0030301073750234,253.5653,250.1037,26.627,44.7692,49.3746,10.2819,-67.8568,0.0,30.0,268.7306,253.5653,238.4,-1776556891.9589,646169227.0
2023-03-09,255.82,259.56,251.58,252.32,26652187.0,255.2369,379554.0,0.0018510631366043,0.0513157270397068,0.0191498576106455,-0.0024653215190135,253.5252,250.3772,43.6099,61.8003,51.1508,10.3437,-16.6069,0.0,33.3333,268.775,253.5252,238.2755,-1759032438.1439,674503157.0
2023-03-08,254.04,254.5417,250.81,253.7,17281277.0,252.804,266009.0,0.0018354425067984,0.050820366112755,0.0191559883289858,-0.0024653215190135,253.1188,250.4148,64.0708,75.1068,51.8175,10.2646,-24.0486,3.3333,36.6667,269.3586,253.1188,236.8789,-1737322285.8256,701156544.0
2023-03-07,256.3,257.69,253.39,254.15,21473179.0,254.9132,331543.0,0.0018202604454161,0.0503409086024919,0.0191590205326995,-0.002592088280913,252.7138,250.3608,77.7203,73.4532,52.0313,10.33,-1.0118,6.6667,40.0,269.7131,252.7138,235.7145,-1746840190.9308,718496761.0
2023-03-06,256.425,260.12,255.98,256.87,24099799.0,257.791,304174.0,0.0025007051653391,0.0720113449151145,0.0190684966070072,-0.0020993029882859,252.3118,250.2724,83.5293,58.1831,53.3164,10.3046,24.8697,10.0,43.3333,269.9517,252.3118,234.6718,-1732957531.0192,739969940.0
2023-03-03,252.19,255.62,251.39,255.29,30760136.0,254.6492,326868.0,0.0034858552785088,0.1034992280822115,0.019975479750513,-0.0020993029882859,251.7423,249.9921,59.11,35.1196,52.6599,10.1835,0.0858,0.0,46.6667,270.1695,251.7423,233.315,-1719213752.3622,715860091.0
2023-03-02,246.55,251.4,245.61,251.11,24795896.0,248.8533,317083.0,0.0023825214076978,0.0675714430316194,0.020131630488519,-0.002592088280913,250.952,249.8003,31.9099,20.7512,50.8936,10.1872,-30.3169,3.3333,50.0,271.089,250.952,230.8151,-1745174434.5182,685099955.0
2023-03-01,250.76,250.93,245.79,246.27,27530059.0,247.4368,331723.0,0.0010977765354577,0.0272178139144387,0.0202181146417753,-0.0030301073750234,250.4274,249.8808,14.3389,16.7726,48.7535,10.318,-38.644,6.6667,53.3333,271.5733,250.4274,229.2816,-1767520426.8602,660266309.0
2023-02-28,249.07,251.49,248.73,249.42,22490950.0,249.7791,250572.0,0.0016748094373019,0.0452274168723123,0.020064552130712,-0.002592088280913,250.2121,250.2973,16.0046,16.6698,50.1279,10.4677,-19.7165,10.0,56.6667,271.7498,250.2121,228.6743,-1745103543.082,687831568.0
2023-02-27,252.46,252.82,249.39,250.16,21184867.0,250.4964,267766.0,0.001874037709442,0.0514931170503978,0.0200472267816709,-0.0020993029882859,249.8559,250.5275,19.9744,15.5028,50.4509,10.522,-9.8648,13.3333,60.0,271.9434,249.8559,227.7683,-1733858068.082,710322518.0
2023-02-24,249.96,251.0,248.1,249.22,24860205.0,249.4099,339809.0,0.0021356952964221,0.0597160366580542,0.0201213788975996,-0.0020993029882859,249.4515,250.723,14.0305,11.2635,50.0557,10.5555,-15.1546,16.6667,63.3333,272.1191,249.4515,226.7839,-1722181922.4901,689132476.0
2023-02-23,255.56,256.84,250.48,254.77,29219095.0,253.9406,366248.0,0.0038697786888843,0.1160728120289427,0.0202266032154817,-0.0006636874680319,248.988,250.9961,12.5035,10.0374,52.4427,10.641,17.2227,0.0,66.6667,272.4127,248.988,225.5634,-1716494337.2143,714123381.0
2023-02-22,254.09,254.34,250.34,251.51,22491056.0,252.2065,276380.0,0.0036916256035444,0.1101841842738369,0.0201691939127298,-0.0006636874680319,248.1135,250.9092,7.2564,16.043,51.1192,10.6512,9.7497,0.0,70.0,272.9037,248.1135,223.3234,-1726693455.2803,684904286.0
2023-02-21,254.48,255.49,251.59,252.67,28372844.0,253.0254,341324.0,0.0041692032995693,0.1261635210516074,0.0201370194400461,0.0018319513214432,247.2897,251.0388,10.3523,30.4883,51.6133,10.729,20.2977,0.0,73.3333,273.5051,247.2897,221.0742,-1717359667.0403,707395342.0
2023-02-17,259.39,260.09,256.0,258.06,29998205.0,257.6854,392723.0,0.0052582686430553,0.1637423862160809,0.019629583297385,0.003075786716382,246.3554,251.0981,30.5202,49.7195,53.9557,10.7698,49.8694,3.3333,76.6667,274.0485,246.3554,218.6623,-1704690038.1788,735792786.0
2023-02-16,264.02,266.74,261.9,262.15,29529391.0,264.1021,389910.0,0.0047904033741021,0.1471492650744041,0.0202777696184431,0.003075786716382,245.157,250.7935,50.5924,59.1823,55.8137,10.6696,83.1026,6.6667,80.0,274.2377,245.157,216.0763,-1704910087.4819,765792841.0
2023-02-15,268.32,270.73,266.18,269.32,28962163.0,268.4251,370701.0,0.0042197163001862,0.1269722013523666,0.0213655508893845,0.003075786716382,244.0472,250.1886,68.0458,58.48,59.2726,10.365,116.8381,10.0,83.3333,273.384,244.0472,214.7104,-1678364696.2753,795396457.0
2023-02-14,272.67,274.97,269.28,272.17,37047924.0,272.0367,471699.0,0.0044521232173445,0.1348928362938868,0.0212693633510239,0.003075786716382,243.0457,249.0524,58.9086,50.5135,60.3643,9.8964,144.5305,13.3333,86.6667,271.2555,243.0457,214.8359,-1689376683.5259,824358620.0
2023-02-13,267.64,274.6,267.15,271.32,44614921.0,271.4438,499425.0,0.0041831103327272,0.1257624164972404,0.0213352829842353,0.0018319513214432,241.9807,247.69,48.4857,51.9187,60.086,9.3226,155.5501,16.6667,90.0,268.5866,241.9807,215.3748,-1689962678.8088,787310696.0
2023-02-10,261.53,264.09,260.662,263.1,25808489.0,262.4025,334145.0,0.0040626721363282,0.1218181042936938,0.021191906410407,0.0018319513214432,240.9829,246.2916,44.1462,59.3937,57.2814,8.7368,122.5655,20.0,93.3333,265.8008,240.9829,216.165,-1695294426.4182,742679775.0
2023-02-09,273.8,273.98,262.8,263.62,42375102.0,267.304,472027.0,0.0037865934991749,0.1125084402430791,0.0213222804716043,0.0018319513214432,240.0423,245.3565,63.1242,70.2532,57.5286,8.3652,165.6111,23.3333,96.6667,264.0546,240.0423,216.03,-1706200252.5769,768498264.0
2023-02-08,273.2,276.76,266.21,266.73,54674349.0,270.3434,659530.0,0.0039281100712033,0.1172873120261384,0.0212331958037386,0.0018319513214432,239.1646,244.3216,70.9107,75.3215,59.0006,7.9047,213.4648,26.6667,100.0,262.0397,239.1646,216.2895,-1670041176.2728,810873366.0
2023-02-07,260.53,268.775,260.08,267.56,50841365.0,264.6898,618791.0,0.0041070835923207,0.1233049246399935,0.0211957795896652,0.0026429195238405,238.2428,243.0035,76.7247,79.7927,59.3927,7.3052,213.9583,30.0,100.0,259.2871,238.2428,217.1985,-1620745979.4965,865559415.0
2023-02-06,257.44,258.3,254.78,256.77,22517997.0,256.76,276674.0,0.0018553894483296,0.0504848013746264,0.0206288379937148,0.00145612949272,237.2759,241.538,78.3291,84.2724,55.6927,6.8682,166.1416,33.3333,93.3333,255.987,237.2759,218.5648,-1657378659.3959,814718050.0
2023-02-03,259.542,264.2,257.1,258.35,29059256.0,259.9308,408058.0,0.0024218058523195,0.0684449958643509,0.0206354792776847,0.0026429195238405,236.8697,240.7063,84.3242,84.0827,56.4204,6.6894,221.1747,36.6667,96.6667,254.6518,236.8697,219.0875,-1660321352.1856,837236047.0
2023-02-02,258.82,264.69,257.25,264.6,39931837.0,261.6241,533818.0,0.0033963069255937,0.1004366812227071,0.0200650516391395,0.0038502142159717,236.3248,239.7096,90.164,82.963,59.3875,6.4208,285.8479,40.0,100.0,252.7847,236.3248,219.8649,-1641482566.6082,866313303.0
2023-02-01,248.0,255.18,245.47,252.75,31259912.0,250.3172,386960.0,0.0012558962345637,0.0329396379091915,0.0186896083993863,0.0026429195238405,235.5297,238.2185,77.7599,80.8844,55.0555,6.1375,182.7255,43.3333,100.0,249.1387,235.5297,221.9208,-1680456702.713,826372866.0
2023-01-31,243.45,247.95,242.945,247.81,26541072.0,246.5374,256082.0,1.311862820220592e-05,-0.0048190835709407,0.0186457725464746,0.00145612949272,235.2644,237.4317,80.965,83.6257,53.0367,6.1113,120.244,46.6667,0.0,248.049,235.2644,222.4798,-1696070561.9509,795112954.0
2023-01-30,244.51,245.6,242.2,242.71,25867365.0,243.2164,308895.0,-0.0017512458238021,-0.0564108545214211,0.0190745739012246,-0.0001777946362997,235.3039,236.9271,83.9284,83.8817,50.8328,6.3133,76.6773,50.0,0.0,248.2122,235.3039,222.3956,-1721126818.7341,768571882.0
2023-01-27,248.99,249.83,246.83,248.16,26498939.0,248.3935,336282.0,-0.0009802686135367,-0.0340962167211582,0.0187059786270353,0.0009064199725784,235.7816,236.7351,85.9837,81.3649,53.4226,6.4608,124.6945,53.3333,0.0,250.2708,235.7816,221.2924,-1703019663.2341,794439247.0
2023-01-26,243.65,248.31,242.0,248.0,33454491.0,245.411,401891.0,-0.000419618827709,-0.0178606787849983,0.0189960982187965,0.0017173881749757,236.07,236.1587,81.733,79.6057,53.3552,6.5995,86.7918,56.6667,3.3333,251.5964,236.07,220.5436,-1700016450.1475,767940308.0
2023-01-25,234.48,243.3,230.9,240.61,66526641.0,237.4755,745426.0,-0.0004804305559128,-0.01959905468177,0.0188990068898265,0.0017173881749757,236.2185,235.5534,76.3779,71.7365,50.1313,6.7924,-9.0945,60.0,6.6667,252.1608,236.2185,220.2762,-1730183812.0793,734485817.0
2023-01-24,242.5,243.95,240.44,242.04,40218444.0,243.7867,512442.0,-0.0005502678648624,-0.0216653193209381,0.0189227907911391,0.0017173881749757,236.3768,235.4097,80.7061,61.1578,50.7879,6.8934,31.8807,63.3333,10.0,252.466,236.3768,220.2876,-1767846474.968,801012458.0
2023-01-23,241.1,245.165,239.65,242.58,31933951.0,242.7509,413335.0,-6.275785069638218e-05,-0.007324958055408,0.0190612272775644,0.0026429195238405,236.5533,235.1587,58.1254,50.7295,51.0319,6.9344,33.0574,66.6667,13.3333,252.8704,236.5533,220.2362,-1764293005.5549,841246902.0
2023-01-20,234.855,240.74,234.51,240.22,35249809.0,238.2032,364051.0,-0.0004922263023021,-0.0199902088772844,0.0189785893590492,0.0017173881749757,236.6122,234.8536,44.642,57.2003,50.0174,6.9768,-11.0194,70.0,16.6667,252.9853,236.6122,220.2391,-1766290686.9865,809312951.0
2023-01-19,233.78,235.52,230.68,231.93,28592433.0,232.5374,362262.0,-0.0023604696457983,-0.0730215827338131,0.0180558036606888,8.346404595604984e-05,236.7735,234.6882,49.4212,73.8914,46.2354,7.1673,-73.7093,73.3333,20.0,253.2636,236.7735,220.2834,-1795772726.9078,773923142.0
2023-01-18,241.565,242.38,235.52,235.81,30028692.0,237.875,377927.0,-0.0024420214332619,-0.0753274252999767,0.0181246685176387,8.346404595604984e-05,237.375,235.076,77.5378,89.3271,47.8743,7.2804,-25.2088,76.6667,23.3333,254.0121,237.375,220.7379,-1781934318.3913,802546175.0
2023-01-17,237.97,240.91,237.09,240.35,29831257.0,239.6706,370168.0,-0.0017691943387186,-0.0563037418037616,0.0178745543838228,0.0012316857289248,238.0074,235.2263,94.7152,92.6387,49.874,7.4963,-14.0547,80.0,26.6667,255.3432,238.0074,220.6716,-1754444495.3942,832574867.0
2023-01-13,237.002,239.37,234.92,239.23,21333265.0,237.4748,300118.0,-0.0019840418265596,-0.0623579211413343,0.0178344163609039,8.346404595604984e-05,238.4795,235.0778,95.7283,83.1352,49.3697,7.6629,-32.2882,83.3333,30.0,256.4799,238.4795,220.4791,-1775529415.2633,802743610.0
2023-01-12,235.26,239.9,233.56,238.51,27269486.0,237.813,400489.0,-3.054650890780275e-05,-0.0075729205675535,0.0211726334850419,8.346404595604984e-05,239.0033,234.9953,87.4726,64.6518,49.0512,7.8879,-39.6472,86.6667,33.3333,257.6204,239.0033,220.3862,-1795520362.4656,781410345.0
2023-01-11,231.29,235.95,231.11,235.77,28633081.0,233.9843,340052.0,-0.0006150949258221,-0.0247766379880871,0.0210847635021567,-0.0013822440593869,239.0632,234.9561,66.2046,41.3676,47.844,8.1207,-68.4255,90.0,36.6667,257.6472,239.0632,220.4792,-1810832565.9608,754140859.0
2023-01-10,227.755,231.31,227.33,228.85,27033881.0,228.7878,334659.0,-0.0023947815212253,-0.0753161743908842,0.0206543045349171,-0.0024117317022078,239.2604,235.1009,40.2782,23.6655,44.6418,8.3069,-120.4103,93.3333,40.0,257.7018,239.2604,220.819,-1837369467.3823,725471528.0
2023-01-09,226.45,231.2366,226.41,227.12,27369784.0,228.5989,363680.0,-0.0026608027734372,-0.0826399547620969,0.0205748825329228,-0.0024117317022078,239.8741,235.727,17.62,17.448,43.8081,8.3353,-140.1999,96.6667,43.3333,257.7284,239.8741,222.0197,-1830984580.915,698437647.0
2023-01-06,223.0,225.7601,219.35,224.93,43613574.0,223.3788,495762.0,-0.0026384518891536,-0.0820307717422358,0.0205886972329949,-0.0024117317022078,240.5476,236.5141,13.0983,26.7146,42.753,8.3621,-205.5876,100.0,46.6667,257.5052,240.5476,223.5901,-1811667068.3442,671067863.0
2023-01-05,227.2,227.55,221.7602,222.31,39577823.0,223.604,471302.0,-0.0026209131858735,-0.0815533980582519,0.0206011971426278,-0.0024117317022078,241.2094,237.5047,21.6256,45.4957,41.4824,8.1897,-231.2021,100.0,50.0,256.7324,241.2094,225.6864,-1843984834.8599,627454289.0
2023-01-04,232.275,232.87,225.96,229.1,50623394.0,228.5518,679231.0,-0.0015182946800828,-0.0502445900008289,0.0200022032986316,-0.0013822440593869,241.8592,238.7421,45.42,56.8678,43.9248,8.0816,-196.1628,100.0,53.3333,255.179,241.8592,228.5395,-1811917321.4752,667039912.0
2023-01-03,243.08,245.75,237.4,239.58,25740036.0,239.8394,314904.0,-0.0001236322123122,-0.0086891757696123,0.0184042529273681,-0.0013822440593869,242.2582,239.6022,69.4415,55.0455,48.1552,8.0956,-57.8441,80.0,56.6667,254.3462,242.2582,230.1702,-1807301874.5548,717663306.0
2022-12-30,238.21,239.96,236.66,239.82,21938472.0,238.6986,244268.0,-9.716860504037268e-05,-0.0079013775700166,0.0184035434559815,-0.0010636282092207,242.3274,239.8079,55.7418,40.0436,48.2581,8.2521,-86.5034,83.3333,60.0,254.3089,242.3274,230.3459,-1795002144.7776,743403342.0
2022-12-29,235.65,241.92,235.65,241.01,19770693.0,240.1837,224833.0,0.0001280301182558,-0.0011655387041372,0.0183842604907462,-0.0002851806036773,242.3903,240.0115,39.9532,31.9896,48.7574,8.4489,-79.7999,86.6667,63.3333,254.2756,242.3903,230.5049,-1815079170.6685,765341814.0
2022-12-28,236.89,239.72,234.17,234.53,17457104.0,236.25,215793.0,-0.0007350017850535,-0.0263310039428663,0.0176666705173556,-0.0002851806036773,242.3995,240.148,24.4359,30.507,45.8058,8.6525,-130.8083,90.0,66.6667,254.2717,242.3995,230.5273,-1829111002.2235,745571121.0
2022-12-27,238.7,238.93,235.83,236.96,16688648.0,237.264,226696.0,-0.0011431753126713,-0.0383773148662119,0.0180198320599869,-0.0002851806036773,242.6083,240.7353,31.5797,31.1531,46.7826,8.7818,-121.2155,93.3333,70.0,253.923,242.6083,231.2937,-1813918603.6073,763028225.0
2022-12-23,236.11,238.87,233.9428,238.73,21206982.0,237.2671,258172.0,-0.0003294580666668,-0.0147272992331317,0.0182677461051565,0.0004804181550346,242.9196,241.1975,35.5054,27.1793,47.4958,8.9715,-132.9426,96.6667,73.3333,253.778,242.9196,232.0613,-1809396518.3428,779716873.0
2022-12-22,241.255,241.99,233.87,238.19,28651664.0,237.1404,349537.0,0.0023372403575264,0.0639171608487529,0.023532661221402,0.0004804181550346,243.0371,241.5711,26.3741,18.3077,47.2586,9.1655,-123.618,0.0,76.6667,253.6577,243.0371,232.4166,-1829398362.5444,758509891.0
2022-12-21,241.69,245.615,240.11,244.43,23690607.0,244.0321,249789.0,0.0025531958728568,0.0709904978848239,0.0233045696978824,0.0004804181550346,242.566,242.0073,19.6583,13.6538,49.7694,9.3663,-29.1849,3.3333,80.0,255.5236,242.566,229.6084,-1831233198.17,787161555.0
2022-12-20,239.4,242.91,238.42,241.8,25115802.0,241.363,255790.0,0.0023369195214397,0.0641163686045207,0.0232563771470198,0.0004804181550346,242.0326,242.0485,8.8906,18.0155,48.658,9.5996,-50.4306,0.0,83.3333,256.3796,242.0326,227.6856,-1844724579.2681,763470948.0
2022-12-19,244.86,245.21,238.71,240.45,29696436.0,240.6751,333301.0,0.003125424249563,0.0891476547651757,0.0237499107808835,0.0004804181550346,241.553,242.2717,12.4123,32.8551,48.0882,9.9298,-34.5423,0.0,86.6667,257.2016,241.553,225.9044,-1857440018.1412,738320146.0
2022-12-16,248.55,249.84,243.51,244.69,86101994.0,245.2971,388901.0,0.0048138776493266,0.1452897393018941,0.0240346451002957,0.0012316857289248,240.9051,242.6022,32.7437,54.8718,49.7652,10.2619,25.0204,3.3333,90.0,258.6447,240.9051,223.1654,-1843642597.1073,768016582.0
2022-12-15,253.72,254.2,247.34,249.01,35568093.0,249.5733,380775.0,0.0045062067509881,0.1345319356968224,0.0243730774840213,0.0012316857289248,239.8831,242.6667,53.4093,65.643,51.5354,10.4463,68.4694,6.6667,93.3333,260.6101,239.8831,219.1561,-1789641820.4596,854118576.0
2022-12-14,257.13,262.588,254.31,257.22,35376633.0,258.7836,458426.0,0.0043912013051493,0.1304885578109198,0.0245521583201007,0.0012316857289248,238.9111,242.4415,78.4623,66.1607,55.1385,10.504,136.6901,10.0,96.6667,261.096,238.9111,216.7261,-1771391137.171,889686669.0
2022-12-13,261.69,263.915,253.07,256.92,42192634.0,258.0996,486403.0,0.0037836318044174,0.1099070793044887,0.024848150565347,0.0005444252291252,237.9336,241.6414,65.0572,48.9773,55.0274,10.3041,142.2436,13.3333,100.0,259.9491,237.9336,215.9181,-1760876511.2573,854275736.0
2022-12-12,247.445,252.54,247.17,252.51,30665069.0,250.9043,325566.0,0.0026729369099072,0.0735588448826949,0.0249562688096543,-0.0002851806036773,237.0961,240.8067,54.9624,36.7808,53.3876,10.0974,89.2552,16.6667,76.6667,258.5462,237.0961,215.6459,-1748639609.4426,812078852.0
2022-12-09,244.695,248.31,244.16,245.42,20609743.0,246.2204,238476.0,0.0030506454461306,0.0853820514938465,0.0254314146797228,-0.0002851806036773,236.5265,240.2147,26.9121,31.2215,50.5875,10.224,54.2009,20.0,80.0,257.5437,236.5265,215.5092,-1778962051.9733,781413783.0
2022-12-08,244.84,248.74,243.06,247.4,22611757.0,246.7518,248284.0,0.0026588805033722,0.0725226959488567,0.0256879117594195,-0.0002851806036773,235.8909,240.0649,28.4679,43.7123,51.4214,10.4979,60.0186,23.3333,83.3333,257.3101,235.8909,214.4717,-1770867140.8673,802023526.0
2022-12-07,244.83,246.16,242.205,244.37,20479222.0,244.4617,226749.0,-0.0003263040974076,-0.0223512867328395,0.0293282084315614,-0.0010636282092207,235.3401,239.7698,38.2846,62.3141,50.2072,10.7812,46.5129,26.6667,86.6667,256.7113,235.3401,213.969,-1782809970.2687,779411769.0
2022-12-06,250.82,251.86,243.78,245.12,22463727.0,246.1697,274238.0,0.0002354103907699,-0.005825940305508,0.0294316696166882,-0.0002851806036773,235.5241,239.6608,64.3844,81.193,50.5093,11.1444,65.2314,30.0,90.0,257.1919,235.5241,213.8562,-1784751960.3446,799893291.0
2022-12-05,252.01,253.819,248.06,250.2,23435294.0,250.6795,276722.0,0.0016184636485877,0.0362788145687189,0.0294088745925593,0.0005444252291252,235.5714,239.4932,84.2732,83.1888,52.5806,11.4839,95.0336,33.3333,93.3333,257.3024,235.5714,213.8403,-1769739073.4881,822357018.0
2022-12-02,249.82,256.06,249.69,255.02,21528520.0,253.1141,278398.0,0.0030911643293285,0.0829446771660475,0.0294506698825255,0.0015172316219589,235.283,238.968,94.9213,69.7912,54.6356,11.6866,124.1263,36.6667,96.6667,256.62,235.283,213.9459,-1763720528.6321,845792312.0
2022-12-01,253.87,256.12,250.9156,254.69,26028524.0,254.3605,352798.0,0.0030014590076582,0.0800340713985066,0.0294600992450547,0.0007659640480687,234.64,238.0782,70.3718,51.5772,54.518,11.8385,137.1625,40.0,100.0,255.0828,234.64,214.1971,-1778219327.8157,824263792.0
2022-11-30,240.57,255.33,239.86,255.14,47594239.0,250.4124,448911.0,0.002777930203615,0.0727787131214625,0.0295207851109534,0.0007659640480687,234.0186,237.1496,44.0804,49.6817,54.705,11.9524,116.8944,43.3333,100.0,253.4782,234.0186,214.5591,-1789950122.6942,850305316.0
2022-11-29,241.4,242.79,238.21,240.33,17956313.0,240.2757,222057.0,0.0008599333305842,0.01463420082413,0.0274304170038529,0.0007659640480687,233.4488,236.1263,40.2794,65.7958,49.1566,12.0933,37.2736,46.6667,20.0,251.7361,233.4488,215.1614,-1836375272.4363,802711077.0
2022-11-28,246.08,246.65,240.8,241.76,24810271.0,242.5337,273059.0,0.0023652889728424,0.0607284056338672,0.0282444208821864,0.0017785888407346,233.3347,236.0412,64.6852,79.116,49.7251,12.3786,63.2728,50.0,23.3333,251.5656,233.3347,215.1038,-1835042271.0346,820667390.0
2022-11-25,247.31,248.7,246.73,247.49,9200772.0,247.6767,126714.0,0.0023287495303185,0.0595380942704895,0.0282780981984689,0.0017785888407346,232.879,235.8528,92.4228,78.5171,52.0572,12.7599,108.8177,53.3333,26.6667,251.2264,232.879,214.5316,-1818374858.2089,845477661.0
2022-11-23,245.105,248.28,244.27,247.58,19508462.0,246.8767,229081.0,0.0035944659398024,0.0997849673397548,0.0289705823897766,0.002629624812556,232.4211,235.2611,80.24,62.6227,52.0943,13.0379,107.2759,56.6667,30.0,250.2713,232.4211,214.571,-1816273159.0211,854678433.0
2022-11-22,243.59,245.31,240.71,245.03,19665699.0,243.6504,216514.0,0.0032978483927024,0.0900992994296305,0.0289448571028331,0.0017785888407346,231.6816,234.6225,62.8886,51.4675,51.1407,13.3392,85.801,60.0,33.3333,249.3021,231.6816,214.0611,-1828970686.657,835169971.0
2022-11-21,241.43,244.67,241.19,242.05,26393200.0,242.283,270839.0,0.0023291224421908,0.0588043628261041,0.0291128097906086,0.0016235664901376,231.0149,234.1136,44.7394,49.7832,50.0167,13.7483,81.7869,63.3333,36.6667,248.5363,231.0149,213.4935,-1846242300.5614,815504272.0
2022-11-18,243.51,243.74,239.03,241.22,27613523.0,240.7679,265827.0,0.0015043297907569,0.0326953779947778,0.0294185319423703,0.0006507600973039,230.5723,233.7725,46.7745,57.5791,49.7052,14.1926,75.5364,66.6667,40.0,247.9285,230.5723,213.2161,-1832893256.8832,789109572.0
2022-11-17,237.78,243.25,237.63,241.68,23123544.0,241.2058,267476.0,-0.0001273238305299,-0.0179510541464174,0.0308832773270501,0.0006507600973039,230.3209,233.4644,57.8356,69.1034,49.8717,14.6819,75.01,70.0,43.3333,247.4425,230.3209,213.1993,-1830958551.4501,816723095.0
2022-11-16,242.79,243.8,240.42,241.73,24093272.0,242.0599,270175.0,-0.000442793986721,-0.0272471910112354,0.0309307793477576,5.644784614106113e-05,230.4663,233.1038,68.1271,79.6377,49.8893,15.1725,81.4654,73.3333,46.6667,247.9405,230.4663,212.9922,-1841162535.2793,839846639.0
2022-11-15,245.66,247.0,240.03,241.97,31380517.0,243.3448,377449.0,-0.0004605488878825,-0.0277643844423013,0.0309296291298492,-5.485332068450033e-05,230.6892,232.7149,81.3475,85.4115,49.7391,15.6244,80.8102,76.6667,50.0,248.7411,230.6892,212.6374,-1835745113.1728,815753367.0
2022-11-14,241.985,243.91,239.21,241.55,31123340.0,242.0967,351680.0,0.0006085724884373,0.0033646257373105,0.0315355708958527,-5.485332068450033e-05,230.9161,232.329,89.4386,85.449,49.5998,16.092,64.2501,80.0,53.3333,249.5082,230.9161,212.3239,-1821828978.0895,784363250.0
2022-11-11,242.99,247.99,241.93,247.11,34620246.0,245.5838,368001.0,0.002480659730799,0.0610133104336627,0.0317742967520733,0.0013970613725472,230.8895,231.945,85.4483,79.0,51.424,16.6275,103.5583,83.3333,56.6667,249.4439,230.8895,212.3351,-1821696538.3449,815486590.0
2022-11-10,235.43,243.33,235.0,242.98,46268021.0,239.8423,490190.0,0.0012684695714761,0.023073684210527,0.0318908272245724,-5.485332068450033e-05,230.423,231.157,81.4602,71.0883,50.1064,17.1401,61.8203,86.6667,60.0,248.3931,230.423,212.4529,-1846262059.434,780866344.0
2022-11-09,227.37,228.6327,224.33,224.51,27851835.0,225.9814,275026.0,-0.0019674313307473,-0.0686937404073501,0.0282218392807412,-0.0049325342621197,230.2431,230.5951,70.0914,55.223,43.4784,17.6556,-79.3391,90.0,63.3333,247.9602,230.2431,212.526,-1888642011.4424,734598323.0
2022-11-08,228.7,231.65,225.84,228.87,28192548.0,229.2191,328460.0,-0.0006753768670292,-0.0318937439194615,0.0282973750083138,-5.485332068450033e-05,230.7867,231.2489,61.7134,35.9961,44.8376,17.6962,-55.4506,93.3333,66.6667,248.3502,230.7867,213.2233,-1863119509.6977,762451233.0
2022-11-07,221.99,228.41,221.28,227.87,33497979.0,225.8583,346832.0,-0.0009676547521838,-0.0403453358601805,0.0282888440493368,-0.0028876681466449,231.0343,231.6517,33.8642,17.7189,44.4526,17.7787,-88.7916,96.6667,70.0,248.4966,231.0343,213.572,-1864332614.1727,734258685.0
2022-11-04,217.55,221.59,213.431,221.39,36789063.0,218.3495,410751.0,-0.0020091570402229,-0.0694771351714858,0.0277260060315162,-0.0031776616901473,231.3488,232.1503,12.4107,11.3853,41.9131,17.7444,-169.7386,100.0,73.3333,248.6627,231.3488,214.0348,-1892756565.4981,700760706.0
2022-11-03,220.09,220.41,213.98,214.25,36633922.0,216.6521,461770.0,-0.0035432804896577,-0.1109220682214288,0.0269920043731161,-0.006424735561674,231.8914,233.1233,6.8818,16.6009,38.9398,17.4419,-222.5272,100.0,76.6667,248.5095,231.8914,215.2734,-1927742022.0267,663971643.0
2022-11-02,229.46,231.3,220.04,220.1,38400237.0,224.7701,463714.0,-0.0023741361911107,-0.0788867964009205,0.0267272257407253,-0.0031776616901473,232.769,234.6484,14.8634,21.9651,40.5852,17.0807,-162.6042,53.3333,80.0,247.5638,232.769,217.9741,-1894184665.7934,700605565.0
2022-11-01,234.6,235.74,227.325,228.17,30582271.0,229.2736,355473.0,-0.0016763895406556,-0.0588987420086616,0.0261231703821832,-0.0031776616901473,233.3878,235.8814,28.0575,22.5429,43.0085,16.8512,-92.1247,56.6667,83.3333,246.9565,233.3878,219.8191,-1856186968.7135,739012573.0
2022-10-31,233.76,234.92,231.15,232.13,28357265.0,232.713,310749.0,-0.0013899281680496,-0.050670701783085,0.0259997402680984,-0.0031776616901473,233.8566,236.6512,22.9744,25.1434,44.2622,16.8034,-66.9811,60.0,86.6667,247.1641,233.8566,220.5491,-1831738600.0296,769604844.0
2022-10-28,226.24,236.6,226.05,235.87,40647724.0,233.1644,453458.0,-0.0008913522067879,-0.0362425431069703,0.0258605915039056,-0.001685460390593,234.2633,237.2052,16.5968,39.6389,45.4723,16.8612,-69.9663,63.3333,90.0,247.6513,234.2633,220.8754,-1818124104.1012,797962109.0
2022-10-27,231.04,233.69,225.78,226.75,40424645.0,227.6391,502651.0,-0.0023189757632461,-0.0759230581139456,0.0247081127708976,-0.0022918267306796,234.5545,237.5433,35.859,64.6179,41.7161,16.921,-131.2588,66.6667,0.0,248.1378,234.5545,220.9713,-1853146645.4434,757314385.0
2022-10-26,231.17,238.3,230.06,231.32,82684846.0,233.5731,979052.0,-0.0025644090883894,-0.0828641662041075,0.0249157995590723,-0.0022918267306796,235.1662,238.5242,66.4609,77.8833,43.1562,16.8726,-78.6218,70.0,0.0,248.3163,235.1662,222.016,-1822636515.1463,797739030.0
2022-10-25,247.26,251.04,245.83,250.66,34775505.0,247.9143,431898.0,3.78923109748038e-05,-0.0052779872217147,0.020711423655586,-0.001685460390593,235.8523,239.2624,91.5337,78.0941,50.2525,16.9383,127.5751,73.3333,0.0,249.5351,235.8523,222.1695,-1765238782.2434,880423876.0
2022-10-24,243.76,247.84,241.295,247.25,24781432.0,245.3763,321981.0,-0.0022544458539926,-0.0727545471591972,0.0227661126801859,-0.0022918267306796,235.8959,238.7378,75.6553,69.6007,48.8181,17.5094,73.1788,76.6667,0.0,249.7266,235.8959,222.0653,-1794941468.8557,845648371.0
2022-10-21,234.74,243.0,234.5,242.12,26299733.0,239.3394,290614.0,-0.0026846730291337,-0.0844740225364892,0.0224386415883653,-0.0022918267306796,236.5328,238.4087,67.0933,71.1438,46.578,17.9796,-5.5844,80.0,3.3333,253.1802,236.5328,219.8855,-1815361431.0222,820737159.0
2022-10-20,235.77,241.31,234.87,236.15,21811015.0,237.1951,255775.0,-0.0027614595737176,-0.086531022744855,0.0223465639617132,-0.0022918267306796,237.2662,238.4054,66.0536,73.5531,43.8114,18.2739,-35.6252,83.3333,6.6667,255.9965,237.2662,218.536,-1836215572.2481,794437426.0
2022-10-19,237.04,239.61,234.29,236.48,19985698.0,236.6482,232870.0,-0.0026594078296792,-0.0837304816149401,0.0223595560548618,-0.0022918267306796,238.0006,238.8073,80.2844,75.1967,43.933,18.5087,-44.9817,86.6667,10.0,257.6434,238.0006,218.3578,-1823074774.391,816248441.0
2022-10-18,243.24,243.93,235.37,238.5,26329591.0,239.04,325506.0,-0.0017400361120435,-0.0582428430404734,0.0226666798953064,-0.0014371835331995,238.7101,239.2145,74.3214,62.5408,44.6664,18.6814,-27.2127,90.0,13.3333,259.0887,238.7101,218.3314,-1819543466.8496,836234139.0
2022-10-17,235.82,238.96,235.135,237.53,28142268.0,237.102,305966.0,-0.0022419589507828,-0.0723658517534955,0.022698857240576,-0.0022918267306796,239.1943,239.5125,70.9844,46.6326,44.2342,18.8939,-46.618,93.3333,16.6667,259.8752,239.1943,218.5134,-1812468927.2117,809904548.0
2022-10-14,235.54,237.24,228.34,228.56,30198588.0,230.805,342373.0,-0.0041057049158588,-0.1222734254992317,0.0214785027863061,-0.0034940344867315,239.8026,239.897,42.3166,25.4448,40.0491,18.9076,-94.7405,96.6667,20.0,260.8986,239.8026,218.7066,-1819568871.949,781762280.0
2022-10-13,219.85,236.1,219.13,234.24,42551818.0,230.3739,489794.0,-0.0034338253757527,-0.1041419665736029,0.0211506519904234,-0.0033502236019307,240.8479,240.9173,26.5968,13.7418,41.9774,18.8477,-111.2223,100.0,23.3333,262.0342,240.8479,219.6616,-1790863247.8501,811960868.0
2022-10-12,225.4,227.86,223.96,225.75,21903937.0,225.9151,260518.0,-0.0048775602467474,-0.1415370574590256,0.019730430010239,-0.0042360585613984,241.7418,241.6222,7.4209,15.485,37.6388,18.737,-146.0457,100.0,26.6667,263.3974,241.7418,220.0863,-1824087266.0293,769409050.0
2022-10-11,227.62,229.06,224.11,225.41,30473954.0,226.3341,349682.0,-0.0052118692108311,-0.150133846095841,0.0197043456614723,-0.0050419710770562,242.9637,242.9523,7.2077,32.6983,37.4578,18.2467,-153.8927,100.0,30.0,264.2346,242.9637,221.6928,-1822290019.9164,747505113.0
2022-10-10,233.05,234.559,226.73,229.25,29743608.0,229.7802,379327.0,-0.0050091287643546,-0.1448767205043083,0.0196156733964544,-0.0050419710770562,244.271,244.3973,31.8265,59.4782,38.6839,17.7431,-134.0812,100.0,0.0,265.0424,244.271,223.4996,-1807822587.2094,777979067.0
2022-10-07,240.902,241.32,233.17,234.24,37737102.0,235.5773,434172.0,-0.0055852659914612,-0.1599784830554063,0.0203267230757946,-0.0050419710770562,245.5461,245.6811,59.0608,78.5706,40.3426,17.2853,-95.6205,83.3333,3.3333,266.3175,245.5461,224.7747,-1797226735.541,807722675.0
2022-10-06,247.93,250.34,246.08,246.79,20239886.0,247.8246,248352.0,-0.0035203209722836,-0.1051524710830704,0.0187051074824904,-0.0042360585613984,247.0106,246.7145,87.5472,78.5296,45.0379,16.9768,-22.4638,86.6667,6.6667,269.511,247.0106,224.5101,-1769374550.5078,845492277.0
2022-10-05,245.99,250.58,244.1,249.2,20316136.0,247.5403,240366.0,-0.0032763335371426,-0.0985385617132107,0.0186709951841165,-0.0033502236019307,247.9626,246.9668,89.1039,63.1499,46.0324,17.0525,-25.4449,90.0,10.0,272.0728,247.9626,223.8525,-1755881293.1745,865732163.0
2022-10-04,245.09,250.36,244.975,248.88,34888416.0,248.3777,363475.0,-0.0034764079322388,-0.1039423942394237,0.0186531876100834,-0.0042360585613984,248.8569,247.0727,58.9379,45.7795,45.879,17.1309,-28.9054,93.3333,0.0,274.4684,248.8569,223.2453,-1767562056.4338,845385027.0
2022-10-03,235.41,241.61,234.66,240.74,28855357.0,238.9979,310569.0,-0.0055819960988976,-0.1586929931853924,0.0178740917938657,-0.0045481705466819,249.8047,247.2077,41.4078,39.8803,41.8122,17.2412,-83.4608,96.6667,0.0,276.8561,249.8047,222.7532,-1783273181.5591,810496611.0
2022-09-30,238.29,240.54,232.73,232.9,35692780.0,235.717,349460.0,-0.0071658782251366,-0.1973670606885621,0.0163681883452775,-0.005210272177539,251.2954,247.9049,36.9928,37.4959,37.4351,16.938,-107.6005,100.0,0.0,280.2444,251.2954,222.3464,-1804923060.6915,781616254.0
2022-09-29,238.89,239.95,234.41,237.5,27467433.0,236.4609,324999.0,-0.0066518491596127,-0.1847452972676097,0.0162183604861623,-0.0045481705466819,253.1755,249.1827,41.2404,31.2096,39.1034,16.5691,-103.8552,100.0,0.0,283.4809,253.1755,222.8702,-1770782165.0398,817311086.0
2022-09-28,236.81,242.33,234.73,241.07,28969679.0,239.2601,321343.0,-0.0062459029382117,-0.1746675694501098,0.0161614196283475,-0.0042360585613984,254.9424,250.2361,34.2546,25.6498,40.4561,16.2366,-98.5048,96.6667,0.0,286.6945,254.9424,223.1904,-1773957238.8881,844795319.0
2022-09-27,239.98,241.8,234.5,236.41,27018732.0,237.0677,313534.0,-0.0069892769598867,-0.1927176947221469,0.0154474879049604,-0.0042360585613984,256.6173,251.1198,18.1338,20.4567,37.7385,15.9019,-111.6481,100.0,0.0,289.7664,256.6173,223.4682,-1793361287.4829,815765640.0
2022-09-26,237.045,241.45,236.9,237.45,27435190.0,238.5748,298277.0,-0.0066651442146296,-0.1848331626066207,0.0156001048225837,-0.0040198983817562,258.4701,252.3808,24.5612,20.3516,38.1138,15.5302,-113.3542,96.6667,3.3333,292.3012,258.4701,224.639,-1780481124.8308,842784372.0
2022-09-23,239.54,241.13,235.2,237.92,34126048.0,238.2822,402915.0,-0.0060313910745274,-0.1693040492714324,0.0161541056884459,-0.0040198983817562,260.2376,253.6583,18.6752,16.4348,38.2801,15.2122,-122.0182,100.0,6.6667,294.2806,260.2376,226.1946,-1759482233.5121,870478562.0
2022-09-22,237.8704,243.86,237.57,240.98,31058162.0,240.7113,368591.0,-0.0058548110001035,-0.1648469214126731,0.0161091567889478,-0.0040198983817562,261.8295,254.9919,17.8185,15.6073,39.3609,14.8686,-116.7299,100.0,10.0,295.3382,261.8295,228.3208,-1756658243.0366,904654610.0
2022-09-21,244.27,247.66,238.9,238.95,28625557.0,242.6906,356095.0,-0.0053279813832527,-0.1517586118693423,0.0168129178094054,-0.0040198983817562,263.391,256.2096,12.8107,13.5703,38.2427,14.5775,-118.5938,100.0,13.3333,296.5527,263.391,230.2294,-1759264182.4261,873727518.0
2022-09-20,242.065,243.51,239.64,242.45,26660299.0,241.8909,322476.0,-0.0046113373051534,-0.1332548775585793,0.0168675315869688,-0.0032890695453363,264.7945,257.6492,16.1927,12.6075,39.4553,14.3127,-127.4605,100.0,16.6667,296.625,264.7945,232.9639,-1730965401.1909,902353075.0
2022-09-19,242.465,245.14,240.85,244.52,26826931.0,243.2548,327277.0,-0.0046343136288838,-0.1338574168903181,0.0168732345223043,-0.0032890695453363,266.0182,258.9503,11.7076,9.6259,40.1838,13.8567,-130.5238,100.0,20.0,296.5508,266.0182,235.4856,-1743021091.9532,929013374.0
2022-09-16,244.26,245.3,242.0627,244.74,39758168.0,243.9454,363897.0,-0.0046913114889251,-0.1353397976336737,0.0168634052759431,-0.0032890695453363,267.2588,260.2006,9.9224,18.0324,40.2602,13.4158,-140.379,100.0,23.3333,296.5965,267.2588,237.9211,-1762093851.7551,955840305.0
2022-09-15,249.77,251.4,244.02,245.38,31530948.0,246.6039,437477.0,-0.0044651236789552,-0.129457186684335,0.0169351838904027,-0.0032890695453363,268.5164,261.5222,7.2478,36.0105,40.4765,12.9902,-139.445,100.0,26.6667,296.4513,268.5164,240.5815,-1788118968.4839,995632073.0
2022-09-14,253.53,254.23,249.86,252.22,23912954.0,252.032,303097.0,-0.0026332708897757,-0.080282418800495,0.0173527378063159,-0.0026197194686514,269.7143,262.8914,36.9269,60.3117,42.8554,12.5991,-125.3781,100.0,30.0,295.9731,269.7143,243.4555,-1768209182.8905,1027163021.0
2022-09-13,258.84,260.4,251.59,251.99,33353318.0,254.603,431420.0,-0.0030461756240338,-0.0916647021000646,0.0174107266852016,-0.0032890695453363,270.4371,263.8905,63.8568,68.6864,42.746,12.3477,-123.9912,100.0,33.3333,295.4753,270.4371,245.3989,-1770124408.0392,1003250067.0
2022-09-12,265.78,267.45,265.16,266.65,18747690.0,266.392,230393.0,-0.0015377044210957,-0.0481673568993251,0.014575521960427,-0.0032890695453363,271.2719,264.9741,80.1515,58.5766,48.4613,12.1349,-60.129,86.6667,36.6667,294.9171,271.2719,247.6267,-1739799768.1777,1036603385.0
2022-09-09,260.5,265.23,260.29,264.46,22093190.0,263.845,279508.0,-0.0012915674331137,-0.0411966449475784,0.0147998738074977,-0.0032890695453363,271.7149,265.1366,62.051,38.6898,47.4466,12.333,-85.9272,90.0,40.0,295.1923,271.7149,248.2376,-1745448635.4702,1017855695.0
2022-09-08,257.51,260.43,254.79,258.52,20319911.0,257.6878,256506.0,-0.0011061123941616,-0.0359820138366528,0.0151339061178532,-0.0032890695453363,272.088,265.4592,33.5274,22.556,44.5862,12.4495,-130.6562,93.3333,43.3333,295.1907,272.088,248.9852,-1760654474.7415,995762505.0
2022-09-07,254.7,258.83,253.22,258.09,24126700.0,256.7283,259248.0,0.00106674893561,0.0267537850602623,0.0194422422027593,-0.0032890695453363,272.4047,266.2074,20.491,15.4278,44.3743,12.3706,-145.5573,0.0,46.6667,294.7897,272.4047,250.0198,-1767211609.1422,975442594.0
2022-09-06,256.2,257.83,251.94,253.25,21328242.0,254.1903,295717.0,-0.0004627804141785,-0.0194761899454507,0.0197647417784711,-0.0040198983817562,272.184,267.0365,13.6495,12.583,41.9598,12.2201,-159.7105,3.3333,50.0,295.3985,272.184,248.9694,-1784973333.0281,951315894.0
2022-09-02,261.695,264.74,254.47,256.06,22855380.0,258.8321,308514.0,-0.0002928633558714,-0.0144224991486666,0.0196954368364819,-0.0040198983817562,272.3491,268.2515,12.143,10.7246,43.0075,12.0217,-133.5601,6.6667,53.3333,294.9766,272.3491,249.7216,-1773156991.495,972599763.0
2022-09-01,258.87,260.89,255.41,260.4,23263431.0,258.2566,332384.0,-0.000301170258152,-0.014672274958517,0.0197023923542832,-0.0040198983817562,272.4721,269.3594,11.9566,8.9954,44.6728,11.8919,-132.2117,10.0,56.6667,294.6964,272.4721,250.2478,-1757378545.127,995455143.0
2022-08-31,265.39,267.11,261.33,261.47,24791834.0,262.8825,273069.0,0.0001618733989114,-0.0009285395931227,0.0197709703656669,-0.0032890695453363,272.5994,270.2489,8.0741,9.2903,45.0889,11.5945,-101.3277,13.3333,60.0,294.4967,272.5994,250.7021,-1776481727.5175,1018718574.0
2022-08-30,266.67,267.05,260.66,262.97,22767071.0,262.964,273161.0,0.000703927366967,0.0154111828562986,0.0198255593388215,-0.0026197194686514,272.6074,271.1272,6.9554,10.3993,45.6653,11.464,-98.1051,16.6667,63.3333,294.4829,272.6074,250.7319,-1752890882.0157,1043510408.0
2022-08-29,265.85,267.4,263.85,265.23,20320044.0,265.6183,268266.0,0.0016801896348023,0.0454059945636529,0.020066904128812,-0.0025992757292523,272.4764,271.964,12.8414,12.4405,46.5317,11.3266,-79.6917,20.0,66.6667,294.7205,272.4764,250.2322,-1746584510.2364,1066277479.0
2022-08-26,279.08,280.34,267.98,268.09,27549307.0,271.1515,333187.0,0.0017150790300593,0.0465120009942174,0.0200463038057157,-0.0025992757292523,272.0982,272.7052,11.401,9.6172,47.6373,11.2825,-27.7234,23.3333,70.0,295.4531,272.0982,248.7432,-1742106796.6899,1086398850.0
2022-08-25,277.33,279.02,274.52,278.85,16583407.0,276.986,207794.0,0.0033476617695011,0.0998247040267681,0.0186428438952057,-0.0024705132506148,271.707,273.3031,13.0791,7.6441,52.143,11.3694,12.2033,0.0,73.3333,295.9647,271.707,247.4493,-1715047849.5233,1113948157.0
2022-08-24,275.41,277.23,275.11,275.79,18137019.0,276.0336,225085.0,0.0031571968079342,0.093609324046072,0.0185918346008104,-0.0024705132506148,270.8761,273.2115,4.3713,10.3727,50.8654,11.6865,7.927,3.3333,76.6667,296.3531,270.8761,245.3991,-1730378287.9944,1097364750.0
2022-08-23,276.44,278.86,275.4,276.44,17527409.0,276.841,216859.0,0.0031107401717612,0.0920815694856684,0.0186072759120734,-0.0025992757292523,270.1011,273.3213,5.4819,23.5065,51.1458,11.9458,16.7266,6.6667,80.0,296.8247,270.1011,243.3776,-1723876337.7868,1115501769.0
2022-08-22,282.08,282.46,277.22,277.75,25061070.0,278.8803,291816.0,0.0019019079808411,0.052289591058487,0.0201874037657174,-0.0025992757292523,269.3359,273.3946,21.265,44.4317,51.701,12.2243,31.3898,10.0,83.3333,297.0643,269.3359,241.6075,-1716885637.0874,1133029178.0
2022-08-19,288.9,289.25,285.56,286.15,20570033.0,286.8317,242758.0,0.002488127031982,0.0713554396595188,0.0195153820852109,-0.0025992757292523,268.8828,273.384,43.7726,64.8261,55.4306,12.575,74.496,13.3333,86.6667,296.7648,268.8828,241.0008,-1696894172.8508,1158090248.0
2022-08-18,290.189,291.91,289.08,290.17,17032192.0,290.5375,220664.0,0.0028580226552904,0.0834111494767746,0.0193061719275496,-0.0025992757292523,268.2571,272.8021,68.2576,80.963,57.3443,12.7707,97.4219,16.6667,90.0,295.7899,268.2571,240.7244,-1682902090.783,1178660281.0
2022-08-17,289.74,293.35,289.47,291.32,18203358.0,291.3739,243421.0,0.0032638272259211,0.0966530182938283,0.0192867947932107,0.0007938661234371,267.5237,271.907,82.4483,87.6445,57.897,12.8304,110.7327,20.0,93.3333,294.3124,267.5237,240.7351,-1678954732.1964,1195846473.0
2022-08-16,291.99,294.04,290.42,292.71,18102882.0,292.4112,238194.0,0.003777612094666,0.1136009130682909,0.0193281866836816,0.004760773841674,266.6808,270.8721,92.1832,89.4799,58.2597,12.8762,122.9991,23.3333,96.6667,292.5517,266.6808,240.81,-1678107926.9284,1214099831.0
2022-08-15,291.0,294.18,290.11,293.47,18053154.0,292.4294,220400.0,0.0042838445960694,0.130557053702135,0.0193536556310133,0.005362781368704,265.7027,269.7136,88.3021,83.75,58.61,12.9103,136.1398,26.6667,100.0,290.5229,265.7027,240.8824,-1682908691.2157,1232202713.0
2022-08-12,288.48,291.91,286.94,291.91,22619675.0,289.9108,236645.0,0.0044626232279706,0.136588404781373,0.0193873666365273,0.0062224029951388,264.5924,268.4237,87.9544,78.1416,58.1102,12.9456,136.3527,30.0,100.0,288.1992,264.5924,240.9856,-1694684362.739,1214117059.0
2022-08-11,290.85,291.21,286.51,287.02,20065938.0,288.1876,250692.0,0.0034554142668801,0.1028202566664109,0.0194925442017377,0.0047794422988641,263.4432,267.1506,74.9935,72.3751,56.5193,13.0503,138.8443,33.3333,100.0,285.9274,263.4432,240.9591,-1717304037.739,1191497384.0
2022-08-10,288.17,289.81,286.94,289.16,24652845.0,288.6242,301911.0,0.0041933722088022,0.1274173424828446,0.0194866460535293,0.0062224029951388,262.5666,266.1211,71.4768,75.1033,57.4422,13.1794,158.7385,36.6667,100.0,284.1071,262.5666,241.026,-1701592835.2199,1211563322.0
2022-08-09,279.64,283.08,277.61,282.3,23405238.0,281.3194,264734.0,0.0023250582903099,0.0657253954471672,0.0201450798793414,0.0047794422988641,261.496,264.8756,70.6549,82.8669,55.174,13.3543,120.6205,40.0,96.6667,281.7895,261.496,241.2025,-1715098032.6589,1186875477.0
2022-08-08,284.05,285.92,279.32,280.32,18757818.0,282.0016,258506.0,0.001739718924701,0.0471423234964516,0.0202537221719047,0.0007842929191446,260.9257,264.0092,83.1781,88.3243,54.4973,13.7419,141.2492,43.3333,100.0,280.3374,260.9257,241.514,-1731828285.0501,1163470239.0
2022-08-05,279.15,283.65,278.68,282.91,16774606.0,281.721,240178.0,0.0031832052029511,0.0929073630533887,0.0209567853593284,0.0047794422988641,260.5123,263.2171,94.7678,88.3863,55.5578,14.0855,156.9069,46.6667,96.6667,279.1793,260.5123,241.8452,-1718754654.3229,1182228057.0
2022-08-04,281.8,283.8,280.1677,283.65,18098668.0,282.5465,242902.0,0.0040247198305533,0.1205704578674997,0.0212126121734947,0.0068040189289494,259.7244,262.1949,87.0272,84.8855,55.858,14.5118,182.8653,50.0,100.0,277.3311,259.7244,242.1177,-1730534005.4174,1199002663.0
2022-08-03,276.76,283.5,276.61,282.47,23518874.0,281.282,305573.0,0.0038053374839248,0.1132261369906211,0.0212439082822602,0.0068040189289494,258.7246,261.0521,83.3639,86.849,55.4872,14.9048,189.155,53.3333,100.0,275.2669,258.7246,242.1823,-1747137862.8566,1180903995.0
2022-08-02,276.0,277.89,272.38,274.82,22754184.0,274.9038,302750.0,0.0036971626461259,0.109711286089239,0.0211292185885176,0.0068040189289494,257.7834,259.9104,84.2654,90.6899,53.0141,15.3202,149.144,0.0,93.3333,273.088,257.7834,242.4787,-1763624969.0134,1157385121.0
2022-08-01,277.82,281.28,275.84,278.01,21539580.0,278.4445,296190.0,0.0044443133965111,0.1348736579989395,0.0209752657039063,0.0090128250336559,256.8933,259.2085,92.9176,85.1936,54.2286,15.7765,200.7956,0.0,96.6667,272.3372,256.8933,241.4494,-1761023310.9517,1180139305.0
2022-07-29,277.7,282.0,276.63,280.74,32138752.0,279.8359,359385.0,0.0038694523892213,0.1151096282173504,0.021583216357035,0.0090128250336559,255.811,258.242,94.8866,71.1759,55.2762,16.2868,240.0618,3.3333,100.0,271.0756,255.811,240.5463,-1756667881.1722,1201678885.0
2022-07-28,269.75,277.84,267.87,276.41,33459327.0,274.291,413167.0,0.0043384601350325,0.1305574870137844,0.0219836039165246,0.0090128250336559,254.8616,257.0238,67.7765,52.6222,53.9111,16.7905,198.9615,0.0,100.0,268.4608,254.8616,241.2624,-1773732190.8929,1169526133.0
2022-07-27,261.16,270.05,258.85,268.74,45987389.0,265.6154,539330.0,0.0036939397856609,0.1093040534962443,0.0215436322347515,0.0087157872051379,253.8159,256.015,50.8646,52.5258,51.3695,17.3029,106.4801,3.3333,100.0,266.9052,253.8159,240.7266,-1797593355.8849,1136066806.0
2022-07-26,259.86,259.88,249.57,251.9,39322017.0,252.4793,523732.0,5.178415386391707e-05,-0.0043084706905406,0.019716979886619,0.0068040189289494,252.9484,255.4565,39.2256,62.7398,44.9232,17.5829,-43.0423,6.6667,56.6667,266.6291,252.9484,239.2677,-1832828082.7081,1090072757.0
