Date,Open,High,Low,Close,Volume,Volume Weighted Average,Transactions,Sentiment (Avg),Number of Articles,Mean,Cumulative Return,Variance,STDDEV,Median,SMA,EMA,SlowK,SlowD,RSI,ADX,CCI,Aroon Down,Aroon Up,Real Upper Band,Real Middle Band,Real Lower Band,Chaikin A/D,OBV,Year,Month,Day,Day of Week
2024-12-09,227.21,230.08,225.67,226.09,43601314.0,227.8252,572674.0,0.1782992,15.0,0.0138867472773744,0.1469663149350648,0.0001621101876159,0.0127322499039227,0.0132605308770786,221.054,221.3654,90.226,91.4613,84.5939,67.477,100.862,0.0,100.0,231.1605,221.054,210.9475,37463494584.1272,27036613088.0,2024.0,12.0,9.0,0.0
2024-12-06,220.75,227.15,220.6,227.03,42907683.0,224.9967,524277.0,0.1307694166666666,12.0,0.013665644802599,0.1444198003831029,0.0001705218678229,0.0130584021925725,0.0132605308770786,217.978,219.0032,92.7559,91.0548,89.7381,62.1363,115.0604,0.0,100.0,229.3623,217.978,206.5937,37501395973.2224,27083432451.0,2024.0,12.0,6.0,4.0
2024-12-05,218.03,222.15,217.3,220.55,37055553.0,220.1345,463345.0,0.1711639999999999,15.0,0.0085094755934166,0.0870958201892742,0.0002477335786977,0.0157395545901972,0.0119557289560604,214.15,214.9898,91.4019,90.8309,84.5602,56.0812,99.2195,20.0,100.0,223.4695,214.15,204.8305,37458836642.6286,27039254382.0,2024.0,12.0,5.0,3.0
2024-12-04,215.96,220.0,215.75,218.16,47021301.0,218.1622,553200.0,0.1711553076923076,26.0,0.0065684384020348,0.0662235472362053,0.0002721474815992,0.0164968930892832,0.0117031391738976,211.188,212.2096,89.0066,89.5354,81.8594,50.0001,134.9929,0.0,100.0,219.8813,211.188,202.4947,37444840485.309,26998114162.0,2024.0,12.0,4.0,2.0
2024-12-03,210.31,214.02,209.65,213.44,31257737.0,212.615,379261.0,0.1927064999999999,20.0,0.0057997808369155,0.0582052553296972,0.0002535666522015,0.0159237763172414,0.0117031391738976,209.128,209.2345,92.0843,90.7222,74.9311,43.2633,100.0098,0.0,100.0,214.4733,209.128,203.7827,37438302824.5748,26949368446.0,2024.0,12.0,3.0,1.0
2024-12-02,209.96,212.99,209.5101,210.71,38327547.0,210.9733,461702.0,0.2200748235294118,17.0,0.0040550225255418,0.0399782834016089,0.0002559918575963,0.0159997455478634,0.0029793476170292,206.73,207.1317,87.5154,86.7046,69.5501,38.5706,144.9653,0.0,100.0,212.8828,206.73,200.5772,37414639301.0325,26917153618.0,2024.0,12.0,2.0,0.0
2024-11-29,205.83,208.2,204.59,207.89,23383406.0,206.6868,263661.0,0.1991560769230769,13.0,-0.0014957141252361,-0.016975600529601,0.0004277146800716,0.0206812639863144,-0.0054214170564604,204.012,205.3425,92.5669,76.7426,62.9841,33.6335,67.1104,0.0,100.0,212.3496,204.012,195.6744,37426906605.2994,26877630433.0,2024.0,11.0,29.0,4.0
2024-11-27,206.98,207.64,205.05,205.74,26842190.0,206.1141,350335.0,0.1923650588235294,17.0,-0.0037644496183584,-0.0390471742176555,0.0004198354205334,0.02048988581065,-0.0074032782196758,202.11,204.0688,80.0313,56.634,57.3785,33.4278,85.9986,20.0,80.0,210.3798,202.11,193.8402,37406289315.4019,26852737986.0,2024.0,11.0,27.0,2.0
2024-11-26,201.9,208.0,201.79,207.86,41213929.0,206.2563,496315.0,0.2227256,15.0,-0.0002602089735133,-0.0050260877890002,0.000485255107946,0.0220285067116698,-0.0054214170564604,201.538,203.2332,57.6295,36.7331,65.1628,34.0977,144.5057,40.0,100.0,209.0888,201.538,193.9872,37419399192.6143,26880799624.0,2024.0,11.0,26.0,1.0
2024-11-25,199.28,201.9499,199.0,201.45,38474372.0,200.8087,427319.0,0.1887033076923076,13.0,-0.0024413664289926,-0.0260587894024368,0.000388131174591,0.0197010450126651,-0.0054214170564604,200.888,200.9198,32.2411,26.4893,48.1468,34.9352,12.8723,60.0,20.0,206.4468,200.888,195.3292,37379604464.69,26839125887.0,2024.0,11.0,25.0,0.0
2024-11-22,198.25,199.2599,196.75,197.12,30269347.0,197.606,402636.0,0.152349875,16.0,-0.0052816716663745,-0.0531271015467382,0.0003220866487431,0.0179467726553603,-0.006394092078587,200.938,200.6547,20.3287,23.6125,29.5514,40.2317,-109.7991,80.0,0.0,206.5205,200.938,195.3555,37352708254.9991,26798440215.0,2024.0,11.0,22.0,4.0
2024-11-21,203.49,203.49,195.75,198.38,57339046.0,198.7042,736516.0,0.2751974666666666,15.0,-0.0055367912173367,-0.0555582004284694,0.0003232182636725,0.0179782719879456,-0.0074459235798437,202.036,202.422,26.8981,24.0918,32.2432,38.4277,-161.2967,100.0,0.0,206.1491,202.036,197.9229,37374942782.5881,26829971059.0,2024.0,11.0,21.0,3.0
2024-11-20,202.98,203.13,199.45,202.88,31506183.0,201.6596,406848.0,0.1438576363636363,11.0,-0.0018894010375386,-0.0203293254140713,0.0003215364349714,0.0179314370581802,-0.0054640624166283,204.656,204.443,23.6108,24.9453,43.5868,36.1726,-57.3587,80.0,20.0,211.7354,204.656,197.5766,37393783106.123,26888771101.0,2024.0,11.0,20.0,2.0
2024-11-19,199.33,205.3,198.78,204.61,30237380.0,203.2636,382979.0,0.1373444166666666,12.0,0.00276062121275,0.0256140350877192,0.0004550794143917,0.0213325904285371,0.0027581740265936,206.9,205.2246,21.7666,35.4221,48.8752,37.989,-54.778,100.0,40.0,216.84,206.9,196.96,37365466425.411,26921540090.0,2024.0,11.0,19.0,1.0
2024-11-18,204.15,204.67,200.95,201.7,33964112.0,202.512,425591.0,0.1498835555555555,9.0,0.0032179764149533,0.0302380222698945,0.0004676336725228,0.0216248392484853,0.0027581740265936,207.76,205.5318,29.4584,52.7478,38.8993,40.2593,-89.4956,80.0,60.0,217.5007,207.76,198.0193,37340871787.9294,26890342223.0,2024.0,11.0,18.0,0.0
2024-11-15,206.76,207.34,199.61,202.61,84165461.0,203.3338,968285.0,0.2739006666666666,12.0,0.0025808725433793,0.0236447228818266,0.0004811101156721,0.0219342224770369,0.001785499004467,208.788,207.4478,55.0414,68.5762,40.8957,45.8102,-120.3397,100.0,80.0,216.659,208.788,200.917,37362661484.7842,26926854688.0,2024.0,11.0,15.0,4.0
2024-11-14,214.16,215.9,210.88,211.48,40706599.0,212.3878,463212.0,0.1793890588235294,17.0,0.0129607449082617,0.1345493562231758,0.0005264920101482,0.0229454137061899,0.0121505189382923,209.902,209.8666,73.7437,74.514,68.181,52.7488,82.9923,40.0,100.0,215.0741,209.902,204.7299,37382040874.0624,27013445832.0,2024.0,11.0,14.0,3.0
2024-11-13,209.4,215.09,209.14,214.1,44055198.0,212.7912,529029.0,0.1726836875,16.0,0.0109000846534452,0.1108805064079281,0.0006685580014537,0.0258564885754756,0.0121505189382923,209.616,209.06,76.9435,75.6859,80.9424,49.3526,145.5377,0.0,100.0,214.5606,209.616,204.6714,37414473061.3891,27056066141.0,2024.0,11.0,13.0,2.0
2024-11-12,208.37,209.54,206.01,208.91,35975791.0,208.0238,476617.0,0.282772125,16.0,0.009411411839646,0.0947440129958605,0.0006469897476436,0.0254359931522952,0.0099821206190916,208.214,206.5399,72.8549,79.2591,72.9059,45.6372,22.3576,0.0,40.0,210.5817,208.214,205.8463,37383638543.1185,27009853198.0,2024.0,11.0,12.0,1.0
2024-11-11,208.5,209.65,205.59,206.84,29324727.0,206.8989,424797.0,0.1806362499999999,12.0,0.0097058238142784,0.0979351345612822,0.0006481209829628,0.0254582203416263,0.0114541804922533,206.332,205.3549,77.2594,85.9883,68.6936,45.7052,31.6926,0.0,60.0,213.5291,206.332,199.1349,37358595930.127,26970910280.0,2024.0,11.0,11.0,0.0
2024-11-08,209.72,209.9633,207.44,208.18,35073030.0,208.6593,443739.0,0.2367248,15.0,0.0106476394950116,0.10834265026886,0.0006256974993204,0.0250139460965371,0.0114541804922533,204.12,204.6123,87.663,89.1774,74.7087,45.7902,67.1298,20.0,80.0,215.1243,204.12,193.1157,37372219422.4225,27006366292.0,2024.0,11.0,8.0,4.0
2024-11-07,207.44,212.25,207.19,210.05,49861365.0,210.133,609990.0,0.1581073333333333,18.0,0.0123158841878233,0.1269986050005367,0.0005855155550614,0.0241974286869784,0.0114541804922533,202.07,202.8285,93.0424,87.2575,82.8034,41.2959,121.0724,0.0,100.0,213.1041,202.07,191.0359,37387135575.9246,27042442138.0,2024.0,11.0,7.0,3.0
2024-11-06,200.01,207.55,199.14,207.09,70705337.0,204.3326,848030.0,0.1821354285714285,14.0,0.0117906739167815,0.1211629040116939,0.0005859210467799,0.0242058060551587,0.0094988527544859,197.34,199.2178,86.8267,74.4135,80.0687,35.678,119.3927,20.0,100.0,210.6725,197.34,184.0075,37380238395.5333,26989563755.0,2024.0,11.0,6.0,2.0
2024-11-05,196.04,199.82,195.99,199.5,29834404.0,198.4388,371987.0,0.1986329545454545,22.0,0.0053556934767515,0.0516605166051662,0.0006207082050293,0.0249140162364354,0.0084105022092764,194.468,195.2816,81.9035,64.3525,70.4191,31.0034,72.4544,40.0,60.0,203.7261,194.468,185.2099,37315854527.4203,26917271588.0,2024.0,11.0,5.0,1.0
2024-11-04,196.45,197.33,194.3101,195.78,37295176.0,196.0121,476433.0,0.0741409999999999,20.0,0.0037888114590699,0.0354895012429259,0.0006000433600948,0.0244957824960707,0.0055559519612926,192.734,193.1725,54.5103,56.9018,63.4879,31.0627,52.6344,60.0,80.0,200.7351,192.734,184.7329,37290397174.6893,26886706804.0,2024.0,11.0,4.0,0.0
2024-11-01,199.0,200.5,197.02,197.93,96295038.0,198.8304,1003053.0,0.2171215483870967,31.0,0.0049173843521195,0.0473040901635009,0.0005784364719284,0.0240507062667281,0.0055559519612926,191.256,191.8687,56.6436,63.9991,71.2017,33.8004,130.2938,80.0,100.0,199.1903,191.256,183.3217,37291418140.3392,26925198866.0,2024.0,11.0,1.0,4.0
2024-10-31,190.51,190.6,185.23,186.4,72401956.0,188.9372,836682.0,0.1853,14.0,-0.0004896958655463,-0.0060257025542582,0.0002258193822083,0.0150272879192597,0.0055559519612926,189.236,188.838,59.5514,67.8725,39.8452,32.577,-91.5946,0.0,80.0,193.7512,189.236,184.7208,37338970389.1955,26825511019.0,2024.0,10.0,31.0,3.0
2024-10-30,194.695,195.61,192.42,192.73,36443605.0,193.5258,478389.0,0.081828,14.0,0.0031371390485053,0.031248327893413,0.0001095182337337,0.0104650959734632,0.0056021394948821,189.232,190.0571,75.8024,64.3834,76.3637,37.7459,144.4392,0.0,100.0,193.7573,189.232,184.7067,37381371633.1006,26900657778.0,2024.0,10.0,30.0,2.0
2024-10-29,188.58,191.4599,187.815,190.83,30161576.0,190.2546,371666.0,0.2766329999999999,11.0,0.001715253720668,0.0167297138899249,0.0001083213396723,0.0104077538245443,0.0033782867560996,187.628,188.7206,68.2636,50.2552,69.6941,29.8676,90.277,20.0,0.0,191.7216,187.628,183.5344,37411750442.9752,26862950228.0,2024.0,10.0,29.0,1.0
2024-10-28,189.565,190.21,188.21,188.39,23009842.0,189.0699,330670.0,0.14863715,20.0,0.0005000511382402,0.004532366428495,9.430230126312974e-05,0.0097109371979809,0.003156759295544,187.402,187.6659,49.0841,40.4546,57.3214,25.7094,53.6756,40.0,20.0,190.835,187.402,183.969,37388396003.6638,26827260070.0,2024.0,10.0,28.0,0.0
2024-10-25,187.85,190.45,187.53,187.83,27815175.0,188.7589,357467.0,0.1578091428571428,21.0,-0.0004759850894765,-0.0052430886558627,9.80323111492404e-05,0.0099011267615984,0.0020659642961222,187.538,187.3038,33.418,41.3288,53.863,23.4154,47.688,60.0,40.0,191.1651,187.538,183.9109,37411299289.1839,26799329234.0,2024.0,10.0,25.0,4.0
2024-10-24,185.25,187.11,183.86,186.38,20385701.0,186.125,300389.0,0.1920333999999999,10.0,-9.136175557301618e-05,-0.0014465577283687,0.0001057144659158,0.0102817540291438,0.0020659642961222,187.77,187.0408,38.8616,53.9321,44.5566,20.5478,-84.9676,80.0,60.0,191.5857,187.77,183.9543,37434628049.1839,26769967174.0,2024.0,10.0,24.0,3.0
2024-10-23,188.85,189.16,183.69,184.71,31410489.0,185.7016,402016.0,0.1517495416666666,24.0,-0.0001962161876465,-0.0024842037047039,0.0001038982368896,0.0101930484591053,0.0020659642961222,188.0,187.3711,51.7066,63.1601,31.8999,24.7929,-136.917,100.0,80.0,191.5844,188.0,184.4156,37422705330.0915,26748319779.0,2024.0,10.0,23.0,2.0
2024-10-22,188.35,191.5201,186.975,189.7,29171135.0,189.6999,333828.0,0.3542568461538461,13.0,0.0037751023612282,0.0382005253940451,3.847043051785506e-05,0.0062024535885289,0.0033782867560996,188.436,188.7017,71.228,64.8066,70.2157,30.0991,105.9864,0.0,100.0,190.537,188.436,186.335,37442731694.8575,26780256868.0,2024.0,10.0,22.0,1.0
2024-10-21,188.05,189.46,186.4,189.07,23742153.0,188.2866,329914.0,0.1417402499999999,16.0,0.004503839341632,0.0457411504424776,4.260428325809045e-05,0.0065271956656814,0.0056049476444979,188.034,188.2025,66.5457,59.9456,66.1035,24.2519,65.999,20.0,80.0,189.7471,188.034,186.3209,37436828453.6515,26750606275.0,2024.0,10.0,21.0,0.0
2024-10-18,187.15,190.74,186.28,188.99,36939177.0,189.1239,375918.0,0.0787633125,16.0,0.0014000110166062,0.0132968741622432,0.0001546386053718,0.0124353771704718,0.0056049476444979,187.728,187.7688,56.646,58.6821,65.6213,21.8515,104.3638,40.0,100.0,189.1052,187.728,186.3508,37418469690.2397,26725966882.0,2024.0,10.0,18.0,4.0
2024-10-17,188.22,188.94,186.0,187.53,24475357.0,187.6663,327290.0,0.1844311578947368,19.0,0.0031220184880099,0.0306111233238073,0.0002033178403523,0.0142589564959149,0.0057085648437158,187.694,187.1582,56.6451,65.7582,56.6096,18.8511,-6.3655,60.0,20.0,188.9478,187.694,186.4402,37410415662.6164,26688549212.0,2024.0,10.0,17.0,3.0
2024-10-16,187.05,187.78,185.61,186.89,22676123.0,186.6672,325850.0,0.2055687647058823,17.0,0.0012640915180147,0.0115284693656636,0.0002332609924025,0.0152728842201651,0.0043962423837384,187.518,186.9723,62.7552,73.9,52.2172,20.2107,-63.3414,0.0,40.0,189.0341,187.518,186.0019,37409393645.7184,26663509798.0,2024.0,10.0,16.0,2.0
2024-10-15,187.63,188.41,184.58,187.69,31552165.0,186.8447,432975.0,0.208135,11.0,0.0014904667086543,0.0138281207799921,0.0002312201065779,0.0152059234043174,0.0043962423837384,187.174,187.0135,77.8743,79.2776,58.0985,24.5144,-3.0258,0.0,60.0,189.6071,187.174,184.7409,37405177905.3129,26686966610.0,2024.0,10.0,15.0,1.0
2024-10-14,189.78,189.83,187.36,187.54,22152666.0,188.2118,328240.0,0.1026661428571428,7.0,0.0007664650951392,0.0064938549884614,0.0002369377567007,0.0153927826172133,0.0029970299081296,186.18,186.6753,81.0706,73.5107,57.3785,29.8941,68.5149,0.0,80.0,190.3783,186.18,181.9817,37385097583.9682,26654787685.0,2024.0,10.0,14.0,0.0
2024-10-11,186.63,189.9284,186.3,188.82,25056333.0,188.8007,342205.0,0.2605887,10.0,0.0005718797349901,0.0045219981912008,0.0002402149797299,0.0154988702727005,0.0029970299081296,184.832,186.2429,78.8878,58.4902,65.0047,28.1795,104.3064,20.0,100.0,190.4918,184.832,179.1722,37404415964.0371,26677402092.0,2024.0,10.0,11.0,4.0
2024-10-10,187.13,188.134,185.83,186.65,27281828.0,186.8923,353686.0,0.239082,12.0,-0.0022594832235557,-0.0235928018413894,0.0002497678568368,0.0158040455844968,-0.0042193911734497,184.37,184.9544,60.5738,44.9817,57.3092,26.0361,97.8588,40.0,100.0,188.9206,184.37,179.8194,37394397526.7476,26651650535.0,2024.0,10.0,10.0,3.0
2024-10-09,182.82,185.845,182.05,185.17,25742740.0,184.4853,345876.0,0.1823354615384615,13.0,-0.0037703261798365,-0.0382278086531967,0.0002393329319381,0.0154703888748194,-0.0067779804652406,183.432,184.1066,36.0091,35.0466,51.4888,26.5788,49.3876,60.0,40.0,187.6364,183.432,179.2276,37402405021.7788,26623865492.0,2024.0,10.0,9.0,2.0
2024-10-08,181.915,183.09,180.92,182.72,24657239.0,182.31,314165.0,0.2499928181818181,11.0,-0.0058484409824264,-0.0579500928026396,0.0002068008616579,0.0143805723689276,-0.0072442141602805,183.35,183.5749,38.3624,33.7802,40.7997,32.254,-44.5564,80.0,60.0,187.4297,183.35,179.2703,37385432974.0674,26597522375.0,2024.0,10.0,8.0,1.0
2024-10-07,182.95,183.6,180.25,180.8,40789672.0,181.2967,520198.0,0.11086475,12.0,-0.0068691252483987,-0.0674644109758612,0.0001825599557159,0.0135114749644877,-0.0072442141602805,183.832,184.0023,30.7682,25.1903,31.3108,33.1574,-94.0826,100.0,0.0,188.0666,183.832,179.5974,37368054133.9844,26571150289.0,2024.0,10.0,7.0,0.0
2024-10-04,185.75,187.6,183.6,186.51,38188370.0,185.6738,431104.0,0.1296198333333333,12.0,-0.0026176480822251,-0.0265657620041754,0.0001433255563747,0.0119718652003237,-0.0067779804652406,184.938,185.6035,32.2099,19.6707,50.6108,34.2867,58.8656,80.0,0.0,188.2055,184.938,181.6705,37396507701.8202,26613514490.0,2024.0,10.0,4.0,4.0
2024-10-03,183.045,183.44,180.875,181.96,29755521.0,182.2015,398449.0,0.1397885882352941,17.0,-0.0042070479195309,-0.0416600832148311,7.825284245106721e-05,0.0088460636698515,-0.0067779804652406,185.23,185.1502,12.5929,13.2302,18.6418,42.0733,-131.8652,100.0,0.0,189.194,185.23,181.266,37377816751.8152,26572435479.0,2024.0,10.0,3.0,3.0
2024-10-02,184.44,186.6,184.04,184.76,22838198.0,185.1551,314425.0,0.1732295833333333,12.0,-0.0008463717899728,-0.0089577857640935,0.000106316471552,0.010310987903787,-0.0042193911734497,187.07,186.7454,14.2092,16.88,27.3607,37.6146,-66.7988,80.0,20.0,191.7335,187.07,182.4065,37382468096.5677,26602639781.0,2024.0,10.0,2.0,2.0
2024-10-01,184.9,186.19,183.4519,185.13,33896996.0,184.6885,439973.0,0.1703731428571428,7.0,-0.0008873084647012,-0.0093642979452055,0.0001064258902752,0.0103162924675106,-0.0044240745470917,188.624,187.738,12.8884,25.3967,28.7838,37.0903,-100.0643,100.0,0.0,194.2515,188.624,182.9965,37392838621.0677,26626343837.0,2024.0,10.0,1.0,1.0
2024-09-30,187.14,188.49,184.65,186.33,40948472.0,186.2138,440495.0,0.1001606666666666,9.0,0.0008330258589819,0.0077884147330842,0.0001139562276704,0.0106750282280885,-0.0009976679809711,190.39,189.0421,23.5426,43.0735,33.2745,34.5111,-114.6695,100.0,20.0,196.065,190.39,184.715,37384701826.7948,26662388743.0,2024.0,9.0,30.0,0.0
2024-09-27,190.68,190.9,187.34,187.97,34945921.0,188.6529,401741.0,0.3078885555555555,9.0,0.000847550659864,0.0079360823636656,0.0001136804754654,0.0106621046452142,-0.0009976679809711,191.9,190.3981,39.7592,62.401,40.1175,33.2303,-158.9848,100.0,40.0,196.332,191.9,187.468,37389911876.7948,26704069143.0,2024.0,9.0,27.0,4.0
2024-09-26,194.31,194.53,189.54,191.16,35133596.0,191.3168,411635.0,0.1923791428571428,7.0,0.0022435825417716,0.022245989304813,8.226138545590896e-05,0.0090698062523908,-0.0009976679809711,192.626,191.6121,65.9187,79.9728,58.9977,37.0841,-32.2981,20.0,60.0,194.9174,192.626,190.3346,37413171800.0532,26740071459.0,2024.0,9.0,26.0,3.0
2024-09-25,193.75,193.9498,192.16,192.53,25118820.0,192.8108,320533.0,0.1022171333333333,15.0,0.0042991877059477,0.0434099284630395,8.18127148149168e-05,0.0090450381323086,0.0047620618535552,192.368,191.8382,81.5251,88.7133,70.3772,44.4453,49.9418,0.0,80.0,195.4244,192.368,189.3116,37425914484.3218,26776406313.0,2024.0,9.0,25.0,2.0
2024-09-24,194.27,195.37,190.13,193.96,42352393.0,193.0238,404447.0,0.1445097692307692,13.0,0.0078044843105811,0.0802561960456698,0.0001105701180995,0.0105152326697764,0.0099373269058504,191.148,191.4923,92.4745,87.4162,83.8885,42.3819,86.4805,20.0,100.0,196.7671,191.148,185.5289,37441394103.8162,26802797457.0,2024.0,9.0,24.0,1.0
2024-09-23,191.64,194.45,190.57,193.88,35901116.0,193.0758,405082.0,0.1428966666666666,9.0,0.010129242198414,0.1053591790193841,0.0001248420511119,0.0111732739656705,0.011331473851574,189.732,190.2585,92.1402,80.7024,83.7489,39.8028,125.5963,0.0,100.0,195.3713,189.732,184.0927,37421314141.8086,26759318531.0,2024.0,9.0,23.0,0.0
2024-09-20,190.23,191.84,187.41,191.6,94655285.0,190.8272,430506.0,0.26004,3.0,0.0112789561728544,0.1179181982612753,0.0001408098810512,0.0118663339347592,0.0121017169740558,187.934,188.4477,77.6338,72.5901,79.7468,37.8068,92.8002,20.0,100.0,192.8188,187.934,183.0492,37395190140.7416,26722325420.0,2024.0,9.0,20.0,4.0
2024-09-19,190.04,190.99,188.47,189.87,38154471.0,189.6709,422869.0,0.2146474545454545,11.0,0.0067138629906275,0.0673449884760248,0.0003481598659915,0.0186590424725274,0.0121017169740558,186.912,186.8716,72.3333,73.3332,76.187,39.3369,146.9933,40.0,100.0,190.1677,186.912,183.6563,37305687819.2179,26621946867.0,2024.0,9.0,19.0,3.0
2024-09-18,186.45,188.8,185.06,186.43,31733155.0,186.7931,381311.0,0.163386,14.0,0.0074994862255538,0.0755783765072406,0.0003721581535329,0.0192914010256626,0.0121017169740558,186.338,185.3724,67.8031,77.6442,66.9452,37.5841,30.7873,0.0,80.0,187.8507,186.338,184.8253,37301294133.8845,26582403699.0,2024.0,9.0,18.0,2.0
2024-09-17,186.85,189.45,186.14,186.88,25633676.0,187.5288,351363.0,0.21736035,20.0,0.006083544869778,0.0603120567375887,0.0004182588951164,0.0204513788072215,0.0121017169740558,185.956,184.8436,79.8633,86.2287,69.7793,38.418,81.6857,20.0,100.0,188.0397,185.956,183.8723,37310504863.8311,26616851829.0,2024.0,9.0,17.0,1.0
2024-09-16,185.29,185.81,183.36,184.89,25200263.0,184.6725,353737.0,0.0682745454545454,11.0,0.0037467250209558,0.0357983193277311,0.0004455346196181,0.0211076910063167,0.0053565023747117,184.49,183.8255,85.2662,91.1528,64.4558,36.1826,25.6243,0.0,80.0,189.7713,184.49,179.2087,37324930174.4232,26590760147.0,2024.0,9.0,16.0,0.0
2024-09-13,187.0,188.5,185.91,186.49,26338475.0,187.1736,338138.0,0.0904989,10.0,0.0083113961155624,0.0834882640018594,0.0005205298505334,0.0228151232855189,0.0184186042264162,182.592,183.2932,93.5565,88.851,72.6922,38.0926,91.6097,0.0,100.0,191.5058,182.592,173.6782,37318440400.6069,26616825632.0,2024.0,9.0,13.0,4.0
2024-09-12,184.8,187.41,183.54,187.0,31613563.0,185.9508,431053.0,0.105987,8.0,0.0093569571119431,0.0948477751756442,0.0005072854275197,0.0225229977471859,0.0184186042264162,179.572,181.6948,94.6357,73.3454,75.1406,32.429,119.9802,20.0,100.0,191.0266,179.572,168.1174,37333069107.9158,26643320983.0,2024.0,9.0,12.0,3.0
2024-09-11,180.095,184.99,175.73,184.52,41759473.0,181.1572,465440.0,0.1246063333333333,21.0,0.0066728184585433,0.0658502772643256,0.0005502064342653,0.0234564795795387,0.0155626341063351,177.75,179.0422,78.3607,56.1772,71.3921,26.2691,118.1838,40.0,100.0,186.4708,177.75,169.0292,37306570768.6005,26609698500.0,2024.0,9.0,11.0,2.0
2024-09-10,177.49,180.5,176.79,179.55,35983264.0,179.1266,419529.0,0.1734189411764706,17.0,0.0025486619133342,0.0230769230769229,0.0005300080560753,0.023021903832554,-0.0024383523901363,175.512,176.3033,47.0399,43.9381,62.2712,20.712,106.3936,60.0,100.0,181.4264,175.512,169.5976,37268326893.0757,26567133802.0,2024.0,9.0,10.0,1.0
2024-09-09,174.53,175.85,173.51,175.4,27967345.0,174.7601,347001.0,0.0974904285714285,7.0,-0.0006872185298436,-0.0092634432896521,0.0004876174958727,0.0220820627630835,-0.0106518206017156,174.852,174.68,43.1312,50.0068,52.0614,19.1884,-19.901,80.0,60.0,179.3939,174.852,170.3101,37250649488.5582,26530900006.0,2024.0,9.0,9.0,0.0
2024-09-06,177.24,178.38,171.16,171.39,38636752.0,172.8401,447607.0,0.1459110909090909,11.0,-0.0025102477996028,-0.0269119400442854,0.000429716198365,0.0207295971587735,-0.0106518206017156,175.472,174.3199,41.6434,59.3661,39.3807,20.8802,-90.0917,0.0,80.0,180.9031,175.472,170.0409,37232780342.712,26501862644.0,2024.0,9.0,6.0,4.0
2024-09-05,175.0,179.875,174.995,177.89,39415500.0,177.6177,458035.0,0.2778269090909091,11.0,-0.0010660650531978,-0.0123258008994502,0.0003501984440483,0.0187135898225963,-0.0106518206017156,175.618,175.7849,65.246,67.8495,59.9418,22.995,79.096,0.0,100.0,180.6251,175.618,170.6109,37271604967.3824,26543329181.0,2024.0,9.0,5.0,3.0
2024-09-04,174.48,175.98,172.54,173.33,29644484.0,173.9177,378772.0,0.1447541666666666,12.0,-0.0030092730698581,-0.0310263864042933,0.0002777951848705,0.0166671888712683,-0.0106518206017156,174.2,174.7323,71.2091,61.9689,43.3387,23.2121,-6.7249,20.0,60.0,179.8097,174.2,168.5903,37264114152.0832,26503158655.0,2024.0,9.0,4.0,2.0
2024-09-03,177.55,178.26,175.26,176.25,37228388.0,176.468,466675.0,0.0708111428571428,7.0,-0.0009822066741133,-0.0110537537874538,0.0002598098192059,0.0161186171617145,-0.0024976555578504,174.158,175.4335,67.0933,44.3887,55.0212,25.3634,82.0973,40.0,80.0,179.7962,174.158,168.5198,37280163398.9088,26532841133.0,2024.0,9.0,3.0,1.0
2024-08-30,172.78,178.9,172.6,178.5,42257863.0,176.5299,398515.0,0.170423,12.0,0.0009334426761045,0.0081328363266692,0.0002483066771589,0.0157577497492183,0.0044349631747339,174.008,175.0252,47.6044,26.2917,65.9861,27.7169,99.5883,60.0,0.0,179.4522,174.008,168.5638,37293021352.6488,26570658644.0,2024.0,8.0,30.0,4.0
2024-08-29,173.22,174.29,170.81,172.12,25806986.0,172.757,358814.0,0.1653282727272727,11.0,-0.0030717137958663,-0.0308012838560728,0.0001032357792677,0.0101605009358657,0.0003594428980103,173.716,173.2879,18.4684,15.8256,37.9234,30.6588,-52.6563,80.0,0.0,178.2448,173.716,169.1872,37255106836.3789,26527229289.0,2024.0,8.0,29.0,3.0
2024-08-28,173.69,173.69,168.92,170.8,28521972.0,170.8402,382240.0,0.1478503,20.0,0.0005587446615502,0.0041152263374486,0.0003002761099891,0.0173284768513909,0.0003594428980103,174.518,173.8718,12.8022,14.8635,28.1057,28.9813,-117.8932,100.0,0.0,179.0524,174.518,169.9836,37261632905.6031,26500821474.0,2024.0,8.0,28.0,2.0
2024-08-27,174.15,174.89,172.25,173.12,29318458.0,173.2273,377111.0,0.1337681111111111,9.0,0.0018224882994662,0.0169770310756034,0.0002793661891836,0.0167142510805503,0.0014698076963911,176.38,175.4077,16.2063,22.241,36.143,24.4556,-125.499,100.0,20.0,180.9243,176.38,171.8357,37267782900.4144,26529866499.0,2024.0,8.0,27.0,1.0
2024-08-26,176.7,177.4682,174.3,175.5,22219015.0,175.6995,337906.0,0.1264731818181818,11.0,0.0052349685716587,0.052158273381295,0.0002791779524321,0.0167086191060837,0.0044349631747339,177.532,176.5516,15.5821,36.6535,47.2266,24.854,-115.2124,100.0,40.0,180.9729,177.532,174.0911,37277956302.3462,26559708478.0,2024.0,8.0,26.0,0.0
2024-08-23,177.34,178.9699,175.24,177.04,28716057.0,177.0899,359871.0,0.1625186666666667,18.0,0.0060209660247647,0.0605007787228948,0.0002628345828574,0.0162121739090539,0.0044349631747339,178.076,177.0774,34.9348,61.5209,56.1381,30.9644,-82.4724,100.0,60.0,180.8566,178.076,175.2954,37283379489.8013,26582074714.0,2024.0,8.0,23.0,4.0
2024-08-22,181.38,181.47,175.68,176.13,30729062.0,177.6503,402646.0,0.1207742142857142,14.0,0.0061918775889489,0.0623039806996381,0.0002628054507394,0.0162112754198888,0.0051273697781478,178.08,177.096,59.4437,81.7854,51.8423,35.8328,-37.8809,0.0,80.0,180.8547,178.08,175.3053,37284394690.4289,26552924623.0,2024.0,8.0,22.0,3.0
2024-08-21,179.92,182.385,178.8937,180.11,34131643.0,180.3751,398095.0,0.1467686666666666,6.0,0.0102631606843037,0.1065306874731217,0.0001816345642095,0.0134771868062139,0.0067136027028791,178.372,177.5791,90.184,93.7278,78.8686,40.6125,142.867,0.0,100.0,180.4951,178.372,176.2489,37311460698.5429,26584972105.0,2024.0,8.0,21.0,2.0
2024-08-20,177.92,179.01,177.4308,178.88,24847757.0,178.3672,302424.0,0.163558,7.0,0.0100942915440902,0.1046748595071951,0.0001830351492372,0.0135290483492818,0.0058694390756077,176.37,176.3136,95.7285,93.0526,75.742,35.5873,71.6885,0.0,100.0,182.7575,176.37,169.9825,37322255757.2156,26549372985.0,2024.0,8.0,20.0,1.0
2024-08-19,177.64,178.3,176.16,178.22,29151709.0,177.5703,358247.0,0.0648417058823529,17.0,0.0102891099236827,0.1068190286920884,0.0001808865671652,0.0134494076882673,0.0061014616761104,174.64,175.0304,95.2709,90.7557,74.0968,33.8584,64.6327,0.0,80.0,181.9849,174.64,167.2951,37300323218.5145,26523117781.0,2024.0,8.0,19.0,0.0
2024-08-16,177.04,178.34,176.2601,177.06,30466567.0,177.4533,368879.0,0.1478844999999999,16.0,0.0055362875863426,0.0545562835020849,0.0004197193017279,0.0204870520506976,0.005419449266346,172.356,173.4355,88.1585,86.9635,71.3662,32.9136,89.7321,0.0,100.0,180.8413,172.356,163.8707,37271520873.7201,26491987974.0,2024.0,8.0,16.0,4.0
2024-08-15,174.86,177.91,173.99,177.59,51150310.0,176.329,530442.0,0.2460427272727272,11.0,-0.002949973658433,-0.0352039984788393,0.0012124865712557,0.034820777866896,0.005419449266346,170.332,171.6233,88.8376,86.9756,74.2262,31.401,159.4894,0.0,100.0,178.1665,170.332,162.4975,37278789469.7668,26523477149.0,2024.0,8.0,15.0,3.0
2024-08-14,172.11,172.28,168.86,170.1,28228939.0,170.2238,376458.0,0.1331207777777777,9.0,-0.008909582023052,-0.0902770349770025,0.0009721396443287,0.0311791540027743,0.002211876993851,167.974,168.64,83.8944,85.7747,52.8756,30.0328,102.2697,0.0,100.0,171.6382,167.974,164.3098,37235531530.3178,26471778636.0,2024.0,8.0,14.0,2.0
2024-08-13,167.81,171.04,167.1,170.23,36640224.0,169.1534,411821.0,0.2188025555555555,9.0,-0.0059329891209855,-0.0631775906664462,0.0011003747039442,0.0331718962970809,0.005419449266346,166.508,167.91,88.1946,80.2333,53.4909,37.1498,118.1309,0.0,100.0,171.2912,166.508,161.7248,37243459359.4874,26500622440.0,2024.0,8.0,13.0,1.0
2024-08-12,168.14,168.55,166.1101,166.8,29138607.0,167.2394,393722.0,0.0915839333333333,15.0,-0.0088026628143452,-0.0895196506550216,0.0010224171101575,0.0319752577809405,0.0021744010051392,164.848,166.75,85.235,66.1444,38.3486,44.1379,84.081,0.0,100.0,169.0362,164.848,160.6598,37220354800.4011,26461384525.0,2024.0,8.0,12.0,0.0
2024-08-09,166.4,168.55,165.85,166.94,35295656.0,167.0053,394806.0,0.0684096999999999,10.0,-0.0083352387049531,-0.0852602739726023,0.001031828644727,0.0321220896693697,0.0045115215520997,163.692,166.725,67.2703,46.5355,38.7606,47.0569,102.9791,20.0,0.0,168.2604,163.692,159.1236,37233420976.293,26491457313.0,2024.0,8.0,9.0,4.0
2024-08-08,165.165,166.6899,162.55,165.8,43716382.0,165.2017,483314.0,0.16681805,20.0,-0.0075493639996884,-0.0781206561023073,0.0010612949048908,0.0325775214663554,0.0045115215520997,163.884,166.6174,45.9278,32.4523,34.1513,50.7056,59.0985,40.0,0.0,169.0268,163.884,158.7412,37240431548.693,26455056264.0,2024.0,8.0,8.0,3.0
2024-08-07,166.55,167.58,161.43,162.77,46791927.0,164.4221,571602.0,0.1320214761904762,21.0,-0.0099528318668992,-0.0998728087153678,0.0009875133322666,0.0314247248558624,-0.0007919191490683,167.538,167.0261,26.4085,27.1868,21.6049,51.5108,-28.8508,60.0,20.0,184.7451,167.538,150.3309,37214996463.8406,26410440058.0,2024.0,8.0,7.0,2.0
2024-08-06,161.71,165.08,158.5404,161.93,56863712.0,162.3092,674672.0,0.1178829999999999,11.0,-0.0042413689228702,-0.1273912809182523,0.0005666941033655,0.0238053377074458,-0.0030191038613593,187.7767,182.8342,25.0207,35.8998,36.6225,15.6909,-208.6434,96.6667,30.0,208.6542,187.7767,166.8991,37242309730.9625,26362031818.0,2024.0,8.0,6.0,1.0
2024-08-05,154.21,162.96,151.61,161.02,83034913.0,159.7709,1147492.0,0.0794613157894736,19.0,-0.0050485370176067,-0.1484027924687964,0.0005696178221236,0.0238666675957005,-0.0032706493398429,188.5647,184.2759,30.1313,48.3792,35.9351,15.022,-269.4091,100.0,33.3333,207.1379,188.5647,169.9914,37240113232.8789,26302080988.0,2024.0,8.0,5.0,0.0
2024-08-02,166.75,168.77,160.55,167.9,141276567.0,165.5364,1668912.0,0.1227153714285714,35.0,-0.0031488814115953,-0.0977968833960234,0.0005377673277743,0.0231898108611163,-0.0030191038613593,189.5,185.8797,52.5473,60.1589,39.0286,14.2109,-243.7853,100.0,36.6667,205.0029,189.5,173.9971,37185388449.2322,26385230425.0,2024.0,8.0,2.0,4.0
2024-08-01,189.285,190.6,181.87,184.07,69566122.0,183.4781,855293.0,0.1654295294117647,17.0,0.0003792466560613,0.0068924019473768,0.0003010985471403,0.0173521914218458,-0.0013100840205236,190.1067,187.1197,62.459,59.3433,48.5181,13.6184,-53.5469,83.3333,40.0,203.4559,190.1067,176.7575,37073881708.9402,26526678790.0,2024.0,8.0,1.0,3.0
2024-07-31,185.05,187.94,184.46,186.98,40434403.0,186.5421,474586.0,0.2027523684210526,19.0,0.0006716432599659,0.0158643920460719,0.0002942549123836,0.0171538599849618,-0.0013100840205236,190.0647,187.3301,65.4702,51.8941,50.6609,13.8731,-41.3265,86.6667,43.3333,203.4973,190.0647,176.6321,37108817138.4419,26597114425.0,2024.0,7.0,31.0,2.0
2024-07-30,184.72,185.86,179.38,181.71,37203115.0,181.6762,442107.0,0.1082912666666666,15.0,-0.0002225007016783,-0.0106174452793205,0.0002667769284489,0.0163333073334514,-0.0013100840205236,189.9673,187.3542,50.1008,38.6288,46.5265,13.967,-84.8056,90.0,46.6667,203.5296,189.9673,176.4051,37090138681.9592,26555447099.0,2024.0,7.0,30.0,1.0
2024-07-29,183.84,184.75,182.38,183.2,32962502.0,183.4532,350792.0,0.1395586315789473,19.0,1.777997581294451e-05,-0.0034270793668061,0.0002646496672664,0.0162680566530385,-0.0003369383931681,190.0323,187.7435,40.1112,31.5591,47.617,13.9252,-73.1619,93.3333,50.0,203.4536,190.0323,176.611,37101235225.8913,26594955673.0,2024.0,7.0,29.0,0.0
2024-07-26,180.39,183.19,180.24,182.5,27659851.0,181.95,375576.0,0.1723392222222222,18.0,-0.0006558494953847,-0.0234897533308363,0.0002726655762212,0.0165125884167572,-0.0018979130755412,190.0533,188.0568,25.6744,26.7696,47.0534,14.0376,-90.3001,96.6667,53.3333,203.4337,190.0533,176.6729,37111482985.2963,26561685550.0,2024.0,7.0,26.0,4.0
2024-07-25,182.91,183.8958,176.8,179.85,42393265.0,180.9284,548257.0,0.1243203999999999,15.0,-0.001207531137782,-0.0394167601345938,0.0002645106549764,0.0162637835381696,-0.0023435035008902,190.1997,188.44,28.8917,27.9889,44.8833,14.049,-114.8195,100.0,56.6667,203.3403,190.1997,177.059,37095779811.2353,26532179586.0,2024.0,7.0,25.0,3.0
2024-07-24,183.2,185.45,180.41,180.83,40817049.0,182.2388,506914.0,0.1885522,15.0,-0.0009965893360413,-0.0333048219822517,0.0002640241103389,0.0162488187367252,-0.0013703578735347,190.4457,189.0324,25.7428,23.7187,45.5507,14.0609,-97.2733,90.0,60.0,203.0682,190.4457,177.8231,37102019757.8961,26576643749.0,2024.0,7.0,24.0,2.0
2024-07-23,184.1,189.39,183.56,186.41,47168048.0,187.124,489886.0,0.22655075,16.0,0.0005003973207435,0.0114487249050454,0.000242374328367,0.0155683759065312,-0.0003369383931681,190.6533,189.5981,29.3323,20.3656,49.6112,14.2611,-50.3272,93.3333,63.3333,202.8335,190.6533,178.4732,37136630057.8961,26618176109.0,2024.0,7.0,23.0,1.0
2024-07-22,185.0,185.06,182.48,182.55,37641975.0,183.4291,448769.0,0.190052,12.0,-0.000330558532398,-0.0132432432432431,0.0002280891425705,0.0151026203875532,-0.0013703578735347,190.583,189.818,16.0812,16.3613,46.4172,14.6465,-85.7092,96.6667,66.6667,202.8841,190.583,178.2819,37137690074.5513,26570638439.0,2024.0,7.0,22.0,0.0
2024-07-19,181.14,184.93,180.11,183.13,41886129.0,182.8726,482405.0,0.1785281,10.0,0.0004590378147469,0.0102052074139449,0.0002416900289474,0.0155463831468101,-0.0003369383931681,190.6647,190.3192,15.6834,17.2441,46.8485,14.7576,-93.7148,0.0,70.0,202.7825,190.6647,178.5468,37175455149.0164,26610570362.0,2024.0,7.0,19.0,4.0
2024-07-18,189.59,189.68,181.448,183.75,50467254.0,184.4166,671981.0,0.1914272222222222,9.0,0.000932090861102,0.0245901639344257,0.0002445530232785,0.0156381911766835,0.0005798449887884,190.603,190.815,17.3192,18.9217,47.3027,14.8635,-65.4856,0.0,73.3333,202.8912,190.603,178.3148,37164550619.6845,26653652191.0,2024.0,7.0,18.0,3.0
2024-07-17,191.35,191.58,185.99,187.93,47279100.0,187.6325,682797.0,0.1156929583333333,24.0,0.0018604105706931,0.0537736907031509,0.0002265180376434,0.0150505161919268,0.001232730915647,190.456,191.3023,18.7298,20.394,50.4933,15.0461,-20.7122,0.0,76.6667,203.1669,190.456,177.7451,37187046522.8827,26704695817.0,2024.0,7.0,17.0,2.0
2024-07-16,195.59,196.62,192.24,193.02,31831754.0,193.7459,449252.0,0.1480245416666666,24.0,0.003098372488398,0.0939696214010423,0.0002010648298205,0.0141797330659131,0.0018673000043801,190.1363,191.5349,20.7161,26.8224,54.848,15.5011,42.7996,0.0,80.0,203.5483,190.1363,176.7244,37201753177.2101,26752771956.0,2024.0,7.0,16.0,1.0
2024-07-15,194.56,196.19,190.83,192.72,38866027.0,193.0336,571524.0,0.2190672608695652,23.0,0.0025111279493446,0.0747267454829354,0.000212876379656,0.0145902837414507,0.0015433684044606,189.5837,191.4324,21.736,37.6068,54.6251,15.666,39.8648,3.3333,83.3333,203.8161,189.5837,175.3512,37223640184.8539,26718777242.0,2024.0,7.0,15.0,0.0
2024-07-12,194.8,196.47,193.8301,194.49,29895608.0,194.9548,427326.0,0.2242554375,16.0,0.0023200342892315,0.0685089550598831,0.0002183732694284,0.0147774581518074,0.0015433684044606,189.137,191.3436,38.0153,53.7121,56.2081,15.8629,60.9251,6.6667,86.6667,203.7827,189.137,174.4913,37235632628.6338,26759460469.0,2024.0,7.0,12.0,4.0
2024-07-11,200.09,200.2699,192.86,195.05,44120108.0,195.7677,582264.0,0.18211125,16.0,0.0023919463292595,0.0708207521273678,0.0002177766341578,0.0147572569997907,0.0015433684044606,188.7213,191.1266,53.0691,67.1605,56.7107,15.8334,77.746,10.0,90.0,203.4434,188.7213,173.9993,37250933629.7522,26790058994.0,2024.0,7.0,11.0,3.0
2024-07-10,199.995,200.11,197.69,199.79,32174922.0,199.2678,414102.0,0.1904392857142857,21.0,0.003440960195848,0.1053388658367913,0.0001948952155254,0.0139604876535678,0.0022176935384099,188.2913,190.8561,70.052,75.5332,61.1875,15.8029,118.3007,13.3333,93.3333,203.0025,188.2913,173.5802,37269156226.2415,26834624035.0,2024.0,7.0,10.0,2.0
2024-07-09,199.4,200.57,199.045,199.34,30754695.0,199.8186,379446.0,0.2258710714285714,14.0,0.0033104785154438,0.1010218171775751,0.000195697807031,0.0139892032307437,0.0015433684044606,187.6567,190.2399,78.3604,80.4403,60.9043,15.361,136.9694,16.6667,96.6667,201.9661,187.6567,173.3472,37244969002.9605,26801740282.0,2024.0,7.0,9.0,1.0
2024-07-08,200.04,201.2,197.96,199.29,32851683.0,199.4285,443629.0,0.1290995833333333,12.0,0.0029235137714724,0.0882433244143507,0.0002024082219711,0.0142270243540639,0.0015433684044606,187.047,189.6123,78.1873,81.3029,60.8736,14.7776,152.5809,20.0,100.0,200.8634,187.047,173.2306,37265052641.0982,26768983546.0,2024.0,7.0,8.0,0.0
2024-07-05,198.65,200.55,198.17,200.0,37206565.0,199.86,451167.0,0.1753983928571428,28.0,0.0030382071011657,0.0920010920010914,0.000201304766509,0.0141881910936174,0.0015433684044606,186.5083,188.9449,84.7733,81.1561,61.5362,14.1742,173.8658,23.3333,100.0,199.6153,186.5083,173.4014,37271276410.0426,26803750807.0,2024.0,7.0,5.0,4.0
2024-07-03,199.94,200.029,196.7601,197.59,30201891.0,198.0527,395320.0,0.1291150526315789,19.0,0.0025608120697668,0.076550070829247,0.0001991693417983,0.0141127368642086,0.0003997996032636,185.9467,188.1825,80.948,77.6272,60.1116,13.5801,177.9707,26.6667,96.6667,198.1025,185.9467,173.7908,37249839698.7821,26763891922.0,2024.0,7.0,3.0,2.0
2024-07-02,197.28,200.43,195.93,200.0,45013711.0,198.7701,485377.0,0.1878484117647058,17.0,0.0027531302433816,0.0828370330265293,0.0001946220945309,0.0139507022952606,0.0003997996032636,185.4783,187.5337,77.7469,76.3132,62.3437,12.9894,217.0247,30.0,100.0,196.8618,185.4783,174.0949,37265393622.9543,26795489848.0,2024.0,7.0,2.0,1.0
2024-07-01,193.49,198.2957,192.82,197.2,40501333.0,196.0943,501252.0,0.1326453125,16.0,0.0024740686312244,0.07389860044655,0.0001904923960496,0.0138018982770345,0.0003997996032636,184.9683,186.674,74.1868,75.702,60.7049,12.3783,210.0372,33.3333,93.3333,194.9936,184.9683,174.943,37228508279.1055,26749889835.0,2024.0,7.0,1.0,0.0
2024-06-28,197.73,198.85,192.5,193.25,71149090.0,194.7864,605459.0,0.1661982666666666,15.0,0.0013697786645528,0.0390343566858428,0.0001861777769874,0.0136446977609409,-0.0004114488056294,184.516,185.948,77.0058,71.6324,58.2258,11.8424,220.7745,36.6667,96.6667,193.4591,184.516,175.5729,37203801497.9218,26708697824.0,2024.0,6.0,28.0,4.0
2024-06-27,195.005,199.84,194.2,197.85,73974152.0,197.3166,721913.0,0.1796371739130434,23.0,0.0019523352264586,0.0576254877853208,0.0001673348156576,0.0129357959035257,-0.0004114488056294,184.274,185.4444,75.9135,67.4487,62.6774,11.2879,310.9064,40.0,100.0,192.6324,184.274,175.9156,37262559203.6226,26785628016.0,2024.0,6.0,27.0,3.0
2024-06-26,186.92,194.8,186.26,193.61,61298487.0,192.1127,649500.0,0.2311645294117646,17.0,0.0013116773598234,0.037733826445838,0.0001536787819651,0.0123967246466615,-0.0004114488056294,183.9147,184.5889,61.9779,66.3349,59.9491,10.5781,211.9853,43.3333,100.0,190.6833,183.9147,177.146,37240662069.7467,26711230525.0,2024.0,6.0,26.0,2.0
2024-06-25,186.81,188.84,185.42,186.34,44586537.0,186.97,382026.0,0.1556831538461538,13.0,-0.0001506078195568,-0.0060806486025177,0.0001054236873579,0.0102676037787787,-0.0008192324751222,183.143,183.9667,64.4546,67.4021,54.4274,10.072,95.2117,46.6667,96.6667,189.5111,183.68,177.8489,37193701884.632,26646126632.0,2024.0,6.0,25.0,1.0
2024-06-24,189.33,191.0,185.33,185.57,48143614.0,187.3312,535288.0,-0.0693806666666666,12.0,-0.0006442414262308,-0.0207387862796836,0.0001082450027334,0.0104040858672661,-0.0012908841383431,183.0437,183.8031,72.5722,61.2273,53.7749,9.8701,104.7713,50.0,0.0,189.6322,183.718,177.8038,37214906443.2577,26600228157.0,2024.0,6.0,24.0,0.0
2024-06-21,187.8,189.275,185.86,189.08,66858255.0,188.0574,435715.0,0.0984316315789473,19.0,0.0002405017197526,0.0057446808510637,9.923733733179848e-05,0.0099617938812142,-0.0008192324751222,182.948,183.6812,65.1794,46.5363,57.396,9.6613,120.9226,53.3333,3.3333,190.0867,183.849,177.6113,37261232345.7286,26650838536.0,2024.0,6.0,21.0,4.0
2024-06-20,182.91,186.51,182.72,186.1,44205331.0,185.17,471693.0,0.204179,13.0,-0.0004274707151095,-0.0140919686374235,9.11057157576496e-05,0.0095449314171265,-0.0012908841383431,182.7683,183.3089,45.9303,34.1072,54.9038,9.5465,40.0912,56.6667,6.6667,189.941,183.813,177.685,37196629547.5295,26577906782.0,2024.0,6.0,20.0,3.0
2024-06-18,183.735,184.29,181.43,182.81,35743521.0,182.658,390303.0,0.2378324117647058,17.0,-0.0010167661245493,-0.031213566507684,7.946181057246034e-05,0.0089141354360622,-0.0012908841383431,182.6618,183.1164,28.4993,32.4151,51.901,9.5996,-24.8028,60.0,10.0,190.2331,183.9017,177.5702,37161579802.5084,26533180003.0,2024.0,6.0,18.0,1.0
2024-06-17,182.52,185.0,181.22,184.06,33513867.0,183.2666,432268.0,0.1495540909090909,11.0,-0.0003446573554186,-0.0115461038612321,8.479980536094895e-05,0.0092086809783458,-0.0008192324751222,182.5962,183.1375,27.8921,44.383,53.2021,9.8019,-13.0022,63.3333,13.3333,190.6435,184.098,177.5525,37162861591.2146,26569839160.0,2024.0,6.0,17.0,0.0
2024-06-14,183.08,183.72,182.23,183.66,24233801.0,183.1903,307332.0,0.179082,6.0,-0.0001483798568159,-0.0057384148982242,8.690728341197211e-05,0.0093224075973952,-0.0008192324751222,182.4977,183.0739,40.8539,65.214,52.8364,10.0112,-20.9269,66.6667,16.6667,190.7589,184.1697,177.5805,37144966452.7755,26534237253.0,2024.0,6.0,14.0,4.0
2024-06-13,186.09,187.67,182.666,183.83,38150065.0,184.4621,422806.0,0.2029615714285713,7.0,0.0009476226335426,0.0269832402234637,0.000120040860252,0.0109563159981817,-0.0004114488056294,182.4058,183.0335,64.403,81.9579,53.0066,10.3131,17.2503,70.0,20.0,190.7943,184.205,177.6157,37121560223.4466,26559693663.0,2024.0,6.0,13.0,3.0
2024-06-12,188.015,188.35,185.43,186.89,33518012.0,187.072,443140.0,0.2285769,20.0,0.0022553029853665,0.067942857142857,0.0001243312935016,0.0111503943204559,0.0001043824573236,182.2737,182.9786,90.385,91.5173,56.1538,10.5955,72.4658,73.3333,23.3333,190.893,184.044,177.195,37142802200.7488,26599415208.0,2024.0,6.0,12.0,2.0
2024-06-11,187.06,187.77,184.5373,187.23,26638046.0,186.2448,341751.0,0.1898750769230769,13.0,0.0012179860836877,0.0346485411140582,0.0001639824133186,0.012805561811911,0.0001043824573236,182.0668,182.7088,91.0857,92.2708,56.5142,10.6935,67.7302,76.6667,26.6667,191.1381,183.6477,176.1573,37142802200.7488,26633399424.0,2024.0,6.0,11.0,1.0
2024-06-10,184.07,187.23,183.79,187.06,32368590.0,186.3572,385151.0,0.1765319375,16.0,0.0014363658979083,0.0414207771963031,0.0001652303755752,0.0128541968078636,0.0001043824573236,181.8533,182.397,93.0813,89.7635,56.3789,10.8307,60.9408,80.0,30.0,190.8672,183.4387,176.0101,37124645985.204,26606134316.0,2024.0,6.0,10.0,0.0
2024-06-07,184.9,186.2888,183.36,184.3,27637514.0,184.8955,336057.0,0.1899874166666666,12.0,0.0020791924176205,0.0612080382334314,0.0001946206636633,0.0139506510121699,0.0001043824573236,181.7148,182.0754,92.6453,80.3444,54.1392,11.0059,33.6886,0.0,33.3333,190.6158,183.1907,175.7655,37093560827.1226,26571639818.0,2024.0,6.0,7.0,4.0
2024-06-06,181.745,185.0,181.49,185.0,31012850.0,183.7255,373997.0,0.1462295333333333,15.0,0.0016541359550761,0.0476244407950614,0.0002048443724058,0.0143123852800933,0.0001043824573236,181.5857,181.922,83.5639,63.0767,54.8294,11.2444,22.5371,3.3333,36.6667,190.9943,182.8363,174.6784,37103595285.2223,26599661291.0,2024.0,6.0,6.0,3.0
2024-06-05,180.1,181.5,178.75,181.28,31902377.0,180.7307,362018.0,0.0706075294117647,17.0,0.0004224152781659,0.0096914336638078,0.0002023645353119,0.0142254889305073,-0.0004114488056294,181.4256,181.7097,64.8241,44.5575,51.6638,11.5702,-39.2675,6.6667,40.0,190.9712,182.556,174.1408,37072224134.2223,26568290140.0,2024.0,6.0,5.0,2.0
2024-06-04,177.64,179.82,176.44,179.34,26732168.0,178.5733,329542.0,0.1119858571428571,14.0,0.0004962975783882,0.0119054336173336,0.0002040588514766,0.0142849169222879,-0.0004114488056294,181.2702,181.7393,40.8423,32.3263,49.8936,11.8043,-75.162,10.0,43.3333,190.9714,182.498,174.0246,37045246363.2623,26536173746.0,2024.0,6.0,4.0,1.0
2024-06-03,177.7,178.7,175.92,178.34,30194892.0,177.3808,415179.0,0.1564916666666666,9.0,0.0008056760663603,0.0212449178262617,0.000209997035887,0.0144912744742164,-0.0004114488056294,181.2037,181.9048,28.0061,30.4502,48.9623,11.9305,-89.59,13.3333,46.6667,191.0387,182.4277,173.8167,37025772961.2032,26508975358.0,2024.0,6.0,3.0,0.0
2024-05-31,178.3,179.21,173.87,176.44,57234811.0,175.6374,614367.0,0.0916926999999999,10.0,-0.0004069744046306,-0.0155116616449058,0.0002284792228449,0.0151155291950016,-0.0011853491652795,181.1784,182.1507,28.1304,32.3094,47.1583,11.9824,-107.9054,16.6667,50.0,191.2464,182.304,173.3616,37002959839.4765,26478188718.0,2024.0,5.0,31.0,4.0
2024-05-30,181.31,181.34,178.355,179.32,28549108.0,179.8132,392705.0,0.1940965,18.0,-0.0002504064948841,-0.0108120035304503,0.0002242883807022,0.0149762605713933,-0.0011853491652795,181.1296,182.5445,35.2141,30.8578,49.7341,12.036,-53.2683,20.0,53.3333,191.1497,182.3967,173.6436,37005165979.514,26537092657.0,2024.0,5.0,30.0,3.0
2024-05-29,181.7,184.08,181.55,182.02,31494536.0,182.6171,361201.0,0.2101966666666667,15.0,-0.0001268914037485,-0.0070914248308964,0.0002211283312192,0.0148703843668955,-0.0011853491652795,181.0429,182.7669,33.5835,25.9182,52.3241,12.3564,0.5806,23.3333,56.6667,191.1513,182.462,173.7727,37015503646.715,26566341886.0,2024.0,5.0,29.0,2.0
2024-05-28,179.93,182.24,179.49,182.15,29260373.0,181.1736,401018.0,0.1511225999999999,15.0,-0.0001575617854556,-0.0080056638710378,0.0002211916058503,0.0148725117532435,-0.0016454048908867,180.9689,182.8184,23.7758,24.4566,52.4512,12.6666,-24.4497,26.6667,60.0,191.1983,182.5053,173.8124,37035620159.545,26598351180.0,2024.0,5.0,28.0,1.0
2024-05-24,181.65,182.435,180.3,180.75,27048008.0,181.3771,333183.0,0.1732049285714285,14.0,-0.0008652518973925,-0.0289045290925697,0.0002245296951808,0.0149843149720256,-0.0018909391197095,180.9034,182.8645,20.3952,26.4311,51.2173,13.0986,-29.1829,30.0,63.3333,191.2553,182.5543,173.8534,37007652052.305,26568424217.0,2024.0,5.0,24.0,4.0
2024-05-23,183.66,184.76,180.08,181.05,32479977.0,182.1607,384702.0,0.2373928125,16.0,-0.00132487351308,-0.0423168473948691,0.0002313838138853,0.0152113054628901,-0.003075577082234,180.8369,183.0103,29.1988,29.4241,51.4941,13.5012,-16.9347,33.3333,66.6667,191.5,182.7337,173.9673,37023543141.4854,26595895857.0,2024.0,5.0,23.0,3.0
2024-05-22,183.88,185.22,181.9715,183.13,27875809.0,183.4607,344801.0,0.2102444545454545,11.0,-0.0003905668525667,-0.0151653670341491,0.0002379506226933,0.0154256482098273,-0.0018793431820958,180.7054,183.1455,29.6994,26.8138,53.4294,13.9177,6.9677,36.6667,70.0,192.0284,183.0003,173.9723,37043256020.5495,26629566030.0,2024.0,5.0,22.0,2.0
2024-05-21,182.3,183.26,180.75,183.15,50090936.0,181.8495,515567.0,0.1725113571428571,14.0,-0.0003366584515909,-0.0135724672806589,0.0002380652361109,0.0154293627901794,-0.0018793431820958,180.5456,183.1466,29.3742,26.2711,53.4481,14.2249,-13.2128,40.0,73.3333,192.1844,183.0943,174.0043,37051327620.4559,26657714814.0,2024.0,5.0,21.0,1.0
2024-05-20,184.34,186.665,183.28,183.54,29911295.0,184.4671,371966.0,0.1328186999999999,20.0,-0.0001794314509019,-0.0089097683460234,0.0002382198130664,0.0154343711587643,-0.0006579219647128,180.4052,183.1463,21.3678,26.7896,53.8025,14.663,22.9164,43.3333,76.6667,192.3153,183.1783,174.0413,37004944510.7308,26708553943.0,2024.0,5.0,20.0,0.0
2024-05-17,183.76,185.3,183.35,184.7,32700331.0,184.5338,339388.0,0.089655,15.0,5.153048571173343e-05,-0.0019992435294756,0.000236948563803,0.0153931336576766,0.000483184165352,180.2627,183.1192,28.0714,30.7011,54.8482,14.9481,21.1561,46.6667,80.0,192.3982,183.2333,174.0685,37030769094.2817,26739065711.0,2024.0,5.0,17.0,4.0
2024-05-16,185.6,187.31,183.46,183.63,38582942.0,185.2026,411898.0,0.194262909090909,11.0,0.0007961882213758,0.0201666666666664,0.000261630901654,0.0161750085519012,0.000483184165352,180.0941,183.0102,30.9295,32.6556,54.0519,15.3259,27.4237,50.0,83.3333,192.4194,183.2457,174.072,37018009226.974,26705890056.0,2024.0,5.0,16.0,3.0
2024-05-15,185.97,186.7193,182.73,185.99,75107139.0,184.7257,786170.0,0.173954875,16.0,0.0007787501974777,0.0196261169891998,0.0002621100250951,0.0161898123860383,0.000483184165352,179.8434,182.9674,33.1024,36.3504,56.1637,15.7096,35.2738,53.3333,86.6667,192.3704,183.1247,173.879,37053414141.1299,26744724506.0,2024.0,5.0,15.0,2.0
2024-05-14,183.82,187.72,183.45,187.07,38512093.0,185.9179,426678.0,0.0910209999999999,16.0,0.0012884937230431,0.0353090929215778,0.0002629656713605,0.0162162163083912,0.0010782276134649,179.5282,182.759,33.9348,46.1623,57.1515,16.1412,53.9477,56.6667,90.0,192.1923,183.0053,173.8184,37005544480.4729,26820184433.0,2024.0,5.0,14.0,1.0
2024-05-13,188.0,188.31,185.36,186.57,24513188.0,186.4324,333222.0,0.1511190555555555,18.0,0.001147587821859,0.0309443554180248,0.0002631493196649,0.0162218778094582,0.000483184165352,179.2356,182.4617,42.0139,61.5123,56.8116,16.5431,69.1523,60.0,93.3333,191.8883,182.7927,173.697,36978627965.1685,26781486278.0,2024.0,5.0,13.0,0.0
2024-05-10,189.16,189.892,186.93,187.48,33819603.0,188.0401,355958.0,0.1657636923076922,13.0,0.0014184119445168,0.0393613482647743,0.0002620256762728,0.016187207179523,0.0010782276134649,178.9561,182.1783,62.5382,77.6762,57.6158,16.839,98.4166,63.3333,96.6667,191.6133,182.606,173.5987,36983101275.3007,26806384891.0,2024.0,5.0,10.0,4.0
2024-05-09,188.88,191.7,187.44,189.5,43246564.0,189.9413,460845.0,0.2682779999999999,11.0,0.0018756811009482,0.0537730078407381,0.0002570436009764,0.0160325793613025,0.0020499922649126,178.6811,181.8127,79.9849,87.7365,59.4206,17.0442,133.7174,66.6667,100.0,191.2238,182.3693,173.5149,37004563793.0596,26840526662.0,2024.0,5.0,9.0,3.0
2024-05-08,187.44,188.43,186.385,188.0,25323433.0,187.6252,306809.0,0.1247947894736842,19.0,0.0018957584269944,0.0544026920919793,0.0002573003563884,0.0160405846647954,0.0020499922649126,178.3334,181.2825,90.5054,92.4995,58.4871,17.2236,109.204,70.0,96.6667,190.5361,182.047,173.5579,37005989044.8859,26797158285.0,2024.0,5.0,8.0,2.0
2024-05-07,188.92,189.94,187.305,188.76,33118358.0,188.7462,400690.0,0.1596416999999999,20.0,0.0017684351831349,0.0503589115797671,0.0002592785068917,0.0161021274026671,0.0020499922649126,178.0724,180.8193,92.7191,90.1626,59.1536,17.5802,141.247,73.3333,100.0,190.0179,181.7237,173.4294,36990844020.5583,26823294635.0,2024.0,5.0,7.0,1.0
2024-05-06,186.28,188.745,184.8,188.7,33541815.0,187.0004,394601.0,0.1908932631578947,19.0,0.0019143746170225,0.054956113378431,0.0002594727965364,0.01610815931559,0.0028251883479166,177.8339,180.2716,94.274,82.9918,59.1181,17.8918,129.0461,76.6667,43.3333,189.3194,181.422,173.5246,36987290529.8372,26789245733.0,2024.0,5.0,6.0,0.0
2024-05-03,186.99,187.87,185.42,186.21,38922939.0,186.4292,413882.0,0.1329680999999999,20.0,0.0016033592394953,0.045242772944148,0.0002551509879558,0.0159734463393432,0.0028251883479166,177.5196,179.6904,83.4946,74.1052,57.639,18.2769,120.2677,80.0,46.6667,188.5607,181.0943,173.628,36953357446.8904,26754520438.0,2024.0,5.0,3.0,4.0
2024-05-02,180.85,185.1,179.91,184.72,53548619.0,183.1725,529375.0,0.0359607857142857,14.0,0.0013344838244527,0.0368790345214706,0.0002537720820645,0.0159302254241613,0.0020499922649126,177.2582,179.2407,71.2069,71.521,56.7335,18.7212,54.9084,83.3333,50.0,188.1143,180.8257,173.5371,36967267505.4537,26715348434.0,2024.0,5.0,2.0,3.0
2024-05-01,181.635,185.15,176.56,179.0,93365237.0,180.4115,964449.0,0.1842571707317073,41.0,0.0006956855399187,0.0176236498010236,0.0002264848572994,0.0150494138523533,0.0020499922649126,176.9987,178.8629,67.614,73.2609,53.0058,19.33,-10.9147,86.6667,53.3333,187.8084,180.6067,173.405,36920915954.5288,26661044924.0,2024.0,5.0,1.0,2.0
2024-04-30,181.09,182.99,174.8,175.0,92358467.0,178.7844,852770.0,0.1471838214285714,28.0,0.0002050630644269,0.0029802842732684,0.0002117196411907,0.0145505890324314,0.0020499922649126,176.8539,178.8534,75.7423,70.6572,50.0995,19.9597,-65.2514,90.0,56.6667,187.8811,180.5033,173.1256,36961792962.5708,26566399776.0,2024.0,4.0,30.0,1.0
2024-04-29,182.75,183.53,179.39,180.96,53420432.0,180.6596,592772.0,0.1961313548387097,31.0,0.0013143781510026,0.0374957000343993,0.000173879905962,0.0131863530197732,0.0020499922649126,176.8007,179.1192,76.4266,61.2421,54.9985,20.5673,18.2119,93.3333,60.0,187.9176,180.486,173.0544,37051810536.8003,26661039562.0,2024.0,4.0,29.0,0.0
2024-04-26,177.795,180.82,176.13,179.62,42991451.0,178.9583,478122.0,0.1408348148148148,27.0,0.0002582458187986,0.0048671328671334,0.0001932453664451,0.0139012721160762,0.0010782276134649,176.4394,178.9922,59.8028,49.4641,54.0213,21.1008,-29.3171,96.6667,63.3333,188.0085,180.268,172.5275,37064869458.781,26606975625.0,2024.0,4.0,26.0,4.0
2024-04-25,169.68,173.92,166.32,173.67,47859606.0,171.9888,618220.0,0.2169544799999999,25.0,-0.0004693539269024,-0.0163405171193118,0.000159118120017,0.0126142031067002,0.0010782276134649,176.0324,178.9489,47.497,40.1837,49.2956,21.8013,-185.8976,100.0,66.6667,187.9955,180.239,172.4825,37043424626.83,26563055860.0,2024.0,4.0,25.0,3.0
2024-04-24,179.94,180.323,176.18,176.59,32338288.0,177.2697,405260.0,0.2127445714285714,14.0,0.0003032399927068,0.0068418952049713,0.000151603080575,0.0123127202751886,0.0020499922649126,175.7879,179.313,41.0924,29.5464,51.8224,22.1493,-59.326,0.0,70.0,187.8306,180.3352,172.8397,36997415328.2774,26612305250.0,2024.0,4.0,24.0,2.0
2024-04-23,178.08,179.93,175.975,179.54,35883580.0,178.5015,379352.0,0.14224715,20.0,0.0015158192626612,0.0440800186089787,0.0001536602952953,0.012395978997051,0.0028251883479166,175.5324,179.5008,31.9616,18.9771,54.5533,22.6758,-38.9228,0.0,73.3333,187.8824,180.2952,172.7079,37024834376.6015,26646490359.0,2024.0,4.0,23.0,1.0
2024-04-22,176.94,178.87,174.56,177.23,37276971.0,176.7175,396237.0,0.0972278260869565,23.0,0.000436930136568,0.0107214143142282,0.0001625628586499,0.0127500140646974,0.0020499922649126,175.1921,179.498,15.5851,12.1527,52.6651,23.2466,-65.1583,3.3333,76.6667,188.1971,180.0425,171.8879,36995094124.307,26609443840.0,2024.0,4.0,22.0,0.0
2024-04-19,178.74,179.0,173.44,174.63,55099718.0,175.546,569799.0,0.1076848124999999,16.0,-0.0003364752250858,-0.0123854767560238,0.0001575553469855,0.0125521052810084,0.0010782276134649,174.8674,179.6545,9.3846,11.643,50.4241,23.9077,-88.2267,6.6667,80.0,188.2481,179.9798,171.7116,36986030867.532,26571518950.0,2024.0,4.0,19.0,4.0
2024-04-18,181.47,182.39,178.65,179.22,30438610.0,180.2708,383853.0,0.2868735333333334,15.0,0.0011531144813598,0.0329087660653557,0.0001466055072691,0.0121080761175822,0.0020499922649126,174.5714,180.001,11.4884,16.9845,54.8561,24.5916,-0.483,10.0,83.3333,188.1681,180.0528,171.9376,37018060061.4565,26627519679.0,2024.0,4.0,18.0,3.0
2024-04-17,184.31,184.57,179.82,181.28,30588798.0,182.0551,395747.0,0.133538625,16.0,0.0014151246589455,0.0411210659315408,0.0001420373057073,0.0119179404977276,0.0020499922649126,174.1847,180.0548,14.0561,30.1419,57.0309,24.9,37.7104,13.3333,86.6667,188.3081,179.8625,171.4169,37039418848.034,26658243472.0,2024.0,4.0,17.0,2.0
2024-04-16,183.27,184.83,182.26,183.32,32189090.0,183.7052,400832.0,0.0225363076923076,13.0,0.0011365881888244,0.0323234598490815,0.0001512746811349,0.0122993772661447,0.0020499922649126,173.7431,179.9703,25.4091,49.9637,59.2806,25.1203,71.0043,16.6667,90.0,188.2973,179.6238,170.9504,37051500574.6846,26689603145.0,2024.0,4.0,16.0,1.0
2024-04-15,187.425,188.69,183.0,183.62,45883331.0,185.5439,507779.0,0.1973779230769231,13.0,0.0010713462465905,0.0302996296711923,0.0001517596121353,0.0123190751331155,0.0020499922649126,173.2767,179.7393,50.9606,69.2366,59.6149,25.1337,108.3849,20.0,93.3333,188.0242,179.4325,170.8408,37057259745.599,26722494410.0,2024.0,4.0,15.0,0.0
2024-04-12,187.72,188.38,185.08,186.13,38474349.0,186.5585,420405.0,0.25494615,20.0,0.0017961791065691,0.0530097307083041,0.0001458935857625,0.0120786417184442,0.0028251883479166,172.7747,179.4717,73.5214,78.4003,62.4639,25.0804,149.0066,23.3333,96.6667,187.711,179.2525,170.794,37094840265.4144,26770546805.0,2024.0,4.0,12.0,4.0
2024-04-11,186.74,189.77,185.51,189.05,40020742.0,187.97,445674.0,0.1519618421052631,19.0,0.0030040347762073,0.0917648417648411,0.0001465508496146,0.012105818832887,0.0031646583441826,172.2011,179.0125,83.2278,80.4588,66.0115,24.8314,200.326,26.6667,100.0,187.0444,178.9402,170.836,37108879846.869,26809155654.0,2024.0,4.0,11.0,3.0
2024-04-10,182.765,186.2699,182.67,185.95,35879151.0,185.0344,448182.0,0.1866059375,16.0,0.0023753399409421,0.0715108908608961,0.0001408284211031,0.0118671151129118,0.0028251883479166,171.6029,178.3203,78.4517,73.315,63.9078,24.5331,151.7149,30.0,96.6667,185.8525,178.4105,170.9685,37082387243.0098,26769134912.0,2024.0,4.0,10.0,2.0
2024-04-09,187.24,187.34,184.2,185.67,36529846.0,185.5047,400970.0,0.0977343478260869,23.0,0.002098054622261,0.0626108853659925,0.0001435391208643,0.0119807813127665,0.0028251883479166,171.0807,177.7941,79.6969,69.2288,63.7117,24.3981,183.3459,33.3333,100.0,185.0878,177.9968,170.9059,37052884791.5875,26733255761.0,2024.0,4.0,9.0,1.0
2024-04-08,186.9,187.29,184.81,185.19,39221282.0,185.8041,427793.0,0.2351315882352941,17.0,0.0019621302289851,0.05828904508829,0.0001439406485126,0.0119975267664909,0.001853423696469,170.5726,177.2509,61.7964,61.9059,63.382,24.1121,205.8813,36.6667,100.0,184.2142,177.6322,171.0502,37055199272.734,26696918407.0,2024.0,4.0,8.0,0.0
2024-04-05,182.38,186.27,181.97,185.07,42373992.0,184.7021,465500.0,0.0781187058823529,17.0,0.0020187999030006,0.0600870661015005,0.0001438848836664,0.011995202527113,0.002703468806702,170.0482,176.7034,66.1931,65.0617,63.3015,23.7572,196.3008,40.0,100.0,183.3067,177.2922,171.2776,37082198478.234,26657989320.0,2024.0,4.0,5.0,4.0
2024-04-04,184.0,185.1,180.0,180.0,41624261.0,182.5315,465372.0,0.1840329333333333,15.0,0.0022642438136056,0.0676789845186545,0.0001584675916957,0.0125883911480261,0.002703468806702,169.4866,176.1264,57.7281,64.941,59.6775,23.4382,139.7162,0.0,100.0,182.2905,176.9425,171.5945,37063608473.9317,26615917205.0,2024.0,4.0,4.0,3.0
2024-04-03,179.9,182.87,179.8,182.41,31024438.0,182.085,350781.0,0.1654442799999999,25.0,0.0030058965383119,0.0917524539142924,0.0001514630165495,0.0123070311834163,0.0031646583441826,168.9716,175.8592,71.2637,68.3776,62.5141,23.1641,148.1199,0.0,93.3333,182.5686,176.5622,170.5557,37104805560.9317,26657114292.0,2024.0,4.0,3.0,2.0
2024-04-02,179.07,180.79,178.3762,180.69,32605246.0,180.0752,355847.0,0.1988163157894737,19.0,0.002210746430291,0.0659548109256087,0.0001594407691946,0.0126269857525311,0.002703468806702,168.3521,175.4075,65.8312,66.1096,61.2432,22.9909,107.8757,3.3333,96.6667,182.5674,176.0512,169.5349,37083537509.5148,26626745493.0,2024.0,4.0,2.0,1.0
2024-04-01,180.79,183.0,179.95,180.97,29174521.0,180.9175,370612.0,0.2002367333333333,15.0,0.002205390634747,0.0657832744405177,0.0001594818548223,0.0126286125454185,0.002703468806702,167.7501,175.0431,68.038,66.2159,61.5717,22.9203,150.322,6.6667,100.0,182.3674,175.6785,168.9896,37054253351.5588,26658675252.0,2024.0,4.0,1.0,0.0
2024-03-28,180.17,181.7,179.26,180.38,37970288.0,180.4856,364799.0,0.2067211428571428,14.0,0.0018663151488152,0.0549771903146558,0.0001620934905601,0.012731594187695,0.0013462453876723,167.2084,174.6344,64.4597,65.7799,61.1472,22.7044,138.074,10.0,100.0,182.019,175.3062,168.5934,37063649496.1358,26630300756.0,2024.0,3.0,28.0,3.0
2024-03-27,179.88,180.0,177.3099,179.83,32672551.0,179.1032,341920.0,0.1610794545454545,11.0,0.0022268907317776,0.0663543643263755,0.000166723623513,0.0129121502281,0.0013462453876723,166.7009,174.2381,66.1499,67.0504,60.7565,22.5474,109.055,13.3333,86.6667,181.6058,174.9928,168.3798,37066768478.7588,26592249168.0,2024.0,3.0,27.0,2.0
2024-03-26,180.15,180.45,177.95,178.3,29658982.0,179.1228,326743.0,0.1428876923076923,13.0,0.0012252163318291,0.0345828014390159,0.000183091236322,0.0135311210297618,0.0001719986240109,166.2361,173.8525,66.7302,67.6057,59.666,22.4744,108.4796,16.6667,90.0,181.3605,174.6198,167.8792,37037701223.9708,26558976617.0,2024.0,3.0,26.0,1.0
2024-03-25,178.01,180.99,177.24,179.71,29815464.0,179.6492,352597.0,0.1493881111111111,18.0,0.0010835769272997,0.0301519059902546,0.0001862427022421,0.0136470766921784,0.0001719986240109,165.8207,173.5458,68.2711,64.8382,61.1805,22.3423,126.2967,20.0,93.3333,181.0669,174.4212,167.7754,37059055691.0108,26588635599.0,2024.0,3.0,25.0,0.0
2024-03-22,177.752,179.255,176.75,178.87,27995378.0,178.5495,295011.0,0.0668847142857143,21.0,0.0018318117790829,0.0531676872350443,0.0002078846118743,0.0144182041834034,0.0001719986240109,165.3812,173.1207,67.8158,58.7203,60.6047,22.2057,108.9582,23.3333,96.6667,180.5951,174.2458,167.8965,37049594250.4348,26558820135.0,2024.0,3.0,22.0,4.0
2024-03-21,179.988,181.415,178.15,178.15,32824320.0,179.3211,377254.0,0.1830139999999999,23.0,0.0015622202154844,0.0446842197853751,0.0002088008734879,0.0144499437191972,-0.0007428995942625,164.9569,172.7242,58.4279,48.261,60.1144,22.1519,139.294,26.6667,100.0,180.2447,173.9448,167.645,37030204238.1274,26530824757.0,2024.0,3.0,21.0,3.0
2024-03-20,176.14,178.53,174.64,178.15,29947150.0,176.6897,355615.0,0.2313487692307692,13.0,0.0018341681906544,0.0532072125332541,0.000210095903574,0.0144946853561572,-0.0005709009702515,164.5447,172.35,49.9172,46.5668,60.1144,21.9785,92.1798,30.0,60.0,179.9059,173.6908,167.4758,37063028558.1274,26530824757.0,2024.0,3.0,20.0,2.0
2024-03-19,174.215,176.09,173.52,175.9,26862093.0,175.3683,318060.0,0.1492686666666666,15.0,0.0011807525946396,0.032822500146791,0.000208158311497,0.0144276925215721,-0.0015968454128726,164.1396,171.95,36.4379,51.7541,58.6102,21.945,46.867,33.3333,63.3333,179.5848,173.3908,167.1969,37038932265.1968,26500877607.0,2024.0,3.0,19.0,1.0
2024-03-18,175.8,176.69,174.28,174.48,31251524.0,175.088,358833.0,0.226809,11.0,0.0006184511591666,0.0155404225598041,0.0002095029483364,0.0144742166743643,-0.0019487942685352,163.7432,171.6775,53.3452,63.3221,57.6356,22.043,49.4402,36.6667,66.6667,179.4216,173.2045,166.9874,37016025978.9439,26473996714.0,2024.0,3.0,18.0,0.0
2024-03-15,176.64,177.93,173.9,174.42,71805390.0,175.0471,465349.0,0.1273473999999999,20.0,0.0032292012257862,0.0950527373179306,0.0004057343486031,0.0201428485722131,-0.0019487942685352,163.3984,171.4843,65.4793,59.9628,57.5948,22.0817,58.8363,0.0,70.0,179.3335,173.1155,166.8975,37042089830.7613,26442746026.0,2024.0,3.0,15.0,4.0
2024-03-14,177.69,179.53,176.465,178.75,43705840.0,178.4157,461845.0,0.1262928461538461,13.0,0.0049129490930392,0.1517396907216495,0.0003955017636761,0.019887226143334,-0.0015968454128726,163.0592,171.2818,71.1419,48.2103,61.7416,22.1218,119.8347,0.0,73.3333,180.5443,172.6108,164.6773,37095618539.471,26514893416.0,2024.0,3.0,14.0,3.0
2024-03-13,175.9,177.62,175.55,176.555,30705600.0,176.729,362922.0,0.2329968181818182,22.0,0.003701890507118,0.1104088050314457,0.0004198220292471,0.0204895590300794,-0.0019487942685352,162.5796,170.7667,43.2673,34.3653,60.3424,21.9525,88.4004,3.3333,76.6667,181.6171,171.8258,162.0346,37074245016.0795,26471365277.0,2024.0,3.0,13.0,2.0
2024-03-12,173.5,176.76,171.98,175.39,36590204.0,175.3072,416721.0,0.2286685,10.0,0.0030133246844682,0.0876224730249277,0.0004295222071695,0.0207249175431293,-0.0028465139679585,162.094,170.3676,30.2217,30.0735,59.584,21.8724,60.2732,6.6667,80.0,181.892,171.2407,160.5894,37075131861.094,26440769124.0,2024.0,3.0,12.0,1.0
2024-03-11,174.31,174.47,171.47,171.96,28484777.0,172.4231,409871.0,0.1034368181818182,11.0,0.0027967403559837,0.0806938159879333,0.0004235476410815,0.0205802731051249,-0.0028465139679585,161.6515,170.0212,29.6069,29.3668,57.2578,21.8331,31.3542,10.0,83.3333,181.8849,170.7697,159.6544,37060063037.4789,26405460802.0,2024.0,3.0,11.0,0.0
2024-03-08,176.44,178.785,174.33,175.35,37772242.0,176.2118,443160.0,0.1272527272727272,11.0,0.0037306533766709,0.1115689381933437,0.0004075071907219,0.0201868073434587,-0.0019487942685352,161.2435,169.8875,30.3919,30.6125,60.5896,21.9117,88.082,0.0,86.6667,182.2043,170.3417,158.479,37079108394.0323,26433745985.0,2024.0,3.0,8.0,4.0
2024-03-07,174.83,177.99,173.72,176.82,33934783.0,176.4308,379857.0,0.1789428181818182,11.0,0.0041947627014009,0.1271753681392231,0.0004025740730553,0.0200642486292251,-0.0015968454128726,160.7525,169.5107,28.1016,40.8324,62.1044,21.7567,91.6245,3.3333,90.0,182.2906,169.755,157.2194,37099649848.4498,26471639227.0,2024.0,3.0,7.0,3.0
2024-03-06,175.54,176.46,173.26,173.51,32090926.0,174.3209,389497.0,0.1965653846153846,13.0,0.0037404730083548,0.1121010126906809,0.0003950376368951,0.0198755537506542,-0.0015968454128726,160.2625,169.0067,33.344,59.2824,59.9235,21.636,70.9819,0.0,93.3333,182.1611,169.09,156.0189,37084253563.6278,26437575944.0,2024.0,3.0,6.0,2.0
2024-03-05,176.93,176.93,173.303,174.12,37215693.0,174.4671,448859.0,0.1315699444444444,18.0,0.0041242964088291,0.1249515441271482,0.0003937492455735,0.0198431158232155,0.0004313471693988,159.8187,168.6961,61.0517,71.8457,60.5442,21.5884,77.0223,0.0,96.6667,182.2789,168.507,154.7351,37111330282.4403,26469666870.0,2024.0,3.0,5.0,1.0
2024-03-04,177.53,180.14,177.49,177.58,37381520.0,178.5391,443556.0,0.0795020769230769,13.0,0.0046536024305693,0.1431698210377234,0.0003768818132737,0.0194134441373428,0.0004313471693988,159.3253,168.322,83.4517,72.6355,64.1901,21.5357,118.5988,0.0,100.0,182.3166,167.8623,153.408,37131786882.2746,26506895213.0,2024.0,3.0,4.0,0.0
2024-03-01,176.75,178.725,176.07,178.22,31966152.0,177.8613,406699.0,0.141608,21.0,0.0051728703607136,0.1610423452768739,0.0003761389645,0.0193943023720909,0.0038982565060021,158.8137,167.6835,71.0337,65.277,64.8887,21.1283,113.4708,0.0,100.0,181.7854,167.121,152.4566,37166629280.1614,26544276733.0,2024.0,3.0,1.0,4.0
2024-02-29,173.01,177.22,172.85,176.76,53805359.0,175.7037,446966.0,0.1229063333333333,15.0,0.0052908383416023,0.1651176586909242,0.0003772708561038,0.0194234614861466,0.0038982565060021,158.2573,166.9569,63.4212,68.9679,64.0252,20.771,95.6173,0.0,100.0,181.151,166.297,151.443,37146814216.1162,26512295581.0,2024.0,2.0,29.0,3.0
2024-02-28,172.44,174.05,172.27,173.16,28180482.0,173.319,328701.0,0.0952736470588235,17.0,0.0042822635213273,0.1305823974928186,0.0003755061576738,0.0193779812589925,0.0004313471693988,157.7618,166.2808,61.3762,78.3332,61.7852,20.4712,75.426,3.3333,93.3333,180.6813,165.462,150.2427,37104336301.1162,26458490222.0,2024.0,2.0,28.0,2.0
2024-02-27,174.075,174.62,172.86,173.54,31141732.0,173.7541,357527.0,0.0777932727272727,11.0,0.0040405032778605,0.1223645065321437,0.0003803304755724,0.0195020633670502,0.0004313471693988,157.3107,165.8064,82.1062,84.7724,62.1802,20.3168,83.9702,6.6667,96.6667,180.3558,164.7953,149.2349,37104336301.1162,26486670704.0,2024.0,2.0,27.0,1.0
2024-02-26,175.7,176.37,174.26,174.73,44368614.0,174.9955,428536.0,0.2431769333333333,15.0,0.0041472297837743,0.1259827297332139,0.0003783446204754,0.0194510827584339,0.0004313471693988,156.857,165.273,91.5171,76.756,63.4076,20.1068,102.2472,10.0,100.0,179.7898,164.1647,148.5395,37111413967.4798,26517812436.0,2024.0,2.0,26.0,0.0
2024-02-23,174.28,175.75,173.7,174.99,59715243.0,174.7441,467172.0,0.0717810588235294,17.0,0.0045111604651099,0.1382944122812726,0.0003780854770154,0.0194444202026033,0.0038982565060021,156.3953,164.6208,80.6939,59.0952,63.673,19.7699,106.6892,13.3333,100.0,178.9508,163.513,148.0752,37136016469.0817,26562181050.0,2024.0,2.0,23.0,4.0
2024-02-22,173.1,174.8,171.77,174.58,55392354.0,173.5407,547144.0,0.1991942142857143,14.0,0.0049525752180925,0.1533328929114088,0.0003818267733715,0.0195403882605111,0.0055288800170905,155.941,163.9057,58.0571,43.921,63.4397,19.4501,104.6196,0.0,76.6667,178.02,162.8043,147.5887,37120577894.0622,26502465807.0,2024.0,2.0,22.0,3.0
2024-02-21,168.94,170.23,167.14,168.59,44137123.0,168.5492,466025.0,0.1875622916666667,24.0,0.0042757317993275,0.130717639168344,0.0003537199309904,0.0188074434995954,0.0055288800170905,155.477,163.1696,38.5346,39.5986,59.7928,19.1632,65.0117,0.0,80.0,177.1325,162.0307,146.9289,37073229314.2404,26447073453.0,2024.0,2.0,21.0,2.0
2024-02-20,167.83,168.71,165.74,167.08,41978976.0,166.9099,478319.0,0.1441208260869565,23.0,0.0048603689276162,0.1503717984026438,0.0003692000620199,0.0192145794130381,0.0055288800170905,155.1123,162.7957,35.1713,40.7809,58.7911,19.0931,56.7594,0.0,83.3333,176.9673,161.381,145.7947,37075970210.153,26402497830.0,2024.0,2.0,20.0,1.0
2024-02-16,168.74,170.42,167.17,169.51,48097744.0,169.1822,468194.0,0.1336402105263157,19.0,0.0054926979470792,0.1725115860828663,0.0003565192908636,0.0188817184298373,0.0055288800170905,154.726,162.5003,45.0899,45.149,61.1614,19.1024,79.4439,0.0,86.6667,177.1218,160.653,144.1842,37080069299.2237,26444478156.0,2024.0,2.0,16.0,4.0
2024-02-15,170.58,171.17,167.59,169.8,49844196.0,169.4354,521439.0,0.1542205384615384,13.0,0.0046740299044619,0.1436653869468578,0.000387745379581,0.0196912513462472,0.0055288800170905,154.3363,162.0168,42.0816,50.4625,61.4473,18.9966,91.0246,3.3333,90.0,176.9239,159.8217,142.7195,37058901891.8637,26492585900.0,2024.0,2.0,15.0,3.0
2024-02-14,169.21,171.21,168.28,170.98,42797544.0,170.0337,457092.0,0.1644693684210526,19.0,0.0045794803811093,0.1403988527979731,0.0003901935295824,0.0197533169260873,0.0055288800170905,153.926,161.4801,48.2756,58.842,62.5979,18.8531,105.158,6.6667,93.3333,176.2678,159.1107,141.9535,37047204024.6458,26542441096.0,2024.0,2.0,14.0,2.0
2024-02-13,167.73,170.95,165.75,168.64,56289922.0,168.877,572687.0,0.113152652173913,23.0,0.0036759931237054,0.1099118072923523,0.0003970678642358,0.0199265617765799,0.005041226315627,153.4568,160.8249,61.0302,68.2385,61.2053,18.6496,99.0017,10.0,96.6667,175.2866,158.409,141.5314,37011110374.9257,26499625552.0,2024.0,2.0,13.0,1.0
2024-02-12,174.8,175.39,171.54,172.34,50922340.0,173.2976,512027.0,0.1609660909090909,22.0,0.0040786845176527,0.1236145520928417,0.0003815190179097,0.019532511817729,0.005041226315627,153.0328,160.2859,67.2202,72.1109,64.8985,18.4514,155.8995,13.3333,100.0,174.4426,157.8523,141.2621,37004825726.7026,26555970674.0,2024.0,2.0,12.0,0.0
2024-02-09,170.9,175.0,170.5803,174.45,56985986.0,173.3948,549269.0,0.2029248095238095,21.0,0.0044905516652784,0.1376679274814141,0.0003731154724918,0.0193161971539915,0.005041226315627,152.5905,159.4546,76.4652,78.261,67.1316,17.758,180.9091,16.6667,100.0,172.9785,157.2203,141.4621,37034660399.4299,26607021114.0,2024.0,2.0,9.0,4.0
2024-02-08,169.65,171.43,168.88,169.84,42309954.0,170.2667,399951.0,0.1020786428571428,14.0,0.0035705687590682,0.1070986246007434,0.0003559800736659,0.018867434209927,0.002447645685064,152.0595,158.4204,72.6472,82.1929,64.5558,17.0564,168.8724,20.0,86.6667,170.9654,156.5167,142.0679,36991857408.7916,26550035128.0,2024.0,2.0,8.0,3.0
2024-02-07,169.48,170.88,168.94,170.53,47171760.0,170.181,452956.0,0.2119052105263158,19.0,0.0037032697033376,0.1115239212618959,0.0003544692431741,0.0188273535892356,0.002447645685064,151.6215,157.6329,85.6708,85.5677,65.2962,16.4817,194.9748,23.3333,90.0,169.5773,155.969,142.3607,37002312062.1328,26592351582.0,2024.0,2.0,7.0,2.0
2024-02-06,169.39,170.71,167.65,169.15,42505518.0,168.8813,406692.0,0.2539555,16.0,0.003340318088022,0.0995189807592304,0.0003550555035802,0.018842916535935,9.78388367158245e-05,151.1227,156.7434,88.2608,75.8715,64.5093,15.9116,215.0024,26.6667,93.3333,167.9079,155.3987,142.8895,36972159570.174,26545177522.0,2024.0,2.0,6.0,1.0
2024-02-05,170.2,170.55,167.7,170.31,54876149.0,169.5257,572534.0,0.1625643571428571,28.0,0.0039442504932483,0.1195766500131476,0.0003533712479912,0.018798171400198,0.002447645685064,150.6715,155.8878,82.7717,61.5206,65.7202,15.3291,259.0699,30.0,96.6667,166.3142,154.8883,143.4625,36972993011.7034,26587683040.0,2024.0,2.0,5.0,0.0
2024-02-02,169.19,172.5,167.33,171.81,117018313.0,170.9334,1134750.0,0.1529976666666667,39.0,0.0038733041915854,0.1171727680603416,0.000355315679856,0.0188498190934576,0.002447645685064,150.2115,154.8932,56.5822,52.888,67.2992,14.7333,332.2476,33.3333,100.0,164.2012,154.282,144.3628,36927188564.7245,26642764337.0,2024.0,2.0,2.0,4.0
2024-02-01,155.87,159.76,155.62,159.28,76222119.0,160.6995,742977.0,0.1435186666666666,30.0,0.0011905090251189,0.0338157980138902,0.0001627303427509,0.0127565803705748,9.78388367158245e-05,149.677,153.7265,45.2081,60.4838,59.4275,14.117,114.3591,36.6667,93.3333,161.1657,153.6813,146.197,36841258698.9082,26525546024.0,2024.0,2.0,1.0,3.0
2024-01-31,157.0,159.01,154.81,155.2,50155866.0,156.2675,532780.0,0.1502462608695652,23.0,0.0012255137351101,0.0348736413949457,0.0001645229842908,0.0128266513280283,9.78388367158245e-05,149.3323,153.3435,56.8737,74.6323,56.1013,14.1226,75.7484,40.0,96.6667,160.7004,153.5077,146.3149,36782465246.6328,26449003605.0,2024.0,1.0,31.0,2.0
2024-01-30,160.7,161.73,158.49,159.0,45198365.0,159.4988,458713.0,0.1593948260869565,23.0,0.0025987433473334,0.0785510785510787,0.0001502055401256,0.0122558369818477,0.002447645685064,149.0468,153.2155,79.3697,82.2137,60.5722,14.1759,169.1839,43.3333,100.0,160.6066,153.3333,146.06,36823411091.59,26499287976.0,2024.0,1.0,30.0,1.0
2024-01-29,159.34,161.29,158.9,161.26,45270385.0,160.2769,447373.0,0.1564857555555555,45.0,0.00274788296849,0.0834453104004309,0.0001458951504654,0.0120787064897469,0.002447645685064,148.6802,152.8165,87.6535,83.3003,63.4806,13.9121,195.0575,46.6667,100.0,160.2058,152.9473,145.6889,36854386552.8863,26544495406.0,2024.0,1.0,29.0,0.0
2024-01-26,158.42,160.72,157.91,159.12,49312353.0,159.1859,426673.0,0.154739304347826,23.0,0.0026069703030476,0.0789259560618393,0.0001434551482596,0.0119772763289323,0.002447645685064,148.2107,152.2342,79.6179,79.5566,61.8018,13.6652,173.4907,50.0,100.0,159.2442,152.5333,145.8225,36810252662.9072,26499225021.0,2024.0,1.0,26.0,4.0
2024-01-25,156.95,158.505,154.5501,157.75,43626052.0,157.1522,455333.0,0.0852561666666666,24.0,0.0026807701255264,0.0812941257111521,0.0001445101543152,0.012021237636587,0.002447645685064,147.7705,151.7593,82.6295,79.6961,60.6832,13.4427,121.9182,0.0,96.6667,158.6302,152.1453,145.6604,36817337526.8467,26448177668.0,2024.0,1.0,25.0,3.0
2024-01-24,157.8,158.51,156.48,156.87,48403865.0,157.4001,435420.0,0.1516639,20.0,0.002147828427926,0.0641025641025645,0.0001496249921135,0.0122321295003586,9.78388367158245e-05,147.2703,151.3462,76.4224,74.8178,59.9551,13.3443,133.3213,3.3333,100.0,158.266,151.75,145.234,36790360360.9055,26404539076.0,2024.0,1.0,24.0,2.0
2024-01-23,154.85,156.21,153.93,156.02,37986039.0,155.3239,353578.0,0.1244038928571428,28.0,0.0020887767980445,0.0622276688453165,0.0001493363545466,0.0122203254681149,9.78388367158245e-05,146.6487,150.9652,80.0363,67.1848,59.2505,13.0742,95.8352,6.6667,76.6667,157.8432,151.435,145.0268,36819693319.6494,26356902351.0,2024.0,1.0,23.0,1.0
2024-01-22,156.89,157.05,153.9,154.78,43687468.0,154.9418,427992.0,0.1841964666666666,15.0,0.0023660617565822,0.0709936340990871,0.0001548505686087,0.0124438968417736,9.78388367158245e-05,146.0715,150.6166,67.9946,54.8935,58.2137,12.9329,97.4685,10.0,80.0,157.5067,151.1303,144.754,36788038287.1494,26318916312.0,2024.0,1.0,22.0,0.0
2024-01-19,153.83,155.76,152.74,155.34,51621628.0,154.6116,408184.0,0.0854222083333333,24.0,0.0019506436688286,0.0575980392156867,0.0001648161324196,0.0128380735478364,9.78388367158245e-05,145.6345,150.3295,53.5233,49.6619,58.8676,12.7867,88.4021,0.0,83.3333,157.4396,150.7883,144.137,36807316249.2192,26362603780.0,2024.0,1.0,19.0,4.0
2024-01-18,152.77,153.775,151.82,153.5,37850245.0,153.1334,344845.0,0.118009375,16.0,0.0020205615474358,0.05979011322839,0.0001663613365901,0.0128981136834112,9.78388367158245e-05,145.1548,149.984,43.1627,55.861,57.3458,12.7135,58.5336,0.0,86.6667,157.0787,150.5063,143.934,36770031299.206,26310952152.0,2024.0,1.0,18.0,3.0
2024-01-17,151.49,152.15,149.91,151.71,34953363.0,151.2287,354674.0,0.214223,19.0,0.0011307700103339,0.0318302387267903,0.0001719202418193,0.0131118359438833,-0.000260737071229,144.6827,149.7415,52.2997,69.7471,55.8082,12.7623,24.1377,3.3333,90.0,156.9962,150.2177,143.4391,36742829460.7277,26273101907.0,2024.0,1.0,17.0,2.0
2024-01-16,153.53,154.99,152.15,153.16,41360986.0,153.1344,396069.0,0.1919146923076923,13.0,0.0016608237962662,0.0483948251078112,0.0001688329817785,0.012993574634354,9.78388367158245e-05,144.2942,149.6057,72.1207,82.6654,57.4293,12.919,72.5966,6.6667,93.3333,156.9107,150.0617,143.2126,36721607776.0491,26308055270.0,2024.0,1.0,16.0,1.0
2024-01-12,155.39,156.2,154.01,154.62,40455355.0,154.8237,351913.0,0.2548048181818181,11.0,0.0019231773626749,0.0567249863313288,0.0001650030387992,0.0128453508632216,9.78388367158245e-05,143.877,149.3606,84.8209,86.3509,59.1001,12.9,109.4656,10.0,96.6667,156.7188,149.826,142.9332,36733556861.0914,26349439906.0,2024.0,1.0,12.0,4.0
2024-01-11,155.04,157.17,153.12,155.18,49072691.0,155.0181,468131.0,0.1133749047619047,21.0,0.0018825028956562,0.0554308644494321,0.0001655010300955,0.0128647203660066,9.78388367158245e-05,143.4912,148.9979,91.0546,76.775,59.7446,12.7218,124.0655,13.3333,100.0,156.3154,149.5493,142.7833,36751488199.1507,26389924061.0,2024.0,1.0,11.0,3.0
2024-01-10,152.06,154.42,151.881,153.73,44421830.0,153.4523,430517.0,0.1230741999999999,25.0,0.0014101530519118,0.0406146348067424,0.0001648392248657,0.0128389728898285,-0.000260737071229,143.114,148.5715,83.1773,55.0792,58.615,12.5375,94.6863,16.6667,56.6667,155.7663,149.2777,142.789,36750640029.1828,26340851370.0,2024.0,1.0,10.0,2.0
2024-01-09,148.33,151.71,148.21,151.37,43812567.0,150.6311,403026.0,0.2812426666666666,12.0,0.0011153427375737,0.0315524056153742,0.0001589984231616,0.0126094576870568,-0.000260737071229,142.715,148.2158,56.093,29.5144,56.7035,12.5144,33.9036,20.0,60.0,155.372,149.0777,142.7833,36730362399.813,26296429540.0,2024.0,1.0,9.0,1.0
2024-01-08,146.74,149.4,146.15,149.1,46757053.0,148.3238,410733.0,0.1595708461538461,13.0,0.0006146695247953,0.0162906414014045,0.000152139623617,0.0123344891915723,-0.000260737071229,142.3977,147.9982,25.9674,14.3118,54.7606,12.6696,-15.3912,23.3333,63.3333,155.2124,148.9233,142.6343,36695061988.6873,26252616973.0,2024.0,1.0,8.0,0.0
2024-01-05,144.69,146.59,144.53,145.24,45003147.0,145.4485,380385.0,0.2187706842105263,19.0,0.0003796944909405,0.0093120222376661,0.0001415399500691,0.0118970563615184,-0.000260737071229,142.1098,147.9222,6.4828,11.2712,51.158,12.9948,-77.8445,0.0,66.6667,155.1821,148.8437,142.5053,36656937007.0104,26205859920.0,2024.0,1.0,5.0,4.0
2024-01-04,145.59,147.38,144.05,144.57,56039807.0,145.416,541342.0,0.1930946538461538,26.0,-0.0002834661002473,-0.010675425990556,0.0001486504771861,0.0121922301973898,-0.0010140954019626,141.8472,148.1072,10.485,19.7912,50.4965,13.3378,-77.1966,3.3333,70.0,155.2561,148.799,142.3419,36670846239.7871,26161089577.0,2024.0,1.0,4.0,3.0
2024-01-03,149.2,151.05,148.33,148.47,49410095.0,149.4055,416954.0,0.1805476666666666,24.0,0.0008102516985098,0.0226615236258445,0.0001265014695677,0.0112472872092667,-0.000260737071229,141.5753,148.3512,16.8458,29.1587,54.662,13.6925,12.295,6.6667,73.3333,155.1952,148.851,142.5068,36709384125.0814,26217129384.0,2024.0,1.0,3.0,2.0
2024-01-02,151.54,152.38,148.39,149.93,47314924.0,149.8529,476432.0,0.2497813181818182,22.0,0.0016832851575167,0.0497094447945112,0.0001301871650153,0.0114099590277686,6.965224419380744e-05,141.2335,148.343,32.0427,38.7601,56.3439,13.9291,36.6982,0.0,76.6667,155.2204,148.7413,142.2623,36753721701.4784,26266554879.0,2024.0,1.0,2.0,1.0
2023-12-29,153.1,153.89,151.03,151.94,39728704.0,152.3277,353439.0,0.1961879333333333,15.0,0.0020381220663327,0.0610335195530729,0.0001232557410067,0.0111020602145184,6.965224419380744e-05,140.834,148.2335,38.5875,44.6996,58.7497,14.1688,86.1407,3.3333,80.0,155.3036,148.5047,141.7058,36764518412.2152,26313894303.0,2023.0,12.0,29.0,4.0
2023-12-28,153.72,154.08,152.95,153.38,27057002.0,153.5269,301925.0,0.1939428124999999,16.0,0.0017566487174033,0.0519890260631008,0.0001319858804659,0.0114885108027957,6.965224419380744e-05,140.4183,147.9779,45.6501,52.1429,60.5398,14.1861,120.9403,6.6667,83.3333,155.1462,148.2133,141.2805,36778999577.3062,26353717507.0,2023.0,12.0,28.0,3.0
2023-12-27,153.56,154.78,153.12,153.34,31344733.0,153.643,311462.0,0.1913042173913043,23.0,0.0024983566973699,0.0753909811347226,0.0001457207920735,0.0120714867383228,6.965224419380744e-05,139.9407,147.6053,49.8612,59.435,60.5075,14.0239,142.0443,10.0,86.6667,154.6708,147.9607,141.2505,36785464524.6867,26326660505.0,2023.0,12.0,27.0,2.0
2023-12-26,153.56,153.975,153.03,153.41,25067222.0,153.4082,282620.0,0.1028682222222222,9.0,0.0022883412585558,0.0686124268598495,0.0001482409244794,0.0121754229692212,6.965224419380744e-05,139.5427,147.2098,60.9173,68.1847,60.5915,13.8399,152.3141,13.3333,90.0,154.2732,147.6023,140.9315,36808426000.6385,26357903169.0,2023.0,12.0,26.0,1.0
2023-12-22,153.77,154.35,152.71,153.42,29514093.0,153.5444,310942.0,0.2772205185185185,27.0,0.0029922683295248,0.0911806543385498,0.0001592973953689,0.012621307197315,0.0019404778133733,139.1045,146.7822,67.5265,74.9025,60.6031,13.7007,174.1162,16.6667,93.3333,153.7354,147.274,140.8126,36813333340.3951,26382970391.0,2023.0,12.0,22.0,4.0
2023-12-21,153.3,153.97,152.1,153.84,36305733.0,153.1091,350098.0,0.1589780333333333,30.0,0.0027360497474482,0.0827702702702701,0.0001641335451769,0.0128114614770102,0.0019404778133733,138.6472,146.3245,76.1103,82.3128,61.0782,13.5568,191.4637,20.0,96.6667,153.3214,146.8467,140.3719,36817292547.9927,26412484484.0,2023.0,12.0,21.0,3.0
2023-12-20,152.9,155.63,151.56,152.12,50322106.0,153.6876,461445.0,0.2419817857142856,14.0,0.0022120027479054,0.0659379160535353,0.0001631146597107,0.0127716349662355,-0.0006837060865397,138.1828,145.8062,81.0707,83.377,59.8315,13.4311,205.6961,23.3333,100.0,152.6042,146.4547,140.3052,36786034670.9178,26376178751.0,2023.0,12.0,20.0,2.0
2023-12-19,154.4,155.12,152.69,153.79,43171292.0,153.7217,384137.0,0.1822685172413793,29.0,0.0032824267645363,0.1005438671819094,0.0001683601269657,0.0129753661592154,0.0019404778133733,137.7472,145.3707,89.7574,82.517,61.686,13.301,250.1257,0.0,100.0,152.0582,146.141,140.2238,36822508924.6524,26426500857.0,2023.0,12.0,19.0,1.0
2023-12-18,150.56,154.855,150.05,154.07,62512828.0,153.4071,511128.0,0.2101356,20.0,0.0036171755636195,0.1116161616161617,0.0001681954808189,0.0129690200408107,0.0050554301739862,137.3718,144.7901,79.303,78.5811,61.9974,13.0724,236.9139,0.0,100.0,151.3116,145.6727,140.0337,36826568590.8582,26469392113.0,2023.0,12.0,18.0,0.0
2023-12-15,148.38,150.57,147.88,149.97,110072142.0,149.535,492772.0,0.1562028846153846,26.0,0.0028338366130904,0.0861881654233358,0.000148826311755,0.0121994389934575,0.0037575515829566,136.956,144.1501,78.4906,77.6803,59.0726,12.8505,138.1103,0.0,100.0,150.4487,145.157,139.8653,36784481390.3213,26406879285.0,2023.0,12.0,15.0,4.0
2023-12-14,149.93,150.54,145.52,147.42,58400848.0,147.8687,532121.0,0.1712631304347826,23.0,0.0025175933357765,0.0760583941605841,0.0001425785126947,0.0119406244683728,0.0037575515829566,136.612,143.7487,77.9498,76.0157,57.0868,12.872,94.0719,0.0,100.0,150.3263,144.7603,139.1943,36723502535.4588,26296789943.0,2023.0,12.0,14.0,3.0
2023-12-13,148.12,149.46,146.82,148.84,52766196.0,148.2608,438472.0,0.1861573,20.0,0.0038148954054695,0.1183409722744006,0.0001600994607594,0.0126530415615952,0.0051365111687076,136.4098,143.4955,76.6007,72.4135,58.6178,12.8961,109.6364,0.0,100.0,150.5436,144.413,138.2824,36737695570.2317,26355190791.0,2023.0,12.0,13.0,2.0
2023-12-12,145.52,147.5,145.3,147.48,44944264.0,146.7466,338593.0,0.1150204615384615,13.0,0.0036029553042378,0.1112953055534629,0.0001591103098167,0.0126138935232834,0.0037575515829566,136.223,143.1269,73.4965,66.9224,57.5642,12.8191,71.8221,0.0,63.3333,151.0269,143.888,136.7491,36709713496.5954,26302424595.0,2023.0,12.0,12.0,1.0
2023-12-11,145.66,146.19,143.64,145.89,50899808.0,145.3002,435149.0,0.1847591739130435,23.0,0.0045365730678803,0.1420854861437295,0.0001980106600615,0.0140716260631636,0.0037575515829566,136.098,142.8267,67.1432,61.4243,56.3069,12.8564,43.24,0.0,66.6667,151.4538,143.3957,135.3376,36665586401.0317,26257480331.0,2023.0,12.0,11.0,0.0
2023-12-08,145.48,147.84,145.4,147.42,41905965.0,146.9405,343829.0,0.1495202,25.0,0.007160129279293,0.2329179560090333,0.0003193579090612,0.0178705878208103,0.0051365111687076,136.0063,142.6155,60.1273,54.1293,57.9026,12.9754,76.3873,0.0,70.0,152.5538,142.7907,133.0275,36626657298.4435,26308387619.0,2023.0,12.0,8.0,4.0
2023-12-07,146.15,147.92,145.34,146.88,52334830.0,146.7179,382096.0,0.1612492999999999,20.0,0.0065378136671597,0.2099843479693552,0.0003349248043549,0.0183009509139529,0.0051365111687076,135.9613,142.2841,57.0023,51.9575,57.4916,12.9642,72.9144,3.3333,73.3333,154.5473,141.8623,129.1774,36599177977.132,26266481654.0,2023.0,12.0,7.0,3.0
2023-12-06,147.58,147.85,144.28,144.52,39678960.0,145.5034,365815.0,0.1508084285714285,21.0,0.0041344288712043,0.1241443683883019,0.0004553679025161,0.0213393510331525,0.0033510094543879,135.9275,141.9672,45.2583,46.94,55.6629,12.9527,58.4222,6.6667,76.6667,155.5229,141.0127,126.5025,36589032079.8452,26214128824.0,2023.0,12.0,6.0,2.0
2023-12-05,143.55,148.57,143.13,146.88,46822411.0,146.6481,446158.0,0.1635267647058823,17.0,0.0051967728517333,0.160556257901391,0.0004451736937027,0.021099139643661,0.0051365111687076,135.8727,141.7911,53.6119,46.0468,58.0782,12.9448,67.754,10.0,80.0,155.5952,140.4807,125.3661,36623204739.5259,26253609858.0,2023.0,12.0,5.0,1.0
2023-12-04,145.25,145.35,142.81,144.84,48294244.0,144.4521,462624.0,0.1206048260869565,23.0,0.0050974525283121,0.1571462810577617,0.0004436942997068,0.0210640523097249,0.0051365111687076,135.8097,141.4401,41.9499,44.2039,56.501,12.9365,50.3124,13.3333,83.3333,155.5193,139.8033,124.0874,36605474194.184,26206787447.0,2023.0,12.0,4.0,0.0
2023-12-01,146.0,147.245,145.55,147.03,39949248.0,146.6909,361361.0,0.19127364,25.0,0.0047554244004564,0.1450934579439258,0.0004607627207608,0.0214653842444263,0.0051365111687076,135.6995,141.2057,42.5785,51.205,58.7965,13.1087,75.3614,16.6667,86.6667,155.5928,139.1477,122.7026,36576573701.7115,26255081691.0,2023.0,12.0,1.0,4.0
2023-11-30,144.76,146.93,144.332,146.09,65814022.0,145.7585,460829.0,0.2241522105263158,19.0,0.004611185903119,0.1401701397018651,0.0004608817154591,0.0214681558467225,0.0033510094543879,135.5465,140.804,48.0833,63.1812,58.09,13.0924,70.9269,20.0,90.0,155.1404,138.5267,121.9129,36546757141.98,26215129858.0,2023.0,11.0,30.0,3.0
2023-11-29,147.85,148.54,145.97,146.32,40610907.0,146.8633,358306.0,0.2967499411764706,17.0,0.0038167479645292,0.1129535255191296,0.0004890086845765,0.0221135407516884,0.0033510094543879,135.3677,140.4394,62.9533,75.1231,58.3266,13.0929,85.1856,23.3333,93.3333,154.702,137.928,121.154,36523501840.9038,26280943880.0,2023.0,11.0,29.0,2.0
2023-11-28,146.98,147.5999,145.53,147.03,42711682.0,146.8346,383221.0,0.1714234999999999,24.0,0.0037061172226867,0.1092417955488505,0.0004912765794256,0.0221647598549049,0.0033510094543879,135.2168,140.0339,78.5069,79.4514,59.044,12.9755,87.7154,26.6667,96.6667,154.063,137.433,120.803,36553051411.3668,26321554787.0,2023.0,11.0,28.0,1.0
2023-11-27,147.53,149.26,146.88,147.73,53762428.0,148.2873,465572.0,0.2262898125,32.0,0.0045729003773595,0.1382232837660841,0.0004984255719165,0.0223254467349821,0.005191116812327,135.0683,139.5514,83.9092,78.717,59.7444,12.9031,104.8453,30.0,100.0,153.2759,136.9503,120.6247,36533859114.4306,26364266469.0,2023.0,11.0,27.0,0.0
2023-11-24,146.7,147.2,145.32,146.74,22378379.0,146.3718,217521.0,0.1688424736842105,19.0,0.0037081982162358,0.1088944305901911,0.0005163499052379,0.022723333937562,0.0033510094543879,134.9063,138.9873,75.9382,74.5568,59.0808,12.732,97.6048,33.3333,96.6667,152.366,136.3523,120.3387,36549219808.1449,26310504041.0,2023.0,11.0,24.0,4.0
2023-11-22,144.57,147.74,144.57,146.71,45700002.0,146.7929,428449.0,0.28678815,20.0,0.0038278074951993,0.1128726390047791,0.000515926637033,0.0227140185135304,0.0038156979925483,134.7118,138.4527,76.3037,71.5235,59.061,12.6601,104.2879,36.6667,100.0,151.4696,135.872,120.2744,36537792550.7832,26288125662.0,2023.0,11.0,22.0,2.0
2023-11-21,143.91,144.05,141.5,143.9,71225992.0,143.043,566880.0,0.1966771176470588,17.0,0.0037818765466586,0.1113685511275877,0.0005145456180331,0.0226835979957568,0.0038156979925483,134.5152,137.8832,71.4286,63.9272,57.1883,12.5857,80.1873,40.0,86.6667,150.5027,135.376,120.2493,36521790341.881,26242425660.0,2023.0,11.0,21.0,1.0
2023-11-20,145.13,146.63,144.725,146.13,41978766.0,145.9368,380926.0,0.250836,18.0,0.0046076203294419,0.1393263683143613,0.0005028712915965,0.0224247918963931,0.005191116812327,134.3358,137.4683,66.8383,58.787,59.2682,12.7034,113.7635,43.3333,90.0,149.8232,134.8953,119.9675,36458943878.3516,26313651652.0,2023.0,11.0,20.0,0.0
2023-11-17,142.66,145.23,142.545,145.18,49361537.0,144.3592,381168.0,0.16529745,20.0,0.004467649716237,0.1345733041575501,0.0005028974921844,0.022425376076767,0.0038156979925483,134.1213,136.8709,53.5149,58.4635,58.6489,12.602,107.8936,46.6667,93.3333,148.807,134.2997,119.7924,36439001209.9894,26271672886.0,2023.0,11.0,17.0,4.0
2023-11-16,140.91,143.32,139.52,142.83,49653512.0,142.0802,444059.0,0.2730652916666666,24.0,0.0044484807306344,0.1339314067958088,0.0005024486493864,0.0224153663674374,0.0038156979925483,133.899,136.2978,56.008,68.4919,57.0887,12.5712,91.3082,50.0,96.6667,147.8224,133.7257,119.6289,36391172994.1067,26221994449.0,2023.0,11.0,16.0,3.0
2023-11-15,147.06,147.29,142.59,143.2,63874520.0,143.957,550007.0,0.1673194090909091,22.0,0.004261641480792,0.1275590551181105,0.0005060888193348,0.0224964179223022,0.0038156979925483,133.7772,135.8474,65.8675,74.6766,57.4184,12.6433,127.7597,53.3333,100.0,147.1076,133.1633,119.2191,36354324861.5172,26271647961.0,2023.0,11.0,15.0,2.0
2023-11-14,145.0,147.26,144.68,145.8,56674551.0,146.143,508013.0,0.1852217727272727,22.0,0.0054654280404177,0.1690186016677353,0.0004949191635395,0.0222467787227612,0.0058244257778901,133.628,135.3403,83.6002,78.5889,59.763,12.4999,160.8441,56.6667,100.0,146.2215,132.6233,119.0252,36401620075.4747,26335523681.0,2023.0,11.0,14.0,1.0
2023-11-13,142.08,143.23,140.67,142.59,35680570.0,142.3769,339006.0,0.1202785294117647,17.0,0.0034945705919868,0.1014212884288583,0.0005403701454847,0.023245862975694,0.0038156979925483,133.4427,134.6189,74.5622,76.0201,57.7017,12.194,133.3479,60.0,96.6667,144.8865,131.9207,118.9548,36409088814.7537,26278849130.0,2023.0,11.0,13.0,0.0
2023-11-10,140.46,143.65,139.91,143.56,49349937.0,142.378,410268.0,0.1773810526315789,19.0,0.0043333892722151,0.1293266205160481,0.0005435770223009,0.0233147383065073,0.0058244257778901,133.2865,134.0692,77.6042,80.4434,58.5783,12.0908,152.364,63.3333,100.0,143.8514,131.483,119.1146,36391248529.7537,26314529700.0,2023.0,11.0,10.0,4.0
2023-11-09,142.02,142.65,139.84,140.6,36235367.0,141.2394,338545.0,0.2308306666666667,12.0,0.0039332700664376,0.1160501666931257,0.0005348404083811,0.0231266168814443,0.0058244257778901,133.1268,133.4146,75.8938,85.0253,56.635,11.9841,151.5529,66.6667,93.3333,142.5482,130.935,119.3218,36344273723.4115,26265179763.0,2023.0,11.0,9.0,3.0
2023-11-08,142.97,143.12,141.2183,142.08,44521658.0,142.0397,375299.0,0.2290847619047618,21.0,0.0042804922886598,0.1277980631846322,0.0005283715094152,0.0229863331006756,0.0058244257778901,133.0347,132.9191,87.8321,90.3177,57.949,11.928,185.5863,70.0,96.6667,141.6161,130.4477,119.2792,36360908464.8456,26301415130.0,2023.0,11.0,8.0,2.0
2023-11-07,140.55,143.37,140.5,142.71,53540937.0,142.5042,469254.0,0.1149528333333333,18.0,0.0044276438547729,0.1327988569614222,0.0005264404860414,0.0229442909247921,0.0058244257778901,132.9612,132.2873,91.3498,92.6456,58.5076,11.7706,212.6672,73.3333,100.0,140.3131,129.911,119.5089,36365082736.0879,26345936788.0,2023.0,11.0,7.0,1.0
2023-11-06,138.76,140.73,138.36,139.74,44772917.0,139.6921,392502.0,0.1957689545454545,22.0,0.0023758979167818,0.0645235011807725,0.0005794748479669,0.0240722838128605,0.0038156979925483,132.9255,131.5685,91.7712,94.3552,56.6012,11.6077,199.895,76.6667,100.0,138.6902,129.3533,120.0165,36336160094.1541,26292383251.0,2023.0,11.0,6.0,0.0
2023-11-03,138.99,139.49,137.45,138.6,44059805.0,138.5921,406045.0,0.2361746896551724,29.0,0.002656766882595,0.0734200743494422,0.0005850483051699,0.0241877718107706,0.0038156979925483,132.9033,131.005,94.8157,96.3231,55.8485,11.5763,204.6942,80.0,100.0,137.6129,129.071,120.5291,36328759898.9516,26247412834.0,2023.0,11.0,3.0,4.0
2023-11-02,138.73,138.81,136.47,138.07,52236693.0,137.6996,464074.0,0.1590167368421052,19.0,0.0024746873570219,0.0675790613160138,0.0005855793537351,0.0241987469455581,0.0033280748692582,132.9027,130.4812,96.4787,95.31,55.5016,11.6103,217.1046,83.3333,100.0,136.5305,128.755,120.9795,36323144433.6084,26203353029.0,2023.0,11.0,2.0,3.0
2023-11-01,133.96,137.35,133.71,137.0,61529409.0,135.7789,552684.0,0.1689041428571429,14.0,0.0007458962353456,0.0126395151156772,0.0006538041578724,0.0255695944017984,0.002603934490963,132.899,129.9578,97.6749,84.2791,54.8088,11.6821,198.7075,86.6667,0.0,135.4345,128.4637,121.4928,36303946332.7623,26151116336.0,2023.0,11.0,1.0,2.0
2023-10-31,132.75,133.57,131.71,133.09,51589380.0,132.7607,432954.0,0.2483905333333334,15.0,-0.0008001278670841,-0.0329869941146555,0.0006345859334373,0.0251909891317784,0.0022258587452221,132.948,129.4721,91.7765,62.5405,52.1787,11.835,112.4806,90.0,3.3333,135.1206,128.4067,121.6927,36254249502.4161,26089586927.0,2023.0,10.0,31.0,1.0
2023-10-30,129.72,133.47,127.63,132.71,72487505.0,131.7162,616263.0,0.2234204074074073,27.0,-0.0014551778310378,-0.0519359908558365,0.0006422299869534,0.0253422569427714,0.001053617419808,133.1002,129.2226,63.3859,39.9887,51.9158,12.2086,68.8368,93.3333,0.0,135.8658,128.558,121.2502,36229286899.1903,26037997547.0,2023.0,10.0,30.0,0.0
2023-10-27,126.2,130.02,125.52,127.74,125284313.0,128.1285,1056044.0,0.1450641666666666,48.0,-0.0028494308672845,-0.0901061329154497,0.0005860536806543,0.0242085456121256,0.0,133.2145,128.9821,32.4592,28.9365,48.3239,12.6288,-25.5967,96.6667,0.0,137.0626,128.8003,120.538,36166270189.2534,25965512005.0,2023.0,10.0,27.0,4.0
2023-10-26,120.63,121.6393,118.35,119.57,100240816.0,120.5788,866555.0,0.1086001666666666,24.0,-0.006124364906692,-0.173783858485351,0.0004308803416561,0.0207576574221699,-0.0008118765947576,133.234,129.0678,24.1209,27.8853,41.3635,12.8832,-185.0663,100.0,0.0,138.4585,129.222,119.9855,36167940980.0934,25840202692.0,2023.0,10.0,26.0,3.0
2023-10-25,126.04,126.34,120.79,121.39,74516044.0,122.7378,738249.0,0.1193974705882353,34.0,-0.0056545143192292,-0.1619606489471868,0.0004289485045907,0.0207110720290078,-0.0004487400759406,133.378,129.7228,30.2294,25.2207,42.599,12.5389,-130.9953,100.0,3.3333,140.1651,130.0603,119.9556,36193869382.7744,25940622208.0,2023.0,10.0,25.0,2.0
2023-10-24,127.74,128.8,126.34,128.56,46180180.0,127.8959,399784.0,0.1944900952380952,21.0,-0.0029410619182027,-0.0897118176024922,0.0003704896146621,0.0192481067812432,0.0,133.5497,130.2975,29.3057,18.175,48.067,12.3143,-48.4714,40.0,6.6667,141.7419,130.8423,119.9427,36252322052.3961,26015199752.0,2023.0,10.0,24.0,1.0
2023-10-23,124.63,127.88,123.98,126.56,48216183.0,126.3045,423352.0,0.1013053749999999,32.0,-0.0039034141200496,-0.1155835080363382,0.0003612707881497,0.0190071246681265,-0.0004487400759406,133.635,130.4173,16.1272,16.4777,46.2051,12.4222,-76.6167,43.3333,10.0,142.7442,131.2647,119.7851,36214913449.5912,25968722397.0,2023.0,10.0,23.0,0.0
2023-10-20,128.05,128.17,124.97,125.17,56317010.0,125.9408,489131.0,0.0817258846153846,26.0,-0.0030992061476498,-0.0944802141358605,0.0004041661590292,0.0201038841776712,-0.0004487400759406,133.7292,130.6833,9.0923,25.1813,44.8774,12.4589,-78.7729,46.6667,13.3333,143.911,131.816,119.721,36199321772.4681,25920462444.0,2023.0,10.0,20.0,4.0
2023-10-19,130.565,132.24,127.47,128.4,60951105.0,129.8376,538131.0,0.1171478421052631,19.0,-0.0021687933891885,-0.0685527747551685,0.0003882271239086,0.0197034799948807,0.0,133.7805,131.0636,24.2138,40.9913,47.5114,12.5615,-38.4674,50.0,16.6667,144.2982,132.2513,120.2044,36248677381.2181,25976868854.0,2023.0,10.0,19.0,3.0
2023-10-18,129.9,130.6699,127.51,128.13,42623479.0,128.9454,404632.0,0.2304156666666666,18.0,-0.0016258548814783,-0.0534131205673762,0.000401419049151,0.0200354448203951,0.0,133.7763,131.2472,42.2378,55.249,47.2613,12.8378,-48.5615,53.3333,20.0,144.6879,132.5663,120.4447,36285867641.8156,25915907499.0,2023.0,10.0,18.0,2.0
2023-10-17,130.39,132.58,128.71,131.47,49344550.0,131.0178,400903.0,0.15412655,20.0,-0.0012428264933522,-0.0422524950826838,0.0003874574584418,0.0196839390987143,0.0,133.793,131.4622,56.5223,66.5251,50.1172,13.0002,-23.4071,56.6667,23.3333,144.8538,132.8073,120.7609,36311811098.8022,25958606978.0,2023.0,10.0,17.0,1.0
2023-10-16,130.69,133.07,130.425,132.55,42832918.0,132.1167,395337.0,0.1107150769230769,13.0,-0.0011763664999119,-0.0403272516652185,0.0003866677313096,0.0196638686760684,0.0,133.7485,131.4617,66.9868,76.2829,51.0821,13.2504,-11.5608,60.0,26.6667,145.1409,133.0007,120.8605,36290772724.7712,26007951528.0,2023.0,10.0,16.0,0.0
2023-10-13,132.98,133.3145,128.95,129.79,45824685.0,130.6094,387721.0,0.1971673846153847,26.0,-0.0018586357294756,-0.0595609013839578,0.0003695447068566,0.0192235456369684,0.0,133.706,131.3866,76.0661,83.5969,48.6394,13.63,-30.0417,63.3333,30.0,145.4629,133.1863,120.9098,36264781483.414,25965118610.0,2023.0,10.0,13.0,4.0
2023-10-12,132.17,134.48,131.23,132.33,55528581.0,132.8411,475931.0,0.1749117857142857,14.0,-0.0004932714096111,-0.0202857777448728,0.000376267706755,0.0193976211622727,0.000398521846243,133.7088,131.4967,85.7957,83.7943,50.9005,14.0227,-8.1953,66.6667,33.3333,145.7883,133.4603,121.1324,36292967155.7435,26010943295.0,2023.0,10.0,12.0,3.0
2023-10-11,129.74,132.05,129.61,131.83,40513342.0,130.7766,364557.0,0.1717165862068965,29.0,-0.000580164328667,-0.02283003483804,0.0003757418156042,0.0193840608646454,0.000398521846243,133.7593,131.4393,88.9289,74.8043,50.4623,14.4204,-27.276,70.0,36.6667,145.8853,133.5517,121.218,36310907158.8359,25955414714.0,2023.0,10.0,11.0,2.0
2023-10-10,128.82,130.74,128.05,129.48,42106579.0,129.6573,369847.0,0.1959307727272727,22.0,-0.0007420058106788,-0.0274898602974313,0.0003704389227832,0.0192467899345127,0.000398521846243,133.776,131.4123,76.6582,60.8445,48.3687,14.827,-49.955,73.3333,40.0,145.9802,133.6543,121.3284,36277512206.3768,25914672872.0,2023.0,10.0,10.0,1.0
2023-10-09,126.22,128.79,124.76,128.26,38746138.0,126.9937,347739.0,0.1842713478260869,23.0,-0.0010890866162399,-0.0375206363499922,0.00036681452243,0.019152402523707,0.0,133.844,131.5456,58.8258,46.775,47.2499,15.1481,-79.3452,76.6667,43.3333,146.0066,133.7763,121.546,36274846643.0943,25872494253.0,2023.0,10.0,9.0,0.0
2023-10-06,124.16,128.45,124.13,127.96,46814698.0,126.7206,410286.0,0.2054945,22.0,-0.0008082150023354,-0.0294296116504853,0.0003710310837545,0.0192621671614205,0.0,133.951,131.7722,47.0494,45.2014,46.9768,15.327,-89.954,80.0,46.6667,146.0032,133.943,121.8828,36246271456.5286,25833720515.0,2023.0,10.0,6.0,4.0
2023-10-05,126.71,126.73,124.33,125.96,39657043.0,125.6178,356273.0,0.0992895999999999,25.0,-0.0022426390038081,-0.0705430932703659,0.0003828303012682,0.0195660497103581,-0.0004487400759406,134.0567,132.0351,34.4497,46.8182,45.1466,15.4848,-113.0503,83.3333,50.0,145.955,134.0723,122.1897,36210059750.2045,25786883817.0,2023.0,10.0,5.0,3.0
2023-10-04,126.06,127.36,125.68,127.0,44203870.0,126.5844,407400.0,0.1460360666666666,15.0,-0.0016543410326746,-0.0540037243947854,0.0003858706054247,0.0196435894231373,0.0,134.1373,132.4541,54.105,53.7562,45.9437,15.5095,-110.137,86.6667,53.3333,145.893,134.391,122.889,36195848019.7962,25826544460.0,2023.0,10.0,4.0,2.0
2023-10-03,128.06,128.52,124.2544,124.72,51559991.0,125.4743,479690.0,0.1429393333333333,18.0,-0.0023701311166494,-0.0739530739530733,0.0003721899469894,0.0192922250398826,-0.0004487400759406,134.167,132.8302,51.8998,47.0763,43.8423,15.6183,-134.257,90.0,56.6667,145.8032,134.6327,123.4621,36170588665.5104,25782340590.0,2023.0,10.0,3.0,1.0
2023-10-02,127.28,130.47,126.54,129.46,48029744.0,128.9332,436813.0,0.2158612631578948,19.0,-0.0007843664083669,-0.0282239903918329,0.0003365105377699,0.0183442235532036,0.0,134.2072,133.3895,55.2638,36.4967,47.5577,15.7308,-99.5819,93.3333,60.0,145.5117,134.9647,124.4176,36210896783.0063,25833905581.0,2023.0,10.0,2.0,0.0
2023-09-29,128.2,129.15,126.32,127.12,62411730.0,127.5752,439844.0,0.1493401739130434,23.0,-0.0015870428110736,-0.0512016718913265,0.0003243847265409,0.0180106836777784,-0.0004487400759406,134.2125,133.6606,34.0654,23.9782,45.3475,15.9889,-126.7988,96.6667,63.3333,145.4603,135.09,124.7197,36187554082.9961,25785875837.0,2023.0,9.0,29.0,4.0
2023-09-28,124.04,126.5801,123.04,125.98,54554968.0,125.0832,493974.0,0.1618160476190476,21.0,-0.0021576743141553,-0.0672984378470422,0.0003216891301733,0.0179356943041893,-0.0008989877121405,134.2332,134.1116,20.1608,16.4951,44.2408,16.1555,-180.022,100.0,66.6667,145.27,135.3187,125.3674,36214680029.2506,25723464107.0,2023.0,9.0,28.0,3.0
2023-09-27,125.76,127.48,124.13,125.98,66445149.0,125.4255,553870.0,0.0902259,20.0,-0.0027871990230001,-0.0849131982276456,0.0003304652509968,0.0181787032264919,-0.0012621242309575,134.3065,134.6724,17.7083,13.1105,44.2408,16.1238,-190.7707,100.0,70.0,144.9512,135.6217,126.2921,36178620830.4643,25723464107.0,2023.0,9.0,27.0,2.0
2023-09-26,130.12,130.39,125.28,125.98,73007107.0,126.9474,619789.0,0.0889006052631579,38.0,-0.0034748753882748,-0.1037917052002556,0.0003403459339273,0.0184484669804123,-0.002272094559,134.3772,135.2719,11.6163,7.8211,44.2408,16.1548,-184.3842,100.0,73.3333,144.6484,136.0113,127.3743,36171667485.0464,25723464107.0,2023.0,9.0,26.0,1.0
2023-09-25,129.36,131.78,128.77,131.27,46017825.0,130.8524,412022.0,0.1876409062499999,32.0,-0.0016113943885638,-0.0515858680731161,0.0003038095144027,0.0174301323690534,-0.0012621242309575,134.4502,135.9127,10.007,6.2914,48.3442,16.255,-129.0339,96.6667,76.6667,144.4353,136.4977,128.56,36224702484.6491,25796512314.0,2023.0,9.0,25.0,0.0
2023-09-22,131.11,132.03,128.52,129.12,59604348.0,130.1616,486107.0,0.1911469999999999,24.0,-0.0022025190788937,-0.0681293302540417,0.0002923520240394,0.0170983047124411,-0.0013531583499539,134.394,136.2329,1.8399,6.5543,46.3907,16.5781,-157.1271,100.0,80.0,144.4573,136.7357,129.0141,36194278739.8817,25750494489.0,2023.0,9.0,22.0,4.0
2023-09-21,131.94,132.24,129.31,129.33,70343342.0,130.543,643638.0,0.0971998095238095,21.0,-0.001976709774777,-0.0618063112078345,0.0002940921108978,0.0171491139974602,-0.0009915293913961,134.3927,136.7235,7.0272,12.1389,46.5569,16.9123,-163.3793,100.0,83.3333,144.2571,137.0503,129.8436,36233702968.9073,25810398837.0,2023.0,9.0,21.0,3.0
2023-09-20,138.55,139.37,135.2,135.29,46263716.0,136.9168,402932.0,0.159381294117647,17.0,-0.0010060916900679,-0.0332285265113616,0.000239731979862,0.0154832806556637,-0.0009915293913961,134.3902,137.2334,10.7957,23.4821,51.6333,17.3087,-17.4019,43.3333,86.6667,143.949,137.3343,130.7197,36303085992.2452,25880742179.0,2023.0,9.0,20.0,2.0
2023-09-19,138.7,138.84,135.56,137.63,61306070.0,136.9796,488181.0,0.1862435999999999,30.0,-0.0009737381365163,-0.0322739417803402,0.0002387272798001,0.0154508019144694,-0.0009915293913961,134.2575,137.3674,18.5937,43.2862,53.8623,17.6744,-1.2916,46.6667,90.0,144.123,137.4893,130.8557,36347352713.31,25927005895.0,2023.0,9.0,19.0,1.0
2023-09-18,140.48,141.75,139.22,139.98,42823480.0,140.0755,346514.0,0.1892073,10.0,0.00021876189306,0.0029375940388338,0.0002422496290947,0.0155643705010749,-0.0008989877121405,134.1192,137.3493,41.0568,66.3703,56.2183,18.0889,67.5103,50.0,93.3333,144.4902,137.6423,130.7945,36331232309.5905,25988488365.0,2023.0,9.0,18.0,0.0
2023-09-15,142.69,143.57,140.09,140.39,102709327.0,141.01,563979.0,0.1836145882352941,17.0,0.0030725548223753,0.0890543790241256,0.0004605122764199,0.0214595497720694,-5.021822969764056e-05,133.9553,137.1678,70.2082,82.8047,56.6361,18.2212,91.4905,0.0,96.6667,144.4594,137.6287,130.7979,36348327849.0371,26031311845.0,2023.0,9.0,15.0,4.0
2023-09-14,145.08,145.86,142.95,144.72,64033607.0,144.8135,511529.0,0.1912432272727272,22.0,0.0042518760805831,0.1287731066219481,0.000423028159237,0.0205676483642889,0.0009915097641142,133.696,136.9456,87.8458,86.8173,61.286,18.283,168.1005,3.3333,100.0,144.6751,137.246,129.8169,36433494188.6233,26134221172.0,2023.0,9.0,14.0,3.0
2023-09-13,140.95,144.98,140.865,144.85,60463535.0,143.8922,520765.0,0.24443755,20.0,0.00340093552858,0.099931657680917,0.0004527906461751,0.0212788779350585,0.0009915097641142,133.3803,136.4095,90.36,84.0418,61.4324,18.0881,157.0403,6.6667,100.0,144.2732,136.6957,129.1181,36419631242.7779,26198254779.0,2023.0,9.0,13.0,2.0
2023-09-12,142.32,143.0,140.61,141.23,42668452.0,141.6569,395583.0,0.2053973999999999,35.0,0.0020503274113205,0.0564781567923398,0.0004456400009901,0.0211101871377334,-5.172578995688015e-05,133.0577,135.8273,82.2462,72.5186,58.7824,17.9378,126.1548,10.0,13.3333,143.4071,136.257,129.1069,36362986467.6564,26137789604.0,2023.0,9.0,12.0,1.0
2023-09-11,138.75,143.62,138.64,143.1,56755075.0,141.8303,546829.0,0.1927793333333332,15.0,0.0028565427313667,0.0823689584751534,0.0004401126048212,0.0209788609038065,0.0009915097641142,132.8223,135.4547,79.5194,62.0723,60.871,17.901,141.7262,13.3333,16.6667,142.9666,136.0053,129.0441,36383517312.761,26180458056.0,2023.0,9.0,11.0,0.0
2023-09-08,136.86,138.8519,136.75,138.23,38365929.0,138.0726,351930.0,0.1397759642857143,28.0,0.0027114112803949,0.0778167641325529,0.0004313262922851,0.0207683964784269,0.0009915097641142,132.5443,134.9275,55.7902,53.4618,57.0272,17.863,58.5282,16.6667,20.0,142.2105,135.6423,129.0741,36338607226.7169,26123693531.0,2023.0,9.0,8.0,4.0
2023-09-07,133.9,138.03,133.16,137.85,48498912.0,136.5671,426888.0,0.0055929411764705,17.0,0.0026455351480722,0.0756925477955523,0.0004314461862774,0.0207712827306709,0.000788689618385,132.3515,134.6997,50.9074,60.1694,56.7065,18.1337,24.9519,0.0,23.3333,142.3162,135.3097,128.3031,36322944348.5234,26085327602.0,2023.0,9.0,7.0,3.0
2023-09-06,136.32,137.45,134.61,135.36,41785507.0,135.6483,399464.0,0.1621226923076923,13.0,0.0017793804409662,0.0482459536900798,0.0004259190596447,0.020637806560891,-6.007986405781596e-05,132.1635,134.4825,53.6879,69.9009,54.5578,18.4723,17.7576,3.3333,26.6667,142.3788,134.9863,127.5939,36278030571.702,26036828690.0,2023.0,9.0,6.0,2.0
2023-09-05,137.73,137.8,135.82,137.27,40627738.0,136.8707,363847.0,0.1659517647058823,17.0,0.0023285902918577,0.0657608695652172,0.0004174282519222,0.0204310609592914,0.000788689618385,131.9647,134.4219,75.9128,77.8814,56.6423,18.6985,46.5161,6.6667,30.0,142.4618,134.7787,127.0956,36297746268.6668,26078614197.0,2023.0,9.0,5.0,1.0
2023-09-01,139.455,139.96,136.875,138.12,40986536.0,137.9769,398729.0,0.15475296,25.0,0.0022260336150178,0.0624615384615381,0.0004194731768894,0.0204810443310262,0.000788689618385,131.7477,134.2255,80.1019,72.9879,57.5888,18.8263,79.0523,10.0,33.3333,142.4115,134.4963,126.5812,36278864552.0204,26119250935.0,2023.0,9.0,1.0,4.0
2023-08-31,135.06,138.7885,135.0,138.01,58431314.0,137.7906,466038.0,0.2561698000000001,25.0,0.0022097250589812,0.0619421360418588,0.0004195274995149,0.0204823704564417,0.0005440612778361,131.4662,133.9569,77.6296,63.4516,57.5,18.8642,62.4822,13.3333,36.6667,142.1819,134.2257,126.2695,36286770537.0836,26078259399.0,2023.0,8.0,31.0,3.0
2023-08-30,134.93,135.68,133.92,135.07,36130015.0,134.9916,325589.0,0.1065960624999999,16.0,0.0001543881099761,-0.0021424349881797,0.0004616438996309,0.0214859000191034,-0.0002963541305058,131.2762,133.6774,61.2322,48.3363,55.0681,18.9778,17.1503,16.6667,40.0,141.9279,133.9573,125.9868,36252147202.732,26019478085.0,2023.0,8.0,30.0,2.0
2023-08-29,133.38,135.14,133.25,134.91,38646093.0,134.4652,361304.0,0.0807774545454545,11.0,0.0007497523172933,0.015659113152149,0.0004731515380894,0.0217520467563272,-0.0002963541305058,131.1133,133.5814,51.4931,43.9343,54.9324,19.3046,7.8227,20.0,43.3333,141.9436,133.967,125.9904,36241059709.4933,25983341070.0,2023.0,8.0,29.0,1.0
2023-08-28,133.78,133.95,131.85,133.14,33956210.0,132.7164,333029.0,0.2874380833333333,12.0,0.0001244194840561,-0.0031446540880504,0.0004688027255576,0.021651852704968,-0.0009915293913961,130.9357,133.4898,32.2837,43.6001,53.4287,19.6809,-21.1787,23.3333,46.6667,141.8765,133.8977,125.9189,36211819543.8902,25944694977.0,2023.0,8.0,28.0,0.0
2023-08-25,132.47,133.87,130.58,133.26,44147451.0,132.5207,405801.0,0.1806535,10.0,-0.000122764284064,-0.0105435105435104,0.000471081304782,0.0217044074966832,-0.0021376583515728,130.7628,133.5139,48.0262,52.1788,53.5458,20.1547,-30.7612,26.6667,50.0,141.8866,133.9117,125.9368,36204023335.8902,25978803387.0,2023.0,8.0,25.0,4.0
2023-08-24,136.4,136.775,131.83,131.84,43646250.0,133.1621,406488.0,0.2531114736842105,19.0,-0.0003874691121671,-0.0183172002978405,0.0004673462268284,0.021618192034221,-0.0021376583515728,130.5515,133.5314,50.4905,47.942,52.3514,20.6504,-13.5419,30.0,53.3333,141.9347,133.959,125.9833,36176246672.1911,25934655936.0,2023.0,8.0,24.0,3.0
2023-08-23,134.5,135.95,133.22,135.52,42786043.0,134.9818,382201.0,0.2518434285714285,21.0,0.0014096333313072,0.036085626911315,0.0004647971844619,0.0215591554672704,-0.0003873882495022,130.3818,133.648,58.0198,37.9009,55.9557,21.0647,16.0312,33.3333,56.6667,141.9784,134.041,126.1036,36219716395.3963,25978302186.0,2023.0,8.0,23.0,2.0
2023-08-22,135.08,135.65,133.73,134.25,32935104.0,134.5803,328047.0,0.1860889230769231,13.0,0.0016171567553057,0.0424755396800744,0.0004693873614887,0.0216653493276417,-0.0003873882495022,130.125,133.5189,35.3156,21.5836,54.9203,21.3813,11.431,36.6667,60.0,141.8844,133.8837,125.8829,36190398464.8432,25935501143.0,2023.0,8.0,22.0,1.0
2023-08-21,133.74,135.185,132.71,134.68,41442483.0,134.1416,348372.0,0.1988905384615384,13.0,0.0021562098802945,0.0593880280028309,0.0004726285373871,0.0217400215590316,0.0005440612778361,129.8042,133.4685,20.3672,12.3037,55.3461,21.6675,7.8904,0.0,63.3333,141.9071,133.7013,125.4956,36205493720.8432,25968436247.0,2023.0,8.0,21.0,0.0
2023-08-18,131.62,134.065,131.15,133.22,48497595.0,132.7896,431787.0,0.14659695,20.0,0.001110260336204,0.0265063954384343,0.0004859396319541,0.0220440384674442,-0.0003873882495022,129.5053,133.385,9.0681,17.6911,54.18,21.9921,-13.9517,3.3333,66.6667,141.9767,133.4497,124.9226,36180963119.7947,25926993764.0,2023.0,8.0,18.0,4.0
2023-08-17,135.46,136.085,133.53,133.98,48354085.0,134.6856,414339.0,0.1025022777777777,18.0,0.0016680978284179,0.0437831100031163,0.0004873965861926,0.0220770601800301,0.0005440612778361,129.2015,133.3963,7.4759,29.5665,54.9015,22.3966,19.4112,6.6667,70.0,141.9632,133.335,124.7068,36160582440.5323,25975491462.0,2023.0,8.0,17.0,3.0
2023-08-16,137.19,137.27,135.01,135.07,41675903.0,136.0273,403275.0,0.1495155263157894,19.0,0.0014206550246568,0.035971774812088,0.000493991386353,0.0222259169968994,0.0005440612778361,128.8853,133.3561,36.5294,42.7165,55.934,22.629,44.453,10.0,73.3333,141.954,133.1477,124.3414,36191903775.4344,26023845547.0,2023.0,8.0,16.0,2.0
2023-08-15,140.05,141.2778,137.23,137.67,42781521.0,138.368,409077.0,0.131012111111111,27.0,0.0020911360638144,0.0572108739056977,0.0004797980788731,0.0219042936173061,0.0010045127268341,128.5717,133.2379,44.6941,43.2338,58.4697,22.7486,99.4887,13.3333,76.6667,141.8221,132.9913,124.1606,36231366798.6291,26065521450.0,2023.0,8.0,15.0,1.0
2023-08-14,138.3,140.59,137.75,140.57,47148699.0,139.6426,404084.0,0.2857437272727273,11.0,0.0027430141269515,0.078321571034059,0.0004624982844622,0.0215057732821268,0.0010045127268341,128.2463,132.9322,46.9261,46.9318,61.4744,22.6835,125.6156,16.6667,80.0,141.4516,132.743,124.0344,36264847529.4517,26108302971.0,2023.0,8.0,14.0,0.0
2023-08-11,137.4,139.33,137.0,138.41,42905833.0,138.3628,394897.0,0.0881062142857143,14.0,0.0028639463789168,0.0821735731039872,0.0004660334515993,0.0215878079387272,0.0010045127268341,127.8285,132.4055,38.0813,57.6029,59.9942,22.6524,112.4211,20.0,83.3333,140.6468,132.4027,124.1585,36218362896.6348,26061154272.0,2023.0,8.0,11.0,4.0
2023-08-10,139.075,140.41,137.49,138.56,58804832.0,138.8765,460780.0,0.2604397931034483,29.0,0.0026055494982031,0.073775573465592,0.0004700092827804,0.0216796974789893,0.0010045127268341,127.4117,131.9914,55.7881,72.332,60.1493,22.687,135.1134,23.3333,86.6667,140.1373,132.0523,123.9674,36209339781.5404,26104060105.0,2023.0,8.0,10.0,3.0
2023-08-09,139.97,140.32,137.1,137.85,49910149.0,138.3272,428760.0,0.1267516818181818,22.0,0.0023977399972091,0.0671156525777985,0.0004702039010865,0.0216841855066445,0.0005440612778361,126.9557,131.5384,78.9392,76.1523,59.6721,22.6825,142.8453,26.6667,90.0,139.5149,131.735,123.9551,36225080930.0199,26045131703.0,2023.0,8.0,9.0,2.0
2023-08-08,140.62,140.84,138.42,139.94,51706497.0,139.5936,509773.0,0.154075875,24.0,0.0033798782734543,0.0990340061258152,0.0004641309332785,0.0215436982265939,0.0010045127268341,126.4958,131.1031,82.2687,64.2449,61.777,22.6823,192.4256,30.0,93.3333,138.9345,131.446,123.9575,36251798271.7217,26095149052.0,2023.0,8.0,8.0,1.0
2023-08-07,140.99,142.54,138.95,142.22,71213112.0,141.0045,659134.0,0.1712590476190476,21.0,0.0033987844201734,0.0996675172040517,0.0004634073103577,0.0215268973695176,0.0010045127268341,126.0332,130.4936,67.2489,50.7259,64.1637,22.577,262.9506,33.3333,96.6667,137.9546,131.0257,124.0967,36238550127.8622,26146859549.0,2023.0,8.0,7.0,0.0
2023-08-04,141.06,143.63,139.32,139.57,153091370.0,141.3899,1366815.0,0.2207811956521739,46.0,0.0025558740572035,0.0723780253553592,0.0004577330002794,0.0213946956108159,0.0005440612778361,125.4993,129.6849,43.217,49.3291,62.5376,22.4258,313.1635,0.0,100.0,136.159,130.596,125.033,36180032389.5893,26075646437.0,2023.0,8.0,4.0,4.0
2023-08-03,127.48,129.84,126.41,128.91,90855736.0,131.4941,746639.0,0.1142550499999999,40.0,0.0012200276730437,0.0326844508531602,0.0002953803614194,0.017186633219436,0.0005440612778361,124.9502,129.0032,41.7119,63.575,54.5109,22.2405,-74.954,0.0,53.3333,134.7363,130.282,125.8277,36315396535.9234,25922517967.0,2023.0,8.0,3.0,3.0
2023-08-02,130.154,130.23,126.82,128.21,50988614.0,128.3973,532942.0,0.1490879444444444,18.0,0.0007862722524264,0.0193194466528863,0.000297158488626,0.0172382855477594,-0.0003830810263709,124.5655,129.0096,63.0584,73.9799,53.8837,22.8281,-66.4193,3.3333,56.6667,134.9915,130.146,125.3005,36273668528.4831,25831354231.0,2023.0,8.0,2.0,2.0
2023-08-01,133.55,133.69,131.6199,131.69,42250989.0,132.247,385743.0,0.1369375714285714,21.0,0.0017441601798538,0.0494063271973865,0.0002716353846848,0.0164813647700928,0.0005440612778361,124.1896,129.0648,85.9549,69.0411,57.7075,23.403,76.0722,6.6667,60.0,135.1142,130.065,125.0158,36283095917.5799,25882381845.0,2023.0,8.0,1.0,1.0
2023-07-31,133.2,133.87,132.38,133.68,41901516.0,133.341,406644.0,0.0983872962962962,27.0,0.001815541145868,0.0516875147510031,0.0002694089507097,0.0164136818145625,0.0005440612778361,123.7281,128.8837,72.9265,47.7817,60.0636,23.5786,116.3019,10.0,63.3333,135.1274,129.8583,124.5893,36322530097.2608,25924680770.0,2023.0,7.0,31.0,0.0
2023-07-28,129.69,133.01,129.33,132.21,46269781.0,131.8837,413438.0,0.1676438846153846,26.0,0.0016268518897633,0.0457997152349316,0.0002669306533847,0.0163380125286014,0.0005440612778361,123.2276,128.553,48.242,27.8726,58.8643,23.6874,63.4482,13.3333,66.6667,134.7998,129.6393,124.4789,36291314873.932,25882779254.0,2023.0,7.0,28.0,4.0
2023-07-27,131.0,132.63,127.79,128.25,52610661.0,130.3938,499433.0,0.1227262,20.0,0.0005344509046699,0.0125532922785409,0.0002376313079915,0.0154152946125445,-0.0003830810263709,122.7512,128.3007,22.1766,15.9057,55.3746,23.8546,0.6958,16.6667,70.0,134.6408,129.4463,124.2519,36265135484.6711,25836461873.0,2023.0,7.0,27.0,3.0
2023-07-26,126.51,129.08,126.11,128.15,53910087.0,127.7909,524592.0,0.1278771999999999,20.0,0.0005321420189835,0.0124832108714547,0.0002376303271501,0.0154152627986076,-0.0003830810263709,122.3146,128.3042,13.1992,12.4491,55.282,24.0516,-55.1823,0.0,73.3333,134.6674,129.3933,124.1193,36307745772.0926,25783851212.0,2023.0,7.0,26.0,2.0
2023-07-25,129.31,129.58,128.53,129.13,39219663.0,129.0005,374778.0,0.1301270666666666,15.0,0.0016331010695895,0.046180021064571,0.0002548988986435,0.0159655535025743,0.0005094279925392,121.9362,128.3149,12.3412,19.7347,56.3905,24.4923,-9.3319,0.0,76.6667,134.6943,129.3407,123.9871,36287597557.7593,25837761299.0,2023.0,7.0,25.0,1.0
2023-07-24,130.305,131.66,128.35,128.8,45670858.0,129.2815,391846.0,0.1020838235294117,17.0,0.0013277107566977,0.0366197183098597,0.0002570361109405,0.0160323457716131,-0.0003830810263709,121.6144,128.2587,11.8069,30.6648,56.104,24.7235,11.7774,0.0,80.0,134.9099,129.1507,123.3914,36281992320.1878,25798524636.0,2023.0,7.0,24.0,0.0
2023-07-21,131.34,131.37,128.415,130.0,133282294.0,129.966,506609.0,0.1496288333333333,18.0,0.0024657805837059,0.0723418295801368,0.0002705644209581,0.0164488425415954,0.0005094279925392,121.2174,128.2213,35.056,48.2362,57.4304,24.9628,25.2778,0.0,83.3333,135.0208,128.999,122.9772,36315245613.0428,25844196171.0,2023.0,7.0,21.0,4.0
2023-07-20,134.07,134.7915,129.33,129.96,59782329.0,131.4709,568435.0,0.1205677142857142,21.0,0.0010390978799932,0.02645920543401,0.000335749247742,0.0183234616746402,-0.0001814400452198,120.7602,128.0987,45.1316,58.7257,57.398,25.2289,67.4093,3.3333,86.6667,135.3275,128.7067,122.0859,36305546435.9836,25710888877.0,2023.0,7.0,20.0,3.0
2023-07-19,133.39,135.99,132.53,135.36,54390507.0,135.0114,487048.0,0.1089820588235294,17.0,0.0027173820547115,0.0802873104549082,0.00028003828781,0.0167343445587236,0.0009698794415372,120.3644,127.9703,64.5208,70.8148,63.7395,25.4212,159.0919,6.6667,90.0,135.2404,128.595,121.9496,36351566057.4554,25770709456.0,2023.0,7.0,19.0,2.0
2023-07-18,132.71,133.86,131.355,132.83,54969133.0,132.6637,474707.0,0.0222158,20.0,0.0023641754603813,0.0690543259557348,0.0002721207915672,0.0164960841282794,0.0009698794415372,119.8911,127.4607,66.5246,79.1764,61.8295,25.3123,119.8792,10.0,93.3333,134.5093,128.2597,122.0101,36316893143.756,25716178419.0,2023.0,7.0,18.0,1.0
2023-07-17,134.56,135.62,133.21,133.56,48450198.0,133.8504,463529.0,0.0734666666666666,12.0,0.0029482011472992,0.0878879205017508,0.0002728665791751,0.0165186736506051,0.0017698155101147,119.4074,127.0904,81.3989,83.6016,62.7514,25.3239,168.9921,0.0,96.6667,134.1453,127.9737,121.802,36307128168.0335,25771147552.0,2023.0,7.0,17.0,0.0
2023-07-14,134.06,136.65,134.06,134.68,54466090.0,135.2716,486529.0,0.0918281578947368,19.0,0.0038308086230398,0.11693481506054,0.0002755737109447,0.0166004129751254,0.0025702136678575,118.9197,126.6442,89.6055,74.7018,64.1705,25.1447,208.2266,0.0,100.0,133.6985,127.614,121.5295,36341505694.4152,25819597750.0,2023.0,7.0,14.0,4.0
2023-07-13,134.04,134.67,132.71,134.3,61166283.0,133.882,531708.0,0.1406958421052631,19.0,0.0034405857905236,0.1038961038961043,0.0002807711305811,0.0167562266212043,0.0017698155101147,118.3801,126.09,79.8003,58.8889,63.9028,24.8693,189.5545,3.3333,100.0,133.1504,127.144,121.1376,36369906301.172,25765110660.0,2023.0,7.0,13.0,3.0
2023-07-12,130.31,131.26,128.83,130.8,53922847.0,130.2768,458437.0,0.1283172692307692,26.0,0.0029788000387438,0.0890017483973018,0.0002654195891498,0.0162917030770216,0.0017698155101147,117.8541,125.5238,54.6997,43.2126,61.33,24.6932,102.8118,0.0,80.0,132.4279,126.7227,121.0175,36331830547.4679,25703939777.0,2023.0,7.0,12.0,2.0
2023-07-11,127.75,129.77,127.35,128.78,49951460.0,128.6314,445921.0,0.1648244333333333,30.0,0.0039371039431668,0.1198260869565219,0.0003164057114965,0.0177877967015756,0.0017698155101147,117.3826,125.1599,42.1666,41.185,59.7287,24.7172,62.5464,0.0,83.3333,132.3375,126.3663,120.3952,36298260794.8053,25649916930.0,2023.0,7.0,11.0,1.0
2023-07-10,129.07,129.28,125.915,127.13,61889289.0,127.083,569506.0,0.1187146666666666,18.0,0.0030048328125403,0.0889079229122062,0.0003247517658341,0.018020870285148,0.0009698794415372,116.9429,124.9102,32.7714,44.5276,58.3675,24.8401,37.1193,3.3333,86.6667,133.0666,125.907,118.7474,36289178711.169,25599965470.0,2023.0,7.0,10.0,0.0
2023-07-07,128.59,130.97,128.1294,129.78,41992251.0,129.8568,395217.0,0.1483200689655172,29.0,0.0041956611345163,0.1286198799895646,0.0003100879224334,0.0176093135139736,0.0017698155101147,116.4546,124.7572,48.6171,56.5811,61.6002,24.9999,89.3917,0.0,90.0,133.4199,125.561,117.7021,36306375289.2418,25661854759.0,2023.0,7.0,7.0,4.0
2023-07-06,128.25,128.73,127.37,128.36,40697848.0,128.268,393280.0,0.0434245833333333,12.0,0.0038211099926088,0.1160768628814887,0.0003090122238068,0.0175787435218455,0.0009698794415372,115.9569,124.4108,52.1944,57.8209,60.466,24.9352,61.9514,3.3333,93.3333,133.6305,125.068,116.5055,36299566294.3778,25619862508.0,2023.0,7.0,6.0,3.0
2023-07-05,130.24,131.4,129.64,130.38,35895409.0,130.3199,352167.0,0.148996962962963,27.0,0.0039819935637086,0.1215483870967746,0.0003035481440873,0.0174226330985703,0.0009698794415372,115.5204,124.1384,68.9317,57.5228,63.0259,25.0129,107.5723,6.6667,96.6667,133.819,124.623,115.427,36281012863.6719,25660560356.0,2023.0,7.0,5.0,2.0
2023-07-03,130.82,131.85,130.065,130.22,28264785.0,130.8295,288178.0,0.1636821333333333,15.0,0.0034049954785644,0.1021582733812949,0.0003163803228776,0.0177870830345414,0.0002685855258853,115.0484,123.7079,52.3365,51.1461,62.9056,24.8414,115.2931,10.0,100.0,133.5652,124.152,114.7388,36286723496.9219,25624664947.0,2023.0,7.0,3.0,0.0
2023-06-30,129.47,131.245,128.95,130.36,54327974.0,130.2735,437288.0,0.2231437142857143,14.0,0.0042055845454928,0.1286580086580089,0.0003277960775816,0.0181051395349946,0.0015110050422679,114.5631,123.2588,51.3001,53.3374,63.0791,24.6152,110.6698,13.3333,86.6667,133.1227,123.7497,114.3766,36310079551.7538,25652929732.0,2023.0,6.0,30.0,4.0
2023-06-29,128.77,129.26,127.255,127.9,40760959.0,128.0166,367045.0,0.1868567222222222,18.0,0.0041817426165167,0.1278659611992949,0.0003270959601062,0.0180857944283982,0.0015110050422679,114.1229,122.7691,49.8017,57.7609,61.2643,24.4172,80.4661,0.0,90.0,132.7476,123.2543,113.7611,36297646388.7473,25598579048.0,2023.0,6.0,29.0,3.0
2023-06-28,128.94,131.48,128.44,129.04,52149512.0,129.7581,442381.0,0.1585552,15.0,0.0051356973696392,0.1604316546762592,0.0003286530649091,0.0181287910492999,0.0038844691315974,113.6981,122.4152,58.9105,65.7348,62.6437,24.3342,106.736,0.0,93.3333,132.7338,122.771,112.8082,36312182092.3308,25639340007.0,2023.0,6.0,28.0,2.0
2023-06-27,128.63,130.085,127.55,129.18,46801099.0,128.884,391901.0,0.2076049444444444,18.0,0.0054559994670776,0.1715944132051516,0.0003276440645826,0.0181009409861096,0.0069543506888507,113.2689,121.9584,64.5706,68.2999,62.8116,24.1164,99.5992,3.3333,96.6667,132.686,122.1763,111.6666,36343746270.6466,25691489519.0,2023.0,6.0,27.0,1.0
2023-06-26,129.33,131.49,127.1,127.33,59989317.0,128.8065,469915.0,0.1909392105263158,19.0,0.0044011819175352,0.1350508111962924,0.0003407695344003,0.0184599440519301,0.0038844691315974,112.8159,121.4603,73.7232,64.5668,61.4933,23.9761,99.1241,6.6667,100.0,132.5573,121.5457,110.534,36330361366.978,25644688511.0,2023.0,6.0,26.0,0.0
2023-06-23,129.11,130.84,128.28,129.33,71917746.0,129.7468,534789.0,0.1600962941176471,17.0,0.0055186496218114,0.1736999727742996,0.0003325847175263,0.0182369053714259,0.0069543506888507,112.3646,121.0555,66.6058,51.4431,63.859,23.8309,114.9626,0.0,100.0,132.3309,121.0407,109.7504,36384064787.4358,25704677828.0,2023.0,6.0,23.0,4.0
2023-06-22,125.31,130.33,125.14,130.15,90354572.0,128.8713,658049.0,0.1122118275862068,29.0,0.0068447770076906,0.2206903020071287,0.0003522373283204,0.0187679867945499,0.0084880040263346,111.8297,120.4849,53.3715,46.3472,64.8477,23.553,107.7245,0.0,100.0,131.9083,120.4027,108.8971,36396989309.6858,25776605604.0,2023.0,6.0,22.0,3.0
2023-06-21,125.64,126.73,123.85,124.83,52137670.0,125.0403,438227.0,0.1695371052631579,19.0,0.0056730050615182,0.1795332136445251,0.0003082197381315,0.0175561880296245,0.0079577531331805,111.2946,119.8183,34.352,48.8804,61.0672,23.2943,69.5751,0.0,83.3333,131.5589,119.6183,107.6777,36312902106.8419,25686251032.0,2023.0,6.0,21.0,2.0
2023-06-20,124.97,127.25,124.5,125.78,56769122.0,125.7764,436492.0,0.2844705714285714,7.0,0.0059799785410589,0.1904784439922389,0.0003028325010977,0.0174020832401692,0.0079577531331805,110.8496,119.4727,51.3181,61.9025,62.2223,23.2429,81.9249,0.0,86.6667,131.7404,118.985,106.2296,36329557195.8697,25738388702.0,2023.0,6.0,20.0,1.0
2023-06-16,127.71,127.9,125.3,125.49,84247054.0,126.2386,438497.0,0.1425197222222222,18.0,0.0064333958886461,0.2066346153846159,0.0003054673220998,0.0174776234683055,0.0084880040263346,110.3984,119.0377,60.971,70.6743,62.0103,23.1202,90.9528,0.0,90.0,131.6722,118.3142,104.9561,36333490549.7533,25681458580.0,2023.0,6.0,16.0,4.0
2023-06-15,125.21,127.69,124.32,127.11,60458471.0,126.4457,447494.0,0.1275581052631579,19.0,0.0069707830661245,0.2263386396526787,0.0002932297817267,0.0171239534490935,0.0084880040263346,109.9519,118.5927,73.4185,73.3067,63.9486,22.9078,98.1565,0.0,93.3333,131.6277,117.5978,103.5679,36405424615.4764,25765705684.0,2023.0,6.0,15.0,3.0
2023-06-14,126.7,126.95,124.12,126.42,52422463.0,125.9897,422440.0,0.1488182222222222,18.0,0.0067952829712684,0.2199170124481333,0.0002946539780849,0.0171654879943738,0.0084880040263346,109.5102,118.0053,77.6333,69.1195,63.4786,22.7003,98.7362,0.0,96.6667,131.2473,116.8158,102.3844,36365776775.4438,25705247213.0,2023.0,6.0,14.0,2.0
2023-06-13,128.12,128.41,125.18,126.66,50549345.0,126.6264,463938.0,0.1863493809523809,21.0,0.0073745310757936,0.2411562959333664,0.0002943168301711,0.0171556646671332,0.0094901060237942,109.0317,117.425,68.8685,55.7121,63.7581,22.5279,114.5462,3.3333,100.0,130.7817,116.0562,101.3306,36332989581.2706,25757669676.0,2023.0,6.0,13.0,1.0
2023-06-12,124.02,126.78,123.53,126.57,51473276.0,125.6287,442437.0,0.1105645,16.0,0.0062760698071748,0.2002844950213373,0.0003439478378402,0.0185458307400956,0.0094901060237942,108.5699,116.7881,60.8567,50.6754,63.7001,22.2416,110.1093,6.6667,86.6667,130.2463,115.2358,100.2254,36337216358.9641,25707104891.0,2023.0,6.0,12.0,0.0
2023-06-09,124.08,125.8,123.19,123.43,51392018.0,124.1476,462583.0,0.13135728,25.0,0.0041016728765356,0.1239300673829904,0.0003977219999932,0.0199429686855597,0.0084880040263346,108.1277,116.1134,37.411,51.8017,61.6315,22.0357,100.71,10.0,90.0,129.3295,114.5318,99.7341,36292394926.9395,25655631515.0,2023.0,6.0,9.0,4.0
2023-06-08,123.01,125.625,122.2579,124.25,62146312.0,124.1726,536307.0,0.20780772,25.0,0.0058584601231627,0.1835587730996377,0.0004496250305197,0.021204363478298,0.0094901060237942,107.6739,115.6088,53.7584,67.6277,62.5311,21.8783,106.7426,13.3333,93.3333,128.5886,114.0782,99.5678,36334338803.6981,25707027533.0,2023.0,6.0,8.0,3.0
2023-06-07,127.01,127.365,120.63,121.23,95463275.0,122.8822,734460.0,0.1638953333333333,27.0,0.0058112875695612,0.1819245393389881,0.0004478920181303,0.0211634595028876,0.0094901060237942,107.1844,115.0129,64.2357,78.1998,60.4773,21.7254,103.7371,16.6667,96.6667,127.7935,113.4358,99.0782,36322946660.4541,25644868263.0,2023.0,6.0,7.0,2.0
2023-06-06,125.07,127.4,125.0,126.61,45692396.0,126.4033,405265.0,0.12556,19.0,0.0060853198453545,0.1920723095753698,0.0004235960350339,0.0205814488079413,0.0094901060237942,106.7044,114.5841,84.8892,83.9371,66.7808,21.5673,146.1343,20.0,100.0,127.3822,112.8138,98.2455,36401565253.9396,25740531538.0,2023.0,6.0,6.0,1.0
2023-06-05,123.36,125.8,123.03,125.3,47927308.0,124.901,433834.0,0.0444462857142857,14.0,0.0055030906683288,0.1714659685863879,0.0004283385649697,0.0206963418257864,0.0084880040263346,106.1064,113.7548,85.4745,83.5511,65.9454,20.9679,142.4653,23.3333,96.6667,125.9478,112.1338,98.3199,36385952723.1729,25694836326.0,2023.0,6.0,5.0,0.0
2023-06-02,124.92,126.39,124.015,124.25,61264414.0,124.9012,518431.0,0.1389219259259259,27.0,0.0062328637776523,0.1968981793661497,0.0004480852381326,0.0211680239543666,0.0102901830694783,105.5556,112.9585,81.4476,81.8409,65.2686,20.4251,159.0328,26.6667,100.0,124.5527,111.5225,98.4923,36355313110.6964,25646886198.0,2023.0,6.0,2.0,4.0
2023-06-01,120.69,123.49,119.93,122.77,54375131.0,122.2429,470500.0,0.0261155,4.0,0.0056744288146916,0.1770853307766062,0.0004506262383151,0.0212279588824535,0.0079950529341631,105.0501,112.1798,83.7312,76.374,64.3019,19.7582,140.8542,30.0,100.0,123.2614,110.8412,98.421,36404453619.6101,25585621784.0,2023.0,6.0,1.0,3.0
2023-05-31,121.45,122.04,119.17,120.58,72800787.0,120.4395,492145.0,0.0886512857142857,7.0,0.0057206996871841,0.1786901270772236,0.0004518439687438,0.0212566217622606,0.0079950529341631,104.5631,111.4495,80.3439,67.413,62.8217,19.2094,134.7575,33.3333,96.6667,122.0355,110.2255,98.4155,36372072923.6213,25531246653.0,2023.0,5.0,31.0,2.0
2023-05-30,122.37,122.92,119.855,121.66,64297208.0,121.6229,561348.0,0.1195465789473683,19.0,0.0058738511373296,0.1841541755888651,0.0004480527957479,0.0211672576340897,0.0079950529341631,104.1159,110.8198,65.0469,53.2599,64.0885,18.7169,159.3227,36.6667,100.0,121.1084,109.6162,98.1239,36373323259.3879,25603015926.0,2023.0,5.0,30.0,1.0
2023-05-26,116.04,121.5,116.02,120.11,96779889.0,119.7818,740906.0,0.186499,19.0,0.0055184793476806,0.1716905667739729,0.000446717951682,0.0211357032455061,0.0054207753572146,103.6699,110.0722,56.8482,47.0412,63.055,18.135,144.1395,0.0,100.0,119.8227,108.9855,98.1483,36361887184.2296,25538701118.0,2023.0,5.0,26.0,4.0
2023-05-25,116.63,116.87,114.31,115.0,66496681.0,115.1167,538033.0,0.1444909499999999,20.0,0.0040731272190574,0.1230468749999991,0.0003948046686649,0.0198696922136439,0.0028102161082446,103.2036,109.3799,37.8845,45.0274,59.3242,17.6054,102.434,0.0,83.3333,118.6535,108.3988,98.1442,36314203662.2771,25441921229.0,2023.0,5.0,25.0,3.0
2023-05-24,115.35,117.34,115.02,116.75,63453438.0,116.3022,493429.0,0.1396582222222222,18.0,0.0061298932313894,0.1933967085761003,0.0004390690975926,0.0209539756989613,0.0054207753572146,102.8231,108.9923,46.3908,57.1218,61.376,17.3197,126.1472,0.0,86.6667,118.1494,107.9788,97.8083,36344854476.1755,25508417910.0,2023.0,5.0,24.0,2.0
2023-05-23,114.27,117.14,113.78,114.99,67576262.0,115.6139,457967.0,0.1822310833333333,12.0,0.0049224794933433,0.1508206565252197,0.0004591887487061,0.0214286898504354,0.0028102161082446,102.4477,108.4573,50.8068,71.1069,60.0321,16.9494,122.5436,3.3333,90.0,117.611,107.3482,97.0854,36313657816.9859,25444929972.0,2023.0,5.0,23.0,1.0
2023-05-22,116.77,116.77,114.25,115.01,70720123.0,115.1666,548402.0,0.1688043,10.0,0.0041942054242045,0.1256728981109915,0.0004819929782159,0.0219543384827678,0.0028102161082446,102.0939,108.0068,74.1679,84.1213,60.0551,16.5779,137.0333,6.6667,93.3333,117.0383,106.8458,96.6534,36332563080.7597,25512506234.0,2023.0,5.0,22.0,0.0
2023-05-19,118.16,118.31,115.7,116.25,55056307.0,116.6892,432817.0,0.16658935,20.0,0.0045856875588965,0.1390358612580839,0.0004748019359486,0.0217899503429587,0.0028102161082446,101.7354,107.5238,88.3461,87.0384,61.4636,16.146,177.2066,10.0,96.6667,116.2759,106.4178,96.5598,36360634954.966,25583247357.0,2023.0,5.0,19.0,4.0
2023-05-18,116.69,118.6,116.335,118.15,73173987.0,117.5869,552169.0,0.1172546086956521,23.0,0.005438247612442,0.1686449060336299,0.0004606412213571,0.0214625539337036,0.0054207753572146,101.3949,106.922,89.85,81.8757,63.6756,15.5505,218.5857,13.3333,100.0,115.2146,105.9448,96.675,36392487454.4181,25638303664.0,2023.0,5.0,18.0,3.0
2023-05-17,114.89,115.83,114.22,115.5,65648177.0,115.2152,516297.0,0.20328985,20.0,0.0037595559337504,0.1111111111111107,0.0004835907966279,0.0219906979568172,0.0028102161082446,101.0222,106.1476,82.9192,77.2469,61.8231,14.8685,203.8964,16.6667,100.0,113.6169,105.3765,97.1361,36348389163.5771,25565129577.0,2023.0,5.0,17.0,2.0
2023-05-16,111.05,114.7899,111.05,113.4,71340708.0,113.5435,511222.0,0.1294233636363636,11.0,0.0036435251159652,0.1073137388926861,0.0004805562390008,0.0219215929850187,0.0028102161082446,100.6736,105.5026,72.858,77.0487,60.2711,14.3065,188.8238,20.0,100.0,112.3344,104.9915,97.6486,36309648531.1858,25499474400.0,2023.0,5.0,16.0,1.0
2023-05-15,111.15,112.29,109.25,111.2,52461045.0,110.6888,402849.0,0.1432058571428571,14.0,0.0027000626335549,0.0765805015006286,0.0004759135704138,0.0218154433925565,0.0019500089193268,100.4036,104.958,75.9636,83.5769,58.5653,13.7819,161.151,23.3333,93.3333,111.3217,104.6252,97.9287,36291300142.4666,25428001492.0,2023.0,5.0,15.0,0.0
2023-05-12,112.16,112.64,109.3185,110.26,49852671.0,110.4731,415047.0,0.167707,14.0,0.002837454466762,0.0809803921568621,0.0004780616705059,0.0218646214352303,0.0019500089193268,100.1861,104.5275,82.3243,89.7306,57.8172,13.3821,178.9592,26.6667,96.6667,110.6096,104.3615,98.1134,36276303568.5522,25374990347.0,2023.0,5.0,12.0,4.0
2023-05-11,111.03,113.28,110.49,112.18,74924841.0,112.1671,556512.0,0.234913625,16.0,0.0039898447811644,0.1190024937655858,0.0004705869321855,0.0216930157466766,0.0028102161082446,100.0344,104.1322,92.4427,93.7844,59.9545,12.9618,242.1385,30.0,100.0,109.9887,104.0862,98.1836,36297894135.2339,25424843018.0,2023.0,5.0,11.0,3.0
2023-05-10,108.1,110.67,108.05,110.19,78627441.0,109.5931,617458.0,0.1714780588235294,17.0,0.0044196656058379,0.1331756478815295,0.0004880396109573,0.0220916185680751,0.0028102161082446,99.8264,103.5772,94.4248,87.6939,58.4143,12.4124,201.7667,0.0,70.0,108.9264,103.6885,98.4506,36282049814.0189,25349918177.0,2023.0,5.0,10.0,2.0
2023-05-09,105.48,106.79,105.1567,106.62,44089359.0,106.2617,322823.0,0.093246,8.0,0.003031554482252,0.0875152998776005,0.0004632309500097,0.0215228007008795,0.0019500089193268,99.6489,103.1211,94.4856,73.2878,55.4424,11.9923,101.8862,3.3333,73.3333,108.4142,103.2568,98.0995,36232232316.8586,25271290561.0,2023.0,5.0,9.0,1.0
2023-05-08,105.04,106.095,104.7001,105.83,49412909.0,105.5519,379993.0,0.1219905714285714,7.0,0.0027521560569372,0.078467339243859,0.0004630175061578,0.0215178415775808,0.0013670658348391,99.4987,102.8798,74.1713,51.2927,54.7507,11.8053,87.0757,6.6667,76.6667,108.2992,102.9708,97.6424,36197320930.0988,25227201202.0,2023.0,5.0,8.0,0.0
2023-05-05,104.27,105.76,103.55,105.655,56951644.0,105.0963,440870.0,0.3702071333333332,15.0,0.0025010849873673,0.0703576132104142,0.0004653958282185,0.0215730347475384,0.0010760080620467,99.3722,102.6763,51.2065,32.5502,54.5998,11.6595,74.1699,10.0,80.0,108.2062,102.7142,97.2221,36166671569.432,25177770293.0,2023.0,5.0,5.0,4.0
2023-05-04,104.04,105.39,103.3117,104.0,45345523.0,104.3355,372148.0,0.1745721999999999,20.0,0.0019740135068384,0.0536980749746704,0.0004593135919081,0.0214316026444158,0.0006336065283338,99.2788,102.4709,28.5003,22.5655,53.1719,11.5315,54.6959,13.3333,83.3333,108.0444,102.4827,96.9209,36115131529.613,25120818549.0,2023.0,5.0,4.0,3.0
2023-05-03,103.735,105.96,103.28,103.65,65051925.0,104.7227,487540.0,0.1775626818181818,22.0,0.0012286486709928,0.0302156843256136,0.0004733339863907,0.021756240171287,0.0001471557146307,99.2473,102.3655,17.9439,27.0487,52.8689,11.4238,60.3576,16.6667,86.6667,107.9989,102.306,96.6131,36130441616.4576,25075473026.0,2023.0,5.0,3.0,2.0
2023-05-02,101.47,103.9,101.15,103.63,73458850.0,103.0701,533212.0,0.1207384545454545,11.0,0.0022115376711959,0.0605874526660528,0.0004993141726401,0.0223453389466393,0.0005877679362967,99.2228,102.2769,21.2522,38.9142,52.852,11.3125,21.2736,0.0,90.0,107.9065,102.2047,96.5029,36177531442.7636,25010421101.0,2023.0,5.0,2.0,1.0
2023-05-01,104.95,105.23,101.82,102.05,74659196.0,102.9682,583134.0,0.1292184193548387,31.0,0.0012777313987866,0.0313289540171801,0.0004998167883675,0.022356582663,-0.0004079167979205,99.2188,102.1835,41.9499,47.3857,51.5284,11.333,29.3782,3.3333,93.3333,107.9046,102.0073,96.1101,36118488801.4908,24936951751.0,2023.0,5.0,1.0,0.0
2023-04-28,107.73,109.48,104.33,105.45,130715946.0,105.8406,1015958.0,0.1228347872340425,47.0,0.0019893023101723,0.0540783686525387,0.000466796023905,0.0216054628255218,-0.0004079167979205,99.3998,102.1928,53.5404,46.052,54.7242,11.298,126.9108,0.0,96.6667,107.9024,101.904,95.9056,36183136274.57,25011679847.0,2023.0,4.0,28.0,4.0
2023-04-27,108.16,110.86,106.8,109.82,149900667.0,110.9409,1113448.0,0.1607333783783783,37.0,0.004646276558842,0.1415800415800412,0.0004494961284768,0.0212013237435029,0.0005877679362967,99.3948,101.9681,46.6668,45.8637,59.2932,11.0438,215.1404,0.0,100.0,107.609,101.7237,95.8383,36256997129.4943,25142395793.0,2023.0,4.0,27.0,3.0
2023-04-26,105.04,106.62,104.1,104.98,73783977.0,105.511,578920.0,0.1213453043478261,23.0,0.0035732195746214,0.106450252951096,0.0003939151740285,0.0198472963909077,0.0005877679362967,99.2833,101.4266,37.9487,53.5407,55.2973,10.5493,118.2485,0.0,93.3333,106.6679,101.2697,95.8714,36183863358.3958,24992434626.0,2023.0,4.0,26.0,2.0
2023-04-25,104.91,105.45,102.45,102.57,65026818.0,103.8593,494317.0,0.1106735238095238,21.0,0.0036735661253698,0.1097046413502107,0.0003982055819972,0.0199550891252646,0.0005877679362967,99.2095,101.1815,52.9757,66.9824,53.0804,10.3043,74.3394,0.0,96.6667,106.616,100.933,95.25,36205523724.8243,24920613411.0,2023.0,4.0,25.0,1.0
2023-04-24,107.655,109.23,105.07,106.21,69572310.0,106.6833,531663.0,0.1444086969696969,33.0,0.0054405207101123,0.1706161137440756,0.0003546520934625,0.0188322089374181,0.0010760080620467,99.204,101.0858,69.6978,74.1207,57.2237,10.1316,162.973,3.3333,100.0,107.0076,100.595,94.1824,36265348397.3843,24985640229.0,2023.0,4.0,24.0,0.0
2023-04-21,106.1,108.15,105.08,106.96,86734185.0,106.7879,700624.0,0.1711999310344827,29.0,0.0051250207874741,0.1594579945799457,0.0003653962771724,0.019115341408733,0.0010760080620467,99.0875,100.7324,78.2738,77.724,58.1274,9.6922,169.7609,6.6667,100.0,107.0668,100.079,93.0912,36296791221.1343,25055215839.0,2023.0,4.0,21.0,4.0
2023-04-20,103.53,105.25,103.21,103.81,57696866.0,104.073,432539.0,0.1320716315789473,19.0,0.0035208545276519,0.1053023850085177,0.0003591128671759,0.018950273538287,0.0005877679362967,98.9245,100.3029,74.3905,78.4924,55.2587,9.309,114.2238,10.0,100.0,106.6404,99.5887,92.537,36277288228.4145,24968441654.0,2023.0,4.0,20.0,3.0
2023-04-19,101.58,105.12,101.39,104.3,58398890.0,103.9426,452914.0,0.1660282727272727,11.0,0.003809290887636,0.1149118118653118,0.0003567843124318,0.0188887350670138,0.0010760080620467,98.7997,100.061,80.5076,83.4174,55.8339,9.117,108.1098,13.3333,100.0,106.4144,99.259,92.1036,36301045761.4733,25026138520.0,2023.0,4.0,19.0,2.0
2023-04-18,103.95,104.2,101.52,102.3,39790518.0,102.4244,365986.0,0.181541,10.0,0.0030865017054919,0.0911999999999999,0.0003491796911762,0.018686350397448,0.0005877679362967,98.6867,99.7687,80.5792,77.2419,53.9423,8.9279,91.2743,16.6667,100.0,106.087,98.9007,91.7143,36268323595.2266,24967739630.0,2023.0,4.0,18.0,1.0
2023-04-17,103.16,103.73,101.59,102.74,39919457.0,102.5854,347495.0,0.1862705454545454,11.0,0.0028253229147892,0.082613277133825,0.0003550072426391,0.0188416358801244,0.0005877679362967,98.6025,99.5941,89.1655,63.277,54.4381,8.7993,96.0065,20.0,73.3333,105.9174,98.6157,91.3139,36284952468.4207,25007530148.0,2023.0,4.0,17.0,0.0
2023-04-14,102.07,103.2013,101.11,102.51,51175522.0,102.1347,422097.0,0.1667729,10.0,0.003752740489657,0.1126668837512208,0.000378871394875,0.0194646190529147,0.0005877679362967,98.4515,99.3772,61.9809,41.9667,54.2255,8.7005,91.6997,23.3333,76.6667,105.608,98.3543,91.1007,36281977400.3833,24967738613.0,2023.0,4.0,14.0,4.0
2023-04-13,98.95,102.57,98.71,102.4,67925138.0,101.1854,516926.0,0.2206810357142856,28.0,0.0037024671750617,0.1109905609200392,0.0003792140059858,0.0194734179328098,-0.0001663317826328,98.334,99.1611,38.6846,35.2002,54.1265,8.6365,72.8947,26.6667,80.0,105.4245,98.0083,90.5922,36264541841.1898,24916288091.0,2023.0,4.0,13.0,3.0
2023-04-12,100.4,100.51,97.705,97.83,56735007.0,98.9701,460026.0,0.1834667857142857,14.0,0.0014166308431182,0.0382043935052534,0.0003341071723914,0.0182785987534988,-0.000675565703147,98.2282,98.9377,25.2346,35.3764,49.7645,8.6154,23.277,30.0,83.3333,105.1845,97.6673,90.1502,36202599746.4333,24848362953.0,2023.0,4.0,12.0,2.0
2023-04-11,100.8,101.0,99.01,99.92,60028547.0,99.8852,508395.0,0.1182166666666666,18.0,0.002280948577169,0.0656996587030713,0.0003171652360781,0.0178091335016093,-0.0001663317826328,98.233,99.0141,41.6813,44.415,51.9483,8.7454,52.3963,33.3333,86.6667,105.1645,97.5473,89.9301,36254278157.444,24905097960.0,2023.0,4.0,11.0,1.0
2023-04-10,100.96,102.2,99.57,102.17,37261185.0,101.1068,336893.0,0.0761497222222222,18.0,0.0031077108658085,0.0927272727272727,0.0002968020554645,0.0172279440289475,0.0005895572483436,98.1555,98.9517,39.2132,51.7097,54.4341,8.7691,82.836,36.6667,90.0,105.0241,97.342,89.6599,36259439481.057,24965515807.0,2023.0,4.0,10.0,0.0
2023-04-06,100.75,102.3817,99.8008,102.06,43808020.0,101.3664,350990.0,0.050742,16.0,0.0022647154770986,0.0651221039448965,0.0003208330664267,0.0179118135995979,-0.0001663317826328,98.0375,98.7297,52.3505,69.5042,54.3308,8.7459,89.9593,40.0,93.3333,104.6386,97.053,89.4674,36223028361.1141,24928254622.0,2023.0,4.0,6.0,3.0
2023-04-05,103.91,103.91,100.7506,101.1,45175393.0,101.636,398442.0,0.1202595416666666,24.0,0.0019586366814641,0.0554337613529594,0.000319123499463,0.0178640280861591,-0.0001663317826328,97.8343,98.5,63.5656,81.7001,53.4405,8.7023,107.3142,43.3333,96.6667,104.209,96.845,89.481,36190141368.689,24884446602.0,2023.0,4.0,5.0,2.0
2023-04-04,102.75,104.2,102.11,103.95,48662496.0,103.3141,378108.0,0.0673185833333333,12.0,0.0032989843423869,0.0990695707337703,0.0002924757178502,0.0171019214666143,0.0002072511074916,97.6053,98.3207,92.5965,89.9376,56.6074,8.578,149.9272,46.6667,100.0,103.8678,96.668,89.4682,36225324812.3858,24929621995.0,2023.0,4.0,4.0,1.0
2023-04-03,102.3,103.29,101.43,102.41,41135733.0,102.2287,359080.0,0.2062265833333333,12.0,0.0018992401258786,0.0536008230452675,0.0003164328482139,0.0177885594755158,-0.0001663317826328,97.3075,97.9325,88.9383,79.5123,55.2213,8.334,143.2501,50.0,96.6667,103.0607,96.3557,89.6506,36188304061.8403,24880959499.0,2023.0,4.0,3.0,0.0
2023-03-31,102.16,103.49,101.95,103.29,56700317.0,102.9746,422311.0,0.0705212,10.0,0.0018605947642533,0.0523688232297501,0.000317281446227,0.0178123958586993,-0.0001663317826328,96.986,97.6237,88.2779,64.1042,56.2131,8.1388,172.4624,53.3333,100.0,102.5101,96.182,89.8539,36186092463.292,24922095232.0,2023.0,3.0,31.0,4.0
2023-03-30,101.55,103.04,101.01,102.0,53633398.0,101.9176,413471.0,0.1025515,12.0,0.0004471980097428,0.0083036773428235,0.0003447233608231,0.0185667272512717,-0.000675565703147,96.6835,97.2329,61.3209,43.9107,55.0696,7.8937,162.4103,56.6667,100.0,101.8165,96.0107,90.2048,36144082488.3699,24865344915.0,2023.0,3.0,30.0,3.0
2023-03-29,98.69,100.4218,98.56,100.25,49783279.0,99.8089,375796.0,0.1094375,16.0,0.0003534504328476,0.0055165496489471,0.0003417890951852,0.0184875389163963,-0.000675565703147,96.4138,96.9042,42.714,36.1117,53.4762,7.6672,105.9817,60.0,83.3333,101.6798,95.9827,90.2856,36145403508.025,24811711517.0,2023.0,3.0,29.0,2.0
2023-03-28,98.11,98.44,96.29,97.24,38720050.0,97.3171,313968.0,0.1421337692307692,13.0,-0.0006247810926661,-0.0231062889290736,0.0003096707564609,0.0175974644895483,-0.000675565703147,96.143,96.6734,27.6973,36.6084,50.5612,7.5951,39.9932,63.3333,86.6667,101.6097,95.9643,90.319,36104807861.7807,24761928238.0,2023.0,3.0,28.0,1.0
2023-03-27,99.07,99.34,97.08,98.04,46704796.0,98.2207,382065.0,0.1578601111111111,9.0,0.0003063022075661,0.0044052863436125,0.0003207796122929,0.0179103213899952,-0.0001663317826328,95.9253,96.6343,37.924,48.4698,51.3884,7.651,60.3528,66.6667,90.0,101.8146,96.041,90.2674,36109310193.176,24800648288.0,2023.0,3.0,27.0,0.0
2023-03-24,98.065,98.3,96.4,98.13,56138401.0,97.5291,419956.0,0.1204978181818181,11.0,0.0001231116831969,-0.0011197068403911,0.0003222010665373,0.0179499600706345,-0.0001663317826328,95.655,96.5374,44.2039,58.4063,51.48,7.6488,46.6217,70.0,93.3333,101.7824,96.0267,90.2709,36116339060.7158,24847369584.0,2023.0,3.0,24.0,4.0
2023-03-23,100.43,101.06,97.62,98.71,57472010.0,99.529,469445.0,0.1480085,18.0,-0.0002840602078439,-0.0133933033483258,0.0003318941206841,0.0182179614854169,-0.0001663317826328,95.4035,96.4276,63.2817,70.3092,52.0581,7.7144,84.615,73.3333,0.0,101.7916,96.0303,90.2691,36070241224.1053,24903514385.0,2023.0,3.0,23.0,3.0
2023-03-22,100.45,102.1,98.61,98.7,57367105.0,100.2203,483998.0,0.105301,19.0,-0.0009599148389242,-0.0333953579473116,0.0003446198075653,0.0185639383635418,-0.0012836570105963,95.1792,96.2701,67.7334,75.5658,52.0491,7.6919,99.2967,76.6667,3.3333,101.9385,96.075,90.2115,36091323994.6286,24845955075.0,2023.0,3.0,22.0,2.0
2023-03-21,98.14,100.845,98.0,100.61,58237275.0,99.6088,465171.0,0.2326530624999999,16.0,-0.0003499438112113,-0.0153650420825992,0.0003334211034526,0.0182598221090085,-0.0005595231292105,94.9307,96.1026,79.9126,83.1292,53.9123,7.5944,97.2325,80.0,0.0,102.3747,96.1887,90.0026,36145835014.1558,24903430440.0,2023.0,3.0,21.0,1.0
2023-03-20,98.41,98.48,95.7,97.71,62326911.0,97.0354,509445.0,0.01721515,20.0,-0.0017293746050651,-0.0549376148563691,0.0003057556212414,0.0174858691874732,-0.0014091994519475,94.7,95.7917,79.0514,86.5673,51.3566,7.5705,29.2577,83.3333,0.0,102.5999,96.241,89.8821,36096918132.5653,24844833165.0,2023.0,3.0,20.0,0.0
2023-03-17,99.79,100.66,97.455,98.95,87280992.0,98.9601,510343.0,0.1188671666666666,12.0,-0.0041221532549539,-0.1236382959879549,0.0005234865021661,0.0228798274068264,-0.0014091994519475,94.4913,95.6594,90.4235,85.9212,52.5613,7.6961,59.4433,86.6667,0.0,103.2728,96.4303,89.5879,36069089985.2128,24907222076.0,2023.0,3.0,17.0,4.0
2023-03-16,95.75,100.99,95.61,100.04,84238058.0,99.3317,693378.0,0.1778470714285714,14.0,-0.0012989873873652,-0.048597242035188,0.0007163788391181,0.0267652543256765,-0.0005595231292105,94.2575,95.4325,90.2271,71.8393,53.6304,7.6995,40.0432,90.0,3.3333,105.9133,96.8957,87.8781,36074946319.6995,24994522318.0,2023.0,3.0,16.0,3.0
2023-03-15,93.22,96.67,93.07,96.2,70536792.0,95.1396,560234.0,0.1296234285714285,7.0,-0.0019766510806403,-0.0671967419761465,0.0006738355139677,0.0259583418955786,-0.0005595231292105,94.0545,95.1147,77.1128,48.7167,50.1796,7.703,-30.3165,93.3333,6.6667,106.4982,97.066,87.6338,36020250206.2571,24909963384.0,2023.0,3.0,15.0,2.0
2023-03-14,93.83,95.07,92.71,94.88,60912674.0,94.1575,464479.0,0.0752166666666666,15.0,-0.0015850988841627,-0.0563898557931376,0.0006907243099684,0.0262816344615097,-0.0005595231292105,93.9253,95.0399,48.178,30.4184,48.9164,7.9489,-52.2806,96.6667,10.0,106.9695,97.297,87.6245,35967987271.0571,24839231592.0,2023.0,3.0,14.0,1.0
2023-03-13,89.97,94.02,88.12,92.43,72397053.0,91.9457,607384.0,0.118933875,16.0,-0.0030196415326027,-0.0959507042253519,0.0006698064518137,0.0258806192316524,-0.0014091994519475,93.8703,95.0509,20.8592,26.6141,46.4816,8.09,-102.317,100.0,13.3333,107.1837,97.486,87.7883,35916882569.9893,24778318918.0,2023.0,3.0,13.0,0.0
2023-03-10,92.67,93.57,90.245,90.73,69827490.0,91.6025,594321.0,0.165852125,8.0,-0.0026296248627342,-0.0855674259221933,0.0006911885657859,0.026290465301816,-0.0014091994519475,93.8713,95.2316,22.2179,37.8035,44.7142,8.16,-109.4578,100.0,16.6667,107.4682,97.813,88.1578,35883506301.4876,24705921865.0,2023.0,3.0,10.0,4.0
2023-03-09,93.68,96.21,92.18,92.25,56218705.0,94.1054,452985.0,0.1890815555555555,9.0,-0.0013806602485083,-0.050730603004734,0.0007018363563162,0.026492194252577,-0.0005595231292105,93.8683,95.5421,36.7653,53.181,46.028,8.3725,-81.926,83.3333,20.0,107.3953,98.096,88.7967,35932963065.0816,24775749355.0,2023.0,3.0,9.0,3.0
2023-03-08,93.6,94.165,92.18,93.92,44899128.0,93.3325,351441.0,0.1741939411764705,17.0,-0.0004903381912356,-0.0249169435215947,0.0006956205546918,0.0263746195174811,-6.0397797734867975e-05,93.8157,95.7691,54.4273,62.4088,47.5106,8.5965,-86.715,86.6667,23.3333,107.3116,98.2603,89.2091,35987228762.96,24831968060.0,2023.0,3.0,8.0,2.0
2023-03-07,94.06,95.09,92.78,93.55,49090268.0,93.8849,380920.0,0.1137189333333333,15.0,-0.0010323472710014,-0.0407095980311734,0.0006993210558223,0.0264446791589979,-0.0005595231292105,93.7562,95.8967,68.3503,61.0152,47.146,8.8152,-84.29,90.0,26.6667,107.2784,98.3403,89.4023,35953413046.9096,24787068932.0,2023.0,3.0,7.0,1.0
2023-03-06,95.19,96.545,93.74,93.75,52112355.0,94.9337,424111.0,0.12816385,20.0,-0.0008686911727437,-0.03598971722365,0.0006997374058923,0.026452550082976,-6.0397797734867975e-05,93.6713,96.0585,64.4487,48.4942,47.3178,9.0822,-71.8065,93.3333,30.0,107.239,98.4727,89.7063,35969779936.243,24836169600.0,2023.0,3.0,6.0,0.0
2023-03-03,92.74,94.94,92.66,94.9,55741309.0,94.263,433448.0,0.1024684666666666,15.0,0.0008055246032524,0.0130230572160552,0.0007433567572394,0.0272645696323908,0.0009602895524234,93.5797,96.2177,50.2466,36.2835,48.2957,9.3674,-83.8853,96.6667,33.3333,107.1928,98.5893,89.9858,36021520723.6494,24888281955.0,2023.0,3.0,3.0,4.0
2023-03-02,91.41,92.23,90.39,92.13,55563270.0,91.3175,456728.0,0.1367518666666667,15.0,-0.0008182342073934,-0.0348837209302322,0.0007247933508192,0.0269219863832371,-6.0397797734867975e-05,93.5148,96.3086,30.7872,29.8106,45.6818,9.6098,-135.6498,100.0,36.6667,107.2327,98.5487,89.8646,35967717592.1582,24832522346.0,2023.0,3.0,2.0,3.0
2023-03-01,93.87,94.68,91.59,92.17,52299524.0,92.56,449825.0,0.2036150666666666,15.0,-0.0010085226526237,-0.0403956272774592,0.0007256971938888,0.026938767490159,-0.000185940239086,93.5482,96.5968,27.8168,28.7294,45.7141,9.6676,-120.5626,20.0,40.0,107.0942,98.6597,90.2251,35918183513.4625,24888097166.0,2023.0,3.0,1.0,2.0
2023-02-28,93.14,94.69,92.92,94.23,43959290.0,93.9332,369518.0,0.146665,11.0,-0.0009830297672193,-0.0396453322462292,0.0007246528404422,0.0269193766726177,-0.000185940239086,93.6037,96.9021,30.8277,27.6722,47.3798,9.8035,-103.6854,23.3333,43.3333,106.9356,98.789,90.6424,35950849559.1972,24940396690.0,2023.0,2.0,28.0,1.0
2023-02-27,94.28,94.78,93.14,93.76,47470321.0,93.812,409004.0,0.0731070909090909,11.0,-0.0001529571056394,-0.0158496903537316,0.0007545883850039,0.0274697722051702,-0.000185940239086,93.6422,97.0863,27.5437,23.7755,46.9535,10.0297,-110.3289,26.6667,46.6667,106.8929,98.9187,90.9444,35929739165.6943,24896437400.0,2023.0,2.0,27.0,0.0
2023-02-24,93.53,94.14,92.3186,93.5,57053812.0,93.1529,486809.0,0.1246923809523809,21.0,-0.00018255061017,-0.0167210011567988,0.0007544401452238,0.0274670738380306,-0.000185940239086,93.6198,97.3158,24.6453,20.6611,46.7227,10.2778,-126.3057,0.0,50.0,106.8306,98.969,91.1074,35941317292.7675,24848967079.0,2023.0,2.0,24.0,4.0
2023-02-23,96.12,96.43,93.67,95.82,48466994.0,95.2741,433360.0,0.133836,17.0,0.0025606481649092,0.0662067430733281,0.0008408337263229,0.0289971330707525,0.0009602895524234,93.6273,97.5789,19.1375,20.3837,48.5446,10.4918,-80.9632,0.0,53.3333,106.7558,99.022,91.2882,35924358396.4148,24906020891.0,2023.0,2.0,23.0,3.0
2023-02-22,95.1,97.01,94.8,95.79,59484094.0,95.9192,443044.0,0.1666923157894737,19.0,0.0035079314945523,0.0964972527472529,0.0008625987832097,0.0293700320600733,0.001750168769821,93.5872,97.7002,18.2005,31.3128,48.5195,10.7965,-59.2477,0.0,56.6667,107.1577,98.8237,90.4897,35897315218.6032,24857553897.0,2023.0,2.0,22.0,2.0
2023-02-21,95.335,95.605,94.27,94.58,56580360.0,94.7843,487312.0,-0.003144611111111,18.0,0.003577147696725,0.0987453531598512,0.0008640231288707,0.0293942703408467,0.001750168769821,93.5595,97.8319,23.813,45.4213,47.5217,11.1554,-70.3862,0.0,60.0,107.7858,98.5427,89.2996,35903511074.5399,24798019803.0,2023.0,2.0,21.0,1.0
2023-02-17,97.8,97.94,95.65,97.2,60029405.0,96.6185,485368.0,0.1131388888888888,18.0,0.0056626775997788,0.1693936477382096,0.0008628064448538,0.0293735671115007,0.0023346465707904,93.5365,98.0562,51.925,59.0514,49.5312,11.4655,-19.1061,3.3333,63.3333,108.4441,98.2593,88.0746,35933814413.4163,24854600163.0,2023.0,2.0,17.0,4.0
2023-02-16,99.21,100.63,98.1,98.15,56309473.0,99.233,441738.0,0.0737665625,16.0,0.0051944587425256,0.1528071411792348,0.0008835306670888,0.0297242437597467,0.0023346465707904,93.4575,98.1153,60.526,55.4276,50.2763,11.8513,23.1324,6.6667,66.6667,109.3338,97.79,86.2462,35912581305.0975,24914629568.0,2023.0,2.0,16.0,3.0
2023-02-15,99.09,101.17,98.45,101.16,48053879.0,99.9413,412969.0,0.1992249999999999,9.0,0.0059221681715349,0.1787462130039621,0.0008480220624557,0.0291208183685779,0.0023346465707904,93.3907,98.1129,64.7033,43.6139,52.7048,12.0958,47.579,10.0,70.0,109.759,97.3563,84.9537,35966693633.3149,24970968741.0,2023.0,2.0,15.0,2.0
2023-02-14,98.41,100.9207,97.52,99.7,56202698.0,99.0512,458644.0,0.0677167,10.0,0.0061562593339109,0.1869047619047619,0.0008536945995218,0.0292180526305541,0.0023346465707904,93.2855,97.9027,41.0535,26.0717,51.6088,12.3262,38.7926,13.3333,73.3333,109.8294,96.845,83.8606,35918993091.6605,24922914862.0,2023.0,2.0,14.0,1.0
2023-02-13,97.85,99.68,96.91,99.54,52775864.0,98.8244,432119.0,0.1783552352941176,17.0,0.0060314036960046,0.1824661439771915,0.0008552825814639,0.0292452146763183,0.0023346465707904,93.2425,97.7788,25.0848,17.2389,51.4897,12.5786,33.6676,16.6667,76.6667,110.048,96.3217,82.5953,35903138873.3962,24866711964.0,2023.0,2.0,13.0,0.0
2023-02-10,97.56,98.8163,96.23,97.61,52733633.0,97.4738,487987.0,0.1502734166666667,12.0,0.0063337783354908,0.1929846003422148,0.0008662440206787,0.0294320237272055,0.0023346465707904,93.2325,97.6573,12.0768,14.3383,50.0566,12.9089,23.4225,20.0,80.0,110.1498,95.8097,81.4696,35855638784.8186,24813870500.0,2023.0,2.0,10.0,4.0
2023-02-09,101.32,101.78,97.57,98.24,64568489.0,99.3668,560764.0,0.137798294117647,17.0,0.0060578167226004,0.1830443159922927,0.0008754876795282,0.0295886410557885,0.0023346465707904,93.2472,97.6606,14.5551,17.6454,50.5276,13.2988,45.0172,23.3333,83.3333,110.4554,95.2833,80.1112,35852096674.0417,24866610633.0,2023.0,2.0,9.0,3.0
2023-02-08,102.04,102.6699,98.775,100.05,74746154.0,100.1813,548954.0,0.1100132272727272,22.0,0.0057967234178354,0.1736070381231675,0.0008900747662092,0.0298341208385501,0.0023346465707904,93.2897,97.6206,16.383,27.6169,51.8835,13.6247,61.3605,26.6667,86.6667,110.5243,94.7767,79.0291,35896150484.8327,24931233122.0,2023.0,2.0,8.0,2.0
2023-02-07,101.17,102.41,98.08,102.11,119316301.0,100.2393,854814.0,0.0453588666666666,15.0,0.0070500179336664,0.2186418427019931,0.0008705276962597,0.029504706340849,0.0058524605214836,93.2327,97.4531,21.9981,45.5173,53.4619,13.8917,68.4668,30.0,90.0,110.2648,94.2833,78.3019,35922351088.4553,25007111426.0,2023.0,2.0,7.0,1.0
2023-02-06,102.925,103.9484,100.65,102.18,81945199.0,102.246,625158.0,0.1622809374999999,16.0,0.0059280645471494,0.1775959432983755,0.0009243891051688,0.0304037679436094,0.0058524605214836,92.9665,97.1319,44.4695,69.0808,53.5154,14.1813,85.4434,33.3333,93.3333,109.8105,93.6727,77.5349,35819408859.1874,25126612727.0,2023.0,2.0,6.0,0.0
2023-02-03,105.26,108.78,102.52,103.39,144343628.0,105.7858,1134293.0,0.0422274199999999,50.0,0.0069363991236052,0.2136400986031228,0.0009183179777564,0.0303037617756679,0.0118992299522039,92.7632,96.7838,70.0842,83.2363,54.4251,14.3325,115.9572,36.6667,96.6667,109.1614,93.159,77.1566,35825331650.6747,25208557926.0,2023.0,2.0,3.0,4.0
2023-02-02,110.245,114.0,108.88,112.91,157942363.0,111.3451,1209503.0,0.1198043846153846,39.0,0.0098528792611904,0.329604333490344,0.0006327223705504,0.0251539732557386,0.0118992299522039,92.5488,96.3282,92.6887,88.9969,62.5059,14.3772,193.3049,40.0,100.0,108.3357,92.5523,76.7689,35929576734.1507,25352932754.0,2023.0,2.0,2.0,3.0
2023-02-01,102.53,106.24,101.24,105.15,80450121.0,103.7156,642368.0,0.1396113095238095,42.0,0.0062774905707649,0.1967903482813562,0.0005461742307262,0.023370370787093,0.0060540172262969,92.1833,95.1846,86.936,87.1759,57.5382,14.0044,134.6388,43.3333,100.0,105.6956,91.6193,77.543,35838761602.428,25194778511.0,2023.0,2.0,1.0,2.0
2023-01-31,101.155,103.3484,101.14,103.13,66527253.0,102.5976,481184.0,0.127540625,32.0,0.0054022450910064,0.1659694742792539,0.0005450917637172,0.0233472003400256,0.0029779063192092,91.9192,94.4973,87.3659,88.459,56.0737,13.9933,129.9182,46.6667,93.3333,104.2448,91.043,77.8412,35793387734.184,25114328390.0,2023.0,1.0,31.0,1.0
2023-01-30,101.09,101.74,99.01,100.55,70691860.0,100.5827,566993.0,0.0962460666666666,30.0,0.0034076902825852,0.0979471500327582,0.0005796550594614,0.0240760266543597,0.0023346465707904,91.7357,93.902,87.2257,85.595,54.12,14.1449,119.1427,50.0,96.6667,102.9934,90.5537,78.1139,35740018923.5452,25047801137.0,2023.0,1.0,30.0,0.0
2023-01-27,99.53,103.485,99.53,102.24,87775614.0,101.8376,645609.0,0.1432869545454545,22.0,0.0036307180311334,0.1054168018164127,0.0005722043617024,0.0239207935006858,0.0023346465707904,91.673,93.4435,90.7854,80.0582,55.6883,14.3971,146.9642,53.3333,100.0,102.1377,90.2547,78.3716,35730955864.5709,25118492997.0,2023.0,1.0,27.0,4.0
2023-01-26,98.235,99.49,96.92,99.22,68523557.0,98.522,531132.0,0.073513,25.0,0.0033302918799872,0.0957482054113751,0.0005587149183237,0.0236371512311397,0.0023346465707904,91.6763,92.8368,78.7739,71.3134,53.3533,14.6224,117.4084,56.6667,100.0,100.9885,89.9297,78.8709,35698442267.9817,25030717383.0,2023.0,1.0,26.0,3.0
2023-01-25,92.56,97.24,91.52,97.18,94261570.0,94.5588,696993.0,0.1008718333333333,24.0,0.0031768235022741,0.0908070490515209,0.0005539769227695,0.0235367143579876,0.0023346465707904,91.7462,92.3966,70.6153,62.0317,51.691,15.1007,83.6077,60.0,83.3333,100.1528,89.6407,79.1285,35644316656.8105,24962193826.0,2023.0,1.0,25.0,2.0
2023-01-24,96.93,98.09,96.0,96.32,66929452.0,97.0691,480419.0,0.1314339761904761,42.0,0.00241434557253,0.066076369673492,0.000562065566274,0.0237079220150998,-0.0001226657987739,91.9758,92.0667,64.5511,53.4536,50.9791,15.4971,113.5114,63.3333,86.6667,99.5039,89.371,79.2381,35552032602.2651,24867932256.0,2023.0,1.0,24.0,1.0
2023-01-23,97.56,97.78,95.86,97.52,76487303.0,97.2175,589238.0,0.0459711785714285,28.0,0.0035367041437765,0.102419172507348,0.0005655553955566,0.0237814086117009,0.0023346465707904,92.2982,91.7734,50.9288,47.737,52.0129,15.8492,128.6849,66.6667,90.0,98.9805,89.172,79.3635,35598466911.0689,24934861708.0,2023.0,1.0,23.0,0.0
2023-01-20,93.86,97.354,93.2025,97.25,67141539.0,95.8223,467435.0,0.0868103225806451,31.0,0.0035234792699444,0.1019830028328612,0.0005655805787634,0.0237819380783709,0.0021362734633091,92.6828,91.3771,44.881,56.0158,51.8003,16.2337,123.8059,70.0,93.3333,98.1769,88.87,79.5631,35542684856.7981,24858360605.0,2023.0,1.0,20.0,4.0
2023-01-19,94.74,95.44,92.86,93.68,68915663.0,93.9022,502112.0,0.1194032999999999,30.0,0.0012423195340233,0.0293374354466542,0.0005586998761762,0.0236368330403259,-0.0001226657987739,93.059,90.972,47.4012,70.0688,48.907,16.6587,100.7159,73.3333,96.6667,97.3419,88.57,79.7981,35478584303.0111,24790879066.0,2023.0,1.0,19.0,3.0
2023-01-18,97.25,99.32,95.38,95.46,79532870.0,96.8796,581769.0,0.0484984166666666,24.0,0.0007590163305829,0.014129395516838,0.000584698465913,0.0241805389913675,-0.0001226657987739,93.4863,90.7853,75.7652,85.8655,50.3642,17.2226,155.5406,76.6667,100.0,97.0965,88.481,79.8655,35503724808.1352,24859881729.0,2023.0,1.0,18.0,2.0
2023-01-17,98.68,98.89,95.73,96.05,72755001.0,96.7656,600669.0,0.07511075,16.0,0.0004855858074679,0.0057591623036645,0.0005906408729361,0.0243031041831323,-0.0001226657987739,93.8162,90.4629,87.0401,92.0538,50.8496,17.6327,163.7668,80.0,100.0,96.9208,88.4367,79.9526,35580063894.0742,24939452099.0,2023.0,1.0,17.0,1.0
2023-01-13,94.18,98.37,94.12,98.12,85549432.0,96.997,619727.0,0.1890261578947368,19.0,0.0008297151307559,0.0163662730474416,0.0005792210604061,0.0240670118711523,-0.0001226657987739,94.1332,90.0776,94.7912,92.9112,52.5679,18.0841,165.6422,83.3333,100.0,96.8387,88.4183,79.998,35638083704.9983,25012207100.0,2023.0,1.0,13.0,4.0
2023-01-12,96.93,97.19,93.5,95.27,85254781.0,95.218,630928.0,0.1140182777777777,18.0,0.0013185190291452,0.0308374810647047,0.0006145839889112,0.0247908045232757,-0.0001226657987739,94.4372,89.5229,94.33,89.5198,50.3342,18.5835,139.387,86.6667,6.6667,96.5593,88.3657,80.172,35562598912.0571,24926657668.0,2023.0,1.0,12.0,3.0
2023-01-11,90.93,95.26,90.93,95.09,103126183.0,93.7151,741563.0,0.1333457599999999,25.0,0.0007125789743718,0.0121341138903672,0.000624535592437,0.0249907101227044,-0.0044043551994494,94.7458,89.1266,89.6125,77.1721,50.191,19.1733,112.8853,90.0,10.0,96.2039,88.2707,80.3375,35566064553.5612,24841402887.0,2023.0,1.0,11.0,2.0
2023-01-10,87.57,90.185,87.29,89.87,67685201.0,89.3736,523587.0,0.1229886153846154,26.0,-0.0010308521366215,-0.037897441387432,0.0005126367132602,0.0226414821347945,-0.0044043551994494,94.9427,88.7153,84.6168,65.4583,45.8106,19.7628,17.179,93.3333,13.3333,96.0449,88.2327,80.4205,35471036038.5104,24738276704.0,2023.0,1.0,10.0,1.0
2023-01-09,87.46,89.48,87.08,87.36,65266056.0,88.3985,590215.0,0.1169963888888888,18.0,-0.0022435415049865,-0.0719218102624033,0.0004830991382025,0.0219795163323163,-0.007159715671716,95.3203,88.6357,57.2869,54.808,43.5011,20.0168,-8.6308,96.6667,16.6667,96.3626,88.3507,80.3387,35418024397.3135,24670520103.0,2023.0,1.0,9.0,0.0
2023-01-06,83.03,86.4,81.43,86.08,83303361.0,84.4954,657438.0,0.0720533076923077,26.0,-0.00240658642843,-0.0763948497854083,0.0004782895482051,0.0218698319199111,-0.007159715671716,95.746,88.7236,54.4712,57.9418,42.2887,20.2264,-73.829,100.0,20.0,96.8413,88.5763,80.3113,35468061706.9135,24605254047.0,2023.0,1.0,6.0,4.0
2023-01-05,85.33,85.42,83.07,83.12,67930825.0,83.7788,532666.0,0.0120689512195121,41.0,-0.003326843215938,-0.1010166558511788,0.0004328766654738,0.020805688296084,-0.007159715671716,96.1815,88.9059,52.666,61.5322,39.3806,20.2008,-93.0375,83.3333,23.3333,97.1865,88.8137,80.4408,35395485539.2817,24521950686.0,2023.0,1.0,5.0,3.0
2023-01-04,86.55,86.98,83.36,85.14,68885123.0,85.1301,575729.0,0.0881867428571428,35.0,-0.0031308476577653,-0.095602294455067,0.0004259945364123,0.0206396350842837,-0.007159715671716,96.6907,89.305,66.6882,57.2778,40.7347,20.2637,-75.6258,86.6667,26.6667,97.3205,89.125,80.9295,35460525690.8774,24589881511.0,2023.0,1.0,4.0,2.0
2023-01-03,85.46,86.96,84.205,85.82,76706040.0,85.5452,575321.0,0.1188970666666666,15.0,-0.0031162457405973,-0.0952029520295204,0.0004258607540712,0.0206363939212063,-0.0070779693503145,97.181,89.5922,65.2425,43.8382,41.1956,20.3447,-71.3891,90.0,30.0,97.6738,89.425,81.1762,35461667433.2476,24658766634.0,2023.0,1.0,3.0,1.0
2022-12-30,83.12,84.05,82.47,84.0,62401194.0,83.186,482279.0,0.1438785652173913,23.0,-0.004617572850244,-0.1350906095551897,0.0004168117471797,0.0204159679461884,-0.0075672497478643,97.7557,89.8524,39.9027,30.3118,39.4221,20.474,-115.8312,93.3333,0.0,98.0849,89.726,81.3671,35448442253.9372,24582060594.0,2022.0,12.0,30.0,4.0
2022-12-29,82.87,84.55,82.55,84.18,54995895.0,83.7973,473303.0,0.0674544999999999,22.0,-0.0051594632414437,-0.1491813220133415,0.0004226404426372,0.020558220804272,-0.0087439487860655,98.3715,90.256,26.3694,27.3811,39.5361,20.3797,-118.4205,96.6667,0.0,98.6501,90.1633,81.6766,35389990502.5955,24644461788.0,2022.0,12.0,29.0,3.0
2022-12-28,82.8,83.48,81.69,81.82,58228575.0,82.3609,521291.0,0.14640584,25.0,-0.0059686236312843,-0.1692557620062951,0.0003865997250974,0.0196621393825158,-0.0087439487860655,98.9867,90.675,24.6634,32.004,37.2357,20.2862,-151.3837,100.0,3.3333,99.4048,90.6553,81.9058,35355343088.7455,24589465893.0,2022.0,12.0,28.0,2.0
2022-12-27,84.97,85.35,83.0,83.04,57284035.0,83.7693,499691.0,0.1846926956521739,23.0,-0.0062395572760431,-0.1761087409465226,0.0003934552290409,0.019835705912342,-0.0087439487860655,99.5543,91.2857,31.1105,32.0467,37.9574,20.1049,-138.2968,93.3333,6.6667,99.7605,91.211,82.6615,35405113881.9019,24647694468.0,2022.0,12.0,27.0,1.0
2022-12-23,83.25,85.78,82.9344,85.25,57433655.0,84.5241,478256.0,0.18102252,25.0,-0.0039404050746165,-0.1177688088585329,0.0004562382266302,0.0213597337677743,-0.0075672497478643,100.0537,91.8544,40.2382,27.9183,39.2907,19.9793,-134.6886,96.6667,10.0,100.4644,91.8027,83.1409,35460447822.0934,24704978503.0,2022.0,12.0,23.0,4.0
2022-12-22,85.52,85.68,82.25,83.79,81431314.0,83.5866,701868.0,0.0415823181818181,22.0,-0.000461938859584,-0.0272811701880666,0.0009557646117408,0.0309154429329565,-0.0075672497478643,100.5462,92.3099,24.7913,17.2593,37.8976,19.8493,-163.3118,100.0,13.3333,100.6574,92.182,83.7066,35424408486.1474,24647544848.0,2022.0,12.0,22.0,3.0
2022-12-21,86.175,87.225,85.21,86.77,59067156.0,86.5524,466873.0,0.1471052799999999,25.0,-0.000739688295902,-0.0356745943543017,0.0009768230713499,0.031254168863529,-0.0075672497478643,101.1165,92.8974,18.7254,11.9426,39.6949,19.7076,-120.8127,96.6667,16.6667,100.4631,92.2603,84.0575,35432717803.9025,24728976162.0,2022.0,12.0,21.0,2.0
2022-12-20,85.33,86.61,84.33,85.19,74348301.0,85.3938,536646.0,0.1441946451612903,31.0,-0.0015604253603753,-0.0589859715011603,0.0009646995067708,0.0310596121477849,-0.0075672497478643,101.5772,93.32,8.2612,13.179,38.1925,19.6971,-150.3418,100.0,20.0,100.362,92.3673,84.3727,35400216460.2896,24669709006.0,2022.0,12.0,20.0,1.0
2022-12-19,87.51,87.63,84.51,84.92,83530060.0,85.4789,746547.0,0.0574726315789473,19.0,-0.0018312788614838,-0.0666080457243358,0.000964259362996,0.0310525258714342,-0.0075672497478643,102.0765,93.8807,8.8413,22.932,37.9371,19.6426,-156.7107,100.0,23.3333,100.1196,92.5453,84.9711,35418477446.5001,24595360705.0,2022.0,12.0,19.0,0.0
2022-12-16,88.265,89.35,86.73,87.86,146144064.0,87.8097,629942.0,0.0639542333333333,30.0,-8.876831648314542e-05,-0.0161254199328113,0.0009420784421102,0.030693296370873,-0.0070779693503145,102.5575,94.4987,22.4345,40.8332,39.6623,19.5943,-114.8436,13.3333,26.6667,99.8028,92.7473,85.6919,35480055125.3462,24678892165.0,2022.0,12.0,16.0,4.0
2022-12-15,89.89,89.97,87.47,88.45,84802877.0,88.4099,698193.0,0.0678151818181818,22.0,-0.0008868286372762,-0.0398393399913157,0.0009710536845905,0.0311617343001084,-0.0075672497478643,103.0483,94.9565,37.5201,52.0028,40.0153,19.645,-104.4516,16.6667,30.0,99.7358,92.7953,85.8549,35500135989.102,24825036229.0,2022.0,12.0,15.0,3.0
2022-12-14,92.502,93.4581,89.87,91.58,70283506.0,92.1202,542344.0,0.2283858421052632,19.0,-0.0013558625692756,-0.0538278747804529,0.0010086626370878,0.0317594495715511,-0.0075672497478643,103.5498,95.4052,62.5449,55.8434,41.929,19.7316,-36.1475,20.0,0.0,99.6744,92.9177,86.1609,35518453410.534,24909839106.0,2022.0,12.0,14.0,2.0
2022-12-13,95.23,96.25,90.52,92.49,100212038.0,93.1398,773656.0,0.1243437037037036,27.0,-0.0028663737400574,-0.0971300273330735,0.0011004577631452,0.0331731482248107,-0.0075672497478643,104.06,95.6691,55.9435,42.8774,42.5003,19.9333,-5.0701,23.3333,0.0,99.9684,93.0913,86.2143,35521746823.429,24980137112.0,2022.0,12.0,13.0,1.0
2022-12-12,89.21,90.58,87.87,90.55,61999762.0,89.3311,516683.0,0.070657,8.0,-0.0038931992265648,-0.1243593462914616,0.001081149272082,0.0328808344188835,-0.00851456669337,104.5962,95.8883,49.0418,29.81,40.8392,20.1729,-86.6577,26.6667,3.3333,101.0688,93.423,85.7772,35553052154.6716,24879925074.0,2022.0,12.0,12.0,0.0
2022-12-09,88.9,90.3,88.63,89.09,67398506.0,89.4021,530211.0,0.1925151999999999,15.0,-0.0067075478991386,-0.19709805335256,0.0011966891721177,0.0345931954597678,-0.0100764370034646,105.1458,96.2565,23.6469,15.3257,39.5693,20.0465,-98.5746,30.0,0.0,102.2136,93.8517,85.4898,35492425081.1291,24817925312.0,2022.0,12.0,9.0,4.0
2022-12-08,89.24,90.86,87.88,90.35,73305887.0,89.9326,560413.0,0.1196111666666666,18.0,-0.0075972339475571,-0.2188310565450464,0.0012325233529401,0.0351073119583392,-0.0100764370034646,105.7657,96.7507,16.7413,13.3517,40.2908,19.9489,-92.1105,33.3333,0.0,104.7688,94.5807,84.3925,35522693871.2489,24885323818.0,2022.0,12.0,8.0,3.0
2022-12-07,88.34,89.89,87.48,88.46,68086880.0,88.3485,554420.0,0.1535210625,16.0,-0.0096748154924415,-0.2665008291873965,0.0012373521073847,0.035176016081767,-0.0125591432138374,106.4023,97.1921,5.5889,21.054,38.6692,19.848,-106.2741,36.6667,0.0,107.9866,95.4243,82.8621,35474479261.0073,24812017931.0,2022.0,12.0,7.0,2.0
2022-12-06,90.5,91.04,87.9,88.25,75503628.0,88.9878,697936.0,0.0756002105263157,19.0,-0.009537143450857,-0.2634785511600737,0.0012412208744426,0.0352309647106439,-0.0125591432138374,107.0417,97.7943,17.725,43.2555,38.4897,19.6789,-95.4344,40.0,3.3333,111.7029,96.4957,81.2884,35487192578.8496,24743931051.0,2022.0,12.0,6.0,1.0
2022-12-05,93.05,94.06,90.82,91.01,71535526.0,91.9759,635423.0,0.1160257333333333,15.0,-0.0083865851141351,-0.2372611464968156,0.0012317722628785,0.0350966132679283,-0.0100764370034646,107.845,98.4526,39.8481,59.3638,39.9756,19.5207,-62.3864,43.3333,6.6667,114.5863,97.548,80.5097,35545864187.8687,24819434679.0,2022.0,12.0,5.0,0.0
2022-12-02,94.475,95.36,93.78,94.13,72496388.0,94.326,564715.0,0.0916453181818181,22.0,-0.0061045790056003,-0.183253796095445,0.0012697905944313,0.0356341212103134,-0.00851456669337,108.5493,98.9658,72.1934,66.7323,41.7362,19.4749,-40.3638,46.6667,10.0,117.0455,98.4917,79.9379,35609009744.77,24890970205.0,2022.0,12.0,2.0,4.0
2022-12-01,96.99,97.23,94.92,95.5,68487969.0,95.9432,566475.0,0.1416623225806451,31.0,-0.0055742518399976,-0.170070391935344,0.0012692059333051,0.0356259165959997,-0.0075672497478643,109.1442,99.2994,66.0499,58.0103,42.5313,19.5538,-30.2765,50.0,13.3333,118.6165,99.1957,79.7748,35649387479.8586,24963466593.0,2022.0,12.0,1.0,3.0
2022-11-30,92.47,96.54,91.525,96.54,102805806.0,94.2545,698414.0,0.136048303030303,33.0,-0.0055847034152282,-0.170333447920248,0.0012693177658434,0.0356274861005295,-0.0075672497478643,109.7105,99.5614,61.9534,54.3869,43.1343,19.6855,-41.644,53.3333,16.6667,120.0283,99.848,79.6677,35683483222.0014,25031954562.0,2022.0,11.0,30.0,2.0
2022-11-29,94.04,94.41,91.44,92.42,65567286.0,92.5691,535131.0,0.0328214782608695,23.0,-0.0063178244479558,-0.1878020915721941,0.001211352020818,0.0348044827690057,-0.0075672497478643,110.2033,99.7697,46.0275,49.3752,39.8696,19.7804,-60.3902,56.6667,20.0,121.4942,100.5087,79.5231,35580677416.0014,24929148756.0,2022.0,11.0,29.0,1.0
2022-11-28,93.93,96.4,93.43,93.95,75062316.0,94.4403,572356.0,0.1550922631578947,19.0,-0.0036265571911418,-0.1211412535079513,0.0013677466290677,0.036983058676477,-0.0067804187849203,110.7882,100.2766,55.1798,45.4437,40.7086,19.7499,-49.6189,60.0,23.3333,122.5086,101.221,79.9334,35602974708.5469,24994716042.0,2022.0,11.0,28.0,0.0
2022-11-25,93.79,94.43,93.065,93.41,35088609.0,93.7731,297836.0,0.1601911428571428,28.0,-0.0054869594728884,-0.1699102461565805,0.0014331148780515,0.037856503774802,-0.0075672497478643,111.3527,100.7129,46.9183,33.9272,40.2798,19.7995,-59.3355,63.3333,26.6667,122.858,101.6527,80.4473,35651752577.1933,24919653726.0,2022.0,11.0,25.0,4.0
2022-11-23,93.24,94.58,92.83,94.13,59414684.0,93.8426,433372.0,0.1481885,20.0,-0.0053412341536619,-0.1662533215234717,0.0014331005912964,0.037856315078154,-0.0067804187849203,111.9087,101.2166,34.2331,22.4262,40.6588,19.7316,-61.0193,66.6667,30.0,123.615,102.29,80.965,35669104087.1384,24954742335.0,2022.0,11.0,23.0,2.0
2022-11-22,92.62,93.35,90.87,93.2,62166962.0,92.6175,454878.0,0.0702971739130434,23.0,-0.0054688793605912,-0.1694144906871045,0.001429662105282,0.0378108728447526,-0.0067804187849203,112.4853,101.7053,20.6302,18.5859,39.9534,19.6613,-74.0417,70.0,33.3333,124.3475,102.9157,81.4838,35640245526.3384,24895327651.0,2022.0,11.0,22.0,1.0
2022-11-21,93.97,95.02,90.59,92.46,84317770.0,92.0876,679098.0,0.0945697142857142,21.0,-0.006163801329706,-0.186592768540512,0.0014249422345107,0.0377484070460031,-0.0084328203719684,113.0952,102.2919,12.4152,25.753,39.3993,19.5158,-76.7545,73.3333,36.6667,124.9187,103.5493,82.18,35585576785.5481,24833135689.0,2022.0,11.0,21.0,0.0
2022-11-18,95.95,95.99,92.48,94.14,72413785.0,93.9287,553023.0,0.1008746,15.0,-0.0058279044336057,-0.1782472067039107,0.0014203663411186,0.0376877478913064,-0.007627179087533,113.7333,102.97,22.7122,43.8778,40.2137,19.3652,-70.9463,76.6667,40.0,125.5145,104.2563,82.9981,35598711748.5955,24917465959.0,2022.0,11.0,18.0,4.0
2022-11-17,95.37,96.97,94.03,94.85,81597465.0,95.3654,632568.0,0.0448917894736842,19.0,-0.0071688559264837,-0.2115544472152954,0.001476958237088,0.0384312143587487,-0.0085744960330387,114.4523,103.5789,42.1315,64.3849,40.5561,19.2765,-68.1449,80.0,0.0,126.1636,104.937,83.7104,35602632362.5983,24989894144.0,2022.0,11.0,17.0,3.0
2022-11-16,96.85,98.4879,95.54,97.12,87708828.0,97.0423,679234.0,0.0104704074074074,27.0,-0.0065688884236534,-0.1970235634559736,0.0014679530105688,0.0383138749093443,-0.0069220944459906,115.1015,104.1809,66.7896,79.6406,41.6523,19.2404,-60.8887,83.3333,0.0,127.3629,105.7853,84.2078,35639164071.6119,25072512009.0,2022.0,11.0,16.0,2.0
2022-11-15,103.21,103.79,97.34,98.94,111269317.0,100.1903,824194.0,0.11326475,28.0,-0.0059942610228317,-0.1829217937071601,0.0014639375129988,0.0382614363687362,-0.0057247278406017,115.7098,104.6679,84.2334,77.9173,42.5436,19.2576,-45.4315,86.6667,0.0,128.5733,106.5797,84.5861,35632835475.8594,25160470837.0,2022.0,11.0,15.0,1.0
2022-11-14,98.77,100.1199,97.29,98.49,99533072.0,98.7897,735582.0,0.061624294117647,34.0,-0.0046478839566084,-0.1500690369347601,0.0015449509605535,0.0393058642005693,-0.0057247278406017,116.2812,105.0629,87.8988,61.7806,42.2483,19.341,-58.9743,90.0,3.3333,129.7195,107.318,84.9165,35688935170.4718,25049134520.0,2022.0,11.0,14.0,0.0
2022-11-11,97.88,101.19,96.66,100.79,111558544.0,99.7744,865502.0,0.11293595,20.0,-0.0030376689618516,-0.1080530973451328,0.0015616207988876,0.0395173480750878,-0.0051601317735291,116.9435,105.5162,61.6197,36.7691,43.3492,19.2323,-57.5846,93.3333,6.6667,130.2554,107.8977,85.5399,35704055587.325,25148667592.0,2022.0,11.0,11.0,4.0
2022-11-10,92.935,98.69,91.65,96.63,173282812.0,95.5593,1275893.0,0.0478922580645161,31.0,-0.0049953441247123,-0.1582752613240419,0.0014923105177203,0.0386304351220681,-0.0057247278406017,117.6353,105.8422,35.8233,22.0651,40.6448,19.1199,-89.7195,96.6667,10.0,130.5744,108.3047,86.0349,35612171982.6627,25037077048.0,2022.0,11.0,10.0,3.0
2022-11-09,89.47,89.48,85.87,86.14,90765821.0,87.0753,811927.0,0.0703683749999999,16.0,-0.00996133028371,-0.2700618591644774,0.0009483657434841,0.0307955474619976,-0.0069220944459906,118.3932,106.4775,12.8644,13.934,32.8282,18.8695,-161.7705,100.0,13.3333,130.8631,108.9103,86.9575,35540244227.4014,24863662186.0,2022.0,11.0,9.0,2.0
2022-11-08,90.79,91.72,88.23,89.98,87671870.0,90.2606,710063.0,0.1075395384615384,13.0,-0.0074899325764162,-0.2135302858141766,0.0009637894735388,0.031044958907025,-0.0057247278406017,119.3705,107.8801,17.5077,11.8384,34.4328,18.0543,-164.6125,93.3333,16.6667,130.45,109.9727,89.4953,35617458766.0246,24954458435.0,2022.0,11.0,8.0,1.0
2022-11-07,91.95,92.1,89.04,90.53,77479228.0,90.1954,717300.0,0.0423007692307692,13.0,-0.007501634783216,-0.2138080764220581,0.0009637603369997,0.0310444896398659,-0.0059002609425992,120.2572,109.1146,11.4299,6.6024,34.6674,17.2756,-186.4289,96.6667,20.0,129.9181,110.787,91.6559,35617204601.6407,25043161805.0,2022.0,11.0,7.0,0.0
2022-11-04,91.49,92.44,88.04,90.98,128579836.0,90.1098,1000081.0,0.0123657222222222,18.0,-0.0069354040344581,-0.2003867111970463,0.0009759522347377,0.0312402342298803,-0.0059002609425992,121.1408,110.3962,6.5776,5.4413,34.8552,16.4926,-222.427,100.0,23.3333,129.2466,111.6077,93.9688,35619230633.7453,25120657533.0,2022.0,11.0,4.0,4.0
2022-11-03,92.47,93.5,89.02,89.3,136651803.0,90.382,1217237.0,0.0618732083333333,24.0,-0.0085655440758596,-0.2387690733952772,0.0009690685988414,0.0311298666691889,-0.0070976275479881,121.9685,111.7353,1.7997,8.5431,33.556,15.6825,-272.0457,100.0,26.6667,128.2647,112.3677,96.4706,35575805638.9089,24991556197.0,2022.0,11.0,3.0,3.0
2022-11-02,97.315,97.74,92.01,92.12,135730798.0,94.8311,1199947.0,0.0940527777777778,18.0,-0.0078910107227849,-0.2228783532984644,0.0009525209908698,0.0308629387918559,-0.0070976275479881,122.8583,113.2826,7.9465,14.0345,34.6782,14.8705,-290.1976,100.0,0.0,126.7749,113.3013,99.8278,35695403529.0339,25128239500.0,2022.0,11.0,2.0,2.0
2022-11-01,103.99,104.58,96.06,96.79,153370022.0,98.2156,1356112.0,0.0460534545454545,22.0,-0.0072784349077419,-0.2078729846959648,0.0009139588214096,0.030231751874638,-0.0070976275479881,123.6202,114.742,15.8832,18.2924,36.6398,14.1108,-270.3963,100.0,0.0,125.2398,114.182,103.1242,35825952832.1718,25264001298.0,2022.0,11.0,1.0,1.0
2022-10-31,103.56,104.87,100.74,102.44,99248920.0,102.2496,755820.0,0.0171269259259259,27.0,-0.0061004234799017,-0.17824482592652,0.0008414059551262,0.0290069983818773,-0.0070976275479881,124.3305,115.9801,18.2739,27.3334,39.2353,13.4401,-247.7545,96.6667,0.0,124.3895,115.0287,105.6678,35953041145.0732,25417371330.0,2022.0,10.0,31.0,0.0
2022-10-28,97.905,103.96,97.66,103.41,223038298.0,100.7597,1866116.0,0.0342177999999999,50.0,-0.0054828330530614,-0.1628754148789765,0.0008484160355129,0.0291275820402747,-0.0059002609425992,124.9698,116.9139,20.7202,44.66,39.7021,12.8902,-292.7773,100.0,3.3333,124.5255,115.7693,107.0132,35970584369.8553,25516622725.0,2022.0,10.0,28.0,4.0
2022-10-27,113.92,114.12,109.77,110.96,129580962.0,105.5936,1337216.0,0.0528747878787878,33.0,-0.0039406485741562,-0.12131770668356,0.0007244304800652,0.0269152462382424,-0.0059002609425992,125.6225,117.8452,43.0061,68.9058,43.605,12.268,-107.315,66.6667,0.0,124.3479,116.44,108.5321,35786410771.506,25739756123.0,2022.0,10.0,27.0,3.0
2022-10-26,116.0,119.3457,114.76,115.66,69002457.0,116.3567,645399.0,0.0399988214285714,28.0,-0.0031747202649014,-0.100272267600155,0.0006852306692297,0.0261769109948009,-0.0059002609425992,126.0985,118.3201,70.2537,83.0325,46.3468,12.0568,-8.3945,70.0,3.3333,125.341,116.9507,108.5604,35845105613.6072,25869361485.0,2022.0,10.0,26.0,2.0
2022-10-25,119.65,121.3152,118.95,120.6,50914609.0,120.1721,469716.0,0.1169446333333333,30.0,-0.0013546123027234,-0.049045891815171,0.0006437483277938,0.0253721959592365,-0.0043256790151484,126.4068,118.5035,93.4577,85.4719,49.5098,12.0579,52.9594,73.3333,0.0,126.7278,117.3803,108.0328,35887022909.6503,25938363942.0,2022.0,10.0,25.0,1.0
2022-10-24,119.98,120.39,116.57,119.82,49515723.0,119.1007,492367.0,0.094332423076923,26.0,-0.0039241145345737,-0.121876145108098,0.0007948011694102,0.0281922182421004,-0.0059002609425992,126.6533,118.3589,85.3862,78.0153,48.9783,12.2639,21.5891,76.6667,0.0,127.4721,117.5877,107.7032,35866891980.9791,25887429333.0,2022.0,10.0,24.0,0.0
2022-10-21,114.792,119.59,114.5,119.32,55660485.0,117.3135,488398.0,0.1042349393939394,33.0,-0.0032684171413357,-0.1046747204922333,0.0008179107507172,0.0285991389855924,-0.0059002609425992,126.9055,118.2582,77.5717,75.0687,48.6433,12.4235,-5.6166,80.0,3.3333,130.1106,118.142,106.1734,35832142116.6754,25837897810.0,2022.0,10.0,21.0,4.0
2022-10-20,113.83,118.24,113.51,115.25,48762204.0,116.1986,444457.0,0.1039746842105263,19.0,-0.0035597263271008,-0.1122323216761669,0.0007978925849839,0.0282469924944934,-0.0059002609425992,126.9548,118.1849,71.0881,68.6884,45.8457,12.5427,-38.4937,83.3333,6.6667,131.749,118.607,105.465,35782386673.3061,25782237325.0,2022.0,10.0,20.0,3.0
2022-10-19,114.71,116.5932,113.22,115.07,47198122.0,114.8511,435997.0,0.1228415652173913,23.0,-0.0035243388958276,-0.1112913191226443,0.0007982915506205,0.0282540537024437,-0.0059002609425992,127.0502,118.3874,76.5463,62.0599,45.7193,12.5884,-50.2439,86.6667,10.0,132.7686,119.0927,105.4168,35795281785.3568,25733442221.0,2022.0,10.0,19.0,2.0
2022-10-18,119.06,119.52,114.79,116.36,65107448.0,116.5121,539445.0,0.1116539999999999,22.0,-0.0022640393508597,-0.0773134565062245,0.0008252932121563,0.028727916947742,-0.0043256790151484,127.0458,118.6161,58.4306,46.8571,46.4708,12.5402,-31.2606,90.0,13.3333,133.6562,119.573,105.4898,35790709169.9561,25780640343.0,2022.0,10.0,18.0,1.0
2022-10-17,110.11,114.19,110.09,113.79,62775235.0,112.8903,592054.0,0.1594021052631579,19.0,-0.0033828725331675,-0.1075994039683161,0.0008059901563243,0.028389965768284,-0.0059002609425992,127.1255,118.7717,51.2027,37.8887,44.7209,12.5601,-81.8141,93.3333,16.6667,134.1189,119.898,105.6771,35812763259.2415,25715032895.0,2022.0,10.0,17.0,0.0
2022-10-14,114.1,114.96,106.6,106.9,67737344.0,109.2313,677312.0,0.0438675,18.0,-0.0056121407047081,-0.1636676576435612,0.0006476619859931,0.0254492040345689,-0.0059002609425992,127.2693,119.1153,30.9381,26.4082,39.6041,12.258,-123.2852,96.6667,20.0,134.6434,120.3553,106.0673,35762231417.6562,25652250910.0,2022.0,10.0,14.0,4.0
2022-10-13,107.88,113.44,105.345,112.53,86621449.0,110.1859,841708.0,0.09009565,20.0,-0.0036683467197709,-0.1123294154768479,0.0005845510798714,0.0241774911823254,-0.0043256790151484,127.5648,119.9577,31.5253,21.4014,42.7281,11.9454,-121.5296,100.0,23.3333,134.6723,121.0527,107.433,35825107229.7901,25719988254.0,2022.0,10.0,13.0,3.0
2022-10-12,112.49,113.83,111.4,112.9,45728660.0,112.7516,433707.0,0.1360203125,16.0,-0.0040666277074516,-0.1229705585333645,0.0005888397409454,0.0242660202947552,-0.0059002609425992,127.7355,120.47,16.7613,22.6861,42.9433,11.5267,-103.8803,96.6667,26.6667,134.9164,121.5273,108.1383,35757769694.7284,25806856357.0,2022.0,10.0,12.0,2.0
2022-10-11,112.71,115.48,110.39,112.21,56432233.0,112.646,553686.0,0.1467465,26.0,-0.0045438351617102,-0.1354495723861621,0.0005856936990879,0.0242011094598566,-0.0070976275479881,127.824,120.9921,15.9175,36.5408,42.4205,11.3454,-111.3213,100.0,30.0,135.2893,122.055,108.8207,35747043218.9259,25761127697.0,2022.0,10.0,11.0,1.0
2022-10-10,115.1,116.25,112.43,113.67,42339675.0,114.0944,479742.0,0.1140483333333333,21.0,-0.00436043709827,-0.1306309751434033,0.0005836245687446,0.0241583229704518,-0.006884328280761,127.8498,121.5977,35.3796,57.5541,43.2307,11.1577,-102.7754,63.3333,0.0,135.6343,122.641,109.6477,35763119198.8571,25817559930.0,2022.0,10.0,10.0,0.0
2022-10-07,118.0,118.17,113.88,114.56,54550480.0,115.361,520418.0,0.0892402999999999,20.0,-0.0056870424838837,-0.1655011655011655,0.0006437043927924,0.0253713301344729,-0.006884328280761,127.8478,122.1445,58.3254,69.9103,43.7228,11.0532,-92.3772,66.6667,3.3333,136.0776,123.2103,110.3431,35777971336.1608,25859899605.0,2022.0,10.0,7.0,4.0
2022-10-06,120.77,121.53,119.5,120.3,42253755.0,120.5259,401176.0,0.1131751578947368,19.0,-0.0032296085897948,-0.1008968609865468,0.0006122776750724,0.0247442452920367,-0.0059002609425992,127.7823,122.6675,78.9573,65.9692,47.0625,11.01,-41.4093,70.0,6.6667,137.3725,123.9677,110.5628,35815315504.3193,25914577585.0,2022.0,10.0,6.0,3.0
2022-10-05,118.58,121.75,117.69,120.95,48206285.0,119.8443,468866.0,0.1544145263157894,19.0,-0.0030055677476344,-0.0948211345606943,0.0006127723927684,0.0247542398947817,-0.0044258429525942,127.6173,122.8308,72.4482,50.6362,47.4594,11.2357,-48.675,73.3333,10.0,138.2008,124.4177,110.6345,35824265807.1026,25956831340.0,2022.0,10.0,5.0,2.0
2022-10-04,119.89,123.0,119.79,121.09,62812564.0,121.4554,592081.0,0.2300762307692307,26.0,-0.0028669438474539,-0.091052394535355,0.0006138424166429,0.0247758434093161,-0.0044258429525942,127.4218,122.9605,46.502,41.1986,47.5428,11.4693,-40.0543,76.6667,13.3333,138.945,124.84,110.735,35795050256.339,26005048875.0,2022.0,10.0,4.0,1.0
2022-10-03,113.58,116.91,112.45,115.88,50861854.0,115.1191,483031.0,0.1981588333333333,18.0,-0.0055737520147818,-0.1616870433335744,0.0005674015509266,0.0238201920841685,-0.006884328280761,127.2662,123.0895,32.9585,42.338,43.9999,11.8172,-111.2761,80.0,0.0,139.5895,125.2443,110.8991,35806986600.2767,25942236311.0,2022.0,10.0,3.0,0.0
2022-09-30,114.075,116.92,112.84,113.0,59479586.0,114.4292,542095.0,0.1992976875,16.0,-0.0073766944045562,-0.2059030217849611,0.0005496684837847,0.0234450097842758,-0.0077546476386255,127.2605,123.5867,44.1352,46.19,41.9032,11.8296,-130.9803,83.3333,0.0,140.6302,125.9893,111.3484,35779573943.4157,25891294457.0,2022.0,9.0,30.0,4.0
2022-09-29,115.6,116.07,113.06,114.8,58469714.0,114.4762,532322.0,0.1414888787878788,33.0,-0.0068071310030812,-0.1921182266009851,0.0005496182724619,0.0234439389280449,-0.006884328280761,127.316,124.3168,49.9202,38.0038,42.873,11.8613,-139.1657,86.6667,0.0,141.9164,126.966,112.0156,35834388463.8471,25950774043.0,2022.0,9.0,29.0,3.0
2022-09-28,114.38,118.7,113.8,118.01,55763750.0,116.742,519756.0,0.0362486842105263,19.0,-0.0065174563159275,-0.1849012294515817,0.0005402364794816,0.0232429877486012,-0.006884328280761,127.3082,124.9732,44.5145,27.0383,44.6547,11.8436,-127.2398,90.0,0.0,143.0749,127.876,112.6771,35825180568.3056,26009743757.0,2022.0,9.0,28.0,2.0
2022-09-27,117.195,118.32,113.05,114.41,60049093.0,115.1425,570325.0,0.1729517777777777,18.0,-0.00719382417883,-0.200935884900126,0.0005021219285254,0.0224080773054153,-0.006884328280761,127.233,125.4534,19.5768,15.1755,42.0436,11.8593,-151.0666,93.3333,3.3333,144.6725,128.7683,112.8642,35785121711.1627,25953980007.0,2022.0,9.0,27.0,1.0
2022-09-26,113.295,117.34,113.13,115.15,62723268.0,115.5794,637547.0,0.1607145405405405,37.0,-0.0070655274715583,-0.1978404737025426,0.0005027961857345,0.0224231172171621,-0.0049598776716862,127.1522,126.215,17.0236,11.8265,42.4415,11.8539,-159.1672,96.6667,6.6667,145.5219,129.7273,113.9328,35814199788.4208,26014074700.0,2022.0,9.0,26.0,0.0
2022-09-23,116.0,116.05,112.06,113.78,65126665.0,113.9603,668706.0,0.0688203478260869,23.0,-0.0067771826106798,-0.1909840728100115,0.0005162257371407,0.0227206016016469,-0.0049598776716862,127.0032,126.9781,8.926,12.06,41.4499,11.7936,-181.6659,100.0,10.0,146.2633,130.674,115.0847,35816732556.9623,25951351432.0,2022.0,9.0,23.0,4.0
2022-09-22,117.08,118.79,116.26,117.31,55229190.0,117.2526,581894.0,0.06280584375,32.0,-0.0062530358722229,-0.1778681056836499,0.0004997529572233,0.0223551550480724,-0.0049598776716862,126.9222,127.8883,9.5298,16.9003,43.3082,11.6591,-157.3102,100.0,13.3333,146.2325,131.5693,116.9062,35825709916.7994,26016478097.0,2022.0,9.0,22.0,3.0
2022-09-21,122.49,123.76,118.45,118.54,58491687.0,120.996,570477.0,0.133169,13.0,-0.0047318001101349,-0.1399550170499891,0.000554318802048,0.0235439759184384,-0.0025013923435194,126.757,128.6179,17.7243,20.6206,43.9722,11.6986,-138.0681,100.0,16.6667,146.6113,132.4153,118.2194,35835050775.5267,26071437103.0,2022.0,9.0,21.0,2.0
2022-09-20,123.35,124.3963,121.14,122.19,47698432.0,122.7821,474180.0,0.1395565833333333,24.0,-0.0041138656172929,-0.1235205508930493,0.0005343228604188,0.0231154247293625,-0.0025013923435194,126.6683,129.3129,23.4469,19.976,45.9952,11.838,-123.3522,93.3333,20.0,146.4041,133.0583,119.7126,35891566649.4081,26129935990.0,2022.0,9.0,20.0,1.0
2022-09-19,122.16,124.71,121.8,124.66,47279727.0,123.7826,448967.0,0.0937746111111111,18.0,-0.0037824744606195,-0.114630681818182,0.000527101942289,0.0229587007970636,-0.0025013923435194,126.5728,129.8041,20.6906,16.8552,47.4223,12.1079,-119.0157,96.6667,23.3333,146.5328,133.6323,120.7319,35908504184.9305,26177634422.0,2022.0,9.0,19.0,0.0
2022-09-16,122.78,123.87,120.7,123.53,115067804.0,122.754,789757.0,0.1123898095238095,21.0,-0.0045012254454659,-0.1335484323490213,0.0005234964563884,0.0228800449385139,-0.0049598776716862,126.3692,130.1589,15.7905,24.9331,46.6908,12.4184,-139.5268,100.0,26.6667,146.8739,134.1703,121.4668,35862849190.8171,26130354695.0,2022.0,9.0,16.0,4.0
2022-09-15,127.38,130.37,125.495,126.28,52761196.0,127.2969,549345.0,0.0351455238095238,21.0,-0.0030466364914014,-0.0948967889908259,0.0005345971863053,0.0231213577954528,-0.0025013923435194,126.1262,130.616,14.0844,42.7553,48.2707,12.6978,-92.266,70.0,30.0,147.2179,134.805,122.3921,35771993407.8644,26246022499.0,2022.0,9.0,15.0,3.0
2022-09-14,127.364,128.84,126.33,128.55,45270372.0,127.7555,487615.0,0.1472745185185185,27.0,-0.0011262766779043,-0.0418157423971372,0.0005854227931549,0.0241955118390781,-0.0005390909154143,125.8328,130.9151,44.9244,68.5893,49.6102,13.0556,-92.5778,73.3333,33.3333,147.3532,135.2463,123.1395,35807848214.5885,26298909695.0,2022.0,9.0,14.0,2.0
2022-09-13,131.01,131.4,126.27,126.82,72685970.0,128.679,688291.0,0.1293364090909091,22.0,-0.001883818258851,-0.0632986188049337,0.0005796907710899,0.0240767682858378,-0.0025013923435194,125.4607,131.0782,69.2571,81.4466,48.5585,13.4994,-96.8702,76.6667,36.6667,147.2914,135.4333,123.5753,35773003047.2737,26253592923.0,2022.0,9.0,13.0,1.0
2022-09-12,134.095,136.49,134.0,136.45,53826859.0,135.6926,505064.0,0.1799829285714285,14.0,0.0005773740460858,0.0111152278621708,0.0004172314264688,0.0204262435721523,-0.0005390909154143,125.0747,131.3719,91.5865,78.8384,54.7015,13.9585,-1.9594,80.0,40.0,147.1381,135.719,124.2999,35830109647.7221,26326286933.0,2022.0,9.0,12.0,0.0
2022-09-09,130.91,133.69,130.76,133.27,49422259.0,132.4594,436563.0,0.1264383043478261,23.0,0.0032358180713092,0.0898756951259402,0.000745982050048,0.027312671968301,-0.0005390909154143,124.595,131.0216,83.4962,65.0051,52.7952,14.0358,-43.8938,0.0,43.3333,147.088,135.669,124.25,35778012165.7181,26272460074.0,2022.0,9.0,9.0,4.0
2022-09-08,127.72,130.28,127.1,129.82,43957909.0,128.8857,401127.0,0.10249125,20.0,0.002710947175974,0.0731586343721584,0.0007294708587782,0.0270087181994681,-0.0005390909154143,124.079,130.8666,61.4326,48.754,50.6158,14.2436,-80.4542,0.0,46.6667,147.6716,135.3027,122.9337,35742758745.4757,26223037815.0,2022.0,9.0,8.0,3.0
2022-09-07,126.12,129.82,125.4,129.48,47834487.0,128.1536,411435.0,0.1065920666666666,15.0,0.0044118796671697,0.1277763261039981,0.0008130834683663,0.0285146185029076,-0.0005390909154143,123.6432,130.9388,50.0865,36.6523,50.3976,14.6235,-82.3196,0.0,50.0,148.2751,135.0077,121.7402,35711496471.7839,26179049306.0,2022.0,9.0,7.0,2.0
2022-09-06,127.92,128.62,124.74,126.11,43888587.0,126.2752,511678.0,0.13032016,25.0,0.0017793365575283,0.0410269110120524,0.0008965932765403,0.0299431674433474,-0.0025013923435194,123.3127,131.0394,34.7429,25.1513,48.2052,15.0393,-90.7258,3.3333,53.3333,149.5316,134.5187,119.5057,35671021136.6301,26131214819.0,2022.0,9.0,6.0,1.0
2022-09-02,129.5,131.38,126.39,127.51,57429829.0,128.735,545279.0,0.1150395499999999,20.0,0.0017967939956165,0.0415781735010623,0.000896156640361,0.0299358754734351,-0.0025013923435194,123.1467,131.3793,25.1276,16.7538,49.0763,15.5284,-65.4246,6.6667,56.6667,149.8358,134.353,118.8702,35683857887.4445,26174904813.0,2022.0,9.0,2.0,4.0
2022-09-01,126.0,128.02,123.66,127.82,56636145.0,125.8649,571470.0,0.1908884347826087,23.0,0.0012865539087114,0.0255957634598413,0.0009080151922798,0.0301332904323408,-0.0049598776716862,123.0412,131.6462,15.5835,11.9102,49.2669,15.9513,-81.5909,10.0,60.0,150.0686,134.1833,118.298,35715507592.8052,26232334642.0,2022.0,9.0,1.0,3.0
2022-08-31,129.45,130.59,126.74,126.77,53648702.0,127.9242,504228.0,0.1176135333333333,15.0,0.0015154727181177,0.0325812494909181,0.0009127380096249,0.030211554240471,-0.0049598776716862,122.9608,131.91,9.5503,14.7336,48.6136,16.4496,-63.4983,13.3333,63.3333,150.1726,134.077,117.9814,35664067424.4107,26175698497.0,2022.0,8.0,31.0,2.0
2022-08-30,131.25,132.0745,126.85,128.73,49202990.0,128.5177,535584.0,0.1134305263157894,19.0,0.0033088421432614,0.0889941629303781,0.0009459609595019,0.0307564783338727,-0.0006151977011181,122.9278,132.2645,10.597,20.0874,49.77,16.9136,-47.2886,0.0,66.6667,150.3426,133.9437,117.5448,35716880042.7432,26229347199.0,2022.0,8.0,30.0,1.0
2022-08-29,129.9,131.9499,128.77,129.79,48101638.0,130.2288,555265.0,0.1495534761904761,21.0,0.004884991452866,0.1409106891701825,0.0009818287077598,0.0313341460352727,0.0013772816312627,122.8215,132.5083,24.0535,25.5258,50.3968,17.3881,-31.5071,0.0,70.0,150.8503,133.593,116.3357,35730672325.0391,26278550189.0,2022.0,8.0,29.0,0.0
2022-08-26,136.55,137.83,130.5,130.75,53322663.0,132.908,576724.0,0.0821717083333333,24.0,0.0051913801782782,0.1514751210920299,0.0009770584735845,0.0312579345700342,0.0016284325418775,122.7502,132.6958,25.6116,20.3904,50.9587,17.7816,-0.5542,0.0,73.3333,151.6917,133.0587,114.4256,35747867319.8916,26326517874.0,2022.0,8.0,26.0,4.0
2022-08-25,135.26,137.42,134.28,137.28,37470633.0,136.2528,399626.0,0.1708209999999999,46.0,0.0076567569643071,0.2408930669800235,0.0008931842198249,0.0298861877767128,0.0024259788587802,122.5991,132.83,26.9122,13.3707,54.9896,18.0994,29.3244,0.0,76.6667,152.3828,132.4853,112.5878,35797552693.4646,26379840537.0,2022.0,8.0,25.0,3.0
2022-08-24,132.75,135.47,132.1,133.8,38626978.0,133.9873,396697.0,0.1551314814814814,27.0,0.0068592357884227,0.2119565217391303,0.0008823568257551,0.0297044916764315,0.0019663694407749,122.3146,132.5231,8.6473,8.8602,53.0775,18.2248,15.3456,0.0,80.0,152.8896,131.597,110.3044,35763400028.057,26342344254.0,2022.0,8.0,24.0,2.0
2022-08-23,133.41,134.99,132.95,133.62,36238603.0,133.9376,411991.0,0.1243943703703703,27.0,0.0071744617332858,0.2234023072697317,0.0008817633461737,0.0296945002681265,0.0025429427513387,122.0037,132.435,4.5526,13.9564,52.9776,18.4367,19.6957,3.3333,83.3333,153.4047,130.817,108.2293,35763056167.7187,26303717276.0,2022.0,8.0,23.0,1.0
2022-08-22,135.72,136.32,132.85,133.22,50461504.0,133.8005,563053.0,0.12328524,25.0,0.0063197159600049,0.1921252796420587,0.0009100823100776,0.0301675705034007,0.0019663694407749,121.628,132.3533,13.3809,28.2026,52.7616,18.61,24.8209,6.6667,86.6667,153.8511,130.0037,106.1562,35775495614.8265,26267465173.0,2022.0,8.0,22.0,0.0
2022-08-19,140.47,141.11,137.9142,138.23,47792843.0,138.8431,482372.0,0.1154015454545454,22.0,0.0064344309138078,0.1963822052968669,0.000900698560233,0.0300116404122313,0.0019663694407749,121.1872,132.2935,23.9357,44.9814,55.8688,18.7892,56.1514,10.0,90.0,153.9801,129.288,104.5959,35815195875.8986,26317926677.0,2022.0,8.0,19.0,4.0
2022-08-18,141.32,142.77,140.38,142.3,37458737.0,141.974,408739.0,0.1173333333333333,15.0,0.0071614482637643,0.2232442190320649,0.0008650831065991,0.0294122951603428,0.0019663694407749,120.6184,131.8841,47.2913,64.1445,58.5778,18.6977,75.3645,13.3333,93.3333,153.4706,128.5317,103.5927,35853543209.2801,26365719520.0,2022.0,8.0,18.0,3.0
2022-08-17,142.69,143.38,140.78,142.1,48149778.0,142.0317,497832.0,0.1136013499999999,20.0,0.0076976403251369,0.2428933788157099,0.0008672501763182,0.0294491116388629,0.0026719000864517,120.0393,131.1657,63.7171,73.1987,58.4822,18.4587,82.3391,16.6667,96.6667,152.4355,127.666,102.8965,35830817197.2926,26328260783.0,2022.0,8.0,17.0,2.0
2022-08-16,143.905,146.57,142.0,144.78,59102859.0,144.2807,573566.0,0.0828566315789473,19.0,0.0085584276374579,0.2755947136563883,0.0008436180038007,0.0290451029228804,0.0052866210849833,119.4642,130.4116,81.4251,76.1286,60.285,18.1878,102.4097,20.0,100.0,151.3581,126.7403,102.1226,35830076431.4772,26376410561.0,2022.0,8.0,16.0,1.0
2022-08-15,142.8,143.76,141.49,143.18,39014583.0,142.725,449136.0,0.1897754444444444,18.0,0.0093846704661848,0.3068638189120123,0.0008677390699921,0.0294574111216875,0.0052866210849833,118.8398,129.4207,74.4537,65.8531,59.5657,17.8367,102.01,0.0,90.0,149.8155,125.6977,101.5798,35817272967.4925,26317307702.0,2022.0,8.0,15.0,0.0
2022-08-12,142.05,143.57,140.1201,143.55,47625184.0,141.9597,431804.0,0.1469191666666666,12.0,0.0105219633082005,0.3515676489972699,0.0008780397055269,0.0296317347707986,0.0090583287016384,118.2387,128.4718,72.507,57.8642,59.8078,17.5664,109.4536,0.0,93.3333,148.4646,124.577,100.6894,35798195352.0168,26356322285.0,2022.0,8.0,12.0,4.0
2022-08-11,143.86,144.49,139.76,140.64,44867336.0,141.9596,462722.0,0.1382155,22.0,0.0090029042206737,0.2912229159015791,0.0009140632615082,0.0302334791499126,0.0052866210849833,117.769,127.4319,50.5987,50.0022,58.5259,17.2931,115.9003,3.3333,96.6667,147.0263,123.3323,99.6384,35751104272.2488,26308678801.0,2022.0,8.0,11.0,3.0
2022-08-10,142.9,144.6,141.01,142.69,54773819.0,142.4663,520059.0,0.1193641666666666,18.0,0.0099535545324385,0.3285847299813789,0.0008958387553155,0.02993056556959,0.0090583287016384,117.2719,126.521,50.4869,57.1497,59.8253,17.0104,135.4285,6.6667,100.0,145.6135,122.275,98.9365,35779276785.5511,26353546137.0,2022.0,8.0,10.0,2.0
2022-08-09,138.052,138.9523,136.21,137.83,40434715.0,137.5259,414878.0,0.12175844,25.0,0.0070647153964748,0.2173644232467764,0.0009916378231133,0.0314902814073385,0.0052866210849833,116.7779,125.4059,48.9211,69.1352,57.6716,16.6513,115.5967,10.0,96.6667,143.75,121.0987,98.4473,35782785971.7266,26298772318.0,2022.0,8.0,9.0,1.0
2022-08-08,142.05,144.23,138.29,139.41,52303475.0,140.8102,539697.0,0.0871069523809523,21.0,0.0065151409238528,0.1970633693972181,0.0010206191075828,0.0319471298802079,0.0052866210849833,116.263,124.5491,72.0413,82.298,58.6599,16.4603,149.2644,13.3333,100.0,142.2179,120.2783,98.3388,35775447475.6994,26339207033.0,2022.0,8.0,8.0,0.0
2022-08-05,140.1,142.86,139.6,140.8,50597336.0,140.8713,488737.0,0.1582368285714285,35.0,0.0080359596029059,0.2522234080398431,0.0010378486778416,0.0322156588919367,0.0090583287016384,115.6957,123.5242,86.4433,87.1661,59.5273,16.1516,171.7072,16.6667,96.6667,140.3014,119.5133,98.7252,35808027081.3391,26391510508.0,2022.0,8.0,5.0,4.0
2022-08-04,140.58,143.56,139.55,142.57,70544220.0,141.8862,624572.0,0.121869,14.0,0.0095175594941654,0.3085819183111526,0.0010409075438259,0.0322630987945355,0.0108165066312158,115.1633,122.3328,88.4093,86.4169,60.631,15.8762,203.2301,20.0,100.0,137.9284,118.568,99.2076,35821398462.9035,26442197373.0,2022.0,8.0,4.0,3.0
2022-08-03,136.21,140.49,136.05,139.52,71827780.0,138.9088,622396.0,0.1249816666666666,18.0,0.0088716825811621,0.2837688627162311,0.0010370608425019,0.032203429048814,0.0090583287016384,114.6003,120.9371,86.6456,84.147,59.3764,15.5913,207.7076,23.3333,100.0,134.9208,117.4473,99.9738,35785665896.6691,26371612353.0,2022.0,8.0,3.0,2.0
2022-08-02,134.72,137.44,134.09,134.16,61922429.0,135.47,554084.0,0.2673913333333333,12.0,0.0083119220664156,0.2630389757107891,0.0010113520656139,0.0318017619891409,0.0090583287016384,114.1878,119.6555,84.1957,79.4512,57.0513,15.3934,206.9604,0.0,96.6667,132.116,116.4193,100.7227,35745222326.8493,26299784573.0,2022.0,8.0,2.0,1.0
2022-08-01,134.96,138.8339,133.51,135.39,76830108.0,136.3905,706776.0,0.188855238095238,21.0,0.0094379549957467,0.3060968551032219,0.0010089439078681,0.0317638774060749,0.0108165066312158,113.8919,118.6552,81.5996,66.0421,57.785,15.2888,249.6825,0.0,100.0,130.1448,115.488,100.8312,35804556952.8463,26361707002.0,2022.0,8.0,1.0,0.0
2022-07-29,134.9,137.65,132.41,134.95,148279421.0,135.9208,1156951.0,0.1869125599999999,50.0,0.0080878251345609,0.2533667688306869,0.0010784873989416,0.0328403318945107,0.0108165066312158,113.7343,117.5011,72.5582,52.5362,57.5964,15.1805,274.9667,3.3333,100.0,127.7039,114.4303,101.1568,35827130795.2215,26284860094.0,2022.0,7.0,29.0,4.0
2022-07-28,121.57,122.84,118.08,122.28,82233543.0,125.0867,741399.0,0.0873857708333333,48.0,0.0063803298288435,0.1951910859153562,0.0008368148385376,0.0289277520477759,0.0108165066312158,113.556,116.2977,43.9684,43.8613,51.5757,15.1066,115.0627,0.0,86.6667,124.604,113.521,102.438,35831677142.9772,26135967205.0,2022.0,7.0,28.0,3.0
2022-07-27,117.31,121.9,117.16,120.97,61582015.0,119.6463,552690.0,0.1626288235294117,17.0,0.0055820738144321,0.1668756631619559,0.0008481914409231,0.0291237264257712,0.0090583287016384,113.593,115.8852,41.0819,55.3596,50.8786,15.5892,107.4957,3.3333,90.0,124.1509,112.8553,101.5598,35768783492.4478,26053721662.0,2022.0,7.0,27.0,2.0
2022-07-26,115.79,118.15,114.53,114.81,66575064.0,115.8692,587417.0,0.0997452195121951,41.0,0.0019757062608781,0.0470588235294122,0.0008786330811043,0.0296417455812633,0.004898566538956,113.6482,115.5345,46.5336,71.5507,47.4392,16.1236,54.823,6.6667,93.3333,123.6245,112.2787,100.9328,35731366571.9414,25992139647.0,2022.0,7.0,26.0,1.0
2022-07-25,122.695,123.64,120.03,121.14,50221259.0,121.2749,493826.0,0.0647461578947368,38.0,0.0018520886920665,0.0429616874730951,0.000892483626644,0.0298744644578619,0.004898566538956,114.1446,115.5844,78.4631,88.0603,50.9853,16.5064,144.7024,10.0,96.6667,123.4503,112.1067,100.7631,35788065382.947,26059214711.0,2022.0,7.0,25.0,0.0
2022-07-22,125.01,125.5,121.3504,122.42,51457656.0,123.1489,481496.0,0.10098312,25.0,0.0008169989628031,0.0102327116685922,0.000949034092975,0.0308063969489304,0.004898566538956,114.4284,115.2013,89.6554,90.6678,51.7413,17.0028,174.2752,13.3333,100.0,122.8887,111.9403,100.992,35807402654.4179,26109435970.0,2022.0,7.0,22.0,4.0
2022-07-21,123.2,124.85,121.26,124.63,60239892.0,123.4436,540811.0,0.1539944242424242,33.0,0.000914856969386,0.0132520325203251,0.0009456813708022,0.0307519327978303,0.004898566538956,114.7112,114.7035,96.0623,87.6714,53.0543,17.4539,184.3623,16.6667,100.0,122.6971,111.899,101.1009,35832335857.013,26160899767.0,2022.0,7.0,21.0,3.0
2022-07-20,118.615,123.475,118.32,122.77,71268322.0,121.8831,628082.0,0.0971351818181818,22.0,-6.828900054923389e-05,-0.0161871944867376,0.0009457210751919,0.0307525783503096,0.0022838455404244,115.0686,114.0189,86.2858,76.9202,52.0647,17.9487,154.2043,20.0,0.0,122.3997,111.8447,101.2897,35779479127.2637,26100659875.0,2022.0,7.0,20.0,2.0
2022-07-19,115.7,118.95,114.03,118.21,60990043.0,116.97,529067.0,0.1139107222222222,18.0,-0.0006893766520555,-0.0338373518594191,0.0009089055646937,0.0301480607119888,0.0022838455404244,115.4283,113.4153,80.6662,66.2023,49.5439,18.5198,78.858,23.3333,3.3333,122.7664,111.912,101.0576,35727704177.5276,26029391553.0,2022.0,7.0,19.0,1.0
2022-07-18,115.0,117.24,113.15,113.76,58115419.0,115.3239,533262.0,0.0944642380952381,21.0,-0.0028327927776234,-0.0936252599373759,0.0008714931662229,0.0295210630943904,0.0019663694407749,115.9297,113.0847,63.8086,49.7429,46.9103,19.0032,38.7427,26.6667,6.6667,123.3186,112.05,100.7814,35685060732.8284,25968401510.0,2022.0,7.0,18.0,0.0
2022-07-15,112.5,115.59,111.59,113.55,84317816.0,113.813,657502.0,0.1317514516129032,31.0,-0.0018460958316346,-0.0668452713586009,0.0009089665428337,0.0301490720061779,0.0022838455404244,116.6004,113.0381,54.132,39.6984,46.7836,19.4229,16.7124,30.0,10.0,124.6947,112.4417,100.1887,35726542701.6621,25909286091.0,2022.0,7.0,15.0,4.0
2022-07-14,110.24,111.18,107.58,110.63,51163140.0,109.4,529093.0,0.0389481904761904,21.0,-0.0023170358917919,-0.0796900411365159,0.0008887992390735,0.0298127361889774,0.0022838455404244,117.3431,113.0028,31.2879,38.1024,45.0197,19.7788,-35.5382,33.3333,13.3333,125.4041,112.7128,100.0216,35728229057.9821,25824968275.0,2022.0,7.0,14.0,3.0
2022-07-13,107.03,111.78,106.01,110.4,61344812.0,109.9975,624220.0,0.1524942121212121,33.0,-0.0009208112393322,-0.0412214005636296,0.0009576209021816,0.0309454504278351,0.004898566538956,118.0457,113.1664,33.6754,53.595,44.8806,19.9284,-43.1455,36.6667,16.6667,125.9773,113.0322,100.087,35692699099.6488,25773805135.0,2022.0,7.0,13.0,2.0
2022-07-12,112.16,113.23,108.34,109.22,54280257.0,110.1722,574378.0,0.1195823333333333,36.0,-5.987126827614597e-05,-0.0167225585739689,0.0009993047278024,0.0316117814715087,0.004898566538956,118.7342,113.3572,49.344,72.7647,44.1802,20.0833,-35.0016,40.0,20.0,126.1189,113.1904,100.2618,35660693038.2761,25712451323.0,2022.0,7.0,12.0,1.0
2022-07-11,114.08,114.3,110.87,111.75,53535519.0,112.3426,515646.0,0.1102905416666666,24.0,0.0020379565286114,0.0465933036759547,0.0010321925977777,0.0321277543220463,0.0097894303947662,119.5062,113.6426,77.7658,86.9407,45.3753,20.3295,-9.9524,43.3333,23.3333,126.1219,113.2523,100.3827,35695436842.859,25766731580.0,2022.0,7.0,11.0,0.0
2022-07-08,114.6,116.58,113.69,115.54,45719694.0,115.3672,409929.0,0.0113785,22.0,0.0039879211408949,0.1098943323727184,0.001006585809541,0.0317267365094646,0.0132093928226778,120.1568,113.7731,91.1843,86.0982,47.225,20.6802,28.0166,0.0,26.6667,126.1558,113.0865,100.0171,35721504432.2846,25820271599.0,2022.0,7.0,8.0,4.0
2022-07-07,113.85,116.99,113.49,116.33,57872323.0,115.5833,544626.0,0.0077225769230769,26.0,0.0031429187493004,0.081566053348457,0.0010455091231861,0.0323343335045914,0.0132093928226778,120.7498,113.6512,91.8722,73.3097,47.6162,21.1536,35.4654,3.3333,30.0,126.1287,112.7051,99.2815,35708690261.994,25865991293.0,2022.0,7.0,7.0,3.0
2022-07-06,113.21,115.48,112.01,114.33,66958884.0,113.8468,594759.0,0.00786946,50.0,0.002549277651333,0.0626353505404724,0.001038691147213,0.0322287317034508,0.0097894303947662,121.3853,113.4665,75.2382,52.4147,46.5324,21.6433,19.6018,6.6667,33.3333,125.8898,112.4127,98.9356,35672644072.2397,25808118970.0,2022.0,7.0,6.0,2.0
2022-07-05,107.6,114.08,106.3242,113.5,76684414.0,111.5616,692964.0,-0.0181943999999999,40.0,0.0023900018052782,0.0575946477324607,0.0010379094220259,0.0322166016523461,0.0074002927039433,122.1096,113.4069,52.8187,32.3901,46.085,22.0828,-8.1001,10.0,36.6667,125.7542,112.1881,98.6219,35650067157.4616,25741160086.0,2022.0,7.0,5.0,1.0
2022-07-01,106.29,109.75,105.8469,109.56,73021171.0,108.2573,696805.0,-0.0392246666666666,48.0,0.0012555301262096,0.0228498074454432,0.0009990601455028,0.0316079127039863,0.0025094288481332,122.8639,113.4005,29.1874,24.6299,43.9318,22.4753,-39.3737,13.3333,40.0,125.6496,111.982,98.3145,35584852085.1465,25664475672.0,2022.0,7.0,1.0,4.0
2022-06-30,108.11,108.18,102.52,106.21,97679401.0,105.6174,879806.0,-0.0656383421052631,38.0,-0.0021812459056745,-0.0793847540706517,0.0011334208801182,0.0336663166996075,0.0022061186566962,123.7721,113.6654,15.1641,33.6449,42.0289,22.6825,-70.4164,16.6667,43.3333,125.6538,111.9004,98.1471,35518940146.5464,25591454501.0,2022.0,6.0,30.0,3.0
2022-06-29,107.38,110.99,106.91,108.92,66361851.0,109.1282,601680.0,0.024920731707317,41.0,1.921850937548486e-05,-0.0170606576091612,0.0011739416999098,0.034262832631145,0.0025094288481332,124.8077,114.1795,29.5382,57.494,43.1748,22.8221,-37.0098,20.0,46.6667,125.8464,112.2057,98.5651,35489256653.663,25689133902.0,2022.0,6.0,29.0,2.0
2022-06-28,113.5,114.85,107.04,107.4,75166660.0,109.4793,762526.0,-0.077514488372093,43.0,-0.0011143104572198,-0.0500199018176986,0.0011791620277759,0.0343389287511415,0.0022061186566962,125.7184,114.5423,56.2323,76.728,42.3222,23.115,-29.0672,23.3333,50.0,125.8655,112.2687,98.672,35490232761.6189,25622758561.0,2022.0,6.0,28.0,1.0
2022-06-27,117.09,117.98,112.7,113.22,62118440.0,114.2036,579709.0,0.0049151785714285,28.0,0.0025083517295399,0.0588185784224333,0.001195381169238,0.0345742847972017,0.0025094288481332,126.645,115.0348,86.7114,84.0462,44.8107,23.4225,26.6133,26.6667,53.3333,125.9351,112.4572,98.9794,35558474717.8955,25697930589.0,2022.0,6.0,27.0,0.0
2022-06-24,112.38,116.71,111.43,116.46,69867618.0,115.0341,607496.0,-0.0030735172413793,29.0,0.0039287239842575,0.1052271950802865,0.0011677303138045,0.0341720692057794,0.0074002927039433,127.5297,115.16,87.2403,77.6351,46.2749,23.9425,32.158,30.0,56.6667,125.8664,112.2476,98.6288,35608369592.4409,25760063829.0,2022.0,6.0,24.0,4.0
2022-06-23,110.39,113.0,107.93,112.44,64339720.0,110.8645,558149.0,-0.0542652,30.0,0.0016692352110084,0.0328957642454919,0.0011719732266317,0.0342340945057957,0.0025094288481332,128.4106,115.0703,78.1869,65.3239,44.0835,24.4244,-7.819,33.3333,60.0,125.6207,111.878,98.1353,35545118226.1455,25690196211.0,2022.0,6.0,23.0,3.0
2022-06-22,107.43,112.13,107.02,108.95,60040131.0,109.6782,523959.0,-0.0224317419354838,31.0,0.000622915368583,0.0014799290369431,0.0011401814893056,0.0337665735499716,0.0022061186566962,129.3531,115.2517,67.4782,51.6221,42.1015,24.7548,-27.3039,36.6667,63.3333,125.5419,111.7586,97.9754,35494987272.4965,25625850911.0,2022.0,6.0,22.0,2.0
2022-06-21,108.2,111.6299,103.56,108.68,70880245.0,109.3276,618103.0,-0.0498635909090909,44.0,-0.0011976821757116,-0.0530832734322247,0.0012295263015882,0.035064601831309,0.0012856634866218,130.2835,115.6863,50.3065,34.9526,41.9477,25.0565,-43.9465,40.0,66.6667,125.541,111.7533,97.9655,35509674192.9956,25565810780.0,2022.0,6.0,21.0,1.0
